q	t	sign	n6	nOther	rawGcdBits	rawGcdSha256	qVal	qFreeGcd	primitiveGcd	factors	omega	rawWindow	m5Capable	rawLeaves	assignedLeaves	sizeCertified	thresholdRatio
17	3	+	105	207	11	946507a8247cf675690fc1ba8b0a2bd7dbbee66c0b6a6796e637da2b1bb8d036	1	95	19	19	1	false	false	0	0	true	NA
17	3	-	105	13	7	a25513c7e0f6eaa80a3337ee18081b9e2ed09e00af8531c8f7bb2542764027e7	1	5	1	1	0	false	false	0	0	true	NA
17	13	+	115	217	7	a25513c7e0f6eaa80a3337ee18081b9e2ed09e00af8531c8f7bb2542764027e7	1	5	1	1	0	false	false	0	0	true	NA
17	13	-	115	3	7	a25513c7e0f6eaa80a3337ee18081b9e2ed09e00af8531c8f7bb2542764027e7	1	5	1	1	0	false	false	0	0	true	NA
19	8	+	122	236	9	a897a2c44344b4c097bde002670d78bf9dce4e54d630600c893363d4e4637732	1	17	1	1	0	false	false	0	0	true	NA
19	8	-	122	10	5	ab897fbdedfa502b2d839b6a56100887dccdc507555c282e59589e06300a62e2	1	1	1	1	0	false	false	0	0	true	NA
19	10	+	124	238	5	ab897fbdedfa502b2d839b6a56100887dccdc507555c282e59589e06300a62e2	1	1	1	1	0	false	false	0	0	true	NA
19	10	-	124	8	5	ab897fbdedfa502b2d839b6a56100887dccdc507555c282e59589e06300a62e2	1	1	1	1	0	false	false	0	0	true	NA
31	8	+	194	380	10	48986d85f8c0a0601ef7c44afc939dd0a8b0ed7bc309c7e373cb0fe94e30c7aa	1	25	1	1	0	true	false	0	0	true	0.00000000000000
31	8	-	194	22	5	ffe679bb831c95b67dc17819c63c5090d221aac6f4c7bf530f594ab43d21fa1e	1	1	1	1	0	false	false	0	0	true	NA
31	22	+	208	394	10	48986d85f8c0a0601ef7c44afc939dd0a8b0ed7bc309c7e373cb0fe94e30c7aa	1	25	1	1	0	false	false	0	0	true	NA
31	22	-	208	8	14	c0cce6e6642ff8ce9d303c984ca86a3c963707a39c358abbf69fc131d8f9c594	1	475	19	19	1	false	false	0	0	true	NA
37	17	+	239	461	8	57a4b6ef36e20bfd4a3ebbc3fe1aa1e89fdae8d7cfd9b94c833e75fc095978a6	1	5	1	1	0	false	false	0	0	true	NA
37	17	-	239	19	8	57a4b6ef36e20bfd4a3ebbc3fe1aa1e89fdae8d7cfd9b94c833e75fc095978a6	1	5	1	1	0	false	false	0	0	true	NA
37	19	+	241	463	13	6955e033387d66926f9db5df30168daf59bccac3688078c2c46f4ee4240e6645	1	125	1	1	0	false	false	0	0	true	NA
37	19	-	241	17	8	57a4b6ef36e20bfd4a3ebbc3fe1aa1e89fdae8d7cfd9b94c833e75fc095978a6	1	5	1	1	0	false	false	0	0	true	NA
41	10	+	256	502	6	ba5ec51d07a4ac0e951608704431d59a02b21a4e951acc10505a8dc407c501ee	1	1	1	1	0	true	false	0	0	true	0.00000000000000
41	10	-	256	30	11	38b8bc5c86db41a80615b2f4694fc754cccffb95e8933d5b376021feab83cea3	1	25	1	1	0	false	false	0	0	true	NA
41	30	+	276	522	10	ab2491c3b754d3ba49e93fb08892f7c6ac126efab9c7a77638009b7fe275af36	1	19	19	19	1	false	false	0	0	true	NA
41	30	-	276	10	10	ab2491c3b754d3ba49e93fb08892f7c6ac126efab9c7a77638009b7fe275af36	1	19	19	19	1	false	false	0	0	true	NA
59	9	+	363	717	13	cc1e03595b81937b6aa0b73289380130bb93b95ad351905b29b792f532b659eb	1	125	1	1	0	true	false	0	0	true	0.00000000000000
59	9	-	363	49	9	be3eea9a483308cb3134ce068e77b56e7c25af19480742880179827cb3c9b5c0	1	5	1	1	0	false	false	0	0	true	NA
59	49	+	403	757	13	cc1e03595b81937b6aa0b73289380130bb93b95ad351905b29b792f532b659eb	1	125	1	1	0	false	false	0	0	true	NA
59	49	-	403	9	9	be3eea9a483308cb3134ce068e77b56e7c25af19480742880179827cb3c9b5c0	1	5	1	1	0	false	false	0	0	true	NA
61	4	+	370	736	6	380918b946a526640a40df5dced6516794f3d97bbd9e6bb553d037c4439f31c3	1	1	1	1	0	true	false	0	0	true	0.00000000000000
61	4	-	370	56	11	a69673139980b4a6c36653b17691c2282fc52557ce9992951c1905ab92bcce64	1	17	17	17	1	true	false	0	0	true	0.356801641509706
61	56	+	422	788	15	5ea58b1121456827a7cf2683b00ebe2818809127937a3b8adc8a4bd3e7bacfbb	1	275	11	11	1	false	false	0	0	true	NA
61	56	-	422	4	6	380918b946a526640a40df5dced6516794f3d97bbd9e6bb553d037c4439f31c3	1	1	1	1	0	false	false	0	0	true	NA
73	2	+	440	878	11	fbfa1b5803201883b271e9ae1123aa447c2fb7ed3a256a4b567d5acfdfa01fce	1	25	1	1	0	true	false	0	0	true	0.00000000000000
73	2	-	440	70	7	a83dd0ccbffe39d071cc317ddf6e97f5c6b1c87af91919271f9fa140b0508c6c	1	1	1	1	0	true	false	0	0	true	0.00000000000000
73	70	+	508	946	11	fbfa1b5803201883b271e9ae1123aa447c2fb7ed3a256a4b567d5acfdfa01fce	1	25	1	1	0	false	false	0	0	true	NA
73	70	-	508	2	7	a83dd0ccbffe39d071cc317ddf6e97f5c6b1c87af91919271f9fa140b0508c6c	1	1	1	1	0	false	false	0	0	true	NA
97	25	+	607	1189	9	913f841dfc8703ae76a4e1b8b84cd67aab15f17a7ffe691636e7960868129c7e	1	5	1	1	0	true	false	0	0	true	0.00000000000000
97	25	-	607	71	13	69e271e05f0a43985e7538719bbe0de527184718b67086b0af605be95bfa3722	1	55	11	11	1	false	false	0	0	true	NA
97	71	+	653	1235	9	913f841dfc8703ae76a4e1b8b84cd67aab15f17a7ffe691636e7960868129c7e	1	5	1	1	0	false	false	0	0	true	NA
97	71	-	653	25	9	913f841dfc8703ae76a4e1b8b84cd67aab15f17a7ffe691636e7960868129c7e	1	5	1	1	0	false	false	0	0	true	NA
139	61	+	895	1729	10	8d9235e7184f8f21bafc39447b9bc1573e5c26283327438a49347b90d84e8dc8	1	5	1	1	0	true	false	0	0	true	0.00000000000000
139	61	-	895	77	10	8d9235e7184f8f21bafc39447b9bc1573e5c26283327438a49347b90d84e8dc8	1	5	1	1	0	false	false	0	0	true	NA
139	77	+	911	1745	12	a846a6624e81ccdbc0e902aea04988743ffac8ed79ec47998e75fbc31bf653db	1	25	1	1	0	true	false	0	0	true	0.00000000000000
139	77	-	911	61	24	6a1f064bfffe195c3f24b684bc9fd78aeabe469ae71b60e1b7894696ee928886	1	79475	3179	11*17^2	2	false	false	0	0	true	NA
151	14	+	920	1826	12	20cca1e45d484128324df28c815c1f70c433566d06f48df9e5919a4280eb132e	1	25	1	1	0	true	false	0	0	true	0.00000000000000
151	14	-	920	136	15	d2c508cece6600d97dd88e9ff71ce6e6c8de56d291d913b851b52e713d49015e	1	125	1	1	0	false	false	0	0	true	NA
151	136	+	1042	1948	12	20cca1e45d484128324df28c815c1f70c433566d06f48df9e5919a4280eb132e	1	25	1	1	0	true	false	0	0	true	0.00000000000000
151	136	-	1042	14	8	8fc124e5c902ae19c32a0828a3a403612989b39257a3b6ab516e0df0bf770709	1	1	1	1	0	false	false	0	0	true	NA
163	20	+	998	1976	12	803e475eaad889e0580ae7b89d0db492db49263115eeef13b32b29eedcaa8ec8	1	25	1	1	0	true	false	0	0	true	0.00000000000000
163	20	-	998	142	12	803e475eaad889e0580ae7b89d0db492db49263115eeef13b32b29eedcaa8ec8	1	25	1	1	0	false	false	0	0	true	NA
163	142	+	1120	2098	12	803e475eaad889e0580ae7b89d0db492db49263115eeef13b32b29eedcaa8ec8	1	25	1	1	0	false	false	0	0	true	NA
163	142	-	1120	20	12	542744192ed3a80590d37edcd8108764fa2b107faad0f34235c45e731c90e6bf	1	17	17	17	1	false	false	0	0	true	NA
179	36	+	1110	2184	13	df738a69173e219f94b870ab4ad2e679329125486a01ea5a184b02dfc4591cfb	1	25	1	1	0	true	false	0	0	true	0.00000000000000
179	36	-	1110	142	13	df738a69173e219f94b870ab4ad2e679329125486a01ea5a184b02dfc4591cfb	1	25	1	1	0	false	false	0	0	true	NA
179	142	+	1216	2290	17	c86f3b121b0140559cf0b89c4182b20b1d9562ec9eec97765e56111775382b15	1	625	1	1	0	false	false	0	0	true	NA
179	142	-	1216	36	15	793354f8d178a6ce073ef3c3f44f679c699e6927de74c49b5e697a5ce9258ead	1	125	1	1	0	false	false	0	0	true	NA
181	19	+	1105	2191	15	eeb689906ed2c813f8d78a0d06048b56e98945aa433d3a8c55b0adccb18b8c94	1	125	1	1	0	true	false	0	0	true	0.00000000000000
181	19	-	1105	161	15	eeb689906ed2c813f8d78a0d06048b56e98945aa433d3a8c55b0adccb18b8c94	1	125	1	1	0	false	false	0	0	true	NA
181	47	+	1133	2219	15	eeb689906ed2c813f8d78a0d06048b56e98945aa433d3a8c55b0adccb18b8c94	1	125	1	1	0	true	false	0	0	true	0.00000000000000
181	47	-	1133	133	15	eeb689906ed2c813f8d78a0d06048b56e98945aa433d3a8c55b0adccb18b8c94	1	125	1	1	0	false	false	0	0	true	NA
181	133	+	1219	2305	15	eeb689906ed2c813f8d78a0d06048b56e98945aa433d3a8c55b0adccb18b8c94	1	125	1	1	0	false	false	0	0	true	NA
181	133	-	1219	47	23	6b0ceb9fdd5995f0efa52f153c7a95030cee8b3c00c0d7279f3905e2014d47d4	1	24905	4981	17*293	2	false	false	0	0	true	NA
181	161	+	1247	2333	15	a99effbf3936a2ad1185430487511a2fbf1c2b715098d2679d3ff2873d388cca	1	95	19	19	1	true	false	0	0	true	0.283807594940320
181	161	-	1247	19	10	6af2f46c1ea1f7899fe07da7ce23e9f2b55cc77deab605137af896a8cfb60e76	1	5	1	1	0	false	false	0	0	true	NA
191	81	+	1227	2373	14	eeb9d84bc47a76be0cd98eae14ef03da5f146cfc7cac016b29a5357b20f2852f	1	85	1	1	0	true	false	0	0	true	0.00000000000000
191	81	-	1227	109	10	3ea23f48685c39a065596a5622de1e31a2573c142f6f34ad6f660dd41a7bb695	1	5	1	1	0	false	false	0	0	true	NA
191	109	+	1255	2401	10	3ea23f48685c39a065596a5622de1e31a2573c142f6f34ad6f660dd41a7bb695	1	5	1	1	0	true	false	0	0	true	0.00000000000000
191	109	-	1255	81	10	3ea23f48685c39a065596a5622de1e31a2573c142f6f34ad6f660dd41a7bb695	1	5	1	1	0	false	false	0	0	true	NA
193	30	+	1188	2346	15	e50ae35de71a3630c5875b8c063f77ad9bd4e587d558b3a07aa7385a106eefcc	1	125	1	1	0	true	false	0	0	true	0.00000000000000
193	30	-	1188	162	21	2e85383e3615751a07481725ac1ff34a4f2168b139d0ee056bb747a04c156d70	1	9025	361	19^2	1	false	false	0	0	true	NA
193	64	+	1222	2380	13	e1db390e29b5112c1cd327f0697473e82fcaf2f7e7e2cb7fcc725a7e8305eb6f	1	25	1	1	0	true	false	0	0	true	0.00000000000000
193	64	-	1222	128	13	e1db390e29b5112c1cd327f0697473e82fcaf2f7e7e2cb7fcc725a7e8305eb6f	1	25	1	1	0	false	false	0	0	true	NA
193	128	+	1286	2444	22	03b38f51c51e9f7b33e3f5eaad80e212c1a0c69347500cdcd566bb6a31ce260a	1	12125	97	97	1	false	false	0	0	true	NA
193	128	-	1286	64	8	1e6ec1d51d6843b10db10c6efd8260b6ea1cd1f140642c9de593b7b237468713	1	1	1	1	0	false	false	0	0	true	NA
193	162	+	1320	2478	8	1e6ec1d51d6843b10db10c6efd8260b6ea1cd1f140642c9de593b7b237468713	1	1	1	1	0	false	false	0	0	true	NA
193	162	-	1320	30	8	1e6ec1d51d6843b10db10c6efd8260b6ea1cd1f140642c9de593b7b237468713	1	1	1	1	0	false	false	0	0	true	NA
197	44	+	1226	2408	13	af5c6debcb444d2f63db651ef72c2cade04bbe928cf4fbd340982c48f4e97a3f	1	25	1	1	0	true	false	0	0	true	0.00000000000000
197	44	-	1226	152	17	f21dc4cc6fad171215958f1ee8c45f401c43ea394d484f350578857007ad63c5	1	475	19	19	1	false	false	0	0	true	NA
197	152	+	1334	2516	13	af5c6debcb444d2f63db651ef72c2cade04bbe928cf4fbd340982c48f4e97a3f	1	25	1	1	0	true	false	0	0	true	0.00000000000000
197	152	-	1334	44	13	af5c6debcb444d2f63db651ef72c2cade04bbe928cf4fbd340982c48f4e97a3f	1	25	1	1	0	false	false	0	0	true	NA
211	100	+	1366	2632	13	ab0bfefa5c7fe96321c84371b1e8a0a15cdbca235f79419c9f08bd209c9eb717	1	25	1	1	0	true	false	0	0	true	0.00000000000000
211	100	-	1366	110	8	5be983d9750d857dc969b252e272904cdb658e6bd7c41a73c56b75c0e6fd01c7	1	1	1	1	0	false	false	0	0	true	NA
211	110	+	1376	2642	13	ab0bfefa5c7fe96321c84371b1e8a0a15cdbca235f79419c9f08bd209c9eb717	1	25	1	1	0	true	false	0	0	true	0.00000000000000
211	110	-	1376	100	8	5be983d9750d857dc969b252e272904cdb658e6bd7c41a73c56b75c0e6fd01c7	1	1	1	1	0	false	false	0	0	true	NA
227	73	+	1435	2797	13	1854ca660a41e934f6b496e7f6fd28c6be817591402832d02a6621402230c579	1	25	1	1	0	true	false	0	0	true	0.00000000000000
227	73	-	1435	153	20	72d1e792c30adf0358a5d5ec94ad21b42ae247060a588a0e7a957fcde08ee67f	1	2375	19	19	1	false	false	0	0	true	NA
227	153	+	1515	2877	11	7838e40fe010c931b4e65c7b2bf0acc699aff7d1e9b630b3e487c426f6f8f3c5	1	5	1	1	0	false	false	0	0	true	NA
227	153	-	1515	73	11	7838e40fe010c931b4e65c7b2bf0acc699aff7d1e9b630b3e487c426f6f8f3c5	1	5	1	1	0	false	false	0	0	true	NA
233	39	+	1437	2835	15	998bd2eadf25d40e5a5ecdf359e6bb23610041072db052db6aa77df196a8dac1	1	125	1	1	0	true	false	0	0	true	0.00000000000000
233	39	-	1437	193	15	998bd2eadf25d40e5a5ecdf359e6bb23610041072db052db6aa77df196a8dac1	1	125	1	1	0	false	false	0	0	true	NA
233	193	+	1591	2989	11	1e830cf52c9f085b4c0916f25b07f2560e69372f941d5eba1e942bb9517f0e31	1	5	1	1	0	true	false	0	0	true	0.00000000000000
233	193	-	1591	39	11	1e830cf52c9f085b4c0916f25b07f2560e69372f941d5eba1e942bb9517f0e31	1	5	1	1	0	false	false	0	0	true	NA
241	89	+	1535	2981	13	f9904b7a9aa2ebbd36e10dc9b4687ba447b928eca1d37fe41721844b8b065b5b	1	25	1	1	0	true	false	0	0	true	0.00000000000000
241	89	-	1535	151	19	8df75a98031552cc89dc335f3db38cfa48ef360b2fcfecd43fabe5cdd9c9452b	1	1825	73	73	1	false	false	0	0	true	NA
241	151	+	1597	3043	17	ade28ffb3d021a7672256402bf98fb5c7e69765a806a229c726533eba458ba2a	1	475	19	19	1	true	false	0	0	true	0.270941260635018
241	151	-	1597	89	11	eb05de9e177acffa5fbc1f3dc76b6c409f2ac05f9930f18df490d498f5f25b62	1	5	1	1	0	false	false	0	0	true	NA
251	114	+	1620	3126	8	95811f41d3d5c58240be155bb7d1dcb8f47add7e3417c24e1d52d41653013926	1	1	1	1	0	true	false	0	0	true	0.00000000000000
251	114	-	1620	136	8	95811f41d3d5c58240be155bb7d1dcb8f47add7e3417c24e1d52d41653013926	1	1	1	1	0	false	false	0	0	true	NA
251	136	+	1642	3148	17	2576114c38275e525f9b8be26b1e88c99b65a1aaeae14046a075f54df00cab1f	1	475	19	19	1	true	false	0	0	true	0.268826675394193
251	136	-	1642	114	8	95811f41d3d5c58240be155bb7d1dcb8f47add7e3417c24e1d52d41653013926	1	1	1	1	0	false	false	0	0	true	NA
257	72	+	1614	3156	13	0ad8e0b335efc1a90ca24b03cc0a029557403f13b4f75d0c73014c8056680d71	1	19	19	19	1	true	false	0	0	true	0.270080554764789
257	72	-	1614	184	9	9dcf97a184f32623d11a73124ceb99a5709b083721e878a16d78f596718ba7b2	1	1	1	1	0	false	false	0	0	true	NA
257	184	+	1726	3268	15	2f86e39b0fe2be69df9cee8beb44e5893fc0d8bdb7963f621ce7a1053cf5dca1	1	125	1	1	0	true	false	0	0	true	0.00000000000000
257	184	-	1726	72	9	9dcf97a184f32623d11a73124ceb99a5709b083721e878a16d78f596718ba7b2	1	1	1	1	0	false	false	0	0	true	NA
271	17	+	1643	3269	16	1282391882183418b5489cfe65740fe86f90a96a2e0466d055edd2ba470468ba	1	125	1	1	0	true	false	0	0	true	0.00000000000000
271	17	-	1643	253	16	c5bcb54048178b073b63b74ed80dab195b04dc0477de5e21a3ea8507a63b1749	1	155	31	31	1	true	false	0	0	true	0.313522328042702
271	41	+	1667	3293	20	4456f0847307911e91fb9ca3099466522b1b52281bbc9d78dc9e0922a42a9e77	1	3125	1	1	0	true	false	0	0	true	0.00000000000000
271	41	-	1667	229	15	d56a624c4e047e5410b5f956374567ec99584e0d4695e61636e8f8aed7424a39	1	85	17	17	1	false	false	0	0	true	NA
271	229	+	1855	3481	11	49ee35b4c1732e7d10fd4a3b3dce5dbf35ca38f60b31333506082d1cb00657f8	1	5	1	1	0	false	false	0	0	true	NA
271	229	-	1855	41	11	49ee35b4c1732e7d10fd4a3b3dce5dbf35ca38f60b31333506082d1cb00657f8	1	5	1	1	0	false	false	0	0	true	NA
271	253	+	1879	3505	11	49ee35b4c1732e7d10fd4a3b3dce5dbf35ca38f60b31333506082d1cb00657f8	1	5	1	1	0	true	false	0	0	true	0.00000000000000
271	253	-	1879	17	11	49ee35b4c1732e7d10fd4a3b3dce5dbf35ca38f60b31333506082d1cb00657f8	1	5	1	1	0	false	false	0	0	true	NA
283	140	+	1838	3536	16	a2b3f161b014fc9c15f778e86068092652f41ff1852aeaf68177c5d5c3ed5777	1	125	1	1	0	true	false	0	0	true	0.00000000000000
283	140	-	1838	142	13	e6bc659f92aeaf3f4817095d4772d0173114686c10228beaedea38523e027dc0	1	25	1	1	0	false	false	0	0	true	NA
283	142	+	1840	3538	13	e6bc659f92aeaf3f4817095d4772d0173114686c10228beaedea38523e027dc0	1	25	1	1	0	true	false	0	0	true	0.00000000000000
283	142	-	1840	140	13	e6bc659f92aeaf3f4817095d4772d0173114686c10228beaedea38523e027dc0	1	25	1	1	0	false	false	0	0	true	NA
293	47	+	1805	3563	13	7225656ba333ef3f0ec82fa3e8972dbffc9be72d4c8f9cf7ce9b53f570fc8984	1	25	1	1	0	true	false	0	0	true	0.00000000000000
293	47	-	1805	245	11	4bf2760986324aac5526f4634c773e6ef5e3d7de0f0f84fa9e707b84a444a245	1	5	1	1	0	false	false	0	0	true	NA
293	83	+	1841	3599	16	1a27f4b22af64203011433407d9375574d6c675d4f47030f905bc26ec6c3226f	1	125	1	1	0	true	false	0	0	true	0.00000000000000
293	83	-	1841	209	16	1a27f4b22af64203011433407d9375574d6c675d4f47030f905bc26ec6c3226f	1	125	1	1	0	false	false	0	0	true	NA
293	209	+	1967	3725	15	eef273953ce654f1ce66ab992490d21ea3ab579e3b7ca11068be93e90a763b1c	1	95	19	19	1	true	false	0	0	true	0.260779973007596
293	209	-	1967	83	16	1a27f4b22af64203011433407d9375574d6c675d4f47030f905bc26ec6c3226f	1	125	1	1	0	false	false	0	0	true	NA
293	245	+	2003	3761	20	b26e737171d6e2d991aa7e7585d5472691666d224f66c9ff41719287aca6e764	1	2375	19	19	1	false	false	0	0	true	NA
293	245	-	2003	47	11	4bf2760986324aac5526f4634c773e6ef5e3d7de0f0f84fa9e707b84a444a245	1	5	1	1	0	false	false	0	0	true	NA
307	86	+	1928	3770	13	c5ff08afa924c03466a96e2392bd3e6fb2f2f1ac575f8bf04b727c38a835a556	1	25	1	1	0	true	false	0	0	true	0.00000000000000
307	86	-	1928	220	13	c5ff08afa924c03466a96e2392bd3e6fb2f2f1ac575f8bf04b727c38a835a556	1	25	1	1	0	false	false	0	0	true	NA
307	220	+	2062	3904	18	f9be947cd2e23c2e534ee7986e9abf4e1a7863d22787ea976bcad3b128e85fe6	1	475	19	19	1	false	false	0	0	true	NA
307	220	-	2062	86	18	f9be947cd2e23c2e534ee7986e9abf4e1a7863d22787ea976bcad3b128e85fe6	1	475	19	19	1	false	false	0	0	true	NA
331	109	+	2095	4081	16	4e4132b267dd1505333269a0fd0405d28cc202f2bf1e9a060736657b5b56237d	1	125	1	1	0	true	false	0	0	true	0.00000000000000
331	109	-	2095	221	16	4e4132b267dd1505333269a0fd0405d28cc202f2bf1e9a060736657b5b56237d	1	125	1	1	0	false	false	0	0	true	NA
331	221	+	2207	4193	18	72b8d8b67e09022b43b26f82bc3a575d7b8cacfa77a906dd7df76c5394eca006	1	625	1	1	0	true	false	0	0	true	0.00000000000000
331	221	-	2207	109	11	74584b1cdb174152e79baf5c8450f2b1e492e1441ba5a2dc4b0a9e2d4bcb956d	1	5	1	1	0	false	false	0	0	true	NA
347	118	+	2200	4282	16	69f81a08b74ea5358ed88dfb4d9cdb4836c2e3a2e01013300dc41e84b28e9469	1	125	1	1	0	true	false	0	0	true	0.00000000000000
347	118	-	2200	228	14	2e80599ac84c7e2ca52d651522f1a49c40eb31958159e39526ee09bdbe487601	1	25	1	1	0	false	false	0	0	true	NA
347	228	+	2310	4392	14	2e80599ac84c7e2ca52d651522f1a49c40eb31958159e39526ee09bdbe487601	1	25	1	1	0	true	false	0	0	true	0.00000000000000
347	228	-	2310	118	14	2e80599ac84c7e2ca52d651522f1a49c40eb31958159e39526ee09bdbe487601	1	25	1	1	0	false	false	0	0	true	NA
367	182	+	2384	4586	14	55b28455199f3afefe9723ef68275df416543984cce370fa34392e7662b33c1d	1	25	1	1	0	true	false	0	0	true	0.00000000000000
367	182	-	2384	184	14	55b28455199f3afefe9723ef68275df416543984cce370fa34392e7662b33c1d	1	25	1	1	0	false	false	0	0	true	NA
367	184	+	2386	4588	18	4a06fd2c691edac13d3cd050f77ffcd37a69ceb1038880fd010bc98297cf1f51	1	625	1	1	0	true	false	0	0	true	0.00000000000000
367	184	-	2386	182	16	9531b7753dc0591b4a0b1cbd50e424145940a6b45952d5c8aa9fad9d4b75ce24	1	125	1	1	0	false	false	0	0	true	NA
379	85	+	2359	4633	19	2c35c56c2843dd0ad4fe1dbf66dc27574c21044a9f15d6e6c98c5769869b2482	1	1375	11	11	1	true	false	0	0	true	0.204971972236781
379	85	-	2359	293	20	59b984eb466017b6b0cd19e264365b22e614e4a7951f529f00c60a828b207d87	1	2375	19	19	1	false	false	0	0	true	NA
379	152	+	2426	4700	14	b184d29a1c103b5269165d679d2460bdc54ed484d57a4716800bfba78ae036ff	1	25	1	1	0	true	false	0	0	true	0.00000000000000
379	152	-	2426	226	14	b184d29a1c103b5269165d679d2460bdc54ed484d57a4716800bfba78ae036ff	1	25	1	1	0	false	false	0	0	true	NA
379	171	+	2445	4719	11	c3c9d3e7db5395f5165f2026fb7dfc2cc062f00d2e9bd977084985dfa00cf775	1	5	1	1	0	true	false	0	0	true	0.00000000000000
379	171	-	2445	207	11	c3c9d3e7db5395f5165f2026fb7dfc2cc062f00d2e9bd977084985dfa00cf775	1	5	1	1	0	false	false	0	0	true	NA
379	207	+	2481	4755	16	1d37fcffbae32cbdf0832b07241fc8614c2ce125e95649b1cfbcbebc143ca0d2	1	125	1	1	0	true	false	0	0	true	0.00000000000000
379	207	-	2481	171	16	1d37fcffbae32cbdf0832b07241fc8614c2ce125e95649b1cfbcbebc143ca0d2	1	125	1	1	0	false	false	0	0	true	NA
379	226	+	2500	4774	9	a545038a68a9ef9762a5e283ef82364e43b2a4f291353de5f4746e4d7e9b86d9	1	1	1	1	0	true	false	0	0	true	0.00000000000000
379	226	-	2500	152	9	a545038a68a9ef9762a5e283ef82364e43b2a4f291353de5f4746e4d7e9b86d9	1	1	1	1	0	false	false	0	0	true	NA
379	293	+	2567	4841	14	b184d29a1c103b5269165d679d2460bdc54ed484d57a4716800bfba78ae036ff	1	25	1	1	0	true	false	0	0	true	0.00000000000000
379	293	-	2567	85	11	c3c9d3e7db5395f5165f2026fb7dfc2cc062f00d2e9bd977084985dfa00cf775	1	5	1	1	0	false	false	0	0	true	NA
419	161	+	2675	5189	12	bf37c3988f6d7c368fa7111364f5b65ca037fac7db1c4b8fd730bf58265083ea	1	5	1	1	0	true	false	0	0	true	0.00000000000000
419	161	-	2675	257	12	bf37c3988f6d7c368fa7111364f5b65ca037fac7db1c4b8fd730bf58265083ea	1	5	1	1	0	false	false	0	0	true	NA
419	257	+	2771	5285	12	bf37c3988f6d7c368fa7111364f5b65ca037fac7db1c4b8fd730bf58265083ea	1	5	1	1	0	true	false	0	0	true	0.00000000000000
419	257	-	2771	161	18	c8467322a53e0a3a620550b7f7c9879e1b604767b44017a9ccdb7b67f1e466e5	1	365	73	73	1	false	false	0	0	true	NA
431	56	+	2642	5228	14	6b5ee88e1d0beda4d785c0b4965d8fc95ff4d4411a321a924b973240b74e353a	1	25	1	1	0	true	false	0	0	true	0.00000000000000
431	56	-	2642	374	9	368b766f1e4d7bf437d2a709577a5210a99002b62f5ce86c86f975bf64a2282b	1	1	1	1	0	false	false	0	0	true	NA
431	374	+	2960	5546	14	6b5ee88e1d0beda4d785c0b4965d8fc95ff4d4411a321a924b973240b74e353a	1	25	1	1	0	false	false	0	0	true	NA
431	374	-	2960	56	17	a750c70d5067ef6bebaccea3f2d65f1774490fb68aa30328e7ae42633c70800e	1	275	11	11	1	false	false	0	0	true	NA
433	195	+	2793	5391	21	b42e656387a63b2bc4a84d49539fd5cbee28d532b341c693d009fe78c6fd8f30	1	3125	1	1	0	true	false	0	0	true	0.00000000000000
433	195	-	2793	237	12	43ffa2532aa8c546649226fde4def5051147d6e7c084d5fdd15a4266a7abfd53	1	5	1	1	0	false	false	0	0	true	NA
433	237	+	2835	5433	20	ea47feb2de6d9f2ba22e3a28ed955291bd93d0716409387815228cb8934b85a0	1	2125	1	1	0	true	false	0	0	true	0.00000000000000
433	237	-	2835	195	12	43ffa2532aa8c546649226fde4def5051147d6e7c084d5fdd15a4266a7abfd53	1	5	1	1	0	false	false	0	0	true	NA
439	140	+	2774	5408	9	1fd5b48256c58d0fe972d1e49d0bc8d942b6d63e7bacad502b31e05e84dfbdb3	1	1	1	1	0	true	false	0	0	true	0.00000000000000
439	140	-	2774	298	9	1fd5b48256c58d0fe972d1e49d0bc8d942b6d63e7bacad502b31e05e84dfbdb3	1	1	1	1	0	false	false	0	0	true	NA
439	298	+	2932	5566	16	b4dfbca98de75466d2456685794d8765e2be65dae4d7cff92abe09eb470bb187	1	125	1	1	0	true	false	0	0	true	0.00000000000000
439	298	-	2932	140	14	bc71c1a2db1c9c2702c7a0d89268b079d4cb40445709b4116c6dcf601564f97b	1	25	1	1	0	false	false	0	0	true	NA
443	168	+	2826	5484	19	32201bf6b82d11cc98c122c04f263f14e2baefb7b786f191afa514a0b6d74546	1	625	1	1	0	true	false	0	0	true	0.00000000000000
443	168	-	2826	274	9	a149ab0dea34c7dbe2adf67232fff6ff605398ce4f59722f5e73e1ad7a803a2d	1	1	1	1	0	false	false	0	0	true	NA
443	274	+	2932	5590	16	1d5dac2657dbfd46d8d64671bb788ca6d0d3e89eb96ac418893463d4b1f74185	1	125	1	1	0	true	false	0	0	true	0.00000000000000
443	274	-	2932	168	21	2f79c907a803703584962f5057830afb648c45600b286b53a3ec1c8c02351f6f	1	2375	19	19	1	false	false	0	0	true	NA
463	53	+	2831	5609	16	9c7c7b4be0acaa677603087e77abf5eee5f1c34a1f81994e7029538ac9e902a8	1	125	1	1	0	true	false	0	0	true	0.00000000000000
463	53	-	2831	409	16	9c7c7b4be0acaa677603087e77abf5eee5f1c34a1f81994e7029538ac9e902a8	1	125	1	1	0	true	false	0	0	true	0.00000000000000
463	409	+	3187	5965	12	6e708a45221ae89ebdacccf43790bbda9c10ec48e32fc5b048d37d39082e9c05	1	5	1	1	0	true	false	0	0	true	0.00000000000000
463	409	-	3187	53	12	6e708a45221ae89ebdacccf43790bbda9c10ec48e32fc5b048d37d39082e9c05	1	5	1	1	0	false	false	0	0	true	NA
499	67	+	3061	6055	14	26cce3f6fd7ac5758db9c15cb1eea9f170c7bbc32d1ddb058c15a01d1615a121	1	25	1	1	0	true	false	0	0	true	0.00000000000000
499	67	-	3061	431	14	26cce3f6fd7ac5758db9c15cb1eea9f170c7bbc32d1ddb058c15a01d1615a121	1	25	1	1	0	false	false	0	0	true	NA
499	170	+	3164	6158	14	26cce3f6fd7ac5758db9c15cb1eea9f170c7bbc32d1ddb058c15a01d1615a121	1	25	1	1	0	true	false	0	0	true	0.00000000000000
499	170	-	3164	328	14	26cce3f6fd7ac5758db9c15cb1eea9f170c7bbc32d1ddb058c15a01d1615a121	1	25	1	1	0	false	false	0	0	true	NA
499	203	+	3197	6191	12	f484cd3cd9a3b5458efe7a4e3bb26e57f97189e6058e92d55dbab77ecef7b09a	1	5	1	1	0	true	false	0	0	true	0.00000000000000
499	203	-	3197	295	16	50a8e479ef63ffd853b1542c255a6b16fcb3187ff957c039b2282393f7ad3bdd	1	95	19	19	1	false	false	0	0	true	NA
499	295	+	3289	6283	16	aa2cf039e48e63c72ee04523d218c4c70c6a5e3f43e6a41cce3ce41a14211bf7	1	125	1	1	0	true	false	0	0	true	0.00000000000000
499	295	-	3289	203	20	77e203fa794a547bcceafb3efca46cd08112c6cf37ea09a88a220cea1a4028f9	1	1375	11	11	1	false	false	0	0	true	NA
499	328	+	3322	6316	14	26cce3f6fd7ac5758db9c15cb1eea9f170c7bbc32d1ddb058c15a01d1615a121	1	25	1	1	0	true	false	0	0	true	0.00000000000000
499	328	-	3322	170	18	702a1cc0cab18a19499d201eda12c5a2a69fa22e2d77ffae6adccea5d11a0940	1	275	11	11	1	false	false	0	0	true	NA
499	431	+	3425	6419	12	f484cd3cd9a3b5458efe7a4e3bb26e57f97189e6058e92d55dbab77ecef7b09a	1	5	1	1	0	true	false	0	0	true	0.00000000000000
499	431	-	3425	67	12	f484cd3cd9a3b5458efe7a4e3bb26e57f97189e6058e92d55dbab77ecef7b09a	1	5	1	1	0	false	false	0	0	true	NA
503	61	+	3079	6097	12	cddd7236776b15f675766371448ce6a37c852dadca270d6a1c39f050aee604a5	1	5	1	1	0	true	false	0	0	true	0.00000000000000
503	61	-	3079	441	12	cddd7236776b15f675766371448ce6a37c852dadca270d6a1c39f050aee604a5	1	5	1	1	0	false	false	0	0	true	NA
503	441	+	3459	6477	15	a8141d4dd2233c509cfb01d53dcbd321dc94ca02004b4c04624b5bd68e31fc85	1	55	11	11	1	false	false	0	0	true	NA
503	441	-	3459	61	18	51c3d414ddeb6cc3a13ff545c55016d3df62cff3c482cabfa86c3483c531369b	1	275	11	11	1	false	false	0	0	true	NA
541	4	+	3250	6496	14	05f711a5336d016a8ff319cac6e6eeed40e72adb723407cd42989869e1534d0d	1	25	1	1	0	true	false	0	0	true	0.00000000000000
541	4	-	3250	536	14	05f711a5336d016a8ff319cac6e6eeed40e72adb723407cd42989869e1534d0d	1	25	1	1	0	true	true	0	0	true	0.00000000000000
541	536	+	3782	7028	23	e31deed17a8cf1ee10cbc854dd070b50d48c50426b64d1bbca5bd7a2bd5e81e8	1	11875	19	19	1	false	false	0	0	true	NA
541	536	-	3782	4	10	e9d820f42392d4d569ee57d5dfe4cb3fefdeb08addb2bdd129817df8d2437857	1	1	1	1	0	false	false	0	0	true	NA
571	140	+	3566	6992	31	10b01b23f29a96762a45d155fe6b4c014a3fb9478d8fdfd398bcc8065df7475b	1	3623125	341	11*31	2	true	false	0	0	true	0.466121763046734
571	140	-	3566	430	17	0ae23a818394c8b41ec18b6dd0130db483d7d5994cac1738bd18be9a14dfc97a	1	125	1	1	0	false	false	0	0	true	NA
571	430	+	3856	7282	23	b7d3a8cd5d4be6a35ee8a3c61f4db8e7b7803fd3b471dbcbb7aca5e2224c9891	1	10625	1	1	0	true	false	0	0	true	0.00000000000000
571	430	-	3856	140	14	84ad88c7cb1a484bc0fc49f0dbe5161cfea114c7e53e774048855e4192f1f340	1	25	1	1	0	false	false	0	0	true	NA
577	112	+	3574	7036	18	0f54c749a27dea0d8cc99816c78ee5add6d96486a8270a231e61134e0f6faf44	1	275	11	11	1	true	false	0	0	true	0.191655297669653
577	112	-	3574	464	14	1ba5f4ac7a59a106e1a35ee4738b8c7371dec05e25e3ba6d467382fe6ad6f006	1	25	1	1	0	false	false	0	0	true	NA
577	464	+	3926	7388	23	bb666074c6f69b0a82e4a8960017ae265bfc3b4e4ac003cee77983b3e736cbfa	1	11875	19	19	1	true	false	0	0	true	0.232457680068622
577	464	-	3926	112	10	6b54137326b1277b97108817018c935cd46d92f831d04d47cb141cfcdd70d093	1	1	1	1	0	false	false	0	0	true	NA
593	162	+	3720	7278	14	b7e3ba88f48f35c6cb20bc346732cf1af29e5153bf2efe2dc16ce80fc482db38	1	25	1	1	0	true	false	0	0	true	0.00000000000000
593	162	-	3720	430	20	d3801ddae503eece6e952b86c3099ca5433bc6a11e3e11a303ed8fb68a8d6d78	1	1025	41	41	1	false	false	0	0	true	NA
593	430	+	3988	7546	14	b7e3ba88f48f35c6cb20bc346732cf1af29e5153bf2efe2dc16ce80fc482db38	1	25	1	1	0	true	false	0	0	true	0.00000000000000
593	430	-	3988	162	22	2e1021ece21e0b7a5993318e5f5b629fcca25f427b57cd238227320a8a11364f	1	4825	193	193	1	false	false	0	0	true	NA
599	145	+	3739	7333	12	ff924e324283e83bb187d9561d73e7920981785ec13b91c0c8eff074818bedee	1	5	1	1	0	true	false	0	0	true	0.00000000000000
599	145	-	3739	453	12	ff924e324283e83bb187d9561d73e7920981785ec13b91c0c8eff074818bedee	1	5	1	1	0	false	false	0	0	true	NA
599	272	+	3866	7460	27	e4c389331d351c04af0772b21e82128031014f93774a998617c23994675f2298	1	116875	11	11	1	true	false	0	0	true	0.189629935145276
599	272	-	3866	326	21	63522254afd49ef75b866606f6611925e0eb6244b6bab6ce88a396f96c609623	1	2125	17	17	1	false	false	0	0	true	NA
599	326	+	3920	7514	10	3bafb15652fa92ee5263aabaaef1ab22e37cc0798a7832ab67b2175bd088d1c6	1	1	1	1	0	true	false	0	0	true	0.00000000000000
599	326	-	3920	272	10	3bafb15652fa92ee5263aabaaef1ab22e37cc0798a7832ab67b2175bd088d1c6	1	1	1	1	0	false	false	0	0	true	NA
599	453	+	4047	7641	19	37cd6f72c9ad6ff8e096b108f6a35e0bf1331af36638573c38ff30f513f4553f	1	625	1	1	0	true	false	0	0	true	0.00000000000000
599	453	-	4047	145	12	ff924e324283e83bb187d9561d73e7920981785ec13b91c0c8eff074818bedee	1	5	1	1	0	false	false	0	0	true	NA
617	298	+	4000	7702	20	13acde5995834111b522c7302972b054ec88f50f8b9134051ef02e0dddf91d1d	1	1525	61	61	1	true	false	0	0	true	0.323291589493232
617	298	-	4000	318	14	3b3cc493921163048189c025739a5f45cddbeac553c684dfac0c6c3044601370	1	25	1	1	0	false	false	0	0	true	NA
617	318	+	4020	7722	24	641fe779db5a06b7f020f92bb19e19a4007b5149772b0a659c36dda4d70b0e6c	1	16775	671	11*61	2	true	false	0	0	true	0.511869346874067
617	318	-	4020	298	24	641fe779db5a06b7f020f92bb19e19a4007b5149772b0a659c36dda4d70b0e6c	1	16775	671	11*61	2	false	false	0	0	true	NA
631	112	+	3898	7684	23	3560f803b9871dfe0d391c1b9e257a62d99d71754e138175bdea7ee172a6fa96	1	11875	19	19	1	true	false	0	0	true	0.232851609072547
631	112	-	3898	518	23	e7e7511de2bef019653aa1c30d498cc4048cfb0a7b659b55474e109ec41c3c7a	1	8075	323	17*19	2	false	false	0	0	true	NA
631	518	+	4304	8090	14	8a9e69f1e53ae85358fdf390bd30333f0ea9f756d2a9dfbe243ae0af553fb820	1	25	1	1	0	true	false	0	0	true	0.00000000000000
631	518	-	4304	112	10	2ce180b3622a343a5e7edaa258fe992e733bc22a6e09c3567fdea805097c9772	1	1	1	1	0	false	false	0	0	true	NA
659	76	+	4030	7984	17	5fce75736ec07d947cbed04f287232c2349cf8f7c33ef1313da1bdca13a76c40	1	125	1	1	0	true	false	0	0	true	0.00000000000000
659	76	-	4030	582	20	7ae5480e792741a4bd14972cc3219606c901fcc1f32a05837f109088b4153e28	1	1475	59	59	1	true	false	0	0	true	0.320669912289694
659	582	+	4536	8490	22	bf74836b0f0a4d48247c236dbb78e6f1a1162f9166e1421ff06078c64ae93e57	1	3875	31	31	1	true	false	0	0	true	0.264903675139055
659	582	-	4536	76	15	b5ac009b8d6c2cb991cf8884e0cc55b093abc47e506e21584491749a15fa32e1	1	25	1	1	0	false	false	0	0	true	NA
691	337	+	4483	8629	15	8a9c0bc307f4625d513ca5ac461638fe496a5a64fa34c84bb8885ae607cc03ea	1	25	1	1	0	true	false	0	0	true	0.00000000000000
691	337	-	4483	353	12	3fd319e64de94419ea8b17153bbf65ef7b47f5e1238ebc4fa7dc75b10456a972	1	5	1	1	0	false	false	0	0	true	NA
691	353	+	4499	8645	12	3fd319e64de94419ea8b17153bbf65ef7b47f5e1238ebc4fa7dc75b10456a972	1	5	1	1	0	true	false	0	0	true	0.00000000000000
691	353	-	4499	337	12	3fd319e64de94419ea8b17153bbf65ef7b47f5e1238ebc4fa7dc75b10456a972	1	5	1	1	0	false	false	0	0	true	NA
701	101	+	4307	8513	19	8d486c68fcbc6993766f605422362db8a36a5d75d3b8f1f05aedac67c116cc6d	1	625	1	1	0	true	false	0	0	true	0.00000000000000
701	101	-	4307	599	12	e76e6920d5c6bf906cbb710b7f4da9e1fc3349f4a237cddb85566ee82678a2eb	1	5	1	1	0	false	false	0	0	true	NA
701	599	+	4805	9011	17	c4dd596c2bd80e1d9f493c054b340407ecfb1bbc3efd7a65e9cab3c97bffa081	1	125	1	1	0	true	false	0	0	true	0.00000000000000
701	599	-	4805	101	12	e76e6920d5c6bf906cbb710b7f4da9e1fc3349f4a237cddb85566ee82678a2eb	1	5	1	1	0	false	false	0	0	true	NA
709	220	+	4474	8728	19	70b4d136393b4601851f543a7b4d41ed9b4aca7552af492c51a4ddb6091a72eb	1	425	1	1	0	true	false	0	0	true	0.00000000000000
709	220	-	4474	488	15	aaa2f89f25cf5f8fbddeab060319e8b330ad19a4010336e91f7fa171e832c400	1	25	1	1	0	false	false	0	0	true	NA
709	321	+	4575	8829	20	5b43134017bb22431c1b94d1776c612bd6560bc6e32e80ca8ab406de767c60a8	1	985	197	197	1	true	false	0	0	true	0.406981109321191
709	321	-	4575	387	12	0c9138c5e372d794961d2f5d40f204552a052d68c344c60387797565490827d7	1	5	1	1	0	false	false	0	0	true	NA
709	387	+	4641	8895	16	0805cba0b301a0c562a76a6726d457c1405be287ee7fd91db6a095fbe0a96cd1	1	55	11	11	1	true	false	0	0	true	0.184120781097039
709	387	-	4641	321	12	0c9138c5e372d794961d2f5d40f204552a052d68c344c60387797565490827d7	1	5	1	1	0	false	false	0	0	true	NA
709	488	+	4742	8996	15	aaa2f89f25cf5f8fbddeab060319e8b330ad19a4010336e91f7fa171e832c400	1	25	1	1	0	true	false	0	0	true	0.00000000000000
709	488	-	4742	220	15	aaa2f89f25cf5f8fbddeab060319e8b330ad19a4010336e91f7fa171e832c400	1	25	1	1	0	false	false	0	0	true	NA
733	22	+	4420	8818	15	9fe390193246d6031697a1777696e75a4cdd1d65cb4abf43556e801c7fe08443	1	25	1	1	0	true	false	0	0	true	0.00000000000000
733	22	-	4420	710	23	21d4bc44736b0a479b7cd943a7f7ad2c042aee1dc522d19df59b74987ea08649	1	10175	407	11*37	2	true	true	0	0	true	0.464860420758898
733	710	+	5108	9506	19	fd27504ff6b0ab50d493b1b749f5ff96cdcdb26ff6e0e6787296bc71dab86662	1	625	1	1	0	false	false	0	0	true	NA
733	710	-	5108	22	10	80ab3ffa547841c030b6a105aa6e4dc4f905bc197c70828938c60ca1faa2f7f6	1	1	1	1	0	false	false	0	0	true	NA
751	33	+	4539	9045	15	35464fe2b95ac91aec0b4abc0e07c7636aa64c69ca259e067088387dcd4a59a4	1	25	1	1	0	true	false	0	0	true	0.00000000000000
751	33	-	4539	717	20	5fc9d3ae1fbb5760f2aad765a5a41abd27173fcf5654ba0b401bb06707b9e187	1	1375	11	11	1	true	true	0	0	true	0.184977762739827
751	717	+	5223	9729	12	c3dd29b0cb0983efc9cbcc0a69aafe7b328c49c9b3d438631ba2c0d6101409c2	1	5	1	1	0	false	false	0	0	true	NA
751	717	-	5223	33	17	d5266b058e9fe3fd3bf7754b66dcefb2dd4da716ab279c14c8980a78cfa69035	1	125	1	1	0	false	false	0	0	true	NA
757	116	+	4658	9200	15	b91b015ee7e986df6738ff7f96f1d9af7eeefd49599c1a0119cbc45916563859	1	25	1	1	0	true	false	0	0	true	0.00000000000000
757	116	-	4658	640	18	c762c0d898e042b587229fb446c2c97eb38f8187f234925567760cc1929ffb34	1	275	11	11	1	false	false	0	0	true	NA
757	640	+	5182	9724	17	3fe847eb385e8f6b145a30fa6dffca8907c3e4f8ea87a8253de761442904be0c	1	125	1	1	0	true	false	0	0	true	0.00000000000000
757	640	-	5182	116	15	b91b015ee7e986df6738ff7f96f1d9af7eeefd49599c1a0119cbc45916563859	1	25	1	1	0	false	false	0	0	true	NA
761	319	+	4885	9451	17	990a642d20dcce879a5331e671dadc29a3aebdcef55faa34fcbe70ec0ffba4ca	1	95	19	19	1	true	false	0	0	true	0.224680307901085
761	319	-	4885	441	12	a256ea16ac05686b667df33810e1ee7d17d5729f4bbb344b339226d4039364bf	1	5	1	1	0	false	false	0	0	true	NA
761	342	+	4908	9474	15	447885b1653f6b0e14323b44c035aa6ee93f7dfd785496f90076e71785909910	1	25	1	1	0	true	false	0	0	true	0.00000000000000
761	342	-	4908	418	19	c21af57a8ede463378ea5c4c18229ced47d716216b1c99ded60ab5cc13727267	1	625	1	1	0	false	false	0	0	true	NA
761	418	+	4984	9550	19	33927d38d5c474229a7ba63c5772c3a77dd1831ab855b15ced9d10b010d07212	1	425	1	1	0	true	false	0	0	true	0.00000000000000
761	418	-	4984	342	19	33927d38d5c474229a7ba63c5772c3a77dd1831ab855b15ced9d10b010d07212	1	425	17	17	1	false	false	0	0	true	NA
761	441	+	5007	9573	17	4f18379698c74fdd137944dd094919b05099d6a96bc6125566cda9836a6ee08d	1	125	1	1	0	true	false	0	0	true	0.00000000000000
761	441	-	5007	319	15	447885b1653f6b0e14323b44c035aa6ee93f7dfd785496f90076e71785909910	1	25	1	1	0	false	false	0	0	true	NA
769	272	+	4886	9500	15	a197e10c16aee9f336ddc991078487570a0e8b11e2507fa94b80e4eeca48851a	1	25	1	1	0	true	false	0	0	true	0.00000000000000
769	272	-	4886	496	15	a197e10c16aee9f336ddc991078487570a0e8b11e2507fa94b80e4eeca48851a	1	25	1	1	0	false	false	0	0	true	NA
769	496	+	5110	9724	15	a197e10c16aee9f336ddc991078487570a0e8b11e2507fa94b80e4eeca48851a	1	25	1	1	0	true	false	0	0	true	0.00000000000000
769	496	-	5110	272	10	67294d0eff78c6dbf4ae91576d495f81ca8f9967119cff318132f79d41285dfc	1	1	1	1	0	false	false	0	0	true	NA
787	89	+	4811	9533	22	0b2f9c7689327ce5ecd32126167c7a0a3de04de4e6c0d29141eb4a1981bd55be	1	3125	1	1	0	true	false	0	0	true	0.00000000000000
787	89	-	4811	697	12	082332c8b503e1d7fa2076a411eaf8526260a5801f817c82c67f2570a1eebcec	1	5	1	1	0	true	false	0	0	true	0.00000000000000
787	697	+	5419	10141	22	0b2f9c7689327ce5ecd32126167c7a0a3de04de4e6c0d29141eb4a1981bd55be	1	3125	1	1	0	false	false	0	0	true	NA
787	697	-	5419	89	12	082332c8b503e1d7fa2076a411eaf8526260a5801f817c82c67f2570a1eebcec	1	5	1	1	0	false	false	0	0	true	NA
821	103	+	5029	9955	17	f6bffebe95fcc845c252496a0225dd9fa6208439166709e283db20e5af96d55f	1	125	1	1	0	true	false	0	0	true	0.00000000000000
821	103	-	5029	717	17	f6bffebe95fcc845c252496a0225dd9fa6208439166709e283db20e5af96d55f	1	125	1	1	0	false	false	0	0	true	NA
821	282	+	5208	10134	19	cb6b31cabefa190ce081878cb0a6f6ca085f025e0ca2f34ddb421a1ed0852341	1	625	1	1	0	true	false	0	0	true	0.00000000000000
821	282	-	5208	538	17	f6bffebe95fcc845c252496a0225dd9fa6208439166709e283db20e5af96d55f	1	125	1	1	0	false	false	0	0	true	NA
821	538	+	5464	10390	19	cb6b31cabefa190ce081878cb0a6f6ca085f025e0ca2f34ddb421a1ed0852341	1	625	1	1	0	true	false	0	0	true	0.00000000000000
821	538	-	5464	282	17	f6bffebe95fcc845c252496a0225dd9fa6208439166709e283db20e5af96d55f	1	125	1	1	0	false	false	0	0	true	NA
821	717	+	5643	10569	17	f6bffebe95fcc845c252496a0225dd9fa6208439166709e283db20e5af96d55f	1	125	1	1	0	true	false	0	0	true	0.00000000000000
821	717	-	5643	103	13	7d773ae93d86b415303e01dd4c5dca00febc5c74a6e497237405668df89f7c5b	1	5	1	1	0	false	false	0	0	true	NA
857	371	+	5513	10655	28	3314ba481881886c8bb248296cae39a8496fd0cf4c6aabe9be226dd5a20e5e1a	1	282875	2263	31*73	2	true	false	0	0	true	0.578103178187398
857	371	-	5513	485	13	d61f3ece088ca2fb6ebd3f47479ea5514bdbc39d0decd1f678f629b107878331	1	5	1	1	0	false	false	0	0	true	NA
857	485	+	5627	10769	13	d61f3ece088ca2fb6ebd3f47479ea5514bdbc39d0decd1f678f629b107878331	1	5	1	1	0	true	false	0	0	true	0.00000000000000
857	485	-	5627	371	13	d61f3ece088ca2fb6ebd3f47479ea5514bdbc39d0decd1f678f629b107878331	1	5	1	1	0	false	false	0	0	true	NA
881	67	+	5353	10639	13	23809b4dbbd32b67c90cfdd786f11bb49f1c602cb6edb186f8ce324b641b6805	1	5	1	1	0	true	false	0	0	true	0.00000000000000
881	67	-	5353	813	17	1be5392a6eccde65502eeb6c7da686b807fcd31bdefad5099a00cc145bf629c0	1	125	1	1	0	true	false	0	0	true	0.00000000000000
881	813	+	6099	11385	17	1be5392a6eccde65502eeb6c7da686b807fcd31bdefad5099a00cc145bf629c0	1	125	1	1	0	false	false	0	0	true	NA
881	813	-	6099	67	19	fca8feb3c945cc2fe4e1d2b7c2ab9597546d69727562a2d33f0f18708f3d4e37	1	425	17	17	1	false	false	0	0	true	NA
887	329	+	5651	10973	22	45005a2a5bf6063e20110a8e1e5dc7b72d041c069d63651bbbbcba53c61feb26	1	2375	19	19	1	true	false	0	0	true	0.219872117998128
887	329	-	5651	557	19	55fc8cff870b15c6584e3773b71d937742736c15d39bbd7ab8e7cfd81b815e8a	1	475	19	19	1	false	false	0	0	true	NA
887	557	+	5879	11201	17	bf3220e25cde56c291943a5e1bc05d8d3167840cc768e09bd4cb727603364829	1	95	19	19	1	true	false	0	0	true	0.218146680026613
887	557	-	5879	329	13	34baaa68dcb751b62b344d1c6c77ceb1c608355fe73952b3ac4f691f7eb75150	1	5	1	1	0	false	false	0	0	true	NA
907	156	+	5598	11040	20	8509aedc050342595040a7086ee845dce71ab62bc01efde622c15fbb97ff0040	1	625	1	1	0	true	false	0	0	true	0.00000000000000
907	156	-	5598	750	15	0d32ef252845bc9123f132fff6ec4a2432dd739fb6d19828f691aef2de2b1e92	1	25	1	1	0	false	false	0	0	true	NA
907	407	+	5849	11291	21	244c33eafe216dcd78aa3b0a078053309b8f5812807f9391bfa3ba9d68d42e88	1	2125	1	1	0	true	false	0	0	true	0.00000000000000
907	407	-	5849	499	13	42ba180d6dfcd03eb6b838694b935e8108e138cbe5d41bb9da5f1a1eb339c3b1	1	5	1	1	0	false	false	0	0	true	NA
907	499	+	5941	11383	24	cb9903903bff4b8fafe3c368bc8948c0a6f92b4c950a7c4a461101a7aa502416	1	11875	19	19	1	true	false	0	0	true	0.218146680026613
907	499	-	5941	407	22	22ed33f7a25f1d0e398437e64104a6cc98b917d349182e905a0b460ae207c33c	1	2375	19	19	1	false	false	0	0	true	NA
907	750	+	6192	11634	20	8509aedc050342595040a7086ee845dce71ab62bc01efde622c15fbb97ff0040	1	625	1	1	0	true	false	0	0	true	0.00000000000000
907	750	-	6192	156	20	8509aedc050342595040a7086ee845dce71ab62bc01efde622c15fbb97ff0040	1	625	1	1	0	false	false	0	0	true	NA
911	249	+	5715	11181	17	26e32d1dddb9a741064bec1d0fe5b736e49618e14ce67c03a0bf3c34b0d8999f	1	125	1	1	0	true	false	0	0	true	0.00000000000000
911	249	-	5715	661	23	0f95bd981c1f4415cb95efdb3c6f7584a1a9740d2d5d649cc216638a8ef5f8ac	1	4625	37	37	1	false	false	0	0	true	NA
911	661	+	6127	11593	18	baa52afb4b10f818dc47f6b224b41c13076e0b2d739f7705547bf0101be2267d	1	185	37	37	1	true	false	0	0	true	0.266429143857504
911	661	-	6127	249	13	646b15f681024158b84abcf73e5133a82a9b5a34f6ba87cc36cbb24f1bacbf96	1	5	1	1	0	false	false	0	0	true	NA
937	363	+	5985	11607	17	02004aed01d7de10cd62174aea10ce3b8a3ec4e52f5e8c66ff6881eef1ae499f	1	85	1	1	0	true	false	0	0	true	0.00000000000000
937	363	-	5985	573	13	59b0fab46baa39bd6537c14069d4808bd15207ad36647d46c8f857423113f60a	1	5	1	1	0	false	false	0	0	true	NA
937	573	+	6195	11817	13	59b0fab46baa39bd6537c14069d4808bd15207ad36647d46c8f857423113f60a	1	5	1	1	0	true	false	0	0	true	0.00000000000000
937	573	-	6195	363	13	59b0fab46baa39bd6537c14069d4808bd15207ad36647d46c8f857423113f60a	1	5	1	1	0	false	false	0	0	true	NA
947	348	+	6030	11712	20	86fbea7b49b70fadc78fb34539385eb6407f3008914c2ffe93d4c860e2df6b01	1	625	1	1	0	true	false	0	0	true	0.00000000000000
947	348	-	6030	598	19	2251556e2d0de1b6000ee5de85051802546b938999ebf4c264c6a38c79735bd2	1	425	17	17	1	false	false	0	0	true	NA
947	598	+	6280	11962	21	4390fc2214d3693748611509352dffad34d55c54540b7f66b35e24ec3a61225d	1	1825	73	73	1	true	false	0	0	true	0.315005117189278
947	598	-	6280	348	15	5728b7d3cdaa808daf1373bf707e6fdd8d39e1c0bb6ae971fb49f94b1eecaf16	1	25	1	1	0	false	false	0	0	true	NA
953	185	+	5903	11621	21	cb81b0f37e580670d09346e07b27f581aff08f592aa35efa691a558051689c52	1	2125	1	1	0	true	false	0	0	true	0.00000000000000
953	185	-	5903	767	17	d4219bba2e543effd8854e51bcc61f2d33a5a47d9378121242a2d07294498f62	1	125	1	1	0	false	false	0	0	true	NA
953	767	+	6485	12203	13	6108e2adfff33e68e54dc81f608d21a60823e97fecfaf69f0e71ed430b23c6b5	1	5	1	1	0	true	false	0	0	true	0.00000000000000
953	767	-	6485	185	13	6108e2adfff33e68e54dc81f608d21a60823e97fecfaf69f0e71ed430b23c6b5	1	5	1	1	0	false	false	0	0	true	NA
971	351	+	6177	12003	13	344bef1e6aebbc64a91c46abf780b50f2eb9b62294d028ce015c656c882872b6	1	5	1	1	0	true	false	0	0	true	0.00000000000000
971	351	-	6177	619	13	344bef1e6aebbc64a91c46abf780b50f2eb9b62294d028ce015c656c882872b6	1	5	1	1	0	false	false	0	0	true	NA
971	619	+	6445	12271	13	344bef1e6aebbc64a91c46abf780b50f2eb9b62294d028ce015c656c882872b6	1	5	1	1	0	true	false	0	0	true	0.00000000000000
971	619	-	6445	351	13	344bef1e6aebbc64a91c46abf780b50f2eb9b62294d028ce015c656c882872b6	1	5	1	1	0	false	false	0	0	true	NA
977	144	+	6006	11868	20	8c3135181c7995ea158c16fe1b7ec3c780523fd083134679d773cdd53321f683	1	625	1	1	0	true	false	0	0	true	0.00000000000000
977	144	-	6006	832	20	8c3135181c7995ea158c16fe1b7ec3c780523fd083134679d773cdd53321f683	1	625	1	1	0	false	false	0	0	true	NA
977	832	+	6694	12556	21	d3d6d4e061d8109e553093ea80c5cb06b9e9b76e6f90cc09944cc29fd432b9b3	1	1375	11	11	1	false	false	0	0	true	NA
977	832	-	6694	144	15	46d2c40df5dc788eac65940373ea8f784b035a336d4c643b29f0fa6b93d3785f	1	25	1	1	0	false	false	0	0	true	NA
991	369	+	6315	12261	15	60e2670a7ec0ee055afa39fca570f16e54f30b720a82b08405a37362715ea702	1	25	1	1	0	true	false	0	0	true	0.00000000000000
991	369	-	6315	621	13	8681b3d751bf3717528e909598876f36520bd60545150e2d65952823d6fd70cf	1	5	1	1	0	false	false	0	0	true	NA
991	621	+	6567	12513	21	4a69d3b1ef02e7ddab9c99faec27bbf479199d63b0ebcddf1cf388f9ad3ba975	1	1825	73	73	1	true	false	0	0	true	0.313312039670904
991	621	-	6567	369	13	8681b3d751bf3717528e909598876f36520bd60545150e2d65952823d6fd70cf	1	5	1	1	0	false	false	0	0	true	NA
1009	422	+	6476	12530	15	f8ed06384970ff866570bc173cc1df6a74e38ad9ba23420d728c9e07fe61a67c	1	25	1	1	0	true	false	0	0	true	0.00000000000000
1009	422	-	6476	586	15	f8ed06384970ff866570bc173cc1df6a74e38ad9ba23420d728c9e07fe61a67c	1	25	1	1	0	false	false	0	0	true	NA
1009	586	+	6640	12694	21	693723ca0fc8ae6379fe87ddaa622ddfc9d4d522f73e831bb2625a56ed710eed	1	1825	73	73	1	true	false	0	0	true	0.312733258456157
1009	586	-	6640	422	15	f8ed06384970ff866570bc173cc1df6a74e38ad9ba23420d728c9e07fe61a67c	1	25	1	1	0	false	false	0	0	true	NA
1049	494	+	6788	13082	15	b1b927541c77e69aea9d143fc238ee78e05fb942e9c42a5b4fd9eeb1f6affcb4	1	25	1	1	0	true	false	0	0	true	0.00000000000000
1049	494	-	6788	554	11	f16950782cd9b28c9a3e86ea75755001499851dcb203dfc7fd6fd947f10491e9	1	1	1	1	0	false	false	0	0	true	NA
1049	504	+	6798	13092	15	b1b927541c77e69aea9d143fc238ee78e05fb942e9c42a5b4fd9eeb1f6affcb4	1	25	1	1	0	true	false	0	0	true	0.00000000000000
1049	504	-	6798	544	19	8f808f926a36afca8bcc4dffd0f3cc4d5644a93b3ed30465f7728a764cb145d8	1	275	11	11	1	false	false	0	0	true	NA
1049	508	+	6802	13096	11	f16950782cd9b28c9a3e86ea75755001499851dcb203dfc7fd6fd947f10491e9	1	1	1	1	0	true	false	0	0	true	0.00000000000000
1049	508	-	6802	540	14	db4c550690a7e865697e6e9939e0b8d954ea10a1e3116c5dfb66259064d31bde	1	11	11	11	1	false	false	0	0	true	NA
1049	540	+	6834	13128	22	90c8d48d7491a9bc34b4b3e2047cd68a76b83e2dc3b31476eba6db3860a5ef62	1	3025	121	11^2	1	true	false	0	0	true	0.348304150184802
1049	540	-	6834	508	15	b1b927541c77e69aea9d143fc238ee78e05fb942e9c42a5b4fd9eeb1f6affcb4	1	25	1	1	0	false	false	0	0	true	NA
1049	544	+	6838	13132	19	8f808f926a36afca8bcc4dffd0f3cc4d5644a93b3ed30465f7728a764cb145d8	1	275	11	11	1	true	false	0	0	true	0.174152075092401
1049	544	-	6838	504	11	f16950782cd9b28c9a3e86ea75755001499851dcb203dfc7fd6fd947f10491e9	1	1	1	1	0	false	false	0	0	true	NA
1049	554	+	6848	13142	15	b1b927541c77e69aea9d143fc238ee78e05fb942e9c42a5b4fd9eeb1f6affcb4	1	25	1	1	0	true	false	0	0	true	0.00000000000000
1049	554	-	6848	494	15	b1b927541c77e69aea9d143fc238ee78e05fb942e9c42a5b4fd9eeb1f6affcb4	1	25	1	1	0	false	false	0	0	true	NA
1069	196	+	6610	13024	11	1ea69a50527f06dacc76bd0fb3dba21075ba3833418bf701d55a4f8fcdefd730	1	1	1	1	0	true	false	0	0	true	0.00000000000000
1069	196	-	6610	872	11	1ea69a50527f06dacc76bd0fb3dba21075ba3833418bf701d55a4f8fcdefd730	1	1	1	1	0	false	false	0	0	true	NA
1069	459	+	6873	13287	13	8bf27d46b51921be5faa4d516d0e5007ce5ad92713a524c37da64b62d8e69e22	1	5	1	1	0	true	false	0	0	true	0.00000000000000
1069	459	-	6873	609	16	dc91dd4fc4ad1edd81f677b538c211051436f63eb0321a027502047e9372ffc1	1	55	11	11	1	false	false	0	0	true	NA
1069	502	+	6916	13330	20	8610c4c971800c3eec5c8279cb3ac054715c69b39854ba9402cf4a098c2919a4	1	625	1	1	0	true	false	0	0	true	0.00000000000000
1069	502	-	6916	566	21	e2ca6d5f10b144e17d9e2775c6fdc249514d2d6af9ad775595b6ca3250cbc136	1	1375	11	11	1	false	false	0	0	true	NA
1069	566	+	6980	13394	15	372f7e2fd2d01ce2a1d71dc072acbba4c6fd25a1087cd7f153f4ec0ce37e1ede	1	25	1	1	0	true	false	0	0	true	0.00000000000000
1069	566	-	6980	502	16	22c0389384427343078e7a8a0cd0880cb374e8e1ea5e5bae18c541ed28128687	1	41	41	41	1	false	false	0	0	true	NA
1069	609	+	7023	13437	13	8bf27d46b51921be5faa4d516d0e5007ce5ad92713a524c37da64b62d8e69e22	1	5	1	1	0	true	false	0	0	true	0.00000000000000
1069	609	-	7023	459	18	83f08acae5e67ade5ed416afbfc4518fbd36ffc21a81d099497623a5c25cc208	1	125	1	1	0	false	false	0	0	true	NA
1069	872	+	7286	13700	23	5081d062c0e8a8ac6a6ea977af4439c4386e009c69ba39ff19a8590241ddee97	1	4675	11	11	1	true	false	0	0	true	0.172371745141011
1069	872	-	7286	196	15	372f7e2fd2d01ce2a1d71dc072acbba4c6fd25a1087cd7f153f4ec0ce37e1ede	1	25	1	1	0	false	false	0	0	true	NA
1087	77	+	6599	13121	13	f0b534771565f9cd11739a9b4ea7ce1621f9272d16d9a8a1c03c17dad0d19d89	1	5	1	1	0	true	false	0	0	true	0.00000000000000
1087	77	-	6599	1009	19	27307cba45918b29ffe1f65cc74c9ea6bb226b4b6e342edcf4767ebf460d4b43	1	425	17	17	1	true	false	0	0	true	0.206704340897156
1087	1009	+	7531	14053	13	f0b534771565f9cd11739a9b4ea7ce1621f9272d16d9a8a1c03c17dad0d19d89	1	5	1	1	0	false	false	0	0	true	NA
1087	1009	-	7531	77	13	f0b534771565f9cd11739a9b4ea7ce1621f9272d16d9a8a1c03c17dad0d19d89	1	5	1	1	0	false	false	0	0	true	NA
1097	200	+	6782	13364	15	beb3056947c485225b5857df09bfd45a753ecb695946db2291f3f8fa63e425c2	1	25	1	1	0	true	false	0	0	true	0.00000000000000
1097	200	-	6782	896	19	27a1316e8154d2da897a1467b13a103d86b11a015811732e49c29e8ee945def8	1	275	11	11	1	false	false	0	0	true	NA
1097	896	+	7478	14060	11	039f2c519d87eaa01db07c3792baf082572cbe04e34da945aee4a8aad839e869	1	1	1	1	0	true	false	0	0	true	0.00000000000000
1097	896	-	7478	200	15	beb3056947c485225b5857df09bfd45a753ecb695946db2291f3f8fa63e425c2	1	25	1	1	0	false	false	0	0	true	NA
1117	284	+	6986	13688	18	fbd53a97dc224988287fbdac9edb6b30f1a3c0dc3e31ac14cffa0308eb6e0cd9	1	125	1	1	0	true	false	0	0	true	0.00000000000000
1117	284	-	6986	832	20	d91d951dd2c9edbe00cc5bbeaea92c028723be563680ddc2fe0091ccf03b33a1	1	625	1	1	0	false	false	0	0	true	NA
1117	832	+	7534	14236	20	9ca664887ff97b76dc1a3f2ede7e041fab3e8c74ef6da221aedbc198c37192a3	1	475	19	19	1	true	false	0	0	true	0.210582497532750
1117	832	-	7534	284	15	a4b86236c317e3c1bc67fba924085e4091f4d828cd72f0f3473c3bf4e46715c3	1	25	1	1	0	false	false	0	0	true	NA
1129	98	+	6872	13646	15	9f281242e442933b1a19d0f2eacdd742752b5597caf9518c6dd1a94223bad2cd	1	17	1	1	0	true	false	0	0	true	0.00000000000000
1129	98	-	6872	1030	18	aeae5f78263e94d2eb18786961d41f463cee007c3e6a74c8d70400a17400e1ed	1	187	187	11*17	2	true	false	0	0	true	0.379582452410453
1129	285	+	7059	13833	18	d72b08bedcb449ffbd9aca2e8ba3df9cbcd30f4f2084e7cae4ce110fdf00b93e	1	125	1	1	0	true	false	0	0	true	0.00000000000000
1129	285	-	7059	843	22	04b6cdaec24dade5fe96fc5fcb5939d5fd6082e4434cfa0e4975ad9cc024abfe	1	3125	1	1	0	false	false	0	0	true	NA
1129	843	+	7617	14391	13	907e1e843d8263c0981a226af73d68c48ce7dfe4b574f8daf57963777184e1e1	1	5	1	1	0	true	false	0	0	true	0.00000000000000
1129	843	-	7617	285	13	907e1e843d8263c0981a226af73d68c48ce7dfe4b574f8daf57963777184e1e1	1	5	1	1	0	false	false	0	0	true	NA
1129	1030	+	7804	14578	19	f40792bf2d36f4128b08da9e9343b624567455900481b802ab5fdcae1d3b850e	1	341	341	11*31	2	true	false	0	0	true	0.415470832551718
1129	1030	-	7804	98	11	1056b0c8983369d7e8d841da2e943c8f5e90890425a42dd90375d3859dd8c778	1	1	1	1	0	false	false	0	0	true	NA
1153	216	+	7134	14052	19	9c65770a32c55e0326cfaaf002f62faa774f7b0065b5b883412cfc844911ced5	1	451	451	11*41	2	true	false	0	0	true	0.441035864990167
1153	216	-	7134	936	18	cb292d8d53c3a8a98d3c9edbb12f553728cec4c94f685a1485880b888d62ee49	1	125	1	1	0	false	false	0	0	true	NA
1153	936	+	7854	14772	15	2ea05b5a6cae6d6274a31813f08e5ddaa44b48ea775b83da9bf68b9cd1a3a65b	1	17	1	1	0	true	false	0	0	true	0.00000000000000
1153	936	-	7854	216	11	215f8a62cbf8b87cca8b2338870bcfe76b7c48dc4ca4da6336f04991de67ed60	1	1	1	1	0	false	false	0	0	true	NA
1193	446	+	7604	14762	11	f2e7e9defc37abf498dd82f057eb1ca6e44586004879957c874175c9aed37d33	1	1	1	1	0	true	false	0	0	true	0.00000000000000
1193	446	-	7604	746	11	f2e7e9defc37abf498dd82f057eb1ca6e44586004879957c874175c9aed37d33	1	1	1	1	0	false	false	0	0	true	NA
1193	746	+	7904	15062	14	83daaf967735c7b48747b44cb41503b805ed715988fa0e2a5badc89e4d305a2c	1	11	11	11	1	true	false	0	0	true	0.170102427261305
1193	746	-	7904	446	15	d4b0b9f92095de190fa507677bba45f5a65c65c83e5d320fd23369b8ec2b135f	1	25	1	1	0	false	false	0	0	true	NA
1201	576	+	7782	14988	22	10580bf9477e614f27a0a7e3c06181a0ea2a6f6defa7d08e31000403d157b5d8	1	2125	1	1	0	true	false	0	0	true	0.00000000000000
1201	576	-	7782	624	14	1b744260a37a11c0fc4fb5938d4c469add8dbc4fb83cb32ed3ae10cf90111cd1	1	11	11	11	1	false	false	0	0	true	NA
1201	624	+	7830	15036	18	9fbb209cb370970d35105bb893ba07dcac43cbc911a488b7c2fc7453be64ff40	1	125	1	1	0	true	false	0	0	true	0.00000000000000
1201	624	-	7830	576	15	6248a56b6399731d0281fe7b6928f523c7392ea6cd1fe706a846a2bfbbc88046	1	25	1	1	0	false	false	0	0	true	NA
1213	58	+	7336	14614	15	b944fc0984e689314e11bef2ad5c6f58ec2fc24edc9468d2a37eb2fafc3e1af2	1	25	1	1	0	true	false	0	0	true	0.00000000000000
1213	58	-	7336	1154	19	68f42cd4b808ad03a57d36e7e6e98ba6018e60430c08bc50747f17eaf99193e7	1	275	11	11	1	true	true	0	0	true	0.172371745141011
1213	1154	+	8432	15710	19	946247d1389fa3c0bdbb26bdc19d8d15fd226b50e98d68ecf49ac57363528ddd	1	425	1	1	0	false	false	0	0	true	NA
1213	1154	-	8432	58	22	1cdf2019ec336640df2160a590e2550187aab0d06baff8399b77adaf41a35213	1	2125	17	17	1	false	false	0	0	true	NA
1217	22	+	7324	14626	21	4d3c2e2da5b9bb2bd5716e237448d4a733270f109f471d49ba75eb1505e0d1c8	1	1525	61	61	1	true	false	0	0	true	0.295508527857925
1217	22	-	7324	1194	18	c70624eba118b68dd14a3b28c575626eaba752710b6aac4d65f334047da253e1	1	125	1	1	0	true	true	0	0	true	0.00000000000000
1217	1194	+	8496	15798	22	4022d9491fec9a0c3ec4cc2c13811cf9ea744b855043be2b764c9614034c64d1	1	2125	1	1	0	false	false	0	0	true	NA
1217	1194	-	8496	22	16	2a76e1c4028cc0a9962f6a13d1c6d639f9598dff962b042d6736468dc613fbdd	1	31	31	31	1	false	false	0	0	true	NA
1229	544	+	7918	15292	30	281ea9422e8ee2af4b76bd186b7e3306754d31f2c906c2aa138b718d863bb596	1	584375	11	11	1	true	false	0	0	true	0.170102427261305
1229	544	-	7918	684	28	a45f3d48fe4af9e6d1ba40fc4455fbdda7b67b077ba4997c6bb2d6126f2bcd35	1	213125	341	11*31	2	false	false	0	0	true	NA
1229	684	+	8058	15432	18	0a38cfd18d9dee34a1a9df278099efe11ff30f821b142158f06e6c137c3155f8	1	125	1	1	0	true	false	0	0	true	0.00000000000000
1229	684	-	8058	544	15	d90eaf2f84f97cdfdbbedf22a3c25ec728edbedbf3cf3e772625516fd67d1435	1	25	1	1	0	false	false	0	0	true	NA
1259	97	+	7651	15205	18	2aeaf98335b827fe4b9c4dd2decc34a07df04ef30f6ec4dca48c9258de1c4e8d	1	125	1	1	0	true	false	0	0	true	0.00000000000000
1259	97	-	7651	1161	20	aab0080399dbc32341da874076ba4889899d174485e63fc8a8f6812d876fa604	1	625	1	1	0	true	false	0	0	true	0.00000000000000
1259	1161	+	8715	16269	22	c1bac1561835ec34dad8b96227e431250abf159956115bbc6c679ee7b18c1079	1	2125	1	1	0	true	false	0	0	true	0.00000000000000
1259	1161	-	8715	97	13	c03f1238968e8e99f1b8b4ec69daf61e7bbaae99cb7c9ffe298e46359a58adcf	1	5	1	1	0	false	false	0	0	true	NA
1297	459	+	8241	16023	22	d22166eef65cdef3d4fbae8ed17d04564a957314d469a7dcb151601f6d930148	1	2125	1	1	0	true	false	0	0	true	0.00000000000000
1297	459	-	8241	837	18	c4070ce76083f0e2e0ed701b6179e8d86cca413110ec48e3f0bdb64c62130f43	1	125	1	1	0	false	false	0	0	true	NA
1297	530	+	8312	16094	20	1cb3ae7bcde09a273fd6ba05c6330fafa587efb24ad3906df923efeb9f2f393a	1	625	1	1	0	true	false	0	0	true	0.00000000000000
1297	530	-	8312	766	25	2bba7edbf461ffa79b72f3371eaded966984312dec59a3742d7592631cb90fc2	1	19375	31	31	1	false	false	0	0	true	NA
1297	766	+	8548	16330	20	1cb3ae7bcde09a273fd6ba05c6330fafa587efb24ad3906df923efeb9f2f393a	1	625	1	1	0	true	false	0	0	true	0.00000000000000
1297	766	-	8548	530	15	dbcbe22db64979f1f1bd1330162fe5999402d1632e560d4dfc3df46f8e89ae8f	1	25	1	1	0	false	false	0	0	true	NA
1297	837	+	8619	16401	20	1cb3ae7bcde09a273fd6ba05c6330fafa587efb24ad3906df923efeb9f2f393a	1	625	1	1	0	true	false	0	0	true	0.00000000000000
1297	837	-	8619	459	18	c4070ce76083f0e2e0ed701b6179e8d86cca413110ec48e3f0bdb64c62130f43	1	125	1	1	0	false	false	0	0	true	NA
1381	277	+	8563	16849	18	a69fabda82ad8803014af0c07a17616d5b2e06c62904e19dbbd108a09bfd030e	1	125	1	1	0	true	false	0	0	true	0.00000000000000
1381	277	-	8563	1103	18	a69fabda82ad8803014af0c07a17616d5b2e06c62904e19dbbd108a09bfd030e	1	125	1	1	0	false	false	0	0	true	NA
1381	1103	+	9389	17675	19	cbc7960a9341201fb9c765a02a0e2c41ac903b167acd7d0d8a8763f19bb30a34	1	305	61	61	1	false	false	0	0	true	NA
1381	1103	-	9389	277	19	cbc7960a9341201fb9c765a02a0e2c41ac903b167acd7d0d8a8763f19bb30a34	1	305	61	61	1	false	false	0	0	true	NA
1427	346	+	8908	17470	20	a6adc7feff7721d02de547342ffaf6cfaef1c97b9a649bcbad4e2874fcad2a0c	1	425	1	1	0	true	false	0	0	true	0.00000000000000
1427	346	-	8908	1080	24	846e02a7da3d0bde1eec973c686cec8577a6c0d15aea47b1bd9ae8df39e7fc7e	1	10625	17	17	1	false	false	0	0	true	NA
1427	1080	+	9642	18204	31	a13efdb3754ea72c7781addbff3e8b01bb4697feefaea80515c0d127405198c4	1	1062925	2501	41*61	2	true	false	0	0	true	0.541067532698909
1427	1080	-	9642	346	20	a6adc7feff7721d02de547342ffaf6cfaef1c97b9a649bcbad4e2874fcad2a0c	1	425	17	17	1	false	false	0	0	true	NA
1433	416	+	9014	17612	19	db35cee2144f4b6dce78667d992c02b295d236cb99b76f3096765248583de0d5	1	323	19	19	1	true	false	0	0	true	0.205570677840720
1433	416	-	9014	1016	15	028e3ea00fb99270ffc63731e5aa740dbdeb394c189a15eafacca3fd619c273e	1	17	17	17	1	false	false	0	0	true	NA
1433	1016	+	9614	18212	19	de976f286cb52766c85ee8d471ef25b58e15dfde0ba9c80770d1c265d4667fa4	1	275	11	11	1	true	false	0	0	true	0.165816632945647
1433	1016	-	9614	416	16	cb0906d4aefd0df9c0fa095b045bc919cae6cbf3654ff671b437bc9c5356bba4	1	25	1	1	0	false	false	0	0	true	NA
1447	438	+	9120	17802	11	e2e8881efe2b3012089eb3451719e59df9b79e830bace1febf1509e1dc20529e	1	1	1	1	0	true	false	0	0	true	0.00000000000000
1447	438	-	9120	1008	11	e2e8881efe2b3012089eb3451719e59df9b79e830bace1febf1509e1dc20529e	1	1	1	1	0	false	false	0	0	true	NA
1447	1008	+	9690	18372	16	18c44dbe7bcbdc6feeed393ebf34eeee70f7322cd8c18e632f0849ff5729390a	1	25	1	1	0	true	false	0	0	true	0.00000000000000
1447	1008	-	9690	438	18	9769f59b7c71aa5c030c2e05a2c63177feeeb170f7dee4fd70509c18bd63b467	1	125	1	1	0	false	false	0	0	true	NA
1453	272	+	8990	17708	16	00b3cf862dddf095d36015f1b8ee1f68bccb478bf66d6a03a4165352a86163d4	1	25	1	1	0	true	false	0	0	true	0.00000000000000
1453	272	-	8990	1180	16	00b3cf862dddf095d36015f1b8ee1f68bccb478bf66d6a03a4165352a86163d4	1	25	1	1	0	false	false	0	0	true	NA
1453	1180	+	9898	18616	20	c2b4c7cb995d092868428e18cf9e7df8c6ceaba0e311d767a949d5bac3ac40bc	1	475	19	19	1	true	false	0	0	true	0.202770457593582
1453	1180	-	9898	272	11	5588be6c3684088b142fc7faa38b7f6d1a386f3947cd5813d366dcb48044fb86	1	1	1	1	0	false	false	0	0	true	NA
1471	76	+	8902	17728	24	504c4fb17c5a841a9d6f2f342e6ea186c94dfab0e558b345127f3c8e6913764f	1	7225	1	1	0	true	false	0	0	true	0.00000000000000
1471	76	-	8902	1394	16	76f4923f19a7723b9a4adda5e6e3b7705fe230b688c7b66707567b4cf2c629a8	1	25	1	1	0	true	true	0	0	true	0.00000000000000
1471	1394	+	10220	19046	28	3180aad05da0d531763b057098a6ab12ab43045934e969bbbfe45aadc5a48ebb	1	116875	11	11	1	false	false	0	0	true	NA
1471	1394	-	10220	76	16	76f4923f19a7723b9a4adda5e6e3b7705fe230b688c7b66707567b4cf2c629a8	1	25	1	1	0	false	false	0	0	true	NA
1487	104	+	9026	17948	22	a62bbcaacc5f33d5a4d24a48b1fa608bdb0acaa614ad3fd7583b965010217671	1	2125	1	1	0	true	false	0	0	true	0.00000000000000
1487	104	-	9026	1382	22	a62bbcaacc5f33d5a4d24a48b1fa608bdb0acaa614ad3fd7583b965010217671	1	2125	17	17	1	true	false	0	0	true	0.197762470974215
1487	1382	+	10304	19226	16	0473faa24b94cdb4bc4c8186590422a5d3c67e54b8521045d20c044cddfc2175	1	25	1	1	0	false	false	0	0	true	NA
1487	1382	-	10304	104	11	93287bd7b831db51c7d2f28ef3a60de7750e581fc41a94e51a1c02c9b7d1bf88	1	1	1	1	0	false	false	0	0	true	NA
1489	437	+	9371	18305	13	39683ac8c67cfb38c4500bd242054a57c38e871944d8cbed144db81258941ebb	1	5	1	1	0	true	false	0	0	true	0.00000000000000
1489	437	-	9371	1051	13	39683ac8c67cfb38c4500bd242054a57c38e871944d8cbed144db81258941ebb	1	5	1	1	0	false	false	0	0	true	NA
1489	1051	+	9985	18919	13	39683ac8c67cfb38c4500bd242054a57c38e871944d8cbed144db81258941ebb	1	5	1	1	0	true	false	0	0	true	0.00000000000000
1489	1051	-	9985	437	13	39683ac8c67cfb38c4500bd242054a57c38e871944d8cbed144db81258941ebb	1	5	1	1	0	false	false	0	0	true	NA
1499	115	+	9109	18103	13	7f232bcf81ed818ce757fb4f5f0dbffe7caed1da1c2c1eea960745788d3ce365	1	5	1	1	0	true	false	0	0	true	0.00000000000000
1499	115	-	9109	1383	13	7f232bcf81ed818ce757fb4f5f0dbffe7caed1da1c2c1eea960745788d3ce365	1	5	1	1	0	true	false	0	0	true	0.00000000000000
1499	1383	+	10377	19371	18	869f1b9e7b1d5b367903d560aacfd55d0ada183ca1987664f45bdf43340a20d9	1	125	1	1	0	true	false	0	0	true	0.00000000000000
1499	1383	-	10377	115	13	7f232bcf81ed818ce757fb4f5f0dbffe7caed1da1c2c1eea960745788d3ce365	1	5	1	1	0	false	false	0	0	true	NA
1523	283	+	9421	18559	22	3360815db67f59f8636f848fbb2fac1287241b173fbd03a912f159fbf4d54c3f	1	2125	1	1	0	true	false	0	0	true	0.00000000000000
1523	283	-	9421	1239	13	636407da9d7e69e4f4cc4f4d678c2223c658ce6de4f7f0156975024d469a9c02	1	5	1	1	0	false	false	0	0	true	NA
1523	1239	+	10377	19515	18	e784244108c0ad651bc72e10e61d3b48cb96e03900e49992cf683c86d52107a0	1	125	1	1	0	true	false	0	0	true	0.00000000000000
1523	1239	-	10377	283	18	e784244108c0ad651bc72e10e61d3b48cb96e03900e49992cf683c86d52107a0	1	125	1	1	0	false	false	0	0	true	NA
1531	143	+	9329	18515	17	f637d0d64f01d5c1c231a9940cbcaaddd2e2d8b37421f8c231b88216bfa5b776	1	85	1	1	0	true	false	0	0	true	0.00000000000000
1531	143	-	9329	1387	17	f637d0d64f01d5c1c231a9940cbcaaddd2e2d8b37421f8c231b88216bfa5b776	1	85	17	17	1	true	false	0	0	true	0.196315351911223
1531	1387	+	10573	19759	18	b815cc23a796e5e9066cf94075b28826ea8002aebd90e81ae8ed7a159577870c	1	125	1	1	0	true	false	0	0	true	0.00000000000000
1531	1387	-	10573	143	22	3e4a5126f776d2f51f0432dae67aec0e0639df2aeeea7437610cbab8748ad427	1	2375	19	19	1	false	false	0	0	true	NA
1559	755	+	10109	19463	18	73fcc6b53c66aa727e3e21741dfe9a11ceeb9ba9b8d924c91bba7839a4089e6a	1	125	1	1	0	true	false	0	0	true	0.00000000000000
1559	755	-	10109	803	18	73fcc6b53c66aa727e3e21741dfe9a11ceeb9ba9b8d924c91bba7839a4089e6a	1	125	1	1	0	false	false	0	0	true	NA
1559	803	+	10157	19511	23	cde29257a0d946cd3b5e0a6593baae09358f563dc108dd00329fefe5d86cf7da	1	3125	1	1	0	true	false	0	0	true	0.00000000000000
1559	803	-	10157	755	18	73fcc6b53c66aa727e3e21741dfe9a11ceeb9ba9b8d924c91bba7839a4089e6a	1	125	1	1	0	false	false	0	0	true	NA
1619	791	+	10505	20219	18	ee03d0e5b6119eaea50c50d9ac2959bb3c0ea3c5356ef06c388fde1b72385da2	1	125	1	1	0	true	false	0	0	true	0.00000000000000
1619	791	-	10505	827	22	df5879c3efc7a90e5ccbf19abfdf438854167d3178d2504862195a7da189350a	1	2375	19	19	1	false	false	0	0	true	NA
1619	827	+	10541	20255	18	ee03d0e5b6119eaea50c50d9ac2959bb3c0ea3c5356ef06c388fde1b72385da2	1	125	1	1	0	true	false	0	0	true	0.00000000000000
1619	827	-	10541	791	23	b9865f5810685fdd03ddeb6b74e3f26de47b3cd8f6cc1e4674a9574227ce7c57	1	3125	1	1	0	false	false	0	0	true	NA
1621	203	+	9929	19655	18	8677ec9abb3077e79688ebdbc4f0efa3b0de517c994545adb65c98a11f91135c	1	95	19	19	1	true	false	0	0	true	0.202770457593582
1621	203	-	9929	1417	13	bd5fd2429e4d5beef807f2f45ce583e98ce73b4277a2d8397ada49799636427f	1	5	1	1	0	false	false	0	0	true	NA
1621	437	+	10163	19889	18	9915d81db25d05a37253f4a611953bf9f2b87c5dc135a3038a9aa493c655a917	1	125	1	1	0	true	false	0	0	true	0.00000000000000
1621	437	-	10163	1183	23	2853dbec47bfa07dcc3f24cb745c4d245650329a2b2df319a6c708e150a88e21	1	3125	1	1	0	false	false	0	0	true	NA
1621	1183	+	10909	20635	22	156cfa8bcdc5b10804874531551cdb689fcc827a61e610d1684eee9cc88ff60f	1	2125	1	1	0	true	false	0	0	true	0.00000000000000
1621	1183	-	10909	437	13	bd5fd2429e4d5beef807f2f45ce583e98ce73b4277a2d8397ada49799636427f	1	5	1	1	0	false	false	0	0	true	NA
1621	1417	+	11143	20869	18	9915d81db25d05a37253f4a611953bf9f2b87c5dc135a3038a9aa493c655a917	1	125	1	1	0	true	false	0	0	true	0.00000000000000
1621	1417	-	11143	203	24	df362bc892ed3f0812e0bbbc77b2d17cede9f543d5a4863a6633581cffc8c160	1	9125	73	73	1	false	false	0	0	true	NA
1637	347	+	10169	19991	23	4a500753c1adaf4c01cfb782a34ed1ece0bc46e08d5c52ecdad1d86ee069c862	1	3125	1	1	0	true	false	0	0	true	0.00000000000000
1637	347	-	10169	1289	13	b00927e1b99b0b33f5526a6ae690330a5da3a25bad58f28dcb142840444ece8e	1	5	1	1	0	false	false	0	0	true	NA
1637	1289	+	11111	20933	23	4a500753c1adaf4c01cfb782a34ed1ece0bc46e08d5c52ecdad1d86ee069c862	1	3125	1	1	0	true	false	0	0	true	0.00000000000000
1637	1289	-	11111	347	16	906f941d685b6c33d4519d02e2187a65c94c44c01c03329e814716f5ee88ebc9	1	25	1	1	0	false	false	0	0	true	NA
1657	586	+	10528	20470	20	4c33043898fdefcde256e0b6c3aa097d8edb8553337b56c6c4cf01aed2461217	1	625	1	1	0	true	false	0	0	true	0.00000000000000
1657	586	-	10528	1070	16	f00833b41d1e2dadf9a72539f27ddc94e7879936b80e627066bb2d50dfa00e3a	1	25	1	1	0	false	false	0	0	true	NA
1657	1070	+	11012	20954	24	56d159f87d4694575bd7ab6e35ededd479754b860939bc58e42cabcf2fd7f95d	1	7375	59	59	1	true	false	0	0	true	0.276835590567402
1657	1070	-	11012	586	30	2662d5b79a6e879682bd6226f88d69555d28f2fa5e6a0466ee361a5f7b95fd9e	1	538375	4307	59*73	2	false	false	0	0	true	NA
1669	483	+	10497	20511	22	3f84f83bb95be0ef49472ce5fd3cd12559099922013078ea10b811487bc4abd8	1	2375	19	19	1	true	false	0	0	true	0.201108403421023
1669	483	-	10497	1185	14	a4b18acdc2103cf2e2a7e40edc9fc2786edcab969edac593aaca474c2818c0b9	1	5	1	1	0	false	false	0	0	true	NA
1669	1185	+	11199	21213	18	a15787070d3d4fe74b9ffe1a04361a52b2d9140a705dd4e2c412ae6b58fe56f9	1	155	31	31	1	true	false	0	0	true	0.232705924363646
1669	1185	-	11199	483	18	397ac74f656e45176ecf444ce6f6b8705dac7c448a78560cd5ca065540441388	1	95	19	19	1	false	false	0	0	true	NA
1709	567	+	10821	21075	21	4aab632a1ae1e4793c059d2e9ea6379ab325a4deb431f60aaddcea8be8c84e81	1	625	1	1	0	true	false	0	0	true	0.00000000000000
1709	567	-	10821	1141	22	f185306a36c0e8f104a6dd2eb16a808086dd0c0a958cc3000038c446be8031e6	1	2125	17	17	1	false	false	0	0	true	NA
1709	710	+	10964	21218	18	5e5797769bbc66921da7564ae6708a847f557845c216d0134675c2edc3c61c00	1	125	1	1	0	true	false	0	0	true	0.00000000000000
1709	710	-	10964	998	20	f700e7669f977d3684483dc79246ad78664ed66b2ee9adee643cd5b749b8ff27	1	425	17	17	1	false	false	0	0	true	NA
1709	998	+	11252	21506	22	9461cb3e37aba5d1ccce4b0d2400a75d8113bb5b9b24344e0cfe7bc5c754eb5c	1	1825	73	73	1	true	false	0	0	true	0.290548930767871
1709	998	-	11252	710	16	efdfcbb7befd637974d5b0c5ed1e0ae2bc3562f5eb37240cd97e79057e04eb84	1	25	1	1	0	false	false	0	0	true	NA
1709	1141	+	11395	21649	22	7a77989de63d11aed0341d69822dbff742757d7a6d264acf3510c633af195802	1	2375	19	19	1	true	false	0	0	true	0.198931896885083
1709	1141	-	11395	567	22	7a77989de63d11aed0341d69822dbff742757d7a6d264acf3510c633af195802	1	2375	19	19	1	false	false	0	0	true	NA
1723	542	+	10880	21218	16	2e99785c3dcc809654575845fece3c87b68e17a51db56787bcfb076277ea6d69	1	25	1	1	0	true	false	0	0	true	0.00000000000000
1723	542	-	10880	1180	16	2e99785c3dcc809654575845fece3c87b68e17a51db56787bcfb076277ea6d69	1	25	1	1	0	false	false	0	0	true	NA
1723	1180	+	11518	21856	21	bc59aeee293db1ac1ef3102ee509e0ed5031672e0de6566b75e1657fc0036e3f	1	625	1	1	0	true	false	0	0	true	0.00000000000000
1723	1180	-	11518	542	16	2e99785c3dcc809654575845fece3c87b68e17a51db56787bcfb076277ea6d69	1	25	1	1	0	false	false	0	0	true	NA
1741	43	+	10489	20935	18	3a211b9cdd9a9df15827c116d2b1e03e8f5047b3a3e543f92bbf8fdd0624f305	1	125	1	1	0	true	false	0	0	true	0.00000000000000
1741	43	-	10489	1697	16	5ec194339a63e2abef85516680f3f9cb6ad177d8c21cf10547e1d10362300705	1	25	1	1	0	true	true	0	0	true	0.00000000000000
1741	1697	+	12143	22589	24	dc8481be971f95fbd2a71ecd403c8cd052e988627e249ab849d203abc59db345	1	7625	61	61	1	false	false	0	0	true	NA
1741	1697	-	12143	43	18	3a211b9cdd9a9df15827c116d2b1e03e8f5047b3a3e543f92bbf8fdd0624f305	1	125	1	1	0	false	false	0	0	true	NA
1759	490	+	11044	21598	33	b2d971dd4b348cfe19fc57718332762a2e31aae531012573a6d5bb4fa22d1157	1	3003125	961	31^2	1	true	false	0	0	true	0.466286276377615
1759	490	-	11044	1268	16	c183c11abb866c9c166872142dff5487684ca6ea855fe4d1a1d9de18dc262397	1	25	1	1	0	false	false	0	0	true	NA
1759	1268	+	11822	22376	16	c183c11abb866c9c166872142dff5487684ca6ea855fe4d1a1d9de18dc262397	1	25	1	1	0	true	false	0	0	true	0.00000000000000
1759	1268	-	11822	490	16	c183c11abb866c9c166872142dff5487684ca6ea855fe4d1a1d9de18dc262397	1	25	1	1	0	false	false	0	0	true	NA
1823	49	+	10987	21925	14	ee16080f79b1b45e787d8eeb71c41ba9ba7997f6f6b7039c4745caf94dcf5742	1	5	1	1	0	true	false	0	0	true	0.00000000000000
1823	49	-	10987	1773	14	ee16080f79b1b45e787d8eeb71c41ba9ba7997f6f6b7039c4745caf94dcf5742	1	5	1	1	0	true	true	0	0	true	0.00000000000000
1823	1773	+	12711	23649	20	1d81969b6d534b5d4c1a781a57e6bdd5c3f474594ac82bbb095bfd32c0c8a52e	1	365	73	73	1	false	false	0	0	true	NA
1823	1773	-	12711	49	14	ee16080f79b1b45e787d8eeb71c41ba9ba7997f6f6b7039c4745caf94dcf5742	1	5	1	1	0	false	false	0	0	true	NA
1831	708	+	11694	22680	23	20ddb4745154b430dee317b90f20fe05f789a50fdc32eeb721206ab1bb84073d	1	3125	1	1	0	true	false	0	0	true	0.00000000000000
1831	708	-	11694	1122	16	5d97dd6d36bce25d7dcca1daa637610ed25899924d971941620be20f5fd8032a	1	25	1	1	0	false	false	0	0	true	NA
1831	913	+	11899	22885	14	c93d91910a1305a777a839003a31fdc3c4c9cbce4bb9182bf9f31d76a874eb33	1	5	1	1	0	true	false	0	0	true	0.00000000000000
1831	913	-	11899	917	14	c93d91910a1305a777a839003a31fdc3c4c9cbce4bb9182bf9f31d76a874eb33	1	5	1	1	0	false	false	0	0	true	NA
1831	917	+	11903	22889	22	02f4fdad24981ae48f41f350eda93fbbcbdd5b13b88b58f6d56eefe756965f16	1	2125	1	1	0	true	false	0	0	true	0.00000000000000
1831	917	-	11903	913	26	42173aca4c3d3d61739cc1bb96691ef7189857dd4d972e59343f4061ea4cbaaf	1	36125	289	17^2	1	false	false	0	0	true	NA
1831	1122	+	12108	23094	21	378a09cab535445d490c5a73cec43bbcdb6903138b979c1142c47a09e935ae70	1	625	1	1	0	true	false	0	0	true	0.00000000000000
1831	1122	-	12108	708	21	378a09cab535445d490c5a73cec43bbcdb6903138b979c1142c47a09e935ae70	1	625	1	1	0	false	false	0	0	true	NA
1847	65	+	11147	22229	14	25f480dfd26dcbfb23dc7f4d5d5697f0bc1d108134f7eaeb51895b93beb7a159	1	5	1	1	0	true	false	0	0	true	0.00000000000000
1847	65	-	11147	1781	14	25f480dfd26dcbfb23dc7f4d5d5697f0bc1d108134f7eaeb51895b93beb7a159	1	5	1	1	0	true	true	0	0	true	0.00000000000000
1847	692	+	11774	22856	16	cd36b7f6adcc89e07fdd6e3c6aa5c3681cdbd2413bdea3d5539ed40c0be0299d	1	25	1	1	0	true	false	0	0	true	0.00000000000000
1847	692	-	11774	1154	16	cd36b7f6adcc89e07fdd6e3c6aa5c3681cdbd2413bdea3d5539ed40c0be0299d	1	25	1	1	0	false	false	0	0	true	NA
1847	1154	+	12236	23318	23	41ae370364d7f231ceba697b701dd67174a06a66190525014a136ebde0569aa8	1	3875	31	31	1	true	false	0	0	true	0.229880080167379
1847	1154	-	12236	692	23	41ae370364d7f231ceba697b701dd67174a06a66190525014a136ebde0569aa8	1	3875	31	31	1	false	false	0	0	true	NA
1847	1781	+	12863	23945	24	c8ddbac70c0e5ed330458313c7637e4131e7685c33daafad849edab47e344f6d	1	5125	41	41	1	false	false	0	0	true	NA
1847	1781	-	12863	65	16	cd36b7f6adcc89e07fdd6e3c6aa5c3681cdbd2413bdea3d5539ed40c0be0299d	1	25	1	1	0	false	false	0	0	true	NA
1867	508	+	11710	22912	25	e4edc3e01e869e43304887977b464899240921b0ee67e88655fe36009cca685b	1	11875	19	19	1	true	false	0	0	true	0.198031815944579
1867	508	-	11710	1358	16	54d97a73d9bb13283ff7ce74d696d36f03479070ccfc4586c19daec234feca6d	1	25	1	1	0	false	false	0	0	true	NA
1867	1358	+	12560	23762	17	775793ac6d26113f742e053d284a0d2d4caa3cca778364b28839652502246b45	1	37	37	37	1	true	false	0	0	true	0.240853189758001
1867	1358	-	12560	508	18	2f5365f8ca8eafbae4564723817c7276baaa461dcf576ae26ee7928bc3479e19	1	73	73	73	1	false	false	0	0	true	NA
1873	128	+	11366	22604	22	354bb566616a7a796b38f4b8095d7ab359f4c211f8f0c35caeb4d1948a015d43	1	1375	11	11	1	true	false	0	0	true	0.162140611805924
1873	128	-	11366	1744	18	3c7ee9ddc6bc044c507e12a1c467da60cc3e581a2733901173ea2860c1160259	1	125	1	1	0	true	false	0	0	true	0.00000000000000
1873	802	+	12040	23278	24	a53555c3ff5adb053843df7778a792920a56dd68490a879c283343af1a17129e	1	6875	11	11	1	true	false	0	0	true	0.160918295597193
1873	802	-	12040	1070	16	3e3e1ace99e99fd2dafe84faa62b606349990d9cab070170d4eae903d49a2568	1	25	1	1	0	false	false	0	0	true	NA
1873	1070	+	12308	23546	23	5d2c828af117e3be67e68e634564ee720b37cb19dd75ebc3d616c261f01dcc4d	1	3125	1	1	0	true	false	0	0	true	0.00000000000000
1873	1070	-	12308	802	16	3e3e1ace99e99fd2dafe84faa62b606349990d9cab070170d4eae903d49a2568	1	25	1	1	0	false	false	0	0	true	NA
1873	1744	+	12982	24220	21	9cb5785a409fdd5bcd27d0c7cbe36b3a4835eb9edbca15641fe868dd4d4cb7a6	1	925	37	37	1	true	false	0	0	true	0.239804796016250
1873	1744	-	12982	128	21	9cb5785a409fdd5bcd27d0c7cbe36b3a4835eb9edbca15641fe868dd4d4cb7a6	1	925	37	37	1	false	false	0	0	true	NA
1907	511	+	11953	23395	14	8d381bc2dd6f7cdbffb1d53a86433e1397f48a4457d7c0dec4f587984fbdcdcc	1	5	1	1	0	true	false	0	0	true	0.00000000000000
1907	511	-	11953	1395	18	3856abba02bca53dc8c1a83cc02fee4de6e53986696c39eb8b1f5c1c100af704	1	125	1	1	0	false	false	0	0	true	NA
1907	1395	+	12837	24279	20	2575d33af369aeffc2575ddf451a592e62079115884bca2d739254660902afb0	1	475	19	19	1	true	false	0	0	true	0.195739562329237
1907	1395	-	12837	511	16	d4352d35ae41137c6d08e4423e6186e713f34fe8ff2e5d58959da1b5687eb4f6	1	25	1	1	0	false	false	0	0	true	NA
1931	692	+	12278	23864	22	0d6eada8e5b9add7f6d41ade4465220aef944a4de1b779e5e8ffaf8b61628535	1	1375	11	11	1	true	false	0	0	true	0.160447978174312
1931	692	-	12278	1238	27	440d8ac195da9bd96d07de6aae5e0ae46f40b74ec0b256557408dc1a8c02bbaa	1	45625	73	73	1	false	false	0	0	true	NA
1931	1238	+	12824	24410	11	52cbb6d773fd07d5bf2b1045140e193d7213ab716dd96c7dd150251539f579b0	1	1	1	1	0	true	false	0	0	true	0.00000000000000
1931	1238	-	12824	692	11	52cbb6d773fd07d5bf2b1045140e193d7213ab716dd96c7dd150251539f579b0	1	1	1	1	0	false	false	0	0	true	NA
1933	621	+	12219	23817	21	acc2fc4756ddcabaa93a2b8e6e22076429d700984959af45ae082948b6385f5c	1	625	1	1	0	true	false	0	0	true	0.00000000000000
1933	621	-	12219	1311	22	f3cf9da1369b757a324bf869e6a8c704a8a76701fcbc143663084feacdc9d3ce	1	1825	73	73	1	false	false	0	0	true	NA
1933	1311	+	12909	24507	23	70ffffc9992ede11a128a446c0dceca7b4c7c79c0ea1b01162c32dcbdd29cae3	1	2375	19	19	1	true	false	0	0	true	0.195739562329237
1933	1311	-	12909	621	14	f47c4e4eb3ea2cf5a8fa63cad77be9fe5a46d3253a418c34a061d58048ca968f	1	5	1	1	0	false	false	0	0	true	NA
1949	816	+	12510	24204	16	ad77a3af5fc4f0fed666d0c804ecb962dfa21ca679f6b0845445a340c1f53376	1	19	19	19	1	true	false	0	0	true	0.196573439032013
1949	816	-	12510	1132	11	8efa80d71485a393a62297f0467f55bfac48ccfbfbdd1c296e776de66b8bf702	1	1	1	1	0	false	false	0	0	true	NA
1949	1132	+	12826	24520	20	1f9b71550950c3708f9969377d6e84960f70b38a6e98c5bb81f3e9c6dad01f86	1	475	19	19	1	true	false	0	0	true	0.195739562329237
1949	1132	-	12826	816	18	538b65d79c11db11857a1cab4d94b9e2132b062ac78e75dc2817ec9fd87941da	1	125	1	1	0	false	false	0	0	true	NA
1951	423	+	12129	23835	14	c22c37e5b9979fc61fbbbde40bf1062d5b3bc3fa566781d73949ab6fe87ca0df	1	5	1	1	0	true	false	0	0	true	0.00000000000000
1951	423	-	12129	1527	19	b584a1329aafe640f746ddb221a4ad27bd67b63ecf0e975645d06b4b7f3135a8	1	155	31	31	1	false	false	0	0	true	NA
1951	1527	+	13233	24939	14	c22c37e5b9979fc61fbbbde40bf1062d5b3bc3fa566781d73949ab6fe87ca0df	1	5	1	1	0	true	false	0	0	true	0.00000000000000
1951	1527	-	13233	423	18	94704d6d1a44dc5e1bd05133bbc621feead1f138b239df4ac317327383aace68	1	125	1	1	0	false	false	0	0	true	NA
1973	63	+	11901	23739	20	fe6b6e3c12a5fe2b79e72f0cfe313b2648c1b2d2b48cf485389358c4ac057881	1	485	97	97	1	true	false	0	0	true	0.307288935479458
1973	63	-	11901	1909	18	e85fb14cb9b678f286b34926642bbf56661e7a83803ef78273551951c7978967	1	125	1	1	0	true	true	0	0	true	0.00000000000000
1973	407	+	12245	24083	14	943702e877981dc2c825d37302bafdae9b2fee47b143072030587976366bb643	1	5	1	1	0	true	false	0	0	true	0.00000000000000
1973	407	-	12245	1565	14	943702e877981dc2c825d37302bafdae9b2fee47b143072030587976366bb643	1	5	1	1	0	false	false	0	0	true	NA
1973	1565	+	13403	25241	21	fae7763f7d685ffcdea125e2b9ec959885d9c3e73ac2006f836fb4e20b71124b	1	625	1	1	0	true	false	0	0	true	0.00000000000000
1973	1565	-	13403	407	23	aec86b62514912eeafe4202c42fc5a499bc931229b2dc8b1f7b4b1a92875081e	1	2375	19	19	1	false	false	0	0	true	NA
1973	1909	+	13747	25585	18	46b9ee146a420543520c6c6741c6fbf58c8dd02aaaa4ecf87701e1d43075943e	1	85	1	1	0	false	false	0	0	true	NA
1973	1909	-	13747	63	18	46b9ee146a420543520c6c6741c6fbf58c8dd02aaaa4ecf87701e1d43075943e	1	85	17	17	1	false	false	0	0	true	NA
2011	414	+	12480	24546	20	651a0ade4ee2fa9ede5c2a58d52442770fa852b108a79db7c3d99f36fe04700a	1	475	19	19	1	true	false	0	0	true	0.196661653976386
2011	414	-	12480	1596	20	651a0ade4ee2fa9ede5c2a58d52442770fa852b108a79db7c3d99f36fe04700a	1	475	19	19	1	false	false	0	0	true	NA
2011	619	+	12685	24751	14	ebb1a855bcb78973424622efd1f133fcbbc2af9db59e7d74d6eae75af1fcf7be	1	5	1	1	0	true	false	0	0	true	0.00000000000000
2011	619	-	12685	1391	21	cb520f7610d5e09e8e4aa18c3b29011fec430000244ab49616ec73d01b97116c	1	935	187	11*17	2	false	false	0	0	true	NA
2011	1391	+	13457	25523	18	3ebd210630077747285ccaeb8172d9a39f8836b844a90d7a93d764a4744e4c65	1	125	1	1	0	true	false	0	0	true	0.00000000000000
2011	1391	-	13457	619	14	ebb1a855bcb78973424622efd1f133fcbbc2af9db59e7d74d6eae75af1fcf7be	1	5	1	1	0	false	false	0	0	true	NA
2011	1596	+	13662	25728	16	37bc000e592be0309885a41640826ab953fca07fbc24ef8945f169e09cb1f718	1	25	1	1	0	true	false	0	0	true	0.00000000000000
2011	1596	-	13662	414	16	37bc000e592be0309885a41640826ab953fca07fbc24ef8945f169e09cb1f718	1	25	1	1	0	false	false	0	0	true	NA
2069	717	+	13131	25545	18	8c872acf4ca883e855727abcdefb55d72045ea90d4b12a958ec1947b38eca78e	1	125	1	1	0	true	false	0	0	true	0.00000000000000
2069	717	-	13131	1351	14	3cbdc19488b91ca03d227fbb3909458ea150636913be05b783e5e0193aedb9d6	1	5	1	1	0	false	false	0	0	true	NA
2069	1351	+	13765	26179	14	3cbdc19488b91ca03d227fbb3909458ea150636913be05b783e5e0193aedb9d6	1	5	1	1	0	true	false	0	0	true	0.00000000000000
2069	1351	-	13765	717	18	5309db17c9aa3e2eb647ab621ce07aeae2454ed76bb3eaacef9372bfa329226d	1	85	17	17	1	false	false	0	0	true	NA
2083	543	+	13041	25539	18	c49378809e39c87eb97d0a087411f28b32b19d1d9d708ee5a347574157662e5c	1	125	1	1	0	true	false	0	0	true	0.00000000000000
2083	543	-	13041	1539	16	d60382bbdc5b88960582c5eda76a0f9e2f16a164b2fc7e8bd49f7a9ac284799c	1	25	1	1	0	false	false	0	0	true	NA
2083	1539	+	14037	26535	16	d60382bbdc5b88960582c5eda76a0f9e2f16a164b2fc7e8bd49f7a9ac284799c	1	25	1	1	0	true	false	0	0	true	0.00000000000000
2083	1539	-	14037	543	16	d60382bbdc5b88960582c5eda76a0f9e2f16a164b2fc7e8bd49f7a9ac284799c	1	25	1	1	0	false	false	0	0	true	NA
2087	79	+	12601	25123	14	84c977be45427337b0b1aae7bb5e5fff59bb722b2944d9a65f4a5ac3fbe0ac7a	1	5	1	1	0	true	false	0	0	true	0.00000000000000
2087	79	-	12601	2007	17	05b0668dcb91f17bdb3b51350b8a264be9bd7ba1a33c98db3fc4b2d1a32b0e6b	1	55	11	11	1	true	true	0	0	true	0.159942911783390
2087	2007	+	14529	27051	18	2fa2c570441a84bbf6dfc15fb3e8d81b86f90cbabe2cb3ba64be1ecc1530161b	1	125	1	1	0	false	false	0	0	true	NA
2087	2007	-	14529	79	14	84c977be45427337b0b1aae7bb5e5fff59bb722b2944d9a65f4a5ac3fbe0ac7a	1	5	1	1	0	false	false	0	0	true	NA
2137	316	+	13138	25960	19	c68045c3d25bb2cdb5da80c28d558136bd3cd05c319d035ffab435c202998d3a	1	125	1	1	0	true	false	0	0	true	0.00000000000000
2137	316	-	13138	1820	12	88fa2846745a9806d2564381e05ecf28070a29b8209fa6dbc9fbc041cef2e86e	1	1	1	1	0	false	false	0	0	true	NA
2137	324	+	13146	25968	16	8a685555c7c1f079a57a23bdcdee7a5cb59d457bb045ec176f5402c4e43058da	1	25	1	1	0	true	false	0	0	true	0.00000000000000
2137	324	-	13146	1812	12	88fa2846745a9806d2564381e05ecf28070a29b8209fa6dbc9fbc041cef2e86e	1	1	1	1	0	false	false	0	0	true	NA
2137	1812	+	14634	27456	16	8a685555c7c1f079a57a23bdcdee7a5cb59d457bb045ec176f5402c4e43058da	1	25	1	1	0	true	false	0	0	true	0.00000000000000
2137	1812	-	14634	324	12	88fa2846745a9806d2564381e05ecf28070a29b8209fa6dbc9fbc041cef2e86e	1	1	1	1	0	false	false	0	0	true	NA
2137	1820	+	14642	27464	16	8a685555c7c1f079a57a23bdcdee7a5cb59d457bb045ec176f5402c4e43058da	1	25	1	1	0	true	false	0	0	true	0.00000000000000
2137	1820	-	14642	316	16	8a685555c7c1f079a57a23bdcdee7a5cb59d457bb045ec176f5402c4e43058da	1	25	1	1	0	false	false	0	0	true	NA
2179	532	+	13606	26680	21	f6fcc1ab02d175383b86883a2a53833e3ad6f3d6d0015f96c8db75ce705af517	1	625	1	1	0	true	false	0	0	true	0.00000000000000
2179	532	-	13606	1646	19	c274dd68334a6492d0dbf800b9b25b39389586cc8e51671b8a0c597a1e5d6749	1	125	1	1	0	false	false	0	0	true	NA
2179	1646	+	14720	27794	19	c274dd68334a6492d0dbf800b9b25b39389586cc8e51671b8a0c597a1e5d6749	1	125	1	1	0	true	false	0	0	true	0.00000000000000
2179	1646	-	14720	532	16	4283f3f1f171f5f9365f3903bbce428a0a83007fa9a3ccede13ab9c077b75929	1	25	1	1	0	false	false	0	0	true	NA
2237	23	+	13445	26867	14	0fa8bc8f66c1a580b203e94a2348d5b267bcd3f613d623f767c5de5431d0bc35	1	5	1	1	0	true	false	0	0	true	0.00000000000000
2237	23	-	13445	2213	14	0fa8bc8f66c1a580b203e94a2348d5b267bcd3f613d623f767c5de5431d0bc35	1	5	1	1	0	true	true	0	0	true	0.00000000000000
2237	492	+	13914	27336	19	2934d17c9bc39398c0f4a37d4949cf3ca01c3f230fd9ad67f48fde6399e29b36	1	125	1	1	0	true	false	0	0	true	0.00000000000000
2237	492	-	13914	1744	19	2934d17c9bc39398c0f4a37d4949cf3ca01c3f230fd9ad67f48fde6399e29b36	1	125	1	1	0	false	false	0	0	true	NA
2237	1744	+	15166	28588	25	b5d9f5b66375078994a0cf62548a6705914be0ca13599a3fa48eb211023d940a	1	10625	1	1	0	true	false	0	0	true	0.00000000000000
2237	1744	-	15166	492	22	b5afbb26d6e8265c564dc9d8c46a4e6013a467bf7bfe5174946afb108bfed20f	1	1525	61	61	1	false	false	0	0	true	NA
2237	2213	+	15635	29057	14	0fa8bc8f66c1a580b203e94a2348d5b267bcd3f613d623f767c5de5431d0bc35	1	5	1	1	0	false	false	0	0	true	NA
2237	2213	-	15635	23	14	0fa8bc8f66c1a580b203e94a2348d5b267bcd3f613d623f767c5de5431d0bc35	1	5	1	1	0	false	false	0	0	true	NA
2269	173	+	13787	27401	18	bfd0d21326fbe09c70a0db547e78b3fb0a49b165e43ceeead6e812884ad12bee	1	85	1	1	0	true	false	0	0	true	0.00000000000000
2269	173	-	13787	2095	14	a9d1c7bf8af63402641b36faefce8bb517b6ef923998a39c48cab50b376cce31	1	5	1	1	0	true	false	0	0	true	0.00000000000000
2269	719	+	14333	27947	19	292d449c00712502802629e9f8c3e8b7edf105ad57ef8cc94945a68078a778cf	1	125	1	1	0	true	false	0	0	true	0.00000000000000
2269	719	-	14333	1549	16	f2bf37cd174a0657aa7b28c4bbd331da50e63ebedb4f4e30c028d89a5d440b0b	1	25	1	1	0	false	false	0	0	true	NA
2269	1549	+	15163	28777	23	a0f91c04ef69b06b3ef0185b2ccac73ade1308e3f11ead51358f29a78829b538	1	2125	1	1	0	true	false	0	0	true	0.00000000000000
2269	1549	-	15163	719	22	2913f65c2cbbb5be478e7002366ce1a4b6e403af121d5f2fea08aa8083e06f4d	1	1375	11	11	1	false	false	0	0	true	NA
2269	2095	+	15709	29323	24	cfb92d9c92e5adb1eb66db871306456297a64b4eac92d27deab12e9735716e72	1	4625	37	37	1	true	false	0	0	true	0.233894103808731
2269	2095	-	15709	173	29	9116bf117063cb0b7dd5c85bfb049f8b12698718d00b6b1039612edb69af2787	1	155125	1241	17*73	2	false	false	0	0	true	NA
2293	691	+	14449	28207	14	9b54faf4cfd88659bce5b4f4cf8e143157aaf7bf67b47d025352d6deebb42482	1	5	1	1	0	true	false	0	0	true	0.00000000000000
2293	691	-	14449	1601	14	9b54faf4cfd88659bce5b4f4cf8e143157aaf7bf67b47d025352d6deebb42482	1	5	1	1	0	false	false	0	0	true	NA
2293	1081	+	14839	28597	27	10ccea1657ebf12ca6e90416de058cbb3751505582f5250e4a27a999e2681457	1	36125	1	1	0	true	false	0	0	true	0.00000000000000
2293	1081	-	14839	1211	23	0add3905e9e4c682ed2eb6afc430682dcda306cd4df631c7492e3b23a558245f	1	2125	17	17	1	false	false	0	0	true	NA
2293	1211	+	14969	28727	18	635e64f19de63d413bf1ae93a626e948e9bc0e9e11edd4c8c129fe56c22f051f	1	95	19	19	1	true	false	0	0	true	0.191969495245395
2293	1211	-	14969	1081	27	10ccea1657ebf12ca6e90416de058cbb3751505582f5250e4a27a999e2681457	1	36125	289	17^2	1	false	false	0	0	true	NA
2293	1601	+	15359	29117	18	decebcd8ae7182d919f4403900b378746a586064d3c0cc27e82c7b65d2b258af	1	85	1	1	0	true	false	0	0	true	0.00000000000000
2293	1601	-	15359	691	17	c8077f078e72578b4ebe35da4f4852f2eaceb0fcb4d796921fd68563d99cc56c	1	55	11	11	1	false	false	0	0	true	NA
2297	431	+	14213	27995	23	46dce4fa4cc83d7dfa964926d328af683a6138cc563f8dee4bc39a7c52a7f1be	1	2125	1	1	0	true	false	0	0	true	0.00000000000000
2297	431	-	14213	1865	14	5f45bc253103b6ef4fde8cdd8a90a27c34594d3632fac68e65a05c928276c7f5	1	5	1	1	0	false	false	0	0	true	NA
2297	1865	+	15647	29429	14	5f45bc253103b6ef4fde8cdd8a90a27c34594d3632fac68e65a05c928276c7f5	1	5	1	1	0	true	false	0	0	true	0.00000000000000
2297	1865	-	15647	431	20	619eabc45e5a768088ee64da4a3ad4d4e6b38fedb608f7889856bb06f79e6f67	1	305	61	61	1	false	false	0	0	true	NA
2333	1138	+	15136	29134	29	f7aa531dc66980a782886ed5fff3f51bbc76221ffc24b998a26f942331b15600	1	180625	1	1	0	true	false	0	0	true	0.00000000000000
2333	1138	-	15136	1194	21	9a45ea8ddc70bbe7e1037b5ca330e03ca2b970f8c21bf972fdfab92840cdcf1d	1	625	1	1	0	false	false	0	0	true	NA
2333	1194	+	15192	29190	19	67d68e2d0673308171d534c6d670b537a01e70fe45a0c200089e69fb609c0fbe	1	125	1	1	0	true	false	0	0	true	0.00000000000000
2333	1194	-	15192	1138	27	48f161f5ef384e1023b9a42fe5b066143dc50c4ecf1b04ec8b785d467f941a26	1	36125	289	17^2	1	false	false	0	0	true	NA
2341	121	+	14167	28213	21	c7fec5b0cb2d5ec5039ff1260b2f69e0dd13e116d1fb960211022b4bc12333e4	1	625	1	1	0	true	false	0	0	true	0.00000000000000
2341	121	-	14167	2219	21	c7fec5b0cb2d5ec5039ff1260b2f69e0dd13e116d1fb960211022b4bc12333e4	1	625	1	1	0	true	true	0	0	true	0.00000000000000
2341	438	+	14484	28530	16	c198b57c8573573a51469798d51751e750f56611d6313fb7205743fa7b9463da	1	25	1	1	0	true	false	0	0	true	0.00000000000000
2341	438	-	14484	1902	16	c198b57c8573573a51469798d51751e750f56611d6313fb7205743fa7b9463da	1	25	1	1	0	false	false	0	0	true	NA
2341	1902	+	15948	29994	20	1769237a2419e9b0408359d29af8b80d9cfc94c2d28dd1d498253b41b28d602f	1	425	1	1	0	true	false	0	0	true	0.00000000000000
2341	1902	-	15948	438	20	1769237a2419e9b0408359d29af8b80d9cfc94c2d28dd1d498253b41b28d602f	1	425	17	17	1	false	false	0	0	true	NA
2341	2219	+	16265	30311	19	e7b68739102fae6c7991d480055bab65f602b2a934ac74d20e06b07c517467fa	1	125	1	1	0	false	false	0	0	true	NA
2341	2219	-	16265	121	14	6085b31093fbbed2ce1b34d3fc8637f72b966259dfabf0ad9307c69d89d109f4	1	5	1	1	0	false	false	0	0	true	NA
2371	928	+	15154	29380	16	e7518a0ef4f095912ade3c6003e74d108a7024928f85db73508828ccae31e908	1	25	1	1	0	true	false	0	0	true	0.00000000000000
2371	928	-	15154	1442	16	e7518a0ef4f095912ade3c6003e74d108a7024928f85db73508828ccae31e908	1	25	1	1	0	false	false	0	0	true	NA
2371	1442	+	15668	29894	33	850e6fb6dff3ee8f90774b74deed1cd36d37abdef251be63474029d020e25026	1	2734325	109373	11*61*163	3	true	false	0	0	true	0.752063994165185
2371	1442	-	15668	928	29	8d63b091539779e587d6381d0faa5f213549b9a831738871edb346be523b09ae	1	122825	4913	17^3	1	false	false	0	0	true	NA
2377	192	+	14454	28716	16	01f20f58246be540fae32251ed43471bdfc7503f28d94c5d279ec89c846e1814	1	25	1	1	0	true	false	0	0	true	0.00000000000000
2377	192	-	14454	2184	21	3850effd8649744e258e300079f61f8266a41f2bb50ac6d8277e8602076e6e04	1	775	31	31	1	true	false	0	0	true	0.224889840209001
2377	2184	+	16446	30708	21	96bb17b6c365649c1db1791f16b017397b944d2535a9f7a9df40c582ed8ccc20	1	625	1	1	0	true	false	0	0	true	0.00000000000000
2377	2184	-	16446	192	23	9d1fc52105afed2a5e48103d035681a4cb16baac88d087c922f7a75e8a092ee3	1	2375	19	19	1	false	false	0	0	true	NA
2381	549	+	14835	29121	23	5c741859e4f7ebe0111b9bcc1e932b97bca8ad3c4d619b2f7185f65d7b9b6c66	1	2125	1	1	0	true	false	0	0	true	0.00000000000000
2381	549	-	14835	1831	19	80fd2bf440f3264c2a04c5bb413def2c6745b58af0c7a59b589e93c086fa6e67	1	125	1	1	0	false	false	0	0	true	NA
2381	1831	+	16117	30403	27	f029c17724f23b98317bfcb55c43508ee3429d79d54d9dc8e84285e4b2c0cb7d	1	36125	1	1	0	true	false	0	0	true	0.00000000000000
2381	1831	-	16117	549	14	72a856bd78c6f950a68fbab5b1368b10b2bf67c92b550da8ef4bc861496dc570	1	5	1	1	0	false	false	0	0	true	NA
2383	545	+	14843	29141	27	c3d858ffc1aecacf9864b53f38b205ead741fe41980455aca73fada303fdad88	1	53125	1	1	0	true	false	0	0	true	0.00000000000000
2383	545	-	14843	1837	14	6f5bdc62ca25587beb7ab29faf4dac006290aa78db0f9d33decd4b4889a89f04	1	5	1	1	0	false	false	0	0	true	NA
2383	1837	+	16135	30433	22	9c01afa030578d49d5a91ee2dad34ffd54208278d8bf890d71277d0d024ced54	1	1445	1	1	0	true	false	0	0	true	0.00000000000000
2383	1837	-	16135	545	14	6f5bdc62ca25587beb7ab29faf4dac006290aa78db0f9d33decd4b4889a89f04	1	5	1	1	0	false	false	0	0	true	NA
2399	716	+	15110	29504	18	ee1f5394c7de2b27fcf0d13607e1d03956b9d8c2e69525b12c364767b4ebad67	1	61	61	61	1	true	false	0	0	true	0.267693353558071
2399	716	-	15110	1682	21	ac827f44a5dcee9164aeb9aabf7f954c525a67a688c34f95ee156cecb3da4da1	1	527	527	17*31	2	false	false	0	0	true	NA
2399	1682	+	16076	30470	29	50e0d0be0efc49d8e20cb261dcf32a29d6ddf4cb087a062e8b25a225d2043eec	1	201875	19	19	1	true	false	0	0	true	0.190224985173409
2399	1682	-	16076	716	24	1e269041b219295a1b57719ea7a4738718642fd8dd16c6a393bf977454ee1a2c	1	6875	11	11	1	false	false	0	0	true	NA
2411	1000	+	15466	29932	25	9032b267c2cb762e81e12ae6e69b54e70e8fe4b1d430e4039bce7bcedfee1900	1	9125	73	73	1	true	false	0	0	true	0.278525144020573
2411	1000	-	15466	1410	19	a7d9faff146fecad746351fbc3d13d5229566e53b7d66a2390737d544ed281f9	1	125	1	1	0	false	false	0	0	true	NA
2411	1011	+	15477	29943	14	cde343564910fd9fa07b1ad6f75997c54986d783bd4ab095ad8ed140fd07e243	1	5	1	1	0	true	false	0	0	true	0.00000000000000
2411	1011	-	15477	1399	14	cde343564910fd9fa07b1ad6f75997c54986d783bd4ab095ad8ed140fd07e243	1	5	1	1	0	false	false	0	0	true	NA
2411	1399	+	15865	30331	23	ec03d0202e16d91aa8f50971970988ca65a2317fd954e817c6eb6a9665226242	1	2125	1	1	0	true	false	0	0	true	0.00000000000000
2411	1399	-	15865	1011	27	1365bd57f2fa917f82957f30c9af428bf1a59129ae124a82e22e660b6578a981	1	36125	289	17^2	1	false	false	0	0	true	NA
2411	1410	+	15876	30342	16	32efae1ce69e7b13b93742c22db4aac9cf400785dbee858ce46f6b56e5e2ff53	1	25	1	1	0	true	false	0	0	true	0.00000000000000
2411	1410	-	15876	1000	25	b40cd673410303c89e39313c596cc9d0cfd64d0a32dc8c2f8a3fa7b44c808deb	1	7225	289	17^2	1	false	false	0	0	true	NA
2423	130	+	14668	29206	23	1d323351e7ce44891b5a0ce424c2b0b074f462fbea3350831ddf62b9df8eb6e3	1	3125	1	1	0	true	false	0	0	true	0.00000000000000
2423	130	-	14668	2292	21	9f2ac991ebc3b9930c438bb69704b2de3615afc67cb359bbec08438343adccf7	1	625	1	1	0	true	true	0	0	true	0.00000000000000
2423	2292	+	16830	31368	31	d0caf4f254ae880b984ebf9c24c5eaae12153dd4eea806f7bd3839d34749c48e	1	476425	1121	19*59	2	true	false	0	0	true	0.450832021745804
2423	2292	-	16830	130	16	9aadd969628a2717b872297b069cf1d4b99c0e7b01cf239855f5aa122314e633	1	25	1	1	0	false	false	0	0	true	NA
2441	778	+	15424	30070	26	752540cee9b235e20c3c5217625d7f582bb36caf2f9079cc81aac4f76db0aa89	1	16775	671	11*61	2	true	false	0	0	true	0.422680864256747
2441	778	-	15424	1662	20	3bb7a6df32abb84108a529d19ab3da9ef3ef0bea84d5ca677911c3810059504a	1	425	17	17	1	false	false	0	0	true	NA
2441	1662	+	16308	30954	21	cd8dfad3803e5ed198ebdb9f0b3cf0e1f5dfad21f30ff1cde17002613e54921e	1	625	1	1	0	true	false	0	0	true	0.00000000000000
2441	1662	-	16308	778	25	ebea650bf004c15c93fc8d8c78346791f8de20a0e5d757b649746c96406a40b0	1	10625	17	17	1	false	false	0	0	true	NA
2459	179	+	14933	29687	14	08e1185d0aea95ff417c283b83775bddf97c28e2d3a261fcc31a20679a73790a	1	5	1	1	0	true	false	0	0	true	0.00000000000000
2459	179	-	14933	2279	19	1bb9a0e4246d8ad947272cd10588e1bbbff9ed4c7d7de1be8fe36ee0e701426f	1	125	1	1	0	true	false	0	0	true	0.00000000000000
2459	2279	+	17033	31787	14	08e1185d0aea95ff417c283b83775bddf97c28e2d3a261fcc31a20679a73790a	1	5	1	1	0	true	false	0	0	true	0.00000000000000
2459	2279	-	17033	179	18	e6969bcad62987edc3e9c8f368dd02cf1193ded6adcec5d0dab5435ef8634d64	1	55	11	11	1	false	false	0	0	true	NA
2477	855	+	15717	30579	49	1e2d3a5d681a8229c26e09d519de8ba07f42f38e426e0e4e34f7e44a3e51a8fa	1	155854484875	253783	19^3*37	2	true	false	0	0	true	0.806064615223636
2477	855	-	15717	1621	14	6856c5a3a26b5a3f2ead70ca56870769d1fee88f9c457f4360812f2203565824	1	5	1	1	0	false	false	0	0	true	NA
2477	1621	+	16483	31345	18	a9d71db8a755ff9decbb3afa1d19b88a2c488de0a22f82b4af03981b54261a6c	1	95	19	19	1	true	false	0	0	true	0.189593305467687
2477	1621	-	16483	855	19	8a678b94120f1320c6d40f552034c6ab415c4e98115156611f9458c6983c8c40	1	125	1	1	0	false	false	0	0	true	NA
2521	105	+	15231	30357	23	f587ac168737158f593939e392c2e439c7875fca48525761eb0686ee04db7b15	1	2125	1	1	0	true	false	0	0	true	0.00000000000000
2521	105	-	15231	2415	19	a5966da846ecfd4580e04efaf2989dbf94c3e6259d88e2e5d863d24db8c3bdcc	1	125	1	1	0	true	true	0	0	true	0.00000000000000
2521	2415	+	17541	32667	21	474592a6c6196f8bbe3797b9eff8bb407f2a7d5d9d6ff8f73c699a3ca38d95ef	1	625	1	1	0	false	false	0	0	true	NA
2521	2415	-	17541	105	22	b949da5610671d63aff1feab25e89ff22170a83ca30f9df596494ae42132947a	1	1615	323	17*19	2	false	false	0	0	true	NA
2539	96	+	15330	30564	25	75fc933ba59bf293857de7a52d5e476f12654c91cc59194ead839b5a7d139be0	1	8075	19	19	1	true	false	0	0	true	0.191257561407930
2539	96	-	15330	2442	23	eba7743925ee4d2f109cfe6175b2ac66d57de63bbef68827a3cb676657493cea	1	2375	19	19	1	true	true	0	0	true	0.191257561407930
2539	2442	+	17676	32910	21	77ef29d55036030002d2f945dc2f5f45280bc1eab1273bb68082952736c8e998	1	625	1	1	0	true	false	0	0	true	0.00000000000000
2539	2442	-	17676	96	16	2e48cb8875c14bc1a766184564e9c96ae4bcc4b04182c825eb347ca2582a04c8	1	25	1	1	0	false	false	0	0	true	NA
2543	728	+	15986	31244	16	d4b7b8b6fd8acb86beb87eeae954540a06172fc76d76c5b4745f4bdc030a16b2	1	25	1	1	0	true	false	0	0	true	0.00000000000000
2543	728	-	15986	1814	12	f600a805ffb90ce8ef993018a3d86cdc65977de9fe77c529f75e0a5ba3fc2f1a	1	1	1	1	0	false	false	0	0	true	NA
2543	1814	+	17072	32330	29	b19016b8b2abfe0c9740a0744e3713e0d58830195df003486e7f5bbdcdbb3b95	1	201875	19	19	1	true	false	0	0	true	0.188742142477933
2543	1814	-	17072	728	22	1858f077b68fb97de1a061f360f958d4ff4fcd217746564f6d6cb601bcfa3669	1	925	37	37	1	false	false	0	0	true	NA
2557	413	+	15755	31097	19	00e93174ae9aff33ca7a982e63a62ef467dfa9a82dad19ccddd3f5b6fd545578	1	125	1	1	0	true	false	0	0	true	0.00000000000000
2557	413	-	15755	2143	19	00e93174ae9aff33ca7a982e63a62ef467dfa9a82dad19ccddd3f5b6fd545578	1	125	1	1	0	false	false	0	0	true	NA
2557	622	+	15964	31306	19	00e93174ae9aff33ca7a982e63a62ef467dfa9a82dad19ccddd3f5b6fd545578	1	125	1	1	0	true	false	0	0	true	0.00000000000000
2557	622	-	15964	1934	23	32f1c254738799c5d2e290abcdb9500a3101420dfa3f186dbf7c107146755a8f	1	2125	17	17	1	false	false	0	0	true	NA
2557	1934	+	17276	32618	16	c34863f969d01bff0bd8a536ecdaa0b12b6b1ddb011edde1f73050a85242b5f0	1	25	1	1	0	true	false	0	0	true	0.00000000000000
2557	1934	-	17276	622	12	ccaedaadcd965bde47bc296a12346b5f945645ba02f4c2307b7503d782fcd044	1	1	1	1	0	false	false	0	0	true	NA
2557	2143	+	17485	32827	14	aca3cbdc2c6497b0bf6427bcb71a0e26315ab7c446c46bacc4f9b793f0615c94	1	5	1	1	0	true	false	0	0	true	0.00000000000000
2557	2143	-	17485	413	26	78ef03aa16d2628e71966d0beeb17178b14b58c664784d9282b0b316515e505e	1	19885	3977	41*97	2	false	false	0	0	true	NA
2579	848	+	16322	31796	16	da807786774765b64a80bbbc2c1602ee55346fb9b0de282625f81a413a674ad0	1	25	1	1	0	true	false	0	0	true	0.00000000000000
2579	848	-	16322	1730	25	1cea1cc7a14d5455586ba4a825ac4f3ef4935338ecb5d8f27c24de482283f864	1	7225	289	17^2	1	false	false	0	0	true	NA
2579	1730	+	17204	32678	19	834afcbfe57b49d93d0908bd9a4b015e118ca0bb731f12434cc9d6361c1c0f29	1	125	1	1	0	true	false	0	0	true	0.00000000000000
2579	1730	-	17204	848	19	834afcbfe57b49d93d0908bd9a4b015e118ca0bb731f12434cc9d6361c1c0f29	1	125	1	1	0	false	false	0	0	true	NA
2591	642	+	16188	31734	21	a6f606b12a386ecf1f6afe9054e99f968d898f20415a962be1ea1fa631146b35	1	425	1	1	0	true	false	0	0	true	0.00000000000000
2591	642	-	16188	1948	16	0b3a545a647b55fc80e17db526046ce8e83e220721e55923d055be830e6f13b2	1	25	1	1	0	false	false	0	0	true	NA
2591	1948	+	17494	33040	16	0b3a545a647b55fc80e17db526046ce8e83e220721e55923d055be830e6f13b2	1	25	1	1	0	true	false	0	0	true	0.00000000000000
2591	1948	-	17494	642	25	4891e04aa407aeb0bbdf1fe5b2a050beff5c7cbf4bd54502ca64bd33eb8c1990	1	7225	289	17^2	1	false	false	0	0	true	NA
2663	483	+	16461	32439	18	c9ac5454c0da784f69f229ecea99145f46ac9425ff85ab63971c9fa5cd620980	1	85	1	1	0	true	false	0	0	true	0.00000000000000
2663	483	-	16461	2179	18	c9ac5454c0da784f69f229ecea99145f46ac9425ff85ab63971c9fa5cd620980	1	85	17	17	1	false	false	0	0	true	NA
2663	2179	+	18157	34135	14	79f42fa4d69dc75eccd187dd7b6afd4a868cedd8e531f481a009045ed1f7f19c	1	5	1	1	0	true	false	0	0	true	0.00000000000000
2663	2179	-	18157	483	25	bcfa60b8e3f9256f1c6b1100381a982b14db9b33faf38cc4fe96076705354b72	1	7625	61	61	1	false	false	0	0	true	NA
2683	964	+	17062	33160	17	5aece8ec97b5b50212b44171d70add601d127220548e455b81ac0989dbaf371f	1	25	1	1	0	true	false	0	0	true	0.00000000000000
2683	964	-	17062	1718	21	6c248454d65625ce31057381ac14e77ac3a04f5b1fd84c76b9645ef780fa95c2	1	625	1	1	0	false	false	0	0	true	NA
2683	1718	+	17816	33914	17	5aece8ec97b5b50212b44171d70add601d127220548e455b81ac0989dbaf371f	1	25	1	1	0	true	false	0	0	true	0.00000000000000
2683	1718	-	17816	964	27	5b701963e01778672af0520e318d2aafd4bdb0df93d43837310ea7c1806d9e6d	1	36125	289	17^2	1	false	false	0	0	true	NA
2693	170	+	16328	32486	19	333a66c8bc346c0c83134eeb5e8f04bd9d66680ac4153122bdd76e3725ceb1c4	1	125	1	1	0	true	false	0	0	true	0.00000000000000
2693	170	-	16328	2522	12	f109e59daf62db83ba11e5d737d6e4afdaff588d08870ae341095baf45c9b1e5	1	1	1	1	0	true	true	0	0	true	0.00000000000000
2693	525	+	16683	32841	29	02d775768c18419716d937464bae684483f46769cdd52a4c8f609f6626ed369a	1	141875	227	227	1	true	false	0	0	true	0.348708571736531
2693	525	-	16683	2167	21	f63842c4d338bd9ddd633ee843f6dd428b5402f55d0af1665e0baa3ed824b34b	1	625	1	1	0	false	false	0	0	true	NA
2693	1215	+	17373	33531	21	f63842c4d338bd9ddd633ee843f6dd428b5402f55d0af1665e0baa3ed824b34b	1	625	1	1	0	true	false	0	0	true	0.00000000000000
2693	1215	-	17373	1477	19	333a66c8bc346c0c83134eeb5e8f04bd9d66680ac4153122bdd76e3725ceb1c4	1	125	1	1	0	false	false	0	0	true	NA
2693	1477	+	17635	33793	34	b3c7858601e61dff90875a8b095f36596347b5ddc84e9575fedc5d0ba95f35ab	1	3804875	30439	61*499	2	true	false	0	0	true	0.659023131950974
2693	1477	-	17635	1215	29	8d5592994554600a2539628e4602e160bc9c6f488b1224d808b2c0e6abd9780b	1	129625	1037	17*61	2	false	false	0	0	true	NA
2693	2167	+	18325	34483	19	333a66c8bc346c0c83134eeb5e8f04bd9d66680ac4153122bdd76e3725ceb1c4	1	125	1	1	0	true	false	0	0	true	0.00000000000000
2693	2167	-	18325	525	18	40ce267a7e58680b5877dde8abe836c68c574de43533213091345cc3d3038a74	1	85	17	17	1	false	false	0	0	true	NA
2693	2522	+	18680	34838	19	333a66c8bc346c0c83134eeb5e8f04bd9d66680ac4153122bdd76e3725ceb1c4	1	125	1	1	0	true	false	0	0	true	0.00000000000000
2693	2522	-	18680	170	17	697626facc69f6345c742db17f8b5007c7fbf4f61a425002d6eaaf30879b2d21	1	25	1	1	0	false	false	0	0	true	NA
2713	1258	+	17536	33814	17	b9bdd6831da5e3b601f9ce49ee732aa6f90d2b5eb58c47b7ca57d39cccf176c3	1	41	41	41	1	true	false	0	0	true	0.237064430175243
2713	1258	-	17536	1454	23	d04bc3d4410bdefc3cb498a3c7e1ad2c6d49bea3186fcb1b1319836de05f2cfd	1	2375	19	19	1	false	false	0	0	true	NA
2713	1454	+	17732	34010	12	99345219f32c4deb99abe30b51ed018fc141403b47df8b60367a4b99ea984a3a	1	1	1	1	0	true	false	0	0	true	0.00000000000000
2713	1454	-	17732	1258	22	69dfcfc8d8ddd022b846b03b1d4fa17d96301fdc90a90f91db89362e257ad606	1	1025	41	41	1	false	false	0	0	true	NA
2731	51	+	16437	32823	23	c0ea7fb0a54222b83c5c8773390b0d8a9a33b95931d16d29a352cd701d8ae0c4	1	1615	19	19	1	true	false	0	0	true	0.189655558575678
2731	51	-	16437	2679	24	c6570a6ce3d9057ab3c4ba88adc747186c2cad2abdb57c8de9be3bfc340fd40c	1	5795	1159	19*61	2	true	true	0	0	true	0.454442869319901
2731	2679	+	19065	35451	25	5c95d45e88d723e6dc37e5686e77b896f780f8ef3619b536d381372894a22895	1	10625	1	1	0	false	false	0	0	true	NA
2731	2679	-	19065	51	22	86e1febbe2b9bc1fd4ff3eabbfdcd460438ea76e9df8ccb45b7d454a69a18ee9	1	1445	289	17^2	1	false	false	0	0	true	NA
2767	388	+	16990	33592	17	9888997bd4b4bc6bf1460072b7c537736bd14755cbd33d26ec41a9c1cab0099f	1	25	1	1	0	true	false	0	0	true	0.00000000000000
2767	388	-	16990	2378	21	11696f28c32ac91bb72288c5438602cab4fcd87f2d1d29615b727cb30d415417	1	425	17	17	1	false	false	0	0	true	NA
2767	2378	+	18980	35582	25	cf9130f66b93ddf45d981e8715d0b6d644a76489070a9e0bd6a2ff0616cba51e	1	11875	19	19	1	true	false	0	0	true	0.186219935890174
2767	2378	-	18980	388	23	c09b0147f0b01e3b3e38274093e7688061e4531b780892c4fb4c466e66caaa34	1	2375	19	19	1	false	false	0	0	true	NA
2797	120	+	16902	33684	17	68713b8b0b068cc8366a22d97a0e1118fb8e526d8c22c22c0032de59f9a915c2	1	25	1	1	0	true	false	0	0	true	0.00000000000000
2797	120	-	16902	2676	17	68713b8b0b068cc8366a22d97a0e1118fb8e526d8c22c22c0032de59f9a915c2	1	25	1	1	0	true	true	0	0	true	0.00000000000000
2797	2676	+	19458	36240	25	9d7f3e1814ee3ea56daa751cd9786ca66b3b6b472309e71f6972d2508f31ca08	1	10625	1	1	0	false	false	0	0	true	NA
2797	2676	-	19458	120	12	06330a9d749a704f604817b4c0eb5d06ecf347fb72a4b2911ba0efd1fd2f4c2a	1	1	1	1	0	false	false	0	0	true	NA
2843	1302	+	18360	35418	21	7dddeae427505e2e887fae9fcc2b810f9e934c8f7c9b8dc7b5be5452dcc00f74	1	425	1	1	0	true	false	0	0	true	0.00000000000000
2843	1302	-	18360	1540	17	85f0e0625e57df4843ac84e544dae0758b4f9b3b1eb7f00c3be917d7587514cb	1	25	1	1	0	false	false	0	0	true	NA
2843	1540	+	18598	35656	21	91107d8d88c187692739435e4eef39cf00c90b032be45f6b08b7702113ef2295	1	625	1	1	0	true	false	0	0	true	0.00000000000000
2843	1540	-	18598	1302	12	23644fc4764045584f6dee9f97b9d43aa4b1ce9e142c1d27733d46158eca4f45	1	1	1	1	0	false	false	0	0	true	NA
2857	733	+	17875	35017	19	d29b88146ce23a72f87a0ead8c9525cea26194dc618ddc302126721600a2cd02	1	125	1	1	0	true	false	0	0	true	0.00000000000000
2857	733	-	17875	2123	24	558d837630d9fa61503e63bd505ef2b51967c04358fb1785b502137053a0ccd9	1	5125	41	41	1	false	false	0	0	true	NA
2857	2123	+	19265	36407	22	08cf4067000d57f1adcced3db8144bd28013c796a615d4a716447c7a0239a1d7	1	1375	11	11	1	true	false	0	0	true	0.151373743338930
2857	2123	-	19265	733	19	d29b88146ce23a72f87a0ead8c9525cea26194dc618ddc302126721600a2cd02	1	125	1	1	0	false	false	0	0	true	NA
2879	514	+	17788	35062	19	ddb45a04c68932d14f439a29b692682aa2ea8212e9a9a3b233cb3d43fde8bcde	1	125	1	1	0	true	false	0	0	true	0.00000000000000
2879	514	-	17788	2364	21	f422a1b208918d3241b2100fe4f482ed23493fe0597480f609a34bdeaf3e9e31	1	425	17	17	1	false	false	0	0	true	NA
2879	2364	+	19638	36912	21	1ba664a493f1acaa56163840dcbaf27837af1f3d870445222ba77279c50ec9ca	1	625	1	1	0	true	false	0	0	true	0.00000000000000
2879	2364	-	19638	514	16	49459fdf0a796fb5eb31604bd95e59b68c34196a6fcf109312136e6db79e4f41	1	17	17	17	1	false	false	0	0	true	NA
2897	1151	+	18533	35915	24	be4e509c9708d37da10a2a5cb2cbd7f3c533eae5b5748e9b8fa95784e51ca225	1	3125	1	1	0	true	false	0	0	true	0.00000000000000
2897	1151	-	18533	1745	17	9c80e069d5ca41468ed7ec59cb6877aca32e0bed6a919f9eb900989f963995f7	1	25	1	1	0	false	false	0	0	true	NA
2897	1745	+	19127	36509	19	5917635dc12e2561f0504783ca1c068b24dd6cfb3e111fbadc9a32dfe949f88e	1	125	1	1	0	true	false	0	0	true	0.00000000000000
2897	1745	-	19127	1151	27	1358f0672570fe3fc792adccfb83b27ce5e50853ff38c697e3280253ab29238b	1	36125	289	17^2	1	false	false	0	0	true	NA
2917	77	+	17579	35081	19	c2087448a22246fc6428a0e352f3b94b6df2b35e6e59b27cbefda366ca9ab051	1	125	1	1	0	true	false	0	0	true	0.00000000000000
2917	77	-	17579	2839	29	8197c811e10326f56b43f1b0395afded533c5109e25bb2b3961fff91a2175be7	1	97375	779	19*41	2	true	true	0	0	true	0.425029477370717
2917	961	+	18463	35965	29	1cac4d43f58b658fc09bec1eb5993eac43f322bc44b7bc752e9c9111369798bd	1	171875	11	11	1	true	false	0	0	true	0.152127892191146
2917	961	-	18463	1955	27	1ae4d1be729fe967e513b04eb032227976b74878d08f8d2de0a422f154a110ac	1	23375	187	11*17	2	false	false	0	0	true	NA
2917	1955	+	19457	36959	24	229885e6019a36ef3c72a5631b27b64d35c2394a5bfab227dd6ed89b8671d0c3	1	3125	1	1	0	true	false	0	0	true	0.00000000000000
2917	1955	-	19457	961	32	5287a1ceeb341efa4b56ff89e78973cd7fccc1bbd8194c35b55b83a069c259f0	1	903125	289	17^2	1	false	false	0	0	true	NA
2917	2839	+	20341	37843	21	6325f6571c5560eddd19908597075738be53de5e28a9db51d8a10f87aa825cf9	1	625	1	1	0	true	false	0	0	true	0.00000000000000
2917	2839	-	20341	77	14	3b4a4016970814c567b75dc774857bd63f016225c7d512843f4595e49314d469	1	5	1	1	0	false	false	0	0	true	NA
2939	970	+	18604	36238	23	5e7deac7ab8d221db43973140df9b3e8f05defcf03779910aaaea96cbe392840	1	1525	61	61	1	true	false	0	0	true	0.260653528138294
2939	970	-	18604	1968	29	a6d41b9052ca9d12d8b11578b984deb1616d3e8e1021d9062ee6abbcf3f276d2	1	137275	5491	17^2*19	2	false	false	0	0	true	NA
2939	1968	+	19602	37236	21	c9324547e6e21fec05ab6e9218032432b1eef60edf287da31908da2431ca585c	1	625	1	1	0	true	false	0	0	true	0.00000000000000
2939	1968	-	19602	970	27	8706e09ad511ee947b7c2c08b509d3794d862bd28eb3796fc52409c85a26bc42	1	36125	289	17^2	1	false	false	0	0	true	NA
2957	646	+	18388	36130	19	72d17153a676bd0ff9eac7210beaadbc58e72d5d5e3c5f43ead130ba32370911	1	125	1	1	0	true	false	0	0	true	0.00000000000000
2957	646	-	18388	2310	17	e2eb6fea79506131ca6f1704306d34ea6de3e627caacb5339541d7895353dace	1	25	1	1	0	false	false	0	0	true	NA
2957	2310	+	20052	37794	17	e2eb6fea79506131ca6f1704306d34ea6de3e627caacb5339541d7895353dace	1	25	1	1	0	true	false	0	0	true	0.00000000000000
2957	2310	-	20052	646	17	e2eb6fea79506131ca6f1704306d34ea6de3e627caacb5339541d7895353dace	1	25	1	1	0	false	false	0	0	true	NA
2969	336	+	18150	35964	17	6bc12231b7b131b3ca5d21b7910c20755b6fd3f6698b985f7f051cfa431c8e4f	1	25	1	1	0	true	false	0	0	true	0.00000000000000
2969	336	-	18150	2632	17	6bc12231b7b131b3ca5d21b7910c20755b6fd3f6698b985f7f051cfa431c8e4f	1	25	1	1	0	true	false	0	0	true	0.00000000000000
2969	2632	+	20446	38260	24	93910a3ae6db51d03ff023a767ac7b1c1fa7d4b4201a80daf91ab6d24eaeed45	1	3875	31	31	1	true	false	0	0	true	0.215115381655931
2969	2632	-	20446	336	21	2873a13835c47a8bcdf3569552979325f258c8807f2dc412f680d24db5002b6a	1	625	1	1	0	false	false	0	0	true	NA
2971	467	+	18293	36119	24	9b193e5c1f5fceebcd662961e4a83c836457970aee8cc3ff2e759321b1b2baba	1	3125	1	1	0	true	false	0	0	true	0.00000000000000
2971	467	-	18293	2503	14	1afea87ec086084590e6722db192b8a3fd3006362f49845c4659bca35520a496	1	5	1	1	0	false	false	0	0	true	NA
2971	2503	+	20329	38155	21	bbc7211e3f7829caa236159c257f43c5eb976ddc59fd510a5498e57115e957c8	1	625	1	1	0	true	false	0	0	true	0.00000000000000
2971	2503	-	20329	467	19	112bd6f04ea6486fee67edddb1d23d5d4db578a778cddd56af22015ccd829eb0	1	125	1	1	0	false	false	0	0	true	NA
3019	940	+	19054	37168	20	a1f7e7b12081f682d7eaf95cef1f74896f82575604fceafab76730d3c54c71ab	1	275	11	11	1	true	false	0	0	true	0.151541270890338
3019	940	-	19054	2078	21	342cf032bc58a95fb651faa89fa012fc048c6e7c96582c146819e0d94fea809b	1	425	17	17	1	false	false	0	0	true	NA
3019	1072	+	19186	37300	21	f3c616608a46b731e1278e96e6c5dc5d13d6132b2d7cc89218e293d637d2d6f5	1	625	1	1	0	true	false	0	0	true	0.00000000000000
3019	1072	-	19186	1946	17	abeb578aa4937617d0447197ed7c9c4d1c5fbf9e3e956be840b436300f6f2b99	1	25	1	1	0	false	false	0	0	true	NA
3019	1946	+	20060	38174	21	92b0a67e0ecfcb770d696df18cc1e034a5541af76bdfcd86c56447ea0a56f912	1	475	19	19	1	true	false	0	0	true	0.184831492684669
3019	1946	-	20060	1072	21	92b0a67e0ecfcb770d696df18cc1e034a5541af76bdfcd86c56447ea0a56f912	1	475	19	19	1	false	false	0	0	true	NA
3019	2078	+	20192	38306	30	b112df90e43202005a4a8391fbf5f51a3afd4cee65a1f658a61056f19c3c3fd5	1	265625	1	1	0	true	false	0	0	true	0.00000000000000
3019	2078	-	20192	940	23	a8b83244743dae50b6e8a91ea65d398067dc6618756a0e1c1115bdcf2f597a63	1	2125	17	17	1	false	false	0	0	true	NA
3037	725	+	18947	37169	22	93cc6ba5b3611d6d9c1870b7e4c10230d91d6de4870a9a4035b08115fa773c8b	1	1375	11	11	1	true	false	0	0	true	0.151696467337870
3037	725	-	18947	2311	19	daa7aeb630dcea98c4eaa0c5a2ad4b61187abf09518ef83ac6dd068f986d5bef	1	125	1	1	0	false	false	0	0	true	NA
3037	2311	+	20533	38755	14	3b7ed921e9aa46b4032820818a03d006bfe06eeebe17aabc304653c80804b7ff	1	5	1	1	0	true	false	0	0	true	0.00000000000000
3037	2311	-	20533	725	14	3b7ed921e9aa46b4032820818a03d006bfe06eeebe17aabc304653c80804b7ff	1	5	1	1	0	false	false	0	0	true	NA
3041	936	+	19182	37428	21	8f07bee81218aec54898e4705efeda56b3b80a01321e56e43c2d9150e48a083a	1	625	1	1	0	true	false	0	0	true	0.00000000000000
3041	936	-	19182	2104	21	cca2a766d79c9c4e33d4f2555ac8010a4e6160cad05dbd4a05f41bb704dba72e	1	425	17	17	1	false	false	0	0	true	NA
3041	2104	+	20350	38596	17	abcf100a2435afb03cccba3d693cdda7a61a00f0177b307f46fc6afa2e7527ed	1	25	1	1	0	true	false	0	0	true	0.00000000000000
3041	2104	-	20350	936	17	abcf100a2435afb03cccba3d693cdda7a61a00f0177b307f46fc6afa2e7527ed	1	25	1	1	0	false	false	0	0	true	NA
3049	856	+	19150	37444	21	42e72ae710fd9513b8a24cf6123f637a80cd4a142d44993f138776a33a9520f7	1	625	1	1	0	true	false	0	0	true	0.00000000000000
3049	856	-	19150	2192	19	032d5d9d2c8649e6c54e49268b68470d605bced17d0d543f0b9a5b963008a9e9	1	125	1	1	0	false	false	0	0	true	NA
3049	2192	+	20486	38780	17	d9ac3436d87b10189a565f9351e9fcad9755d998c52c2c3db8501fd283f476cd	1	25	1	1	0	true	false	0	0	true	0.00000000000000
3049	2192	-	20486	856	21	42e72ae710fd9513b8a24cf6123f637a80cd4a142d44993f138776a33a9520f7	1	625	1	1	0	false	false	0	0	true	NA
3079	304	+	18778	37252	21	8739594e605f7777799d84479adc8067854b8263d490ad3e28b2779746c15281	1	625	1	1	0	true	false	0	0	true	0.00000000000000
3079	304	-	18778	2774	16	153d0b6d979775a23fa64758dad9f24dbf5a4ba453a06f901fc3765531419f0b	1	17	17	17	1	true	false	0	0	true	0.179437890459224
3079	2774	+	21248	39722	21	8739594e605f7777799d84479adc8067854b8263d490ad3e28b2779746c15281	1	625	1	1	0	true	false	0	0	true	0.00000000000000
3079	2774	-	21248	304	12	3e6b344042971bc7334681df148614c184d37616c1b4077b2409713d16138933	1	1	1	1	0	false	false	0	0	true	NA
3089	879	+	19413	37947	19	250e689bc4eb7417d3b25a6b4227c0068af49c38bd7f7d8b79b8cedfb5e342bd	1	85	1	1	0	true	false	0	0	true	0.00000000000000
3089	879	-	19413	2209	21	c2696094a959b91fe40d635416a82518d98168fc83119a345b1cdfdba7ba4c56	1	625	1	1	0	false	false	0	0	true	NA
3089	2209	+	20743	39277	14	70d03a906a2597e06f2d61331282eabb823876c75a37ded1839cc9b158729046	1	5	1	1	0	true	false	0	0	true	0.00000000000000
3089	2209	-	20743	879	27	6fcc69e64b047c2fde0b12aa008a847d9cceacdc54250d08c3faeb4f5e6ffe15	1	27455	5491	17^2*19	2	false	false	0	0	true	NA
3109	765	+	19419	38073	14	cd4f987f73dc950a2b199b24e30ca574d6dc7d703e2d9006d2fc128ca9e91973	1	5	1	1	0	true	false	0	0	true	0.00000000000000
3109	765	-	19419	2343	24	6374d0edec5c50ea1b13a1a2685e5024722b2fdb0557dc40c3a05a4ee67052a9	1	3125	1	1	0	false	false	0	0	true	NA
3109	2343	+	20997	39651	19	8b1decbaea66929271403e229bf9851cc01c6f4c927f5a7c1b583e878746044e	1	125	1	1	0	true	false	0	0	true	0.00000000000000
3109	2343	-	20997	765	19	8b1decbaea66929271403e229bf9851cc01c6f4c927f5a7c1b583e878746044e	1	125	1	1	0	false	false	0	0	true	NA
3137	1568	+	20390	39212	23	28c16be9933fbf1d6a88da92e8936e81d8d035620f4ee7e8c089c903496b69d6	1	1375	11	11	1	true	false	0	0	true	0.150275871788821
3137	1568	-	20390	1568	19	67cc2bdcd03605bb68543d0386fc03b32894450bbad0e98e58d726597a2f33f2	1	125	1	1	0	false	false	0	0	true	NA
3203	701	+	19919	39137	22	90240aaefd01a38c99851107f15231fbaa358aa7181cc122061541cdd33d0d1b	1	775	31	31	1	true	false	0	0	true	0.215826757596588
3203	701	-	19919	2501	14	2d334ecc2bb46e2b3d95b7b418e2fad11f31e6b6c01c5a4d23587ec130aa558c	1	5	1	1	0	false	false	0	0	true	NA
3203	2501	+	21719	40937	17	2e9379debbd3acdfdc973062c96b62f4dddc82eb24cc9aad4d356cb8e0974e18	1	25	1	1	0	true	false	0	0	true	0.00000000000000
3203	2501	-	21719	701	28	4c9eff38cbf1381597c2edcbe6d81730c2aa1fd1ab2d96dd85edef80a582809d	1	42625	341	11*31	2	false	false	0	0	true	NA
3209	153	+	19407	38661	32	a190785f4679400ef11b3c38ed2c4ee9ffae7399f3e2ba66d05af022dd4241cd	1	903125	1	1	0	true	false	0	0	true	0.00000000000000
3209	153	-	19407	3055	21	a93072a022d8245e95cbdcf3db2cb01667d127836ff1c048750c4b447892d58e	1	475	19	19	1	true	true	0	0	true	0.185672342589060
3209	3055	+	22309	41563	29	61df6379b89a6f9506bc1dda98bea6063724e8bc5346fe10b505719e3f2d736e	1	116875	11	11	1	true	false	0	0	true	0.148603658602669
3209	3055	-	22309	153	19	f2d016e6f8b246a467f8fb865596d2c012e2408ad7dcdf1fa935e6f6b5d4f01b	1	125	1	1	0	false	false	0	0	true	NA
3259	1595	+	21149	40703	19	63d6eca19544282863fd3103e01b1ef4d1aba9f43228ea011fc259156f555147	1	125	1	1	0	true	false	0	0	true	0.00000000000000
3259	1595	-	21149	1663	24	5ba46e2f519a83bdfd0b8434d9454fbbcef045fa76f61285de3ddb7f6d5dca93	1	3875	31	31	1	false	false	0	0	true	NA
3259	1663	+	21217	40771	21	57c6f3d917bd6803ed17754c55572ee90fd8da54ee36d97f2f8c1883d2ccbf1c	1	625	1	1	0	true	false	0	0	true	0.00000000000000
3259	1663	-	21217	1595	17	3c8169038f57e23a940cee7aae3a4a32b0ca405e12a23bc4e2b5c9c9b5667eba	1	25	1	1	0	false	false	0	0	true	NA
3313	873	+	20751	40629	20	02f6047676f62517117e7ca9fd8151707096d7c1e339582a347b8f163c15c429	1	275	11	11	1	true	false	0	0	true	0.149943792407098
3313	873	-	20751	2439	15	e11e78391c9698848869e73398b6a45ce5029c3439fd8e90cbd82cb1c5380da8	1	5	1	1	0	false	false	0	0	true	NA
3313	2439	+	22317	42195	17	3899ce2ef07d293f7f50f0bf6afa55c2ff6270c6922f1ba8c898686e74e5d5d5	1	25	1	1	0	true	false	0	0	true	0.00000000000000
3313	2439	-	22317	873	27	04237cd332e757a2e44c9e7ef9e6517bcc11c6196c9942ec9c2eab85fb54ba88	1	36125	289	17^2	1	false	false	0	0	true	NA
3319	388	+	20302	40216	17	65bfcde53685cee8cd26f7847d2c3b0829bef59e445ff8255b2d95c18055cb7a	1	25	1	1	0	true	false	0	0	true	0.00000000000000
3319	388	-	20302	2930	27	d23d385a4d4cff1e97bb26ddfc20b9cd2a969b4fc0aa1cbf59a8f46d5326ab7e	1	28025	1121	19*59	2	true	false	0	0	true	0.440332128598130
3319	2930	+	22844	42758	28	da663893e12517d0a6a8cc07d7a5b632d1d64a2bb7fcd2987a2e3ad158e22014	1	53125	1	1	0	true	false	0	0	true	0.00000000000000
3319	2930	-	22844	388	19	df18d65c3d4b2c5815b041579ab382aa5bfa70ca8bc74bbc7d866c5f20b9f156	1	125	1	1	0	false	false	0	0	true	NA
3331	7	+	19993	39979	17	7981ec937d481c49bf1937c8c74529e9fbf70d377963511e8e9d5be21876c33a	1	25	1	1	0	true	false	0	0	true	0.00000000000000
3331	7	-	19993	3323	19	94f08af371f2e859d62f9cbe46e21740155a13aa9bfbb2b570dddd91d569b3f6	1	125	1	1	0	true	true	0	0	true	0.00000000000000
3331	1067	+	21053	41039	21	fbb695d8840060690fd565247957b0ce3060ee165e2227940bf7e18b877ba012	1	625	1	1	0	true	false	0	0	true	0.00000000000000
3331	1067	-	21053	2263	21	fbb695d8840060690fd565247957b0ce3060ee165e2227940bf7e18b877ba012	1	625	1	1	0	false	false	0	0	true	NA
3331	2263	+	22249	42235	15	b2fa06908a74434936c3b961434381cf72f50f658c1fea1d4024c423d11ca451	1	5	1	1	0	true	false	0	0	true	0.00000000000000
3331	2263	-	22249	1067	23	26afd2dfbd1ad85908b66c7ab4344a8d0a03798c27fe4524261feb02d7e60551	1	1445	289	17^2	1	false	false	0	0	true	NA
3331	3323	+	23309	43295	25	c6467f0ce1157257cd490293683468b912583f9ee7a2f39af167d399fcba8879	1	6875	11	11	1	false	false	0	0	true	NA
3331	3323	-	23309	7	15	b2fa06908a74434936c3b961434381cf72f50f658c1fea1d4024c423d11ca451	1	5	1	1	0	false	false	0	0	true	NA
3343	299	+	20357	40415	19	d3d3d53e0f4bcaf1a690fdb613b8ddbcda77c39ee258e1c7a6f983236fac6f58	1	125	1	1	0	true	false	0	0	true	0.00000000000000
3343	299	-	20357	3043	23	baf634cddb11ea52e18643e3ba5f123568166a25591e8f5414e170175a4de4aa	1	2375	19	19	1	true	false	0	0	true	0.184591254992219
3343	1579	+	21637	41695	23	519933aac87693a2cedc2c110f8a5182f72f7292f5671a35ad4fc48188baaa41	1	1375	11	11	1	true	false	0	0	true	0.149084708595127
3343	1579	-	21637	1763	17	04d3c5e52891383cec136dc6c4d0c5c6e34332bdd1ced1458f291c3f3cff0670	1	25	1	1	0	false	false	0	0	true	NA
3343	1763	+	21821	41879	20	47156b7d5d4a8d0e59188b0205d44b8e6ed15c17bf069e12bb2a2aeb032d54d7	1	275	11	11	1	true	false	0	0	true	0.149025200730636
3343	1763	-	21821	1579	17	04d3c5e52891383cec136dc6c4d0c5c6e34332bdd1ced1458f291c3f3cff0670	1	25	1	1	0	false	false	0	0	true	NA
3343	3043	+	23101	43159	21	aeae30af8e5cdd898ea1886b0da03b594533a096a6aa3459288bfd2e3b2b21c1	1	625	1	1	0	true	false	0	0	true	0.00000000000000
3343	3043	-	23101	299	19	d3d3d53e0f4bcaf1a690fdb613b8ddbcda77c39ee258e1c7a6f983236fac6f58	1	125	1	1	0	false	false	0	0	true	NA
3347	1672	+	21754	41836	17	a1d802a97d40dbe48f22aba27223c06965caf6f6d1a012a7700268e2940b2f2f	1	25	1	1	0	true	false	0	0	true	0.00000000000000
3347	1672	-	21754	1674	17	a1d802a97d40dbe48f22aba27223c06965caf6f6d1a012a7700268e2940b2f2f	1	25	1	1	0	false	false	0	0	true	NA
3347	1674	+	21756	41838	29	1a9d61bed51b7e1c7042bf6a599ed05b099852fec000224057fdf34087c1bd4c	1	116875	11	11	1	true	false	0	0	true	0.149084708595127
3347	1674	-	21756	1672	31	8ab3b417131a31eae31a3395e3e844b543f697de143fe5ca6cb432320eaf6db0	1	329375	527	17*31	2	false	false	0	0	true	NA
3407	520	+	20962	41404	24	b2ce38e76f3522efa802dd0df6f063f9b2e101faa19b8cf467745cd6d42727c1	1	3125	1	1	0	true	false	0	0	true	0.00000000000000
3407	520	-	20962	2886	22	1fec0c71d8325e7ab3be373dcee3b0d860af5ce16249bcb2b882df12e6fbd61a	1	625	1	1	0	false	false	0	0	true	NA
3407	2886	+	23328	43770	12	b54e9da97e7f9ea8533198446d7ea9b8bd05ecc5aba8c51d02e7c3fe5fa8ec7c	1	1	1	1	0	true	false	0	0	true	0.00000000000000
3407	2886	-	23328	520	12	b54e9da97e7f9ea8533198446d7ea9b8bd05ecc5aba8c51d02e7c3fe5fa8ec7c	1	1	1	1	0	false	false	0	0	true	NA
3413	1188	+	21666	42144	19	e5b73477a4037f39a33989c500a68eef668707d96732947ffd35ec988c7309bd	1	125	1	1	0	true	false	0	0	true	0.00000000000000
3413	1188	-	21666	2224	19	e5b73477a4037f39a33989c500a68eef668707d96732947ffd35ec988c7309bd	1	125	1	1	0	false	false	0	0	true	NA
3413	1195	+	21673	42151	29	67d8e93fb0d845907093e27c6274ababa95bf46a8422aa14ac8833026782e9d3	1	96875	31	31	1	true	false	0	0	true	0.213501810319934
3413	1195	-	21673	2217	24	c3f047f2e2ad0cd1705a4d5ac813035acb16747ea479ba2ad2fc3232601fdf7a	1	3125	1	1	0	false	false	0	0	true	NA
3413	2217	+	22695	43173	22	26a9679b4957ea1f12fab75097980460d44b88259828f40b61bf57f0e4ffb316	1	625	1	1	0	true	false	0	0	true	0.00000000000000
3413	2217	-	22695	1195	15	8fff6d6cc1a9051d5364bc5ffc0266c64f7774396ec30eb7bb7ef680ada02afb	1	5	1	1	0	false	false	0	0	true	NA
3413	2224	+	22702	43180	26	b6ffd983693b2e4192f319b55bbb66921b96f172545ec9d3adb1fd15a6c6ed32	1	15625	1	1	0	true	false	0	0	true	0.00000000000000
3413	2224	-	22702	1188	19	e5b73477a4037f39a33989c500a68eef668707d96732947ffd35ec988c7309bd	1	125	1	1	0	false	false	0	0	true	NA
3449	1590	+	22284	42978	27	77b0012028169339094210b6989178be4924fdcf53dd3d623e756c4717269a8c	1	25625	41	41	1	true	false	0	0	true	0.230175274563203
3449	1590	-	22284	1858	17	2981801c479f6f983ca3bbdb31bdddb0ce41fc1db7c31c7ba2b03384313c9517	1	25	1	1	0	false	false	0	0	true	NA
3449	1858	+	22552	43246	23	6f02d56fb86f4167613e9f7f07a0a924b62dc1a405bc141b38ab4980c9882b4c	1	1375	11	11	1	true	false	0	0	true	0.148385934926083
3449	1858	-	22552	1590	19	e3d70a2c65fa9d370a57832fd6a7a2023b2f7bbceb99163060dde37faa292a66	1	125	1	1	0	false	false	0	0	true	NA
3457	879	+	21621	42363	19	aeba96e2f7ce31e5e1ae3b2d0155de360e3640a823f68c24229a326f72fe9f2f	1	125	1	1	0	true	false	0	0	true	0.00000000000000
3457	879	-	21621	2577	15	441fe5e664b086a068ab76698307de7c5b7a6ab00903a6f2d28e8b7f492a4fdb	1	5	1	1	0	false	false	0	0	true	NA
3457	2577	+	23319	44061	17	4b2e12241aaf8709df7bcbe9024899ede475be6515450c095460baabd8fcb12d	1	25	1	1	0	true	false	0	0	true	0.00000000000000
3457	2577	-	23319	879	15	441fe5e664b086a068ab76698307de7c5b7a6ab00903a6f2d28e8b7f492a4fdb	1	5	1	1	0	false	false	0	0	true	NA
3469	612	+	21426	42240	25	181fac3d57e504ef10b5e609a5c2663b644b75f724fc61c468678ee3bb1d0a2c	1	5125	41	41	1	true	false	0	0	true	0.231332055251006
3469	612	-	21426	2856	17	89169acd0794f445c789bedd0371d642f0ed6ff5fd6a5c935897b439f6c8aa1c	1	25	1	1	0	false	false	0	0	true	NA
3469	2856	+	23670	44484	17	89169acd0794f445c789bedd0371d642f0ed6ff5fd6a5c935897b439f6c8aa1c	1	25	1	1	0	true	false	0	0	true	0.00000000000000
3469	2856	-	23670	612	12	ad6339080a61e44976c7292019bb17cb2ee0b3f704fe185889f1398d34bec556	1	1	1	1	0	false	false	0	0	true	NA
3529	1481	+	22655	43829	15	07c09c9e90e1ab2ac00e54884f90ede4025e79c7d80bda0e5c2035807ed67654	1	5	1	1	0	true	false	0	0	true	0.00000000000000
3529	1481	-	22655	2047	19	85946977f20a90771b385f89a3bbb96b9015104aad47a30c6bb9684132d1660b	1	125	1	1	0	false	false	0	0	true	NA
3529	2047	+	23221	44395	15	07c09c9e90e1ab2ac00e54884f90ede4025e79c7d80bda0e5c2035807ed67654	1	5	1	1	0	true	false	0	0	true	0.00000000000000
3529	2047	-	23221	1481	19	85946977f20a90771b385f89a3bbb96b9015104aad47a30c6bb9684132d1660b	1	125	1	1	0	false	false	0	0	true	NA
3581	44	+	21530	43016	27	a8b7eb3c4e9bbf11f969251f0096eecc1a246cf7e6de3706e02119fea52c4b1e	1	34375	11	11	1	true	false	0	0	true	0.149264676174783
3581	44	-	21530	3536	27	a8b7eb3c4e9bbf11f969251f0096eecc1a246cf7e6de3706e02119fea52c4b1e	1	34375	11	11	1	true	true	0	0	true	0.149264676174783
3581	1262	+	22748	44234	17	da33f6d5c3fafda448e5e5f359d4ba3d2e48b2efcade4e5de8b14495e13be84d	1	25	1	1	0	true	false	0	0	true	0.00000000000000
3581	1262	-	22748	2318	26	d73314eaa7b08ba69bd757b3a77628b2d93739931feb881244fae3d3f53c3a8d	1	15625	1	1	0	false	false	0	0	true	NA
3581	2318	+	23804	45290	24	b681981f30ab68832ac2f97cb4e40f2e2b5cc2c9deb5f79fe90801a66066df18	1	2375	19	19	1	true	false	0	0	true	0.181004938409649
3581	2318	-	23804	1262	17	308d4f9e011cae070cd0cc9c2edeb2fd062077145a8bd9ea68c6dfe5be9d4790	1	19	19	19	1	false	false	0	0	true	NA
3581	3536	+	25022	46508	17	da33f6d5c3fafda448e5e5f359d4ba3d2e48b2efcade4e5de8b14495e13be84d	1	25	1	1	0	false	false	0	0	true	NA
3581	3536	-	25022	44	17	da33f6d5c3fafda448e5e5f359d4ba3d2e48b2efcade4e5de8b14495e13be84d	1	25	1	1	0	false	false	0	0	true	NA
3607	1793	+	23435	45077	22	82d98087141aa5e332442d20810e004cccc0c3282f36ab6e3ae3f8a073fb5e9b	1	1045	209	11*19	2	true	false	0	0	true	0.328985835157768
3607	1793	-	23435	1813	19	ce38ba5b412beb8bac6b972218c057eec5906314a7526f02d82b4fb75e416624	1	95	19	19	1	false	false	0	0	true	NA
3607	1813	+	23455	45097	19	4b8507f89b148a9362129056218f7d7947915192bfc96e86906a8410b1fc666f	1	85	1	1	0	true	false	0	0	true	0.00000000000000
3607	1813	-	23455	1793	29	3b13901dd0aff94f6b4297228ec1e8da0c3a37932497652a25142f838a5d29d0	1	78625	629	17*37	2	false	false	0	0	true	NA
3613	657	+	22335	44013	17	fb7f8c6007765505fa2b346748ea0702e57f4cc902ebf92f8d8885e9f40b919a	1	25	1	1	0	true	false	0	0	true	0.00000000000000
3613	657	-	22335	2955	24	ef17e31bcd728ec9c42495292d9f340cc516517811a1788cffa09c50b01e8ed4	1	2375	19	19	1	false	false	0	0	true	NA
3613	1283	+	22961	44639	15	24915e3511a2d00a3637aa447dc2b4962426e13c07b4edf569b0a4e9c2dbebc9	1	5	1	1	0	true	false	0	0	true	0.00000000000000
3613	1283	-	22961	2329	19	ca3400df007611ad0d96968944fa19ddd3defbf0cd015648ef2fbad452ecc471	1	125	1	1	0	false	false	0	0	true	NA
3613	2329	+	24007	45685	19	8ecead05e97dd1022f9beb97e8c987cc11b5a3e0b502a270e9b67dedb3c3843f	1	95	19	19	1	true	false	0	0	true	0.180835913046310
3613	2329	-	24007	1283	24	ef17e31bcd728ec9c42495292d9f340cc516517811a1788cffa09c50b01e8ed4	1	2375	19	19	1	false	false	0	0	true	NA
3613	2955	+	24633	46311	17	fb7f8c6007765505fa2b346748ea0702e57f4cc902ebf92f8d8885e9f40b919a	1	25	1	1	0	true	false	0	0	true	0.00000000000000
3613	2955	-	24633	657	28	4af5ea39fa0f91918af7d7765298d1369dae29f571b4f64484490c4daff4db86	1	50875	407	11*37	2	false	false	0	0	true	NA
3623	361	+	22099	43837	15	e3638fa6b6183d014ad96b16f970a8034c15d8f43db4249bfcd7a5464af3b118	1	5	1	1	0	true	false	0	0	true	0.00000000000000
3623	361	-	22099	3261	23	db04532b4db2356c7a7813846aa2910c029ebfde619e5205514e14b2ddbd6d0e	1	1375	11	11	1	true	false	0	0	true	0.148766167479419
3623	3261	+	24999	46737	15	e3638fa6b6183d014ad96b16f970a8034c15d8f43db4249bfcd7a5464af3b118	1	5	1	1	0	true	false	0	0	true	0.00000000000000
3623	3261	-	24999	361	15	e3638fa6b6183d014ad96b16f970a8034c15d8f43db4249bfcd7a5464af3b118	1	5	1	1	0	false	false	0	0	true	NA
3631	761	+	22547	44333	24	b971cd6777b0179bfab3ed19cefd215f4409f1e13f4b14fbb135b9337d4e2b91	1	2375	19	19	1	true	false	0	0	true	0.182207011170479
3631	761	-	22547	2869	15	50bf8affedf262b2e94ef4238a1d697321df9d1b3e72e37b9f78cb1fca761234	1	5	1	1	0	false	false	0	0	true	NA
3631	2869	+	24655	46441	22	3ae11241c2f69f67e45c621727880800c8e73df5ce4146db7053d6aa18284ebb	1	625	1	1	0	true	false	0	0	true	0.00000000000000
3631	2869	-	24655	761	22	3ae11241c2f69f67e45c621727880800c8e73df5ce4146db7053d6aa18284ebb	1	625	1	1	0	false	false	0	0	true	NA
3697	745	+	22927	45109	15	266e9979b143c56b0502e3e10ec988800e67a83ab5c57f2d16f8a690f25951bc	1	5	1	1	0	true	false	0	0	true	0.00000000000000
3697	745	-	22927	2951	19	2e34dc1d02456cc1c70909e93484ea3d123b22801f377e1d836175f682224422	1	125	1	1	0	false	false	0	0	true	NA
3697	2951	+	25133	47315	22	6e8a860d280a43c6eca7b6e8d67879294f4f4a2656e9fa7f1922a3c9719b139e	1	625	1	1	0	true	false	0	0	true	0.00000000000000
3697	2951	-	25133	745	15	266e9979b143c56b0502e3e10ec988800e67a83ab5c57f2d16f8a690f25951bc	1	5	1	1	0	false	false	0	0	true	NA
3727	99	+	22461	44823	19	58d16366f1c7614011f58322e21e44cd57c2e6f6c9b8d525401b6b2a976a56f7	1	125	1	1	0	true	false	0	0	true	0.00000000000000
3727	99	-	22461	3627	15	a0a7b14e5e1c71817a0662fd5f5a8420b5a13f8d682259b168c8a85981e434ff	1	5	1	1	0	true	true	0	0	true	0.00000000000000
3727	868	+	23230	45592	17	107cf9d94713c9b3c2a96ed5cce926d4c0f452e5615a0c81d040c3f244e20887	1	25	1	1	0	true	false	0	0	true	0.00000000000000
3727	868	-	23230	2858	17	107cf9d94713c9b3c2a96ed5cce926d4c0f452e5615a0c81d040c3f244e20887	1	25	1	1	0	false	false	0	0	true	NA
3727	1011	+	23373	45735	15	a0a7b14e5e1c71817a0662fd5f5a8420b5a13f8d682259b168c8a85981e434ff	1	5	1	1	0	true	false	0	0	true	0.00000000000000
3727	1011	-	23373	2715	19	58d16366f1c7614011f58322e21e44cd57c2e6f6c9b8d525401b6b2a976a56f7	1	125	1	1	0	false	false	0	0	true	NA
3727	1294	+	23656	46018	29	47af85f39761cd2596beb0f74d002a5b34c8b8780cde20cb291508f411c70b61	1	116875	11	11	1	true	false	0	0	true	0.147503055511875
3727	1294	-	23656	2432	19	58d16366f1c7614011f58322e21e44cd57c2e6f6c9b8d525401b6b2a976a56f7	1	125	1	1	0	false	false	0	0	true	NA
3727	2432	+	24794	47156	29	2ad0ccc0d1cd64033d2dc1ba1ada92238f610a14102254de8668fc2d173441e9	1	120625	193	193	1	true	false	0	0	true	0.321922067886773
3727	2432	-	24794	1294	17	107cf9d94713c9b3c2a96ed5cce926d4c0f452e5615a0c81d040c3f244e20887	1	25	1	1	0	false	false	0	0	true	NA
3727	2715	+	25077	47439	15	a0a7b14e5e1c71817a0662fd5f5a8420b5a13f8d682259b168c8a85981e434ff	1	5	1	1	0	true	false	0	0	true	0.00000000000000
3727	2715	-	25077	1011	23	fa248b378c638aae7c966243c273c55221d321e5e6147a4c1202d6953f0baeca	1	2125	17	17	1	false	false	0	0	true	NA
3727	2858	+	25220	47582	22	08d1eced5fab245f6967aef103622043fab5dcc24388416faec890a1a86fa0a5	1	625	1	1	0	true	false	0	0	true	0.00000000000000
3727	2858	-	25220	868	22	08d1eced5fab245f6967aef103622043fab5dcc24388416faec890a1a86fa0a5	1	625	1	1	0	false	false	0	0	true	NA
3727	3627	+	25989	48351	23	fa248b378c638aae7c966243c273c55221d321e5e6147a4c1202d6953f0baeca	1	2125	1	1	0	true	false	0	0	true	0.00000000000000
3727	3627	-	25989	99	15	a0a7b14e5e1c71817a0662fd5f5a8420b5a13f8d682259b168c8a85981e434ff	1	5	1	1	0	false	false	0	0	true	NA
3733	698	+	23096	45494	22	b6a7fc4b6a52760617adc6d8e7f2d193e3fd887a6aa5e0ec90d733c8108f7bcd	1	625	1	1	0	true	false	0	0	true	0.00000000000000
3733	698	-	23096	3034	17	3aaa56d8270a149094c43adc415b759b7e0813f09b21df78cb73b6eb34fe8d4c	1	25	1	1	0	false	false	0	0	true	NA
3733	1036	+	23434	45832	25	3fa0cb4164994176212dd9a70bced096f18410698705d7d62a4fdcaa0e703646	1	4625	37	37	1	true	false	0	0	true	0.222363631541868
3733	1036	-	23434	2696	17	3aaa56d8270a149094c43adc415b759b7e0813f09b21df78cb73b6eb34fe8d4c	1	25	1	1	0	false	false	0	0	true	NA
3733	2696	+	25094	47492	17	3aaa56d8270a149094c43adc415b759b7e0813f09b21df78cb73b6eb34fe8d4c	1	25	1	1	0	true	false	0	0	true	0.00000000000000
3733	2696	-	25094	1036	22	b6a7fc4b6a52760617adc6d8e7f2d193e3fd887a6aa5e0ec90d733c8108f7bcd	1	625	1	1	0	false	false	0	0	true	NA
3733	3034	+	25432	47830	24	461ec52577cdd43f101ab65c46a78ab774bff6b07445f347f56ff69ddb82c548	1	3125	1	1	0	true	false	0	0	true	0.00000000000000
3733	3034	-	25432	698	17	3aaa56d8270a149094c43adc415b759b7e0813f09b21df78cb73b6eb34fe8d4c	1	25	1	1	0	false	false	0	0	true	NA
3779	568	+	23242	45916	20	28dd3298a5a8870ec17f958087a9911e5f502ff0c04074a49a10bacccc34c67c	1	275	11	11	1	true	false	0	0	true	0.147860813940919
3779	568	-	23242	3210	20	28dd3298a5a8870ec17f958087a9911e5f502ff0c04074a49a10bacccc34c67c	1	275	11	11	1	false	false	0	0	true	NA
3779	3210	+	25884	48558	22	2ee55b86cdf6f83774aded845f983e21160d0ce171b3c43754e72f5c47a66c81	1	625	1	1	0	true	false	0	0	true	0.00000000000000
3779	3210	-	25884	568	19	78fca39238cc57d03bfd14d94d18416b3a07cc728c2ad7433de346e94c23dfe6	1	125	1	1	0	false	false	0	0	true	NA
3797	1035	+	23817	46599	19	42f09a0fd92d2b3746f074cbee635f4679b816b2098cd0a7d6d1c99dddc30b51	1	125	1	1	0	true	false	0	0	true	0.00000000000000
3797	1035	-	23817	2761	19	42f09a0fd92d2b3746f074cbee635f4679b816b2098cd0a7d6d1c99dddc30b51	1	125	1	1	0	false	false	0	0	true	NA
3797	2761	+	25543	48325	26	4a8f4b22c7f554dfaff975c7bcb3f1dc62fa8d37172891254d04048d3ed84dc0	1	10625	1	1	0	true	false	0	0	true	0.00000000000000
3797	2761	-	25543	1035	23	b32d08cb6a93a0c3b72a24f8363d419d2313614e193aa213b6c8d06caee685e9	1	2125	17	17	1	false	false	0	0	true	NA
3821	241	+	23167	46093	19	e85b6493498b3317971e33c820a82694e19bbaa5d2bc7dca6efcad4f41c5cf9e	1	125	1	1	0	true	false	0	0	true	0.00000000000000
3821	241	-	23167	3579	19	e85b6493498b3317971e33c820a82694e19bbaa5d2bc7dca6efcad4f41c5cf9e	1	125	1	1	0	true	true	0	0	true	0.00000000000000
3821	3579	+	26505	49431	19	e85b6493498b3317971e33c820a82694e19bbaa5d2bc7dca6efcad4f41c5cf9e	1	125	1	1	0	true	false	0	0	true	0.00000000000000
3821	3579	-	26505	241	25	fd032bc5f1ea4bbf5cd077cc177becdf16442337322fc35ea4627a8370cde6b1	1	4625	37	37	1	false	false	0	0	true	NA
3833	565	+	23563	46561	17	59752fa9377ba34bf7a7c8ca7e12724f051eeea31501382ebf3c70a247c23506	1	25	1	1	0	true	false	0	0	true	0.00000000000000
3833	565	-	23563	3267	23	4cacd948535a11fdf42de66364481b6ddcc7279bdecba44f68714d068dd48e95	1	2125	17	17	1	false	false	0	0	true	NA
3833	3267	+	26265	49263	24	217ff0c3b55df91ff58192e5196c9ff3f6d69f0ba8710a7dc35b11e805b71b01	1	3875	31	31	1	true	false	0	0	true	0.208564358706691
3833	3267	-	26265	565	19	b2e8f1ab3b48182e655addb112dcc88674a7f0f916a5ab8dc842ca14cf69bbfc	1	125	1	1	0	false	false	0	0	true	NA
3847	883	+	23965	47047	19	b920bae13133c65a1bc454194f664a9f7c5c2a236fd4997e64ef39ce0c168816	1	125	1	1	0	true	false	0	0	true	0.00000000000000
3847	883	-	23965	2963	22	9246878ec4391b3e16a5c433282dd696922a3fb18cbab0630dc304715e442e5c	1	625	1	1	0	false	false	0	0	true	NA
3847	2963	+	26045	49127	19	b920bae13133c65a1bc454194f664a9f7c5c2a236fd4997e64ef39ce0c168816	1	125	1	1	0	true	false	0	0	true	0.00000000000000
3847	2963	-	26045	883	19	b920bae13133c65a1bc454194f664a9f7c5c2a236fd4997e64ef39ce0c168816	1	125	1	1	0	false	false	0	0	true	NA
3851	1185	+	24291	47397	15	da07580314824bbe11e1bf1f657970f60dd0a0495976fa1b85f4e314602d8bc8	1	5	1	1	0	true	false	0	0	true	0.00000000000000
3851	1185	-	24291	2665	19	dcf57d7b12f2b34f2fcbecba4a477d4e62da4d93ce859981b012edf40585d88c	1	125	1	1	0	false	false	0	0	true	NA
3851	2665	+	25771	48877	19	dcf57d7b12f2b34f2fcbecba4a477d4e62da4d93ce859981b012edf40585d88c	1	125	1	1	0	true	false	0	0	true	0.00000000000000
3851	2665	-	25771	1185	15	da07580314824bbe11e1bf1f657970f60dd0a0495976fa1b85f4e314602d8bc8	1	5	1	1	0	false	false	0	0	true	NA
3863	562	+	23740	46918	17	0548e5aebf2091d66aa96f366b0cd59b7dffe7f1fd5d3267c6f5c6efd1487084	1	25	1	1	0	true	false	0	0	true	0.00000000000000
3863	562	-	23740	3300	17	0548e5aebf2091d66aa96f366b0cd59b7dffe7f1fd5d3267c6f5c6efd1487084	1	25	1	1	0	false	false	0	0	true	NA
3863	3300	+	26478	49656	24	a95a40ad836fc0f162a5abb52a6f5b0ad899a98ae99d8ab50d342eabe73d8021	1	3125	1	1	0	true	false	0	0	true	0.00000000000000
3863	3300	-	26478	562	12	c09dd51e98f807bbf4e1608c309d9322168a8d9e41b8fffbe75d7271e38bbbb0	1	1	1	1	0	false	false	0	0	true	NA
3877	937	+	24199	47461	26	7a30bf8f6410582803f9ed55f10c1ef568a0983f243ad5e1ec2b1a7d94c12383	1	11875	19	19	1	true	false	0	0	true	0.180655659910397
3877	937	-	24199	2939	25	640751c39dba1015c5204152b74b065644d2ae6a1fe2d73ab627783ecefb638d	1	5605	1121	19*59	2	false	false	0	0	true	NA
3877	968	+	24230	47492	29	9e596d2ea7e7ea1eecd77108d948d240343382bfdda38c04c5e2467c9f846d19	1	122075	4883	19*257	2	true	false	0	0	true	0.521081542002748
3877	968	-	24230	2908	26	7a30bf8f6410582803f9ed55f10c1ef568a0983f243ad5e1ec2b1a7d94c12383	1	11875	19	19	1	false	false	0	0	true	NA
3877	2908	+	26170	49432	22	18d90e0e93c8138cdacd01596913ec5d7a85eb2428a9678f8980cf30c99ad6a3	1	625	1	1	0	true	false	0	0	true	0.00000000000000
3877	2908	-	26170	968	22	18d90e0e93c8138cdacd01596913ec5d7a85eb2428a9678f8980cf30c99ad6a3	1	625	1	1	0	false	false	0	0	true	NA
3877	2939	+	26201	49463	22	18d90e0e93c8138cdacd01596913ec5d7a85eb2428a9678f8980cf30c99ad6a3	1	625	1	1	0	true	false	0	0	true	0.00000000000000
3877	2939	-	26201	937	15	4b8c4bc58c87b739763ddb9cabbae0e9a4f83f1533cfa4bb4ed0741dda7555b0	1	5	1	1	0	false	false	0	0	true	NA
3907	579	+	24021	47463	22	c8fa8abfdc93c258013705c526170f4d74bf69f2bc7edd48f89353c776e26b9e	1	625	1	1	0	true	false	0	0	true	0.00000000000000
3907	579	-	24021	3327	23	ddab3469212221f160816c22a4251e585d0e1a9395436d07795a09d5559a7cf5	1	1375	11	11	1	false	false	0	0	true	NA
3907	3327	+	26769	50211	19	7b63aa4f123205008ec6831d7e6d811f50475190ab4e34422e2ae858dfd05c28	1	125	1	1	0	true	false	0	0	true	0.00000000000000
3907	3327	-	26769	579	15	ec0bade9ee7d01bd95281fc74d1d78dd15d8b622f50c17700855440025f8ec13	1	5	1	1	0	false	false	0	0	true	NA
3917	1274	+	24776	48278	22	9c8fe694387decaf77580bcd0c9e67ff66e23de2dc10b01e5f6a2aea04b0884f	1	625	1	1	0	true	false	0	0	true	0.00000000000000
3917	1274	-	24776	2642	17	d75c4ed2798081979756b2ef09e268c9123e5d171e1381641570b8f493858c33	1	25	1	1	0	false	false	0	0	true	NA
3917	2642	+	26144	49646	17	d75c4ed2798081979756b2ef09e268c9123e5d171e1381641570b8f493858c33	1	25	1	1	0	true	false	0	0	true	0.00000000000000
3917	2642	-	26144	1274	17	146ef896082828d9328a5647fb419e2dd36df4dcfacac6366d358c05a1968520	1	19	19	19	1	false	false	0	0	true	NA
3923	1084	+	24622	48160	21	c70daa6432407fdaca6466df81291f6a4e9f65e12efae8a69071bb8855e8cf87	1	425	1	1	0	true	false	0	0	true	0.00000000000000
3923	1084	-	24622	2838	25	0638f75000f4e9e31a6b2662f0d38c5419773d6dcc4134599cffc82ed7f563fa	1	4675	187	11*17	2	false	false	0	0	true	NA
3923	2838	+	26376	49914	22	f95494262321a469d4e2800cc557576e3184b39ae7c68a359a1039d63a20c09b	1	925	37	37	1	true	false	0	0	true	0.219253713802528
3923	2838	-	26376	1084	22	8e9dc3e8577ec10041e2a659ce69fa148cecdadd8b9f8662da54acbd9917f3b5	1	625	1	1	0	false	false	0	0	true	NA
3929	1865	+	25439	49013	19	a155e289884922a97fb26399b3395748398ddcc7f64b462e58f2eb2008bbbda1	1	125	1	1	0	true	false	0	0	true	0.00000000000000
3929	1865	-	25439	2063	19	a155e289884922a97fb26399b3395748398ddcc7f64b462e58f2eb2008bbbda1	1	125	1	1	0	false	false	0	0	true	NA
3929	2063	+	25637	49211	23	6bf8fbae228209e6304fe30e671710b9685616b0073fd0ae1666cf2e1d24be46	1	2125	1	1	0	true	false	0	0	true	0.00000000000000
3929	2063	-	25637	1865	15	ef9dac5451c6dd31d656f38f39db1cf98ecedcf4209691c1bca5936d4fd6a30b	1	5	1	1	0	false	false	0	0	true	NA
3943	1313	+	24971	48629	15	d30e26ff1ddae5f236ac2ca9dadf6d0db7b0ad43eb3d24c35f62a1534df2cfbc	1	5	1	1	0	true	false	0	0	true	0.00000000000000
3943	1313	-	24971	2629	15	d30e26ff1ddae5f236ac2ca9dadf6d0db7b0ad43eb3d24c35f62a1534df2cfbc	1	5	1	1	0	false	false	0	0	true	NA
3943	2629	+	26287	49945	20	ef3fe74eecad0e572fd126f600ff959525e3d3d99187804f553924d04b382d91	1	185	37	37	1	true	false	0	0	true	0.219310304304427
3943	2629	-	26287	1313	17	6233ff2c86e52d7f711c32526b617448f65dfd754e84e274a3f534f2a84d8317	1	25	1	1	0	false	false	0	0	true	NA
4001	1113	+	25119	49125	19	a58edece47993940166a95a96bafbaf3cef61818cdb83efa050215e3d02490ce	1	125	1	1	0	true	false	0	0	true	0.00000000000000
4001	1113	-	25119	2887	15	405cb1216f1064fe93ff76d45c1d6348c9a5dba6fc6e4e147ca2eb7c364a61fd	1	5	1	1	0	false	false	0	0	true	NA
4001	2887	+	26893	50899	19	a58edece47993940166a95a96bafbaf3cef61818cdb83efa050215e3d02490ce	1	125	1	1	0	true	false	0	0	true	0.00000000000000
4001	2887	-	26893	1113	24	f227f5341d5d170a75f2816684e264a0192e276dd914b36506b5d354733b7463	1	3125	1	1	0	false	false	0	0	true	NA
4013	1866	+	25944	50022	25	c0466c93524b0845325762df6c63b98373ab0cbfd8f972765b1feb465d128c94	1	4675	11	11	1	true	false	0	0	true	0.145883685846592
4013	1866	-	25944	2146	17	b67f6b32dc5c3adbfafc43c21549a43d7038996393e1ebcd356242c76732a030	1	25	1	1	0	false	false	0	0	true	NA
4013	2146	+	26224	50302	22	f369163282d868858a19a685f9ed2bc0d5544cde67354e486b6bc41940708e88	1	925	37	37	1	true	false	0	0	true	0.219310304304427
4013	2146	-	26224	1866	17	b67f6b32dc5c3adbfafc43c21549a43d7038996393e1ebcd356242c76732a030	1	25	1	1	0	false	false	0	0	true	NA
4019	212	+	24326	48440	19	5c4ad2a3aec8bfce5127c95b6432491f79e0735e48a65ad7dea4d40652060c3f	1	125	1	1	0	true	false	0	0	true	0.00000000000000
4019	212	-	24326	3806	32	b412e946a1a31dd3f346b38b441605a5f9f1c429e4453a144508524ec2f50b72	1	653125	209	11*19	2	true	true	0	0	true	0.327431432156400
4019	3806	+	27920	52034	22	ca34369669fd4bf038c2b314547d6233402ee10d0a9fda86c03fcd72c31db686	1	625	1	1	0	true	false	0	0	true	0.00000000000000
4019	3806	-	27920	212	17	3aa031059143f3a3b90e0fb83faac95e5f645c764c4b96418c09ac6c4eafe4e7	1	25	1	1	0	false	false	0	0	true	NA
4021	1380	+	25506	49632	25	2571f8577629963f3e00f5e2e7bca8b85fe56a795d060318927f1d1828259c5d	1	4825	193	193	1	true	false	0	0	true	0.320702337618399
4021	1380	-	25506	2640	17	ac2517be796a2bd535c4a52955b12ea05607d9a1d98f0c656886f31f3c639d4e	1	25	1	1	0	false	false	0	0	true	NA
4021	2640	+	26766	50892	27	a65896ce5cd2123321f7bd4a07d0ad94e576034231de8ca46e30db8968925557	1	23125	37	37	1	true	false	0	0	true	0.218806297791592
4021	2640	-	26766	1380	22	2518e140f7fe2853dce7138607eddc7beca2134ba9c609dad1937e762d8028da	1	625	1	1	0	false	false	0	0	true	NA
4027	418	+	24580	48742	17	2d09baf93f6e1b79d80c88d1bc7afd05b848a7e29bd728e34d1d9c80dcd792c4	1	25	1	1	0	true	false	0	0	true	0.00000000000000
4027	418	-	24580	3608	27	4de0fb0929a65e50a8b3856db64a680f8ac7ab8aa2757256c4901dd407d6adc6	1	23125	37	37	1	true	false	0	0	true	0.221111886449457
4027	3608	+	27770	51932	17	2d09baf93f6e1b79d80c88d1bc7afd05b848a7e29bd728e34d1d9c80dcd792c4	1	25	1	1	0	true	false	0	0	true	0.00000000000000
4027	3608	-	27770	418	21	01a99d0f30acdd2bee22497b64273f8a7f8e211a789f71f51329cbf5473fbd42	1	275	11	11	1	false	false	0	0	true	NA
4049	1547	+	25841	50135	19	9218dcbb27c29a6141076568f4d00f2b99798b75822e1fdd001ce5ac758467f8	1	125	1	1	0	true	false	0	0	true	0.00000000000000
4049	1547	-	25841	2501	15	b528a7dbbaeff8165a1850e4d2352cdfa2511c34c0ea201855fa53d33650833f	1	5	1	1	0	false	false	0	0	true	NA
4049	2501	+	26795	51089	24	22d447975ef885592033a4614868d1507fc577fce9d052c895b815865009205a	1	2125	1	1	0	true	false	0	0	true	0.00000000000000
4049	2501	-	26795	1547	17	1a92f89ad65a462803f72a52e319954fc3d5cf0182156d6ba693ec272bebf7ef	1	25	1	1	0	false	false	0	0	true	NA
4057	481	+	24823	49165	19	35929480ba687826baed1c80f5a69bc04c6f0aea8d695f02b425e4242c629a46	1	125	1	1	0	true	false	0	0	true	0.00000000000000
4057	481	-	24823	3575	19	35929480ba687826baed1c80f5a69bc04c6f0aea8d695f02b425e4242c629a46	1	125	1	1	0	true	false	0	0	true	0.00000000000000
4057	1469	+	25811	50153	28	e09edd771423eb3c64390a2e738dd214959c7c329088d323a08b00944d78de49	1	34375	11	11	1	true	false	0	0	true	0.145970091474271
4057	1469	-	25811	2587	15	ee973b132b5241ce5d8dbe6bb6a7d6dd5890efca7f2c4b6caca283c264f7a824	1	5	1	1	0	false	false	0	0	true	NA
4057	2587	+	26929	51271	19	35929480ba687826baed1c80f5a69bc04c6f0aea8d695f02b425e4242c629a46	1	125	1	1	0	true	false	0	0	true	0.00000000000000
4057	2587	-	26929	1469	19	35929480ba687826baed1c80f5a69bc04c6f0aea8d695f02b425e4242c629a46	1	125	1	1	0	false	false	0	0	true	NA
4057	3575	+	27917	52259	24	62bdfe7ddeec46e8fcb46e47cc4a8f76f1579a0c5f0995c2a29a87c3d190543c	1	3125	1	1	0	true	false	0	0	true	0.00000000000000
4057	3575	-	27917	481	19	35929480ba687826baed1c80f5a69bc04c6f0aea8d695f02b425e4242c629a46	1	125	1	1	0	false	false	0	0	true	NA
4091	1100	+	25646	50192	26	125d9a8934a2ee7683acee342260848d97e5779c695bdd9144c2340f73ed2e02	1	10625	1	1	0	true	false	0	0	true	0.00000000000000
4091	1100	-	25646	2990	17	a5c0bbcaf767e8f2095758416ebb1699eb6423de423b19d38e4c30c3466fcb41	1	25	1	1	0	false	false	0	0	true	NA
4091	2990	+	27536	52082	28	af1ccbe31a6b1292d5c9bf1f6c490e57a170b37308cf21df8696bf1a6a3a80d2	1	53125	1	1	0	true	false	0	0	true	0.00000000000000
4091	2990	-	27536	1100	21	520dc3e36abde8c9fd7a4a472613f10e75f02b0c1d787650d58717140ed6f547	1	425	17	17	1	false	false	0	0	true	NA
4111	1267	+	25933	50599	23	65b8bf437af891d8281464573542440f25934859efb2c4438498309ab2e5b4c9	1	1375	11	11	1	true	false	0	0	true	0.145883685846592
4111	1267	-	25933	2843	25	88430a7d1e6c0a2ac512dbc053e6bd51c2900579c1b8117ecf155348dafc4d7b	1	6875	11	11	1	false	false	0	0	true	NA
4111	2843	+	27509	52175	19	9eff58c356dda9f7db7e7f8e91ac01fa0b8ee97d022bc57b8ab2dce32e5e8c32	1	125	1	1	0	true	false	0	0	true	0.00000000000000
4111	2843	-	27509	1267	15	fcab7fcc2b4cffd9bb45003bfc2e468a04ef6f77ca8200a7341f027631584d25	1	5	1	1	0	false	false	0	0	true	NA
4153	811	+	25729	50647	19	a6b78fd6806c8f6527750a743fc90c201e29d3a3dbd11147c9a57edcb4c4fb21	1	125	1	1	0	true	false	0	0	true	0.00000000000000
4153	811	-	25729	3341	19	a6b78fd6806c8f6527750a743fc90c201e29d3a3dbd11147c9a57edcb4c4fb21	1	125	1	1	0	false	false	0	0	true	NA
4153	903	+	25821	50739	24	557b80cc04281372a085af645fdf74b049ed38820c6e3ea49b7249f72e8a9950	1	2375	19	19	1	true	false	0	0	true	0.179240533147953
4153	903	-	25821	3249	15	a781cf1231e7af836be03e386ed26f576d9f930beee4e9c28372351e6cf1da10	1	5	1	1	0	false	false	0	0	true	NA
4153	3249	+	28167	53085	19	a6b78fd6806c8f6527750a743fc90c201e29d3a3dbd11147c9a57edcb4c4fb21	1	125	1	1	0	true	false	0	0	true	0.00000000000000
4153	3249	-	28167	903	19	a6b78fd6806c8f6527750a743fc90c201e29d3a3dbd11147c9a57edcb4c4fb21	1	125	1	1	0	false	false	0	0	true	NA
4153	3341	+	28259	53177	15	a781cf1231e7af836be03e386ed26f576d9f930beee4e9c28372351e6cf1da10	1	5	1	1	0	true	false	0	0	true	0.00000000000000
4153	3341	-	28259	811	24	b6c08b12fe6bb3a669b6897fea63659dd5a4abe85110dcb14a27016b1bcebeaa	1	2125	17	17	1	false	false	0	0	true	NA
4157	1795	+	26737	51679	26	3a105605d120e639aa3583a08e972021ac25015472a5b627a7656d2abb5a4c96	1	10625	1	1	0	true	false	0	0	true	0.00000000000000
4157	1795	-	26737	2361	22	2eb76de716e3bb95a21469d2364c38bd2fdb9ee41e12ab940c25d67e91caf915	1	625	1	1	0	false	false	0	0	true	NA
4157	2361	+	27303	52245	19	bf259c8d5bb96648f8e774a5585551780cebead41fe404257ffc4630525ce8b1	1	125	1	1	0	true	false	0	0	true	0.00000000000000
4157	2361	-	27303	1795	20	b33254ffc1dbda42918ef8d0ee147e35f6781e77c969a4b599de120ab95d44ca	1	185	37	37	1	false	false	0	0	true	NA
4159	810	+	25764	50718	22	7be30de51208c3d0f53c7532faed0a6a649d85e7c72c6aa885b08ccc3e718628	1	625	1	1	0	true	false	0	0	true	0.00000000000000
4159	810	-	25764	3348	22	7be30de51208c3d0f53c7532faed0a6a649d85e7c72c6aa885b08ccc3e718628	1	625	1	1	0	false	false	0	0	true	NA
4159	3348	+	28302	53256	17	9bef194cbf625d1d539dfb01fce51e2ab8a9cdf892bdcf216f24c50d68429629	1	25	1	1	0	true	false	0	0	true	0.00000000000000
4159	3348	-	28302	810	17	9bef194cbf625d1d539dfb01fce51e2ab8a9cdf892bdcf216f24c50d68429629	1	25	1	1	0	false	false	0	0	true	NA
4177	698	+	25760	50822	22	b07181e56f9352ba4743f8afd007c122a364e389394a4fcd2ed72711414073f6	1	625	1	1	0	true	false	0	0	true	0.00000000000000
4177	698	-	25760	3478	17	d04948606fb928a0085a8d9737bfdcce575b6e21b4c56f95149a3d2aed93126b	1	25	1	1	0	false	false	0	0	true	NA
4177	3478	+	28540	53602	17	d04948606fb928a0085a8d9737bfdcce575b6e21b4c56f95149a3d2aed93126b	1	25	1	1	0	true	false	0	0	true	0.00000000000000
4177	3478	-	28540	698	17	d04948606fb928a0085a8d9737bfdcce575b6e21b4c56f95149a3d2aed93126b	1	25	1	1	0	false	false	0	0	true	NA
4201	138	+	25344	50550	21	61b1335b26503f06088e0e7462819c10472e1159d474c43e653d5da381fd2e72	1	275	11	11	1	true	false	0	0	true	0.146301305203897
4201	138	-	25344	4062	17	5b6cd45b4c9d88a2a4ca0c1c43c023b6e6f2430bb779bf15f93b899772cc934b	1	25	1	1	0	true	true	0	0	true	0.00000000000000
4201	4062	+	29268	54474	17	5b6cd45b4c9d88a2a4ca0c1c43c023b6e6f2430bb779bf15f93b899772cc934b	1	25	1	1	0	false	false	0	0	true	NA
4201	4062	-	29268	138	20	fc218ef8981d4e9a1608891cd8502d6ce030931c4b7002d7c062698612c92df0	1	125	1	1	0	false	false	0	0	true	NA
4229	1020	+	26394	51768	25	27e53ff77a17ef5a6874fbfa66c88e20d4a1798112681cdf99208dbb44d0ffd9	1	6875	11	11	1	true	false	0	0	true	0.145552553815510
4229	1020	-	26394	3208	25	27e53ff77a17ef5a6874fbfa66c88e20d4a1798112681cdf99208dbb44d0ffd9	1	6875	11	11	1	false	false	0	0	true	NA
4229	3208	+	28582	53956	25	27e53ff77a17ef5a6874fbfa66c88e20d4a1798112681cdf99208dbb44d0ffd9	1	6875	11	11	1	true	false	0	0	true	0.144164154352998
4229	3208	-	28582	1020	21	dc3f0cbf31387c870c0c3733d23aef20a4786a9b70d0db13d090ac48300aab07	1	425	17	17	1	false	false	0	0	true	NA
4273	431	+	26069	51707	26	bb84cb58c69ff473dcacabecda489ecd2015e71a70aebdeb03d650452334500a	1	15625	1	1	0	true	false	0	0	true	0.00000000000000
4273	431	-	26069	3841	28	aec870febaf259d07a0939109024ec014df0c04f60b38239be19e3aa9169213f	1	53125	17	17	1	true	false	0	0	true	0.172266185793960
4273	3841	+	29479	55117	19	f79fb3a33ea636a8362e95a9f2b1b35cc34fb45dd4a9fc2e19c6159b4a46037e	1	95	19	19	1	true	false	0	0	true	0.176379631815376
4273	3841	-	29479	431	21	a43b823d277b0cb709156f5041d37f65be9718f6b6b7f6b2e85bbefaa95f6917	1	305	61	61	1	false	false	0	0	true	NA
4283	18	+	25716	51414	30	b53edfbd5d4c9acac09de515f13f0b489bc3189474dd3528adac5b37026a4eea	1	171875	11	11	1	true	false	0	0	true	0.146037658914080
4283	18	-	25716	4264	17	3463810b85b27b522061599574689a3b95fc080662ec27b97b8d5bed785a19d7	1	25	1	1	0	true	true	0	0	true	0.00000000000000
4283	4264	+	29962	55660	17	3463810b85b27b522061599574689a3b95fc080662ec27b97b8d5bed785a19d7	1	25	1	1	0	false	false	0	0	true	NA
4283	4264	-	29962	18	17	3463810b85b27b522061599574689a3b95fc080662ec27b97b8d5bed785a19d7	1	25	1	1	0	false	false	0	0	true	NA
4297	177	+	25959	51741	30	2e4549c175ee3f739e2e07d31425fed59aad3b3a84decf6a9b9a3cc4cf0c4d84	1	171875	11	11	1	true	false	0	0	true	0.145883685846592
4297	177	-	25959	4119	23	818d46a4cb67b60faa25f9888f3e47b4fdec7a878172ef10c3d0a055d962560c	1	1375	11	11	1	true	true	0	0	true	0.145883685846592
4297	1937	+	27719	53501	20	4f1840aa479241fe7401dbbad734402a646fd208c9e5f7b3983b3594af373816	1	125	1	1	0	true	false	0	0	true	0.00000000000000
4297	1937	-	27719	2359	20	4f1840aa479241fe7401dbbad734402a646fd208c9e5f7b3983b3594af373816	1	125	1	1	0	false	false	0	0	true	NA
4297	2359	+	28141	53923	20	4f1840aa479241fe7401dbbad734402a646fd208c9e5f7b3983b3594af373816	1	125	1	1	0	true	false	0	0	true	0.00000000000000
4297	2359	-	28141	1937	20	fa8d7b50cd7319b5b817323af0bd9f686eb1c296e560b4a1a4ec7f5ae97f591f	1	205	41	41	1	false	false	0	0	true	NA
4297	4119	+	29901	55683	20	4f1840aa479241fe7401dbbad734402a646fd208c9e5f7b3983b3594af373816	1	125	1	1	0	true	false	0	0	true	0.00000000000000
4297	4119	-	29901	177	18	462fbe91ff724d259a4be32d6b9911b4878ef2ce9c57f0c228c53718e4bd17ad	1	55	11	11	1	false	false	0	0	true	NA
4339	446	+	26480	52514	17	08ff2f93e427490309101f6a90de620d16880809434def99ef864799005e00c2	1	25	1	1	0	true	false	0	0	true	0.00000000000000
4339	446	-	26480	3892	22	3880069845a3afc7b7cb23b82164c89a42256cbf7c538abe5cbe840802b10fbc	1	625	1	1	0	true	false	0	0	true	0.00000000000000
4339	3892	+	29926	55960	21	0b6b713476571ceda701be467a51a9d7b3c58c14b5999f4b441730d2127836dc	1	275	11	11	1	true	false	0	0	true	0.143373475228077
4339	3892	-	29926	446	17	08ff2f93e427490309101f6a90de620d16880809434def99ef864799005e00c2	1	25	1	1	0	false	false	0	0	true	NA
4349	342	+	26436	52530	25	bf1e5cf46ee78f7c04ce637065b5c10eee411486b45a693e741a7b0223bdcc2e	1	6875	11	11	1	true	false	0	0	true	0.145552553815510
4349	342	-	26436	4006	22	f8962e4a0c83286ef8f7d84284342810701158ad4cd3694877498ff9d06aa3d8	1	625	1	1	0	true	false	0	0	true	0.00000000000000
4349	4006	+	30100	56194	17	3e315f9ae6b604d90dfe15f8ceff9863fc7c83d8454b60b1919172e3ae125881	1	25	1	1	0	false	false	0	0	true	NA
4349	4006	-	30100	342	17	3e315f9ae6b604d90dfe15f8ceff9863fc7c83d8454b60b1919172e3ae125881	1	25	1	1	0	false	false	0	0	true	NA
4357	1925	+	28067	54209	24	d26f1f465aac0c5fe09e887510d126964ef72e703a6dc6cd73823d434ba81618	1	3125	1	1	0	true	false	0	0	true	0.00000000000000
4357	1925	-	28067	2431	22	78b5eefb390937826cad1be8647295926c09e70222001ca4fe951ee81e493e45	1	625	1	1	0	false	false	0	0	true	NA
4357	2431	+	28573	54715	20	debfbca12101b4668f1a081295d506d35d7637e25ce54e973e03a9b7574f5da1	1	125	1	1	0	true	false	0	0	true	0.00000000000000
4357	2431	-	28573	1925	15	be0e2ead781b87951b258a6ab786546dcfb58c90de8f7e6bd62154b84347f64e	1	5	1	1	0	false	false	0	0	true	NA
4373	122	+	26360	52598	17	6d7c3a87f8fb06b58b53ddeb4dbcb3b040e53cf180cbf472c6c75b4dabdc96e8	1	25	1	1	0	true	false	0	0	true	0.00000000000000
4373	122	-	26360	4250	17	6d7c3a87f8fb06b58b53ddeb4dbcb3b040e53cf180cbf472c6c75b4dabdc96e8	1	25	1	1	0	true	true	0	0	true	0.00000000000000
4373	2169	+	28407	54645	15	11575c2ffc0d754d34971c0598db7372adee0342babec03541445c1c49a5ac3e	1	5	1	1	0	true	false	0	0	true	0.00000000000000
4373	2169	-	28407	2203	22	fb33fa570a5d4e1eee58c845f9c70c93ad07be8d8d441df10dd417197f29d6d8	1	625	1	1	0	false	false	0	0	true	NA
4373	2203	+	28441	54679	19	8e5cbc21905dafb2b8c5caab22a5132ed69277b44aea53b5e1f88e0592e1adc9	1	85	1	1	0	true	false	0	0	true	0.00000000000000
4373	2203	-	28441	2169	22	fb33fa570a5d4e1eee58c845f9c70c93ad07be8d8d441df10dd417197f29d6d8	1	625	1	1	0	false	false	0	0	true	NA
4373	4250	+	30488	56726	26	6f0ee1a6c540de6459d44ce042f8cee4d752edfff52037710bb17f8c8a47e83c	1	11875	19	19	1	true	false	0	0	true	0.175692181275675
4373	4250	-	30488	122	21	48be1d2e3d1917daf104e799a0f537c853c86558f8f10e30983677acb3a8dfc4	1	323	323	17*19	2	false	false	0	0	true	NA
4441	970	+	27616	54262	20	cbf8444b4591b8cc434e9924044b48421c2c16ecc58128ffff21c820d448e939	1	125	1	1	0	true	false	0	0	true	0.00000000000000
4441	970	-	27616	3470	20	cbf8444b4591b8cc434e9924044b48421c2c16ecc58128ffff21c820d448e939	1	125	1	1	0	false	false	0	0	true	NA
4441	3470	+	30116	56762	22	3578e75bf93e52bbe91c265f262a47a85a6486de38b8210e1d2083dc6e8a9d96	1	475	19	19	1	true	false	0	0	true	0.175837166489065
4441	3470	-	30116	970	24	c36c73e771b86df8fe512b102cce79afd708e599a8214fc53ef2f280dd4eb0df	1	2125	17	17	1	false	false	0	0	true	NA
4447	156	+	26838	53520	17	e7def446a11065e0e20556c1da0f6f1cbfd787c0081ce5acd3b6bf9376d216b4	1	25	1	1	0	true	false	0	0	true	0.00000000000000
4447	156	-	26838	4290	22	d28038140de0f366e6f6f22ea311c577640dedf988b9aa83c61251ac5cead16d	1	625	1	1	0	true	true	0	0	true	0.00000000000000
4447	4290	+	30972	57654	22	d28038140de0f366e6f6f22ea311c577640dedf988b9aa83c61251ac5cead16d	1	625	1	1	0	false	false	0	0	true	NA
4447	4290	-	30972	156	22	d28038140de0f366e6f6f22ea311c577640dedf988b9aa83c61251ac5cead16d	1	625	1	1	0	false	false	0	0	true	NA
4451	947	+	27653	54359	22	9d18d2b08552693cbf26ea4467fb4e97bf26ebbe8a9d77d28592dc8b10c9065b	1	625	1	1	0	true	false	0	0	true	0.00000000000000
4451	947	-	27653	3503	23	2ce0e13977db84c811960147845c33ca8a9e3e1606341c6f997eda0683bca1bd	1	1375	11	11	1	false	false	0	0	true	NA
4451	3503	+	30209	56915	24	2b8bcee64eb83bec9ff67f7f23d9ef111316d6943116bf212b9aca78d56d96c1	1	3125	1	1	0	true	false	0	0	true	0.00000000000000
4451	3503	-	30209	947	15	e8bc2a8089a89d66e5a7a19d98178413758f9203a25f7740d9bd659878597906	1	5	1	1	0	false	false	0	0	true	NA
4481	1736	+	28622	55508	22	63ac6e781a06bd28ec5a02430ebea6dc28aeaf72e241e4c4013670757436be9b	1	475	19	19	1	true	false	0	0	true	0.177022975227838
4481	1736	-	28622	2744	25	6fba0063275dde67404662c3ec436e5c8bedad0958bc834ffb1a0f5f5dbe4420	1	5225	209	11*19	2	false	false	0	0	true	NA
4481	2744	+	29630	56516	17	6df83c760382e7826affafa151ce6e2119864b1905231e5a4157a841f4da1505	1	25	1	1	0	true	false	0	0	true	0.00000000000000
4481	2744	-	29630	1736	17	6df83c760382e7826affafa151ce6e2119864b1905231e5a4157a841f4da1505	1	25	1	1	0	false	false	0	0	true	NA
4483	1890	+	28788	55686	20	b84ab265779e00794c6ce7d277dbf10c937827aefcca055f48faac4e63a7ba0f	1	125	1	1	0	true	false	0	0	true	0.00000000000000
4483	1890	-	28788	2592	17	d2016313a94de6c8b53fc981aa0b9176f620825e1f593b6f56a350da2ee4fe92	1	25	1	1	0	false	false	0	0	true	NA
4483	2592	+	29490	56388	17	d2016313a94de6c8b53fc981aa0b9176f620825e1f593b6f56a350da2ee4fe92	1	25	1	1	0	true	false	0	0	true	0.00000000000000
4483	2592	-	29490	1890	17	d2016313a94de6c8b53fc981aa0b9176f620825e1f593b6f56a350da2ee4fe92	1	25	1	1	0	false	false	0	0	true	NA
4513	398	+	27476	54554	20	29e7981c9158785ac2d7f29e25c3290a970fb9f374e6e21f54b16997b08a14a9	1	125	1	1	0	true	false	0	0	true	0.00000000000000
4513	398	-	27476	4114	17	312a61b1a323ebda60bdddb7d169ef6d3a04ccd16fd0f751ef09e54f1eb3079b	1	25	1	1	0	true	false	0	0	true	0.00000000000000
4513	877	+	27955	55033	28	05f8470bbc5dfca6370a50b65a562b5d5868cf09f96e94f400ee9433d189b81d	1	59375	19	19	1	true	false	0	0	true	0.177497746525949
4513	877	-	27955	3635	19	c1098dc274258ce3b83814e4237e88a9dcaa049489885ba3ff03d0e57bad63ed	1	95	19	19	1	false	false	0	0	true	NA
4513	3635	+	30713	57791	22	651c56569753e10449ed118568acf7c97c84dffba4cb705fcecdc5559b6b1ef2	1	625	1	1	0	true	false	0	0	true	0.00000000000000
4513	3635	-	30713	877	15	2ca1ee3f15428996845bef9e5c407de689d825e762a000f8836bec76e51447d2	1	5	1	1	0	false	false	0	0	true	NA
4513	4114	+	31192	58270	26	fb54f3f46d0f19defdb7c026a5d60b7948793385a859e6e94137454eb70c211e	1	11875	19	19	1	true	false	0	0	true	0.175217684360252
4513	4114	-	31192	398	17	312a61b1a323ebda60bdddb7d169ef6d3a04ccd16fd0f751ef09e54f1eb3079b	1	25	1	1	0	false	false	0	0	true	NA
4523	332	+	27470	54608	22	bf73e2a103e4a699730ee723792cefa60b54ed064e46fdd86b85ceddf3fc65f1	1	625	1	1	0	true	false	0	0	true	0.00000000000000
4523	332	-	27470	4190	22	bf73e2a103e4a699730ee723792cefa60b54ed064e46fdd86b85ceddf3fc65f1	1	625	1	1	0	true	false	0	0	true	0.00000000000000
4523	4190	+	31328	58466	22	65b84ef483be4c23365f68be7d745ce7ef0b29d37524efcd5e6b37499f0601d1	1	475	19	19	1	true	false	0	0	true	0.175105764348379
4523	4190	-	31328	332	17	d1db2a10c205dd06c4dac875b2134133e438eb5ddba5be8c27f4b234c9ccf167	1	25	1	1	0	false	false	0	0	true	NA
4549	1445	+	28739	56033	15	f8d02c54686b34c4f915d0593e8039912abbbf63f00cf660b609b1daee4bd516	1	5	1	1	0	true	false	0	0	true	0.00000000000000
4549	1445	-	28739	3103	15	f8d02c54686b34c4f915d0593e8039912abbbf63f00cf660b609b1daee4bd516	1	5	1	1	0	false	false	0	0	true	NA
4549	3103	+	30397	57691	24	707e9102692a1560958d11f1d3436f88219b5613d47d62183d99dcb43f44d194	1	2375	19	19	1	true	false	0	0	true	0.175730722810862
4549	3103	-	30397	1445	20	fb4c871a1ec746c03a9bbcc292859a1376cf229cdc79449c26e44607d0a8aae6	1	125	1	1	0	false	false	0	0	true	NA
4567	222	+	27624	55026	17	feafee684670eed74f8d47674a66d732bd83bb088142bb01edd609fcddb9dfe4	1	25	1	1	0	true	false	0	0	true	0.00000000000000
4567	222	-	27624	4344	17	feafee684670eed74f8d47674a66d732bd83bb088142bb01edd609fcddb9dfe4	1	25	1	1	0	true	true	0	0	true	0.00000000000000
4567	4344	+	31746	59148	17	feafee684670eed74f8d47674a66d732bd83bb088142bb01edd609fcddb9dfe4	1	25	1	1	0	true	false	0	0	true	0.00000000000000
4567	4344	-	31746	222	17	feafee684670eed74f8d47674a66d732bd83bb088142bb01edd609fcddb9dfe4	1	25	1	1	0	false	false	0	0	true	NA
4583	77	+	27575	55073	20	86fa2a4dab98222de098b52a2bb63602500aa9704020064f761eb2d2d0292649	1	125	1	1	0	true	false	0	0	true	0.00000000000000
4583	77	-	27575	4505	20	86fa2a4dab98222de098b52a2bb63602500aa9704020064f761eb2d2d0292649	1	125	1	1	0	true	true	0	0	true	0.00000000000000
4583	4505	+	32003	59501	20	86fa2a4dab98222de098b52a2bb63602500aa9704020064f761eb2d2d0292649	1	125	1	1	0	false	false	0	0	true	NA
4583	4505	-	32003	77	15	3b8ae6d7654ff92465f56f8fe73b33c48e6be33612e9c8c83323077bae77c0ce	1	5	1	1	0	false	false	0	0	true	NA
4639	529	+	28363	56197	19	342039d58674a5181eb24ca97fab25a51fd62e4b80008ed44c45ca4641b8b286	1	95	19	19	1	true	false	0	0	true	0.177200796271609
4639	529	-	28363	4109	24	519de6140dc5314db548f1ecd2315fd83cbf812c1e9adb439343598eedd75dad	1	2125	17	17	1	true	false	0	0	true	0.170507069131464
4639	1773	+	29607	57441	22	fe71b12c4caf80ded83e966569c41f5d3014fb2e97ca1f220b7320f1209a1078	1	625	1	1	0	true	false	0	0	true	0.00000000000000
4639	1773	-	29607	2865	15	6513b23fb582ce444830841c2145e5cd47e4d72c2dbf5712737712d8fc5ba75d	1	5	1	1	0	false	false	0	0	true	NA
4639	2865	+	30699	58533	15	6513b23fb582ce444830841c2145e5cd47e4d72c2dbf5712737712d8fc5ba75d	1	5	1	1	0	true	false	0	0	true	0.00000000000000
4639	2865	-	30699	1773	20	4fdd7a2cbca6838bb88bfa1a63f1d2bc5a653c6038e4ff50f1616ba9ef80c99b	1	205	41	41	1	false	false	0	0	true	NA
4639	4109	+	31943	59777	20	5a107c1976392d9736e31bf3b02a4fa80a02e831fccb294fc5ebbdb52dcb35ee	1	125	1	1	0	true	false	0	0	true	0.00000000000000
4639	4109	-	31943	529	15	6513b23fb582ce444830841c2145e5cd47e4d72c2dbf5712737712d8fc5ba75d	1	5	1	1	0	false	false	0	0	true	NA
4663	1929	+	29907	57885	30	7e989a9b7c4950fb3909320d40ff9e498845d91a7eb375dd2e26c11ce913135d	1	224125	1793	11*163	2	true	false	0	0	true	0.448061092017930
4663	1929	-	29907	2733	23	8ec3d877f25bd1d0ffea632bc81856f449d726631c7047831e5d1348f9b98b68	1	1375	11	11	1	false	false	0	0	true	NA
4663	2733	+	30711	58689	20	e488e48613137a938b31f7a62bd727dde0b699e2af960830134af16e7c8bc40d	1	125	1	1	0	true	false	0	0	true	0.00000000000000
4663	2733	-	30711	1929	15	7e6c650cfa422040f6915882aa454f48b74d515a3d4006f8aa4cfad1db85bcb6	1	5	1	1	0	false	false	0	0	true	NA
4679	413	+	28487	56561	15	4bdcf6be134fc5e0e1d653a207ae23f5dfdded8b5ab05b3ad50fff6f78152772	1	5	1	1	0	true	false	0	0	true	0.00000000000000
4679	413	-	28487	4265	15	4bdcf6be134fc5e0e1d653a207ae23f5dfdded8b5ab05b3ad50fff6f78152772	1	5	1	1	0	true	false	0	0	true	0.00000000000000
4679	1475	+	29549	57623	20	afae8cc092ae1fb4f937d0c56793023bb5110408cdd5ee5399c3010b4de7b995	1	125	1	1	0	true	false	0	0	true	0.00000000000000
4679	1475	-	29549	3203	20	afae8cc092ae1fb4f937d0c56793023bb5110408cdd5ee5399c3010b4de7b995	1	125	1	1	0	false	false	0	0	true	NA
4679	2322	+	30396	58470	26	829e92012076a3533e090ce0c6b93a38a909ac53ea3e9e647d3b3fe327e4306a	1	11875	19	19	1	true	false	0	0	true	0.175730722810862
4679	2322	-	30396	2356	26	829e92012076a3533e090ce0c6b93a38a909ac53ea3e9e647d3b3fe327e4306a	1	11875	19	19	1	false	false	0	0	true	NA
4679	2356	+	30430	58504	30	727fde9c7bc8b996f4154786dfaf7b5b4f8e0b3c674e52a58fd80c3874545c63	1	130625	209	11*19	2	true	false	0	0	true	0.318842491298895
4679	2356	-	30430	2322	22	c5fda0a784ce21722b9854526e1e5ee2b480a725df23db8af138e1518e22627f	1	475	19	19	1	false	false	0	0	true	NA
4679	3203	+	31277	59351	23	e42be27fc783757e91ea0cb4e24062d26078e9962d16974a6e4a13532099f24c	1	1045	209	11*19	2	true	false	0	0	true	0.317708578514898
4679	3203	-	31277	1475	19	cf2bc023cdbf3ee22c67c646a628fa2db70899069dee830ed9aeedbb26abc1c6	1	85	17	17	1	false	false	0	0	true	NA
4679	4265	+	32339	60413	28	6e4fcde878947403195bdb7736a3f81e2a55f760af497618a34efb48be96d695	1	47375	379	379	1	true	false	0	0	true	0.351817870662367
4679	4265	-	32339	413	20	afae8cc092ae1fb4f937d0c56793023bb5110408cdd5ee5399c3010b4de7b995	1	125	1	1	0	false	false	0	0	true	NA
4703	593	+	28811	57029	22	2a3cdd3e94145edb0c96654c2797f9fb9138752f1f95e4fd614f5d668c536f1f	1	625	1	1	0	true	false	0	0	true	0.00000000000000
4703	593	-	28811	4109	24	827fcfcc6f9234b35a71444fde7dad5be6d72cee02c188201f36ad9223882b1a	1	2125	17	17	1	false	false	0	0	true	NA
4703	4109	+	32327	60545	24	16d8582cce3a4cd4a19b16ca041cc5963888a28c43995e5945b480183141aadd	1	2375	19	19	1	true	false	0	0	true	0.174467357531040
4703	4109	-	32327	593	20	f442bf7d858c0f76b89336d3e1817ea8a45a3a0cb728ca2f1f09293da39abb80	1	125	1	1	0	false	false	0	0	true	NA
4723	686	+	29024	57362	17	552f5b26482d3f719b4c85765833873e3efd10215769daddce725f5c37a700e7	1	25	1	1	0	true	false	0	0	true	0.00000000000000
4723	686	-	29024	4036	17	552f5b26482d3f719b4c85765833873e3efd10215769daddce725f5c37a700e7	1	25	1	1	0	false	false	0	0	true	NA
4723	2281	+	30619	58957	24	7b6b8f218ab0b870a03f5fde73468de023ca0bc578913102797c2d2e9540f301	1	2375	19	19	1	true	false	0	0	true	0.175529352203864
4723	2281	-	30619	2441	20	0b0fff9ea5167d792cdf94b5ab04111987e6ecc139ac3426b86417d2c0175ca0	1	125	1	1	0	false	false	0	0	true	NA
4723	2441	+	30779	59117	20	0b0fff9ea5167d792cdf94b5ab04111987e6ecc139ac3426b86417d2c0175ca0	1	125	1	1	0	true	false	0	0	true	0.00000000000000
4723	2441	-	30779	2281	20	0b0fff9ea5167d792cdf94b5ab04111987e6ecc139ac3426b86417d2c0175ca0	1	125	1	1	0	false	false	0	0	true	NA
4723	4036	+	32374	60712	17	552f5b26482d3f719b4c85765833873e3efd10215769daddce725f5c37a700e7	1	25	1	1	0	true	false	0	0	true	0.00000000000000
4723	4036	-	32374	686	23	d01c31f141d8d84283540eb684348b84d290971f2a9cf5c7fc120630af503d49	1	1025	41	41	1	false	false	0	0	true	NA
4789	1630	+	30364	59098	22	d79d372f75262d600cd6d067c08b0b4fd44d80907aeb8d99d22f4d478e63fd25	1	475	19	19	1	true	false	0	0	true	0.175779023414140
4789	1630	-	30364	3158	26	bf097c14d8d360fa0419747b4fc610545f05993c71b0e80d6d2f35f59de8c64a	1	8075	323	17*19	2	false	false	0	0	true	NA
4789	3158	+	31892	60626	22	d79d372f75262d600cd6d067c08b0b4fd44d80907aeb8d99d22f4d478e63fd25	1	475	19	19	1	true	false	0	0	true	0.174737989498171
4789	3158	-	31892	1630	17	a7c7961494a892a8931449e360bc894635963ae0df6531d84e08b8a5cf2c1ecd	1	25	1	1	0	false	false	0	0	true	NA
4861	1613	+	30779	59945	15	f850a95f320dca1814f8c34c809741be9d2524d9eddb674a9f1d95f5e6414deb	1	5	1	1	0	true	false	0	0	true	0.00000000000000
4861	1613	-	30779	3247	15	f850a95f320dca1814f8c34c809741be9d2524d9eddb674a9f1d95f5e6414deb	1	5	1	1	0	false	false	0	0	true	NA
4861	3247	+	32413	61579	22	c7a8797460b7498ed4b7ff0ca88bdcd029786df8ea946f7b711a98dd2377ae85	1	625	1	1	0	true	false	0	0	true	0.00000000000000
4861	3247	-	32413	1613	20	d8f2b84a3061bd3aa3b7d35dd39fca6b6d9fd51c9a4072519954f44be7d2b576	1	125	1	1	0	false	false	0	0	true	NA
4871	825	+	30051	59277	26	d6e20562df48e22ac9923239cf04bd6a0fa942040ca8f2c22dd09e289bcce2b3	1	7625	61	61	1	true	false	0	0	true	0.245698951356632
4871	825	-	30051	4045	20	d100ef85ab77a8a95676d395aec9c2c59e24a6f3fe95af60ffea8f94659efef9	1	125	1	1	0	false	false	0	0	true	NA
4871	4045	+	33271	62497	15	cb45a0865986683a4ae24c45cde2e4886e93af23bf78d655aa97b547a2eed4a9	1	5	1	1	0	true	false	0	0	true	0.00000000000000
4871	4045	-	33271	825	20	d100ef85ab77a8a95676d395aec9c2c59e24a6f3fe95af60ffea8f94659efef9	1	125	1	1	0	false	false	0	0	true	NA
4877	1990	+	31252	60514	20	82f39c5ba908e8b1fa8e40c55cd185f91e254f14d6984453e01409056d9a8890	1	209	209	11*19	2	true	false	0	0	true	0.317708578514898
4877	1990	-	31252	2886	13	e8c6c784e5a68b6a25c2d9a69a0c73c053ef6decb680a26280fd656618f6410c	1	1	1	1	0	false	false	0	0	true	NA
4877	2886	+	32148	61410	17	0a0582963ecb3bbb07c0962516960b26cbf51cee4a2819a358ee825c2aefae34	1	25	1	1	0	true	false	0	0	true	0.00000000000000
4877	2886	-	32148	1990	17	0a0582963ecb3bbb07c0962516960b26cbf51cee4a2819a358ee825c2aefae34	1	25	1	1	0	false	false	0	0	true	NA
4933	803	+	30401	59999	23	c9ba6ba8f3bcc16b9fecd7f6b1ca28d4431f86d66e8be399546ffd51aaaab128	1	1615	19	19	1	true	false	0	0	true	0.175730722810862
4933	803	-	30401	4129	24	35b5bacd8d0084a73053ca04646b9e4e554a0618ff371e9236357aea8bd8ad8d	1	2375	19	19	1	false	false	0	0	true	NA
4933	4129	+	33727	63325	15	74cbd13176bff9dc5f383aef4be623f55db51b921dbeb0824d70c04c1712fa79	1	5	1	1	0	true	false	0	0	true	0.00000000000000
4933	4129	-	33727	803	15	74cbd13176bff9dc5f383aef4be623f55db51b921dbeb0824d70c04c1712fa79	1	5	1	1	0	false	false	0	0	true	NA
4943	1017	+	30675	60333	19	7bab1e1427809aad307f17e0b54db697b1285329041a7a67951b03c5c3d2524f	1	95	19	19	1	true	false	0	0	true	0.175529352203864
4943	1017	-	30675	3925	25	b2b8b7936c6b5f033a63ddd112b6dc18034535b07a9b9ce352a8847d5dd3253a	1	3895	779	19*41	2	false	false	0	0	true	NA
4943	3925	+	33583	63241	26	fbef7df94d02c3aff0ef8c807f794501f8375e3d81f3b4cfac65cd54cd0fa73c	1	7375	59	59	1	true	false	0	0	true	0.240529678345101
4943	3925	-	33583	1017	28	e8319ef213eb7336be3a179b9af2e08f89fc17a7329af307baba778c510715f7	1	40375	323	17*19	2	false	false	0	0	true	NA
4951	1063	+	30769	60475	29	2a42d33baa345f6bcff9eeb471bf686d37221d6f3539e6b663ebe327cb255987	1	87875	703	19*37	2	true	false	0	0	true	0.390726469187696
4951	1063	-	30769	3887	24	e38798410c17a27b7da9499df3b223274f29ffd57800645fed3bb8200c467c70	1	2375	19	19	1	false	false	0	0	true	NA
4951	3887	+	33593	63299	20	27d0f95ce106b64775a5506d586f409b0bc858e36b16464a7feb024ef33fc79d	1	125	1	1	0	true	false	0	0	true	0.00000000000000
4951	3887	-	33593	1063	22	90e6d46e4dcf067e3697a51c084be9b22192c1f24e0b8febf91c0c72a1b706d9	1	625	1	1	0	false	false	0	0	true	NA
4973	563	+	30401	60239	24	0289405f01b2bc3c5b0cde6b7a16798579782e6389f31f17073d1cc075440f0a	1	2375	19	19	1	true	false	0	0	true	0.175730722810862
4973	563	-	30401	4409	20	eb0b51737f6356814e65dad1e3b3be0d8447a957ebcbdf385ee69ac787c81a27	1	125	1	1	0	true	false	0	0	true	0.00000000000000
4973	4409	+	34247	64085	15	242ed53862c43c5be5f2c5213586d50724138dea7ae1d8760752c91f315dcd31	1	5	1	1	0	true	false	0	0	true	0.00000000000000
4973	4409	-	34247	563	21	71bb48104fd16262e8cd7eac6ddebb36922b0dfcca18974328d3c8a5f81c7ff6	1	295	59	59	1	false	false	0	0	true	NA
5009	1957	+	32011	62065	22	d782a81fedc4dcfca1bee562f311ed815a9a0ffd7f17955053dcc4d0149bd91e	1	625	1	1	0	true	false	0	0	true	0.00000000000000
5009	1957	-	32011	3051	15	80f9155904c26eef456ed68dc59efc8735201b521d76239045587640f56357e1	1	5	1	1	0	false	false	0	0	true	NA
5009	3051	+	33105	63159	15	80f9155904c26eef456ed68dc59efc8735201b521d76239045587640f56357e1	1	5	1	1	0	true	false	0	0	true	0.00000000000000
5009	3051	-	33105	1957	15	80f9155904c26eef456ed68dc59efc8735201b521d76239045587640f56357e1	1	5	1	1	0	false	false	0	0	true	NA
5011	1070	+	31136	61202	22	8bc1dd1a04d4ddcee51baad26bc2c36eab13c9a34eac0127521dd5a69c091eb0	1	475	19	19	1	true	false	0	0	true	0.175245780978345
5011	1070	-	31136	3940	26	9407f9b69603644c2c5d50d938d9a2d52e58ac291ade9690bbb0e21c510ad389	1	11875	19	19	1	false	false	0	0	true	NA
5011	3940	+	34006	64072	16	b2d9a8cd47690cd49feccb83dcef4e7eab4c5ff54159f1111e576d2122133385	1	11	11	11	1	true	false	0	0	true	0.141235447412371
5011	3940	-	34006	1070	17	25043805ed6444236cac1ad79438065d638524af4bdf03efbcb0b9ff6db5a383	1	25	1	1	0	false	false	0	0	true	NA
5021	1257	+	31383	61509	24	5a2432ff2b9742eb3116b04d71070ac224cbce789a448e3c00422debf706eae0	1	2375	19	19	1	true	false	0	0	true	0.175050082244685
5021	1257	-	31383	3763	24	5a2432ff2b9742eb3116b04d71070ac224cbce789a448e3c00422debf706eae0	1	2375	19	19	1	false	false	0	0	true	NA
5021	3763	+	33889	64015	15	ff222013140555c9dd994fd7cb13b379575106613b94871329925019b13cb1eb	1	5	1	1	0	true	false	0	0	true	0.00000000000000
5021	3763	-	33889	1257	15	ff222013140555c9dd994fd7cb13b379575106613b94871329925019b13cb1eb	1	5	1	1	0	false	false	0	0	true	NA
5023	807	+	30945	61083	15	d75bef6b2919c01ff38ace0ab26c4392d04b43ad77dddf4b423eb9461f2e0c73	1	5	1	1	0	true	false	0	0	true	0.00000000000000
5023	807	-	30945	4215	15	d75bef6b2919c01ff38ace0ab26c4392d04b43ad77dddf4b423eb9461f2e0c73	1	5	1	1	0	false	false	0	0	true	NA
5023	4215	+	34353	64491	19	2c49da1f81694f636b25ab4d8ab6253959897f50f89262d764dfeb6bb6a6e871	1	85	1	1	0	true	false	0	0	true	0.00000000000000
5023	4215	-	34353	807	19	2c49da1f81694f636b25ab4d8ab6253959897f50f89262d764dfeb6bb6a6e871	1	85	17	17	1	false	false	0	0	true	NA
5099	1273	+	31867	62461	15	1956142c0d286a6b279e11a7102b22a0631cc6bfc32603a1b94683d2f5183eaa	1	5	1	1	0	true	false	0	0	true	0.00000000000000
5099	1273	-	31867	3825	21	64513a783a44e0b56c17c92c8172a0e4934e05adb760628f0c59136af491218c	1	295	59	59	1	false	false	0	0	true	NA
5099	1402	+	31996	62590	17	742a4484861df46e374ba12b7df5f32d8f734a1b098b56f089bc03886dba18d2	1	25	1	1	0	true	false	0	0	true	0.00000000000000
5099	1402	-	31996	3696	17	742a4484861df46e374ba12b7df5f32d8f734a1b098b56f089bc03886dba18d2	1	25	1	1	0	false	false	0	0	true	NA
5099	3696	+	34290	64884	17	742a4484861df46e374ba12b7df5f32d8f734a1b098b56f089bc03886dba18d2	1	25	1	1	0	true	false	0	0	true	0.00000000000000
5099	3696	-	34290	1402	17	742a4484861df46e374ba12b7df5f32d8f734a1b098b56f089bc03886dba18d2	1	25	1	1	0	false	false	0	0	true	NA
5099	3825	+	34419	65013	17	742a4484861df46e374ba12b7df5f32d8f734a1b098b56f089bc03886dba18d2	1	25	1	1	0	true	false	0	0	true	0.00000000000000
5099	3825	-	34419	1273	23	edbf38089d455bcc0944c4d04b415d087f03940ae0fe56a0c1080880b95918a9	1	1045	209	11*19	2	false	false	0	0	true	NA
5101	650	+	31256	61862	21	92b759646222f87a70108208ac2f9b4f294997712c744ae66323eef5c6ba588d	1	275	11	11	1	true	false	0	0	true	0.142602814166518
5101	650	-	31256	4450	17	433acaf96f192568f66f8195f40fc02c757558331643dc7c982bdde22631f500	1	25	1	1	0	false	false	0	0	true	NA
5101	4450	+	35056	65662	17	433acaf96f192568f66f8195f40fc02c757558331643dc7c982bdde22631f500	1	25	1	1	0	true	false	0	0	true	0.00000000000000
5101	4450	-	35056	650	23	1d242b87606fbd6674915a0ae7834409e7455c6753879554d1e46d625399f68e	1	925	37	37	1	false	false	0	0	true	NA
5209	1523	+	32777	64031	17	1a026a07986258c20288791f267cae404885843ceea820d7955187bea8648929	1	25	1	1	0	true	false	0	0	true	0.00000000000000
5209	1523	-	32777	3685	15	e0e1ab061c7ee9245ad542e9a8e05fa216dc4d17e6addaa1755681c85e2de8b1	1	5	1	1	0	false	false	0	0	true	NA
5209	3685	+	34939	66193	20	fd37d0e9493cfb96105afb8fe53da63a8cacf4fa47c57ab2286edfb203810a3a	1	125	1	1	0	true	false	0	0	true	0.00000000000000
5209	3685	-	34939	1523	15	e0e1ab061c7ee9245ad542e9a8e05fa216dc4d17e6addaa1755681c85e2de8b1	1	5	1	1	0	false	false	0	0	true	NA
5227	1804	+	33166	64528	22	a33ce7e2a7bfccb38286dca845a6a5b5ac6f96dcbbba703c466db49e95293606	1	625	1	1	0	true	false	0	0	true	0.00000000000000
5227	1804	-	33166	3422	22	a33ce7e2a7bfccb38286dca845a6a5b5ac6f96dcbbba703c466db49e95293606	1	625	1	1	0	false	false	0	0	true	NA
5227	3422	+	34784	66146	21	69ad5679e6918590644cf3379b2c791f5ff7c5b213c75ca39c1f3de9d69b1222	1	275	11	11	1	true	false	0	0	true	0.140857475100976
5227	3422	-	34784	1804	13	9e3fd29c05347c586f83e874a511233b79df68a4de917707624f9767f22fd70d	1	1	1	1	0	false	false	0	0	true	NA
5233	283	+	31681	63079	15	b6e1288527a6032c0f29c9da2c599202cc250fb404e4783820d4ce0b09459989	1	5	1	1	0	true	false	0	0	true	0.00000000000000
5233	283	-	31681	4949	15	b6e1288527a6032c0f29c9da2c599202cc250fb404e4783820d4ce0b09459989	1	5	1	1	0	true	true	0	0	true	0.00000000000000
5233	2094	+	33492	64890	27	78b2bf663c7cccb97ecd26a40ce16fd24698edcb2e183ce960b29df974987505	1	25075	59	59	1	true	false	0	0	true	0.240600745956957
5233	2094	-	33492	3138	17	f13f43daae8e3f7410e274f336abd7c62d2e7bc1c0a2b0b362085139b54f24a0	1	25	1	1	0	false	false	0	0	true	NA
5233	3138	+	34536	65934	20	a11a6b975ccf10c8c8878ce92b0beaf19b225966000d3eb3905d8c0ee3013cea	1	125	1	1	0	true	false	0	0	true	0.00000000000000
5233	3138	-	34536	2094	22	92210d73d1f10e4f55178724830255f02b1992dc4c99738dfe08b09792ac964a	1	625	1	1	0	false	false	0	0	true	NA
5233	4949	+	36347	67745	32	c45f7903ddb0e57f7322d9489afeadcc29d7431d60129e2e29a72e6154016810	1	703375	331	331	1	true	false	0	0	true	0.339073693247581
5233	4949	-	36347	283	22	92210d73d1f10e4f55178724830255f02b1992dc4c99738dfe08b09792ac964a	1	625	1	1	0	false	false	0	0	true	NA
5237	1290	+	32712	64134	24	e7b8997fda48d0967b2885345654906f9df757286dcb3786a3cc25123b6154a5	1	2125	1	1	0	true	false	0	0	true	0.00000000000000
5237	1290	-	32712	3946	24	e7b8997fda48d0967b2885345654906f9df757286dcb3786a3cc25123b6154a5	1	2125	17	17	1	false	false	0	0	true	NA
5237	3946	+	35368	66790	26	7aa36c4ce54ca1ade841628d5fcf5ba54a81ae237c2eafbb934d9d5cb7b1442d	1	10625	1	1	0	true	false	0	0	true	0.00000000000000
5237	3946	-	35368	1290	17	8041827043c01109ef5e15807aaadbbc7420ddfcafc2a2a4875b119d1b1ecf3f	1	25	1	1	0	false	false	0	0	true	NA
5273	1928	+	33566	65204	23	6d9456cc7b2f08f92bef37b903464029300900d17af931d2cb67f8b0bddea306	1	1475	59	59	1	true	false	0	0	true	0.240529678345101
5273	1928	-	33566	3344	26	e68a568e62172ba6e536e5bfd94a7079c6b25621a354c6f8f2683e057c4d5912	1	6875	11	11	1	false	false	0	0	true	NA
5273	3344	+	34982	66620	22	2d1988d8b080ce75773c567d59ff3c656b4dee87493828a33ab15c324f6fe196	1	425	1	1	0	true	false	0	0	true	0.00000000000000
5273	3344	-	34982	1928	18	754702c3465c8f56f0384efd7d7bd2fdd8545fe40252083e2b657dac76535681	1	25	1	1	0	false	false	0	0	true	NA
5297	33	+	31815	63597	20	59c4e37785d13e10f56f5c88f173a0bd67ebd4048d804dbc3fd77bd6f1ccc9d0	1	125	1	1	0	true	false	0	0	true	0.00000000000000
5297	33	-	31815	5263	22	1ff09e4b0c67cc03b88670d7d3d11a0c3e5a8894a8df96a55c7bcfae77cb5107	1	625	1	1	0	true	true	0	0	true	0.00000000000000
5297	5263	+	37045	68827	15	6152d43caa491abea69c0001c468166366618867baf85f1f5fc9b26e00966a24	1	5	1	1	0	false	false	0	0	true	NA
5297	5263	-	37045	33	20	59c4e37785d13e10f56f5c88f173a0bd67ebd4048d804dbc3fd77bd6f1ccc9d0	1	125	1	1	0	false	false	0	0	true	NA
5347	1132	+	33214	65296	25	6d7069ea50e622069f9bc9fda103dc69cd250825f9da28f92200292c9513449d	1	4675	11	11	1	true	false	0	0	true	0.141617292898885
5347	1132	-	33214	4214	18	5dd0c65fadd149b1ffd4e68132cd543bb8d67f98a80cc848d17de11d0db5d399	1	25	1	1	0	false	false	0	0	true	NA
5347	1260	+	33342	65424	22	b1c68f37ab17c4e3a5b28f4e9a15e8ed217d8504f9994b3503485ce83aa038b7	1	425	1	1	0	true	false	0	0	true	0.00000000000000
5347	1260	-	33342	4086	22	f8664d05f82e3a58cba5c7a9099ed2e8201a81000c58d1eb302166d530103041	1	625	1	1	0	false	false	0	0	true	NA
5347	4086	+	36168	68250	18	5dd0c65fadd149b1ffd4e68132cd543bb8d67f98a80cc848d17de11d0db5d399	1	25	1	1	0	true	false	0	0	true	0.00000000000000
5347	4086	-	36168	1260	13	a3a9b11c8758e929c77965ae9550b0d2278b0e8fb1d46505db432553d01c35c8	1	1	1	1	0	false	false	0	0	true	NA
5347	4214	+	36296	68378	18	5dd0c65fadd149b1ffd4e68132cd543bb8d67f98a80cc848d17de11d0db5d399	1	25	1	1	0	true	false	0	0	true	0.00000000000000
5347	4214	-	36296	1132	18	5dd0c65fadd149b1ffd4e68132cd543bb8d67f98a80cc848d17de11d0db5d399	1	25	1	1	0	false	false	0	0	true	NA
5393	75	+	32433	64791	38	f9852df35d2fca31916979bb8b4964dd695e76710af6956cf56b1f8c6c1c91f9	1	34478125	649	11*59	2	true	false	0	0	true	0.383532846245617
5393	75	-	32433	5317	26	438937d4c229998a3fd6be565cafc273ea581e15a0bcbf7779c3ece2b952ad90	1	10625	17	17	1	true	true	0	0	true	0.167808148954102
5393	2217	+	34575	66933	22	3f4b7d4a0c8974275a83b77828f5981ce572a17e5ee87c7e911bf8e368dbc7bf	1	625	1	1	0	true	false	0	0	true	0.00000000000000
5393	2217	-	34575	3175	15	27417d46d6ec5e4a7db54d53db45b16016556ba372ecea304a132f9a9dbde45e	1	5	1	1	0	false	false	0	0	true	NA
5393	3175	+	35533	67891	33	99be9e451a84488367bcde31ee0d1aa000df86c8122d60d4bc9b812094a36c2d	1	903125	1	1	0	true	false	0	0	true	0.00000000000000
5393	3175	-	35533	2217	25	bf571225f3cbe556405d175fb53540109c310a9c16e48b732d144ca3f2f9a33e	1	3125	1	1	0	false	false	0	0	true	NA
5393	5317	+	37675	70033	15	27417d46d6ec5e4a7db54d53db45b16016556ba372ecea304a132f9a9dbde45e	1	5	1	1	0	true	false	0	0	true	0.00000000000000
5393	5317	-	37675	75	15	27417d46d6ec5e4a7db54d53db45b16016556ba372ecea304a132f9a9dbde45e	1	5	1	1	0	false	false	0	0	true	NA
5407	412	+	32854	65296	16	fb6b464c31760096bba96081ffa8e102a8d619cf6e092787e3a376740b011fe0	1	11	11	11	1	true	false	0	0	true	0.141787357117029
5407	412	-	32854	4994	13	a81af496817fc09139a62d0a91e48243bdad5797e54ff7bab70740e7495c38e6	1	1	1	1	0	true	false	0	0	true	0.00000000000000
5407	930	+	33372	65814	22	2bb6aa96da626062244b6d923a1745a2cd7d5aa98194689a32149ab780ec5b7f	1	425	1	1	0	true	false	0	0	true	0.00000000000000
5407	930	-	33372	4476	18	5d824da63eff886e655768482ad6e2d7434e1d262e9f8a19e47c4200c7525b21	1	25	1	1	0	false	false	0	0	true	NA
5407	4476	+	36918	69360	16	fb6b464c31760096bba96081ffa8e102a8d619cf6e092787e3a376740b011fe0	1	11	11	11	1	true	false	0	0	true	0.139876189736807
5407	4476	-	36918	930	20	130616eb0ad81b054d4b64836d381eb435cd938430a30d317570649155b99af3	1	125	1	1	0	false	false	0	0	true	NA
5407	4994	+	37436	69878	24	77bdd48048574634973b29a85fe37285e8cdf21000ac520b9d8c136750434a25	1	2375	19	19	1	true	false	0	0	true	0.171486644901594
5407	4994	-	37436	412	18	5d824da63eff886e655768482ad6e2d7434e1d262e9f8a19e47c4200c7525b21	1	25	1	1	0	false	false	0	0	true	NA
5443	2304	+	34962	67620	18	f1bebf832bf647eb384e3a457903dec6e23cc29f45e11601f0d23466a516c409	1	25	1	1	0	true	false	0	0	true	0.00000000000000
5443	2304	-	34962	3138	20	88807b66277d50a71d58881fbd87b7110be8d8a23fe74b79b5f58bc03deea0cc	1	125	1	1	0	false	false	0	0	true	NA
5443	3138	+	35796	68454	22	f269cc90acafb051dfe97a9b79165624db2550c280f5e3f6becf49b90529e2b3	1	625	1	1	0	true	false	0	0	true	0.00000000000000
5443	3138	-	35796	2304	18	f1bebf832bf647eb384e3a457903dec6e23cc29f45e11601f0d23466a516c409	1	25	1	1	0	false	false	0	0	true	NA
5449	949	+	33643	66337	23	20ded8061bb7612dc343ca0ff6593768ff0feba7a5973fbf2b20c291e38559e3	1	1375	11	11	1	true	false	0	0	true	0.141400744005576
5449	949	-	33643	4499	15	9edc391f9b3e2cde722b0ee2fe0daab004191dac3fbf48c5cfb487b28d09c70e	1	5	1	1	0	false	false	0	0	true	NA
5449	2014	+	34708	67402	18	2fd86f89a833b09ea3478f4edad3a450d45ffcfa2fde7ca05715d118bfcd009e	1	25	1	1	0	true	false	0	0	true	0.00000000000000
5449	2014	-	34708	3434	20	8ac62cb846e91bfcfb555eb540ce67b2b994414b5e541ef9c2b6b5734f7e9ce0	1	125	1	1	0	false	false	0	0	true	NA
5449	3434	+	36128	68822	13	8de3dff3d82e6aa1defa94ed11067d73040a6aeddfb0e15693a046e68e324da2	1	1	1	1	0	true	false	0	0	true	0.00000000000000
5449	3434	-	36128	2014	21	819a455cfd9f0f91436c538b7d0b03d008427832cb370f307a09d7e0cd591071	1	275	11	11	1	false	false	0	0	true	NA
5449	4499	+	37193	69887	25	a59470299675d9ff4e62fabbd7a2a98582e5017e83666540ec3b7fa362d06906	1	5225	209	11*19	2	true	false	0	0	true	0.311332375220161
5449	4499	-	37193	949	15	9edc391f9b3e2cde722b0ee2fe0daab004191dac3fbf48c5cfb487b28d09c70e	1	5	1	1	0	false	false	0	0	true	NA
5477	429	+	33291	66153	27	89b3840a0a0b138885f5337c51062147383cb48521f873d68fddd405cc11c534	1	23375	11	11	1	true	false	0	0	true	0.141589155390869
5477	429	-	33291	5047	20	d4919b2e2d8117971eaab8afbb6271afedda3dc383d823c1b26df50e509db64c	1	125	1	1	0	true	false	0	0	true	0.00000000000000
5477	5047	+	37909	70771	24	a42aee121bd2f8e382bd2a97f94376a697834c32b9e6c57f2d7063f3bc9e77d2	1	2375	19	19	1	true	false	0	0	true	0.171242125865866
5477	5047	-	37909	429	15	10981d2433c1c88cc07537d33ef6dc5d1c291b7cb80f8f8467a9b08b8a24575d	1	5	1	1	0	false	false	0	0	true	NA
5479	77	+	32951	65825	20	8b85d601666b7261b08fc07c73f44d71578720b9af53510748d18b78326fe31f	1	125	1	1	0	true	false	0	0	true	0.00000000000000
5479	77	-	32951	5401	22	15fb7f8ebfc4c86a912f11e6b245ed0f3b5a3970ce7dee43871796caab5b6169	1	625	1	1	0	true	true	0	0	true	0.00000000000000
5479	5401	+	38275	71149	26	dc36f80e3adc1c5a302fe32652ab65b21c66ead41211568ab7b03fe7f303f469	1	10625	1	1	0	true	false	0	0	true	0.00000000000000
5479	5401	-	38275	77	15	721b0f7e040084d38b5bbf760da0c7e56aaf98fe43fa9a08f7a597034b16eb48	1	5	1	1	0	false	false	0	0	true	NA
5501	274	+	33280	66286	35	9be95a88b13b7c6df4f208aa6d5550e9cdd0e3d0b74c22b1e8cfc8cb6724404f	1	4324375	407	11*37	2	true	false	0	0	true	0.354803978922508
5501	274	-	33280	5226	22	fdc81e9ebb4f33851f5bbdd0c059218c1b5cbccc77b983e8a80da7bb92e76788	1	625	1	1	0	true	true	0	0	true	0.00000000000000
5501	5226	+	38232	71238	24	10ea51f0d93e20f66f526194c9702cdbe252ecbedc9196962e18b9610ea285db	1	2375	19	19	1	true	false	0	0	true	0.171044780433909
5501	5226	-	38232	274	22	519e9150a110165449b8677be0700903e1d46b449ad3e20180cfeed9ae42fac9	1	589	589	19*31	2	false	false	0	0	true	NA
5519	2173	+	35287	68401	26	2919139b9e36026fa2154eb033de4383654dce66a074cd7b43f6e1c13efab971	1	10625	1	1	0	true	false	0	0	true	0.00000000000000
5519	2173	-	35287	3345	27	596611313b7baec59eea2e71c6f9dd9aaed423180f3393d68c7d77f4c647db33	1	23375	187	11*17	2	false	false	0	0	true	NA
5519	3345	+	36459	69573	22	fbedf2c9663fb4d71435d19dfc0390fc10818e26ec5e75d764cd19898894614d	1	625	1	1	0	true	false	0	0	true	0.00000000000000
5519	3345	-	36459	2173	22	fbedf2c9663fb4d71435d19dfc0390fc10818e26ec5e75d764cd19898894614d	1	625	1	1	0	false	false	0	0	true	NA
5527	2487	+	35649	68811	18	7ba8c5df1b194553150cccb3303e5cd48f1abf1c135f500b50a57f774846ad6e	1	25	1	1	0	true	false	0	0	true	0.00000000000000
5527	2487	-	35649	3039	15	8decb497fc7acd13e3fa11bad3344c650833c61de387a640cdb0cb17796ddb9b	1	5	1	1	0	false	false	0	0	true	NA
5527	3039	+	36201	69363	25	f3559cd3797793808ba3528b781a915cdafdc53bf77caa05930e015d78899a1c	1	3125	1	1	0	true	false	0	0	true	0.00000000000000
5527	3039	-	36201	2487	15	8decb497fc7acd13e3fa11bad3344c650833c61de387a640cdb0cb17796ddb9b	1	5	1	1	0	false	false	0	0	true	NA
5569	1046	+	34460	67874	24	d2c57b7125a2003434161aa913d581a764d043adf21f8bcef12f07d7288bc992	1	2425	97	97	1	true	false	0	0	true	0.268996304146229
5569	1046	-	34460	4522	24	29e67dd64e37b17f344385e6412c0174305f72eac3de6ec020e00ac09e6fbffa	1	2375	19	19	1	false	false	0	0	true	NA
5569	4522	+	37936	71350	17	167dbe428680fce23980cbe3d29b8e665e997635cb513b01979dff45ae697af5	1	19	19	19	1	true	false	0	0	true	0.171190730153710
5569	4522	-	37936	1046	20	1f236f309b90ebd337f4b4c0a2bc0a69e6d6cf895194f8fc80a7235b56a5bb4f	1	125	1	1	0	false	false	0	0	true	NA
5573	1304	+	34742	68180	43	39b2dfcd2d3da078e26310d4b610cad87d7aefc70a12f2b6f2b1bdc8a00f9db2	1	1420594375	133703	19*31*227	3	true	false	0	0	true	0.693453809627357
5573	1304	-	34742	4268	26	f800a4ed41c105750a9440307b362c2f38665981b1966ef1fc238f290a1da66f	1	10625	17	17	1	false	false	0	0	true	NA
5573	4268	+	37706	71144	37	68039e6252621c3db623fdbce541d32d7d8f589dc5a6bb372996d2b004d401e5	1	13311875	21299	19^2*59	2	true	false	0	0	true	0.579999560736977
5573	4268	-	37706	1304	13	e9878af297b738c2ff6c5706f2aa3bb531146851a68f1ec8bb3520591e73b8b0	1	1	1	1	0	false	false	0	0	true	NA
5581	1871	+	35357	68843	30	56e45b6145a3b310541199fd08f9eecf7bfc356bb8bfd4ed838ee3176e864f0e	1	125375	59	59	1	true	false	0	0	true	0.239041723742915
5581	1871	-	35357	3709	24	d6b0ec7683a32716c64ad4b2bcd56a63fa8f15d2e125822314cee3eb80aa604c	1	2125	17	17	1	false	false	0	0	true	NA
5581	3709	+	37195	70681	32	feb3dbd5409c25b84bee0c2af4d2003afde37957526d63325cd944176377dc0a	1	425125	3401	19*179	2	true	false	0	0	true	0.473894033167123
5581	3709	-	37195	1871	19	a8abe02637b37dd65f0324365dbdc9d9888980427e29fdd5b16e777b76c52133	1	55	11	11	1	false	false	0	0	true	NA
5623	333	+	34071	67809	27	3999697f0d941c0fc8116d42452dd50026fce7c1fee60e6f5565b109d0abedbc	1	17935	211	211	1	true	false	0	0	true	0.315146847318435
5623	333	-	34071	5289	15	92c17f77bc46f822724442834ec8337d11194d6a49ba4493339e3f965668dd9b	1	5	1	1	0	true	true	0	0	true	0.00000000000000
5623	5289	+	39027	72765	18	cf9d36bfed046d670884e37cb0a4abc39009439038739fb93177699eaab4002c	1	25	1	1	0	true	false	0	0	true	0.00000000000000
5623	5289	-	39027	333	18	cf9d36bfed046d670884e37cb0a4abc39009439038739fb93177699eaab4002c	1	25	1	1	0	false	false	0	0	true	NA
5639	467	+	34301	68135	29	f0386aea67e7aeeb81a5fb1a11d88eaff139e9539f1cf7b97afc2a374a133a05	1	74045	14809	59*251	2	true	false	0	0	true	0.565041159313358
5639	467	-	34301	5171	15	9f3ede31eb5a453a855e51d178724349abef6a98f16712a68aeed57b7c58f171	1	5	1	1	0	true	false	0	0	true	0.00000000000000
5639	5171	+	39005	72839	15	9f3ede31eb5a453a855e51d178724349abef6a98f16712a68aeed57b7c58f171	1	5	1	1	0	true	false	0	0	true	0.00000000000000
5639	5171	-	39005	467	15	9f3ede31eb5a453a855e51d178724349abef6a98f16712a68aeed57b7c58f171	1	5	1	1	0	false	false	0	0	true	NA
5641	299	+	34145	67991	15	fbf364247f4214769fcb4f1ed9514dceb01da24bc66b8ad8f0a0cba9a7d9b811	1	5	1	1	0	true	false	0	0	true	0.00000000000000
5641	299	-	34145	5341	15	fbf364247f4214769fcb4f1ed9514dceb01da24bc66b8ad8f0a0cba9a7d9b811	1	5	1	1	0	true	true	0	0	true	0.00000000000000
5641	5341	+	39187	73033	22	1031f4d9744f850eda376391a8db5545c7beca1dff3801d905b0f05ca7c65f6b	1	475	19	19	1	false	false	0	0	true	NA
5641	5341	-	39187	299	21	5a399ead5d623f468c686c470dc026c3d3f23afd5a118f237baa7da32ab183c8	1	275	11	11	1	false	false	0	0	true	NA
5647	1093	+	34975	68857	15	61ce4f2b076a88a4cf0e5f1afd5f0fc95ad7704b3e1b6cf6c11ed7f1f762d8f9	1	5	1	1	0	true	false	0	0	true	0.00000000000000
5647	1093	-	34975	4553	20	7db70bdec2b46d0c9b4109a2b02df61c5c0babd6e906cd06843d0afeccc94b2f	1	125	1	1	0	false	false	0	0	true	NA
5647	1671	+	35553	69435	24	d76051548b8ca674382f45ca52550b02e6cddcd2b4a427f06e7cdec439f45e76	1	1825	73	73	1	true	false	0	0	true	0.251396168986817
5647	1671	-	35553	3975	20	7db70bdec2b46d0c9b4109a2b02df61c5c0babd6e906cd06843d0afeccc94b2f	1	125	1	1	0	false	false	0	0	true	NA
5647	1952	+	35834	69716	27	4698d308b2671bc7a0d4d1f71f42cde012b5f9ab386e1127680c6523a607903f	1	15625	1	1	0	true	false	0	0	true	0.00000000000000
5647	1952	-	35834	3694	25	048ec2ae09d98f84020b15ec6459989161c159b14a26b6541e7a2819ffbf9da2	1	3125	1	1	0	false	false	0	0	true	NA
5647	3694	+	37576	71458	18	675a7fa91ab4b42d7b8585a7996af3bb948b838604f42a08eaf2e54724a258d2	1	25	1	1	0	true	false	0	0	true	0.00000000000000
5647	3694	-	37576	1952	18	675a7fa91ab4b42d7b8585a7996af3bb948b838604f42a08eaf2e54724a258d2	1	25	1	1	0	false	false	0	0	true	NA
5647	3975	+	37857	71739	15	61ce4f2b076a88a4cf0e5f1afd5f0fc95ad7704b3e1b6cf6c11ed7f1f762d8f9	1	5	1	1	0	true	false	0	0	true	0.00000000000000
5647	3975	-	37857	1671	20	e7095fd7fb9fa864357d53fa83c3f8efbcfbc3daec48db619116402aa8719618	1	155	31	31	1	false	false	0	0	true	NA
5647	4553	+	38435	72317	26	1b2b4eb88e6b2d5bd87bbfa665d37a1f9b8532b18784699852c67c096c22aced	1	8075	19	19	1	true	false	0	0	true	0.170936178442907
5647	4553	-	38435	1093	31	b1d83c8f1a9e93644201ef5b946302d8810fc0b6e1a84caed13dd25c61e27522	1	250325	10013	17*19*31	3	false	false	0	0	true	NA
5683	1877	+	35975	70073	20	9c4bed86f18dcc90d4ae4d884e747eb5906f2fe4c99b3fb600752f70fa114f3f	1	95	19	19	1	true	false	0	0	true	0.172266595472552
5683	1877	-	35975	3805	28	88d1b31e3f414211c862090c5cf1a905411dc504ac6b8e7b4d465b0e5f073712	1	40375	323	17*19	2	false	false	0	0	true	NA
5683	3805	+	37903	72001	20	0f18f85006b9705aced460f913660ab6c89b04469b93ec32da67ac55ccbe0720	1	125	1	1	0	true	false	0	0	true	0.00000000000000
5683	3805	-	37903	1877	19	0331294e5136c5b9e917d7d5b561d59f4af077ed4b2449119aa8bffe9beb776d	1	55	11	11	1	false	false	0	0	true	NA
5717	307	+	34609	68911	27	245f9ccd9322afe36c6a631f4745a7ed591b3b824cbaec3b11bd68854d02a112	1	11875	19	19	1	true	false	0	0	true	0.173052757894893
5717	307	-	34609	5409	25	245449ceae8293392223df3038b06d044dc37fcfb4a678636724483f1a88d0a6	1	3125	1	1	0	true	true	0	0	true	0.00000000000000
5717	5409	+	39711	74013	22	87ba6a54166001b5d4b4e5830603d1ae037a7bd8012d15b88ea7ceab428cee96	1	625	1	1	0	true	false	0	0	true	0.00000000000000
5717	5409	-	39711	307	18	0f9232f6a1bc7cafff6df89a07baf282d41febd894783fa3c4d456a28cf33de0	1	25	1	1	0	false	false	0	0	true	NA
5741	1058	+	35504	69950	20	168332f2a07fa1c597c0cd4850f27dcea450e6a0bb48eba077fee2cba35014e8	1	125	1	1	0	true	false	0	0	true	0.00000000000000
5741	1058	-	35504	4682	24	fa82d2fa751cc1553a35b8a4ed66e333b599ee84c7d43f3e57b8463e456c1249	1	2125	17	17	1	false	false	0	0	true	NA
5741	4682	+	39128	73574	20	168332f2a07fa1c597c0cd4850f27dcea450e6a0bb48eba077fee2cba35014e8	1	125	1	1	0	true	false	0	0	true	0.00000000000000
5741	4682	-	39128	1058	20	168332f2a07fa1c597c0cd4850f27dcea450e6a0bb48eba077fee2cba35014e8	1	125	1	1	0	false	false	0	0	true	NA
5743	1943	+	36401	70859	22	38e3c462d6dbc5bdd6a257d75beb3501dc8f7e839aa8981f97976de8caad6d67	1	625	1	1	0	true	false	0	0	true	0.00000000000000
5743	1943	-	36401	3799	20	a04c3f6729d89525b7e0685afb43bab89bad99b754749af1e224ddf44d7ab39c	1	125	1	1	0	false	false	0	0	true	NA
5743	3799	+	38257	72715	35	79f8c6b581527e86ccfb299823e8109d69022110dd73d2da3e9c7f3638aebb44	1	3835625	361	19^2	1	true	false	0	0	true	0.342089560867817
5743	3799	-	38257	1943	22	38e3c462d6dbc5bdd6a257d75beb3501dc8f7e839aa8981f97976de8caad6d67	1	625	1	1	0	false	false	0	0	true	NA
5749	2715	+	37209	71703	28	19bedeb6e9819b1f9c79e104d0c9ae561d71b636f730360c7a6d1d9358a60780	1	26125	209	11*19	2	true	false	0	0	true	0.311332375220161
5749	2715	-	37209	3033	24	7460e8e0ed9e887a70bfa4c2113f1bb6f2114e27eac6cc504060e65f0780bddd	1	2375	19	19	1	false	false	0	0	true	NA
5749	3033	+	37527	72021	25	4d147593c72453d126f924d5286a4f4775fcfc58c003ca7b9000dd2ad7ab39b7	1	2945	589	19*31	2	true	false	0	0	true	0.371243235237058
5749	3033	-	37527	2715	15	5d469604f22e36f74225812270eb6f0ba8d5b53154ef66cfc87e5149d2226b36	1	5	1	1	0	false	false	0	0	true	NA
5783	1839	+	36537	71235	26	a16d8855abc9b1968a76d667d384012d0be86a6192a7ce18d3ca096723437f8f	1	6875	11	11	1	true	false	0	0	true	0.140037919040039
5783	1839	-	36537	3943	28	8bd94d771631ff6ad5249742be494ab3013cf069fdcb5cae1eb2e7e7a7ce2f25	1	34375	11	11	1	false	false	0	0	true	NA
5783	3943	+	38641	73339	22	12d21ab7c967e4a860c30eb35fc053f8ca988afcc3fe41fc8828cfe0c9853f1f	1	625	1	1	0	true	false	0	0	true	0.00000000000000
5783	3943	-	38641	1839	15	f6f398236858ffce25f91075b40a9f1518dc68fbcb0f46f75c15241362d882b5	1	5	1	1	0	false	false	0	0	true	NA
5801	1775	+	36581	71387	15	2e184ad6994842f6dd94008d10e78234f96394ef3f98cf498ef204c70ef0618b	1	5	1	1	0	true	false	0	0	true	0.00000000000000
5801	1775	-	36581	4025	22	0e8edad3a5dc8ceb170ae928266ebff9962c32615910fe26e18be3a0cc3c3b62	1	625	1	1	0	false	false	0	0	true	NA
5801	2276	+	37082	71888	20	6af94eaa622ee2d670f09ea7fd3cb5c2ce11bd49327c8edd93c1963866bd52bb	1	125	1	1	0	true	false	0	0	true	0.00000000000000
5801	2276	-	37082	3524	18	389c46cd2dc0836d3d8b92491585702bb4d3c111879ce13263699315e4dd8eb4	1	25	1	1	0	false	false	0	0	true	NA
5801	3524	+	38330	73136	25	b35e206d6be21ff5a8a4cf364782cbb35c91f8744fd05a3a40f088a94146691c	1	3125	1	1	0	true	false	0	0	true	0.00000000000000
5801	3524	-	38330	2276	22	0e8edad3a5dc8ceb170ae928266ebff9962c32615910fe26e18be3a0cc3c3b62	1	625	1	1	0	false	false	0	0	true	NA
5801	4025	+	38831	73637	35	896e1858ec8d68ae1734a1ac8551c9aa37a82a0a9dcf6025c912c70461c90135	1	5621815	66139	19*59^2	2	true	false	0	0	true	0.643613226931522
5801	4025	-	38831	1775	20	d18cf432fab92543a22c7a83fa54a9a5c415d6a7abbfb189bf27d50faabeac04	1	95	19	19	1	false	false	0	0	true	NA
5807	586	+	35428	70270	13	c4d0ee165e5d804bdc99d59b96e67aceccd8291064173df81131a069ee610bfd	1	1	1	1	0	true	false	0	0	true	0.00000000000000
5807	586	-	35428	5220	22	2dba1c8372e688f7cb0bc7ba2f34a406b26b41c9f8abf8442f713d77809db667	1	625	1	1	0	true	false	0	0	true	0.00000000000000
5807	5220	+	40062	74904	17	49b591f3e7eed607d058f1bb8955be0b363e2ddb4eaef144e23fd8921ce44b82	1	19	19	19	1	true	false	0	0	true	0.170106520235771
5807	5220	-	40062	586	13	c4d0ee165e5d804bdc99d59b96e67aceccd8291064173df81131a069ee610bfd	1	1	1	1	0	false	false	0	0	true	NA
5813	307	+	35185	70063	22	1393227630392b431e91cde5a55259e807651c55560920789a5b5218e5c74cfe	1	475	19	19	1	true	false	0	0	true	0.172695119251513
5813	307	-	35185	5505	20	771746c454f2e38caaca35d4cd3c146bb8e34582a2d4f25eade9a34da807cc0d	1	125	1	1	0	true	true	0	0	true	0.00000000000000
5813	5505	+	40383	75261	24	e97ae32d28007fc79bc747a9e0ca0358a18849afe5c51e0843cb8b2589b66de6	1	2375	19	19	1	true	false	0	0	true	0.169963274058266
5813	5505	-	40383	307	18	f902591a2df47d85a3285df0d976b5501ccfac5a0119bfcbb0a92dec882c882f	1	25	1	1	0	false	false	0	0	true	NA
5827	1203	+	36165	71127	27	320f03b4d652b77b9a4ac18792a6bec3b5e69bd324b1bded1ba783ccb36ad19b	1	11875	19	19	1	true	false	0	0	true	0.172188456814128
5827	1203	-	36165	4623	26	9c8ae5e2ecaa15d2f7da403f45b9cb77fcdb07ea4c1424294fc0181792833210	1	6875	11	11	1	false	false	0	0	true	NA
5827	4623	+	39585	74547	24	fa455dca16f714264327d0373bf5c4f91f40816534010d93a5b454165e823348	1	2375	19	19	1	true	false	0	0	true	0.170382975905707
5827	4623	-	39585	1203	20	b26cd052c94e23fcd1ff7877de7e372684c31f97fa52f91184daedf818d18480	1	125	1	1	0	false	false	0	0	true	NA
5839	180	+	35214	70248	24	2c9e1125cb02f18063e6326aad41576eba9ca2ee90e8155a650c8e8ae0b24cc3	1	2375	19	19	1	true	false	0	0	true	0.172695119251513
5839	180	-	35214	5658	22	521f18673366e18f4ee01d9b45d63ea0685f73b9214236d673657dd4c394f39d	1	625	1	1	0	true	true	0	0	true	0.00000000000000
5839	1503	+	36537	71571	19	8c1455b9e0a576d7479295b69c616b684c64e4f64f07f2d4ca0bdbbe170a9cb7	1	55	11	11	1	true	false	0	0	true	0.140037919040039
5839	1503	-	36537	4335	25	84387d661ddc875c43e69ebb8ca28378ef2f86a12bd6e491591df095a23f6f4e	1	5125	41	41	1	false	false	0	0	true	NA
5839	4335	+	39369	74403	15	d428cf0683aef75c7abc9a26df6c8f97cfe0b7ad59f3e98eac3a8822d243407d	1	5	1	1	0	true	false	0	0	true	0.00000000000000
5839	4335	-	39369	1503	19	99a6313a0b26abef0ec64d99680e6d7391f0812c4e520bf8e4e9e1e430d10a13	1	85	17	17	1	false	false	0	0	true	NA
5839	5658	+	40692	75726	18	05d693d839cb5c9d57986dbcecabcab98c81b78542c889605180dfcdfd69154a	1	25	1	1	0	true	false	0	0	true	0.00000000000000
5839	5658	-	40692	180	20	1f422fa87fad0604ce503d9318baf9b7f922025369c19da6c47a2ef6d3c8b656	1	125	1	1	0	false	false	0	0	true	NA
5857	1688	+	36830	71972	22	05174b841c19a79256a6d18f7f05a43ce022a5a4eab8a31dbb017af53df8820f	1	475	19	19	1	true	false	0	0	true	0.171780461174222
5857	1688	-	36830	4168	29	9a71c8d699737cc22317a5ab4bca38b2f6b6e6cbca0c56932bd68fcb1774f75d	1	59375	19	19	1	false	false	0	0	true	NA
5857	4168	+	39310	74452	16	2a0690a00507a2bb6af487e14abca5cd4ac2e1274fd62a57922b8fea3cf10ccb	1	11	11	11	1	true	false	0	0	true	0.138853539812483
5857	4168	-	39310	1688	16	2a0690a00507a2bb6af487e14abca5cd4ac2e1274fd62a57922b8fea3cf10ccb	1	11	11	11	1	false	false	0	0	true	NA
5867	790	+	35992	71194	26	40bcfd6a9b8049c37eaca822104821fd0de278651dec6d01b8d1ede484990d08	1	6875	11	11	1	true	false	0	0	true	0.140290648869769
5867	790	-	35992	5076	26	40bcfd6a9b8049c37eaca822104821fd0de278651dec6d01b8d1ede484990d08	1	6875	11	11	1	false	false	0	0	true	NA
5867	5076	+	40278	75480	22	8834e43190f42d3e8d16a60784befeedae409baf27f4eee1de7b17b8b2a4dc6a	1	425	1	1	0	true	false	0	0	true	0.00000000000000
5867	5076	-	40278	790	20	1bf0f411b8f4a072f972f4fbc9e89b7a56e2781880687ae01e049986a56c8ba2	1	125	1	1	0	false	false	0	0	true	NA
5881	2413	+	37699	72985	20	04b35073385fddeeace3a8d5fb254ac465424a0c9ca03ce39b0d14bbbc549c97	1	95	19	19	1	true	false	0	0	true	0.171352812983270
5881	2413	-	37699	3467	21	310f913222c9c2196610b42eb2108e7a35c8f6d74639b608eaa10236901996b2	1	185	37	37	1	false	false	0	0	true	NA
5881	3467	+	38753	74039	23	68663c172b06983848aaa445b1bfb4d0af4d36156e8e798fc6b7f7caf64cba25	1	905	181	181	1	true	false	0	0	true	0.301438557542693
5881	3467	-	38753	2413	15	4cf12f8f373b6f6813d678c8d13644d7e7eb1813add85297c751fe383187e3a1	1	5	1	1	0	false	false	0	0	true	NA
5897	215	+	35597	70979	24	d10fd2b325314f373b487fe3d8e1cf26309f14808ab00e3449d22e13b59afaf9	1	2375	19	19	1	true	false	0	0	true	0.172503278257235
5897	215	-	35597	5681	22	cbf04d79662d66335cbff8e6e9a9c66df66ac0948ceb457fdff84b1c8497bfc0	1	625	1	1	0	true	true	0	0	true	0.00000000000000
5897	1392	+	36774	72156	20	b27b37146942ddaa1dc82819514270cb6df3d12524db0da509ea65a9f039b2b8	1	125	1	1	0	true	false	0	0	true	0.00000000000000
5897	1392	-	36774	4504	23	2b38fa49a5947aa77a436eb7bcde3ea66559a080511adfc5dc3fbc970d8ac0e3	1	1375	11	11	1	false	false	0	0	true	NA
5897	2361	+	37743	73125	20	0d93e0064466f636092edb6a3d8b388a2fef09281cc3c45ddebe1cd31247bf5b	1	95	19	19	1	true	false	0	0	true	0.171330614864071
5897	2361	-	37743	3535	24	a60387838d27e06560993f04ee933965dafde81d511582426ceb40c68d3fb981	1	2125	17	17	1	false	false	0	0	true	NA
5897	3535	+	38917	74299	20	b27b37146942ddaa1dc82819514270cb6df3d12524db0da509ea65a9f039b2b8	1	125	1	1	0	true	false	0	0	true	0.00000000000000
5897	3535	-	38917	2361	22	cbf04d79662d66335cbff8e6e9a9c66df66ac0948ceb457fdff84b1c8497bfc0	1	625	1	1	0	false	false	0	0	true	NA
5897	4504	+	39886	75268	18	db34bf24048af8ef002a24596338d230aab06008170f07d5d5720d0cac6552bc	1	25	1	1	0	true	false	0	0	true	0.00000000000000
5897	4504	-	39886	1392	22	cbf04d79662d66335cbff8e6e9a9c66df66ac0948ceb457fdff84b1c8497bfc0	1	625	1	1	0	false	false	0	0	true	NA
5897	5681	+	41063	76445	18	db34bf24048af8ef002a24596338d230aab06008170f07d5d5720d0cac6552bc	1	25	1	1	0	true	false	0	0	true	0.00000000000000
5897	5681	-	41063	215	20	b27b37146942ddaa1dc82819514270cb6df3d12524db0da509ea65a9f039b2b8	1	125	1	1	0	false	false	0	0	true	NA
5903	1381	+	36799	72217	22	c287de56afc0983895270cd3fce5d90004c6bdc41897a7076a39d133e0ef86e5	1	625	1	1	0	true	false	0	0	true	0.00000000000000
5903	1381	-	36799	4521	22	c287de56afc0983895270cd3fce5d90004c6bdc41897a7076a39d133e0ef86e5	1	625	1	1	0	false	false	0	0	true	NA
5903	4521	+	39939	75357	19	c369b87879c28399bea42faac7f33162751a755f071a2e48f86d704aa94ae285	1	85	1	1	0	true	false	0	0	true	0.00000000000000
5903	4521	-	39939	1381	22	3a927485d28ebd0a3cd2fb7f2376bc4cdfd78a9fc1432acefae546ef27279a39	1	425	17	17	1	false	false	0	0	true	NA
5953	921	+	36639	72357	20	e71f54cb2b950b7de88e7241e2ee95dcf9dd3f868392eb5e1134f3f3b8abb0d9	1	125	1	1	0	true	false	0	0	true	0.00000000000000
5953	921	-	36639	5031	22	390da93604a12ceb76d9cad9afa54c955ac1c718664ea865a8c6862a86e7c2ea	1	625	1	1	0	false	false	0	0	true	NA
5953	5031	+	40749	76467	21	c091a723f4995f79bc39f7ac8968eb809a14f3875172f4ebafdfffedb963c797	1	275	11	11	1	true	false	0	0	true	0.138282816527012
5953	5031	-	40749	921	18	2b18c0032b95cbaefaca5b980085d3ed1b8485dd1093c25b5d841a84368a4b39	1	25	1	1	0	false	false	0	0	true	NA
6037	1867	+	38089	74311	20	c13867d3057d48279e4899b3ca438feeb9c7e00938429300dff1c25557fe4a63	1	95	19	19	1	true	false	0	0	true	0.171146806488695
6037	1867	-	38089	4169	24	e2d97e24239ec4f05f35c20228302dac72d8f5213e81d61dddc42a03dc5c1c88	1	1805	361	19^2	1	false	false	0	0	true	NA
6037	4169	+	40391	76613	20	4dcde15f0f95879f2d80c429dd1a00c5c1e268833bb1e655f8df5ab5f5e773ff	1	125	1	1	0	true	false	0	0	true	0.00000000000000
6037	4169	-	40391	1867	15	9dd5f0cd9471a1200923a118f792c3f749ca48a42bf5cddf5a7c8d2563bd0237	1	5	1	1	0	false	false	0	0	true	NA
6043	1706	+	37964	74222	35	c4f12f4cb528e92757601be397df91bb94fd42b3362416b8439d71e948bb9cd4	1	3077525	123101	11*19^2*31	3	true	false	0	0	true	0.681449183062342
6043	1706	-	37964	4336	18	7b749f20cc316bbaa6c33d061f2f1840d3319dd71fc24ddf9d88d38c89d5dced	1	25	1	1	0	false	false	0	0	true	NA
6043	2663	+	38921	75179	15	12632e25696bd10f4763a3be38c75961c9d3e6a95cf8149d30d0e72a238f69d9	1	5	1	1	0	true	false	0	0	true	0.00000000000000
6043	2663	-	38921	3379	15	12632e25696bd10f4763a3be38c75961c9d3e6a95cf8149d30d0e72a238f69d9	1	5	1	1	0	false	false	0	0	true	NA
6043	3379	+	39637	75895	15	12632e25696bd10f4763a3be38c75961c9d3e6a95cf8149d30d0e72a238f69d9	1	5	1	1	0	true	false	0	0	true	0.00000000000000
6043	3379	-	39637	2663	18	7b749f20cc316bbaa6c33d061f2f1840d3319dd71fc24ddf9d88d38c89d5dced	1	25	1	1	0	false	false	0	0	true	NA
6043	4336	+	40594	76852	17	fde5d6c0db4efdfcdd71d420b28f5734690b00e15339e5d9b034df5d4fe001f9	1	11	11	11	1	true	false	0	0	true	0.138354177263106
6043	4336	-	40594	1706	25	aec866caa23fa6b0db40efb96f7063810be4b08bb25c41821175d1dbff1fcd9e	1	4825	193	193	1	false	false	0	0	true	NA
6089	199	+	36733	73267	26	93a967e4af6342688b1223c6c326667371672294ec0d66343f2d6788f0eb8e93	1	6875	11	11	1	true	false	0	0	true	0.139931949738099
6089	199	-	36733	5889	19	558646d646caeefc437ad3d744e267524ad843d4e6e0fda2efa1615951850557	1	85	17	17	1	true	true	0	0	true	0.165335438855557
6089	5889	+	42423	78957	26	ea92be8905e471fc2af5058d5ac227ef6cee483e53945ac9952bab04cc749217	1	10625	1	1	0	true	false	0	0	true	0.00000000000000
6089	5889	-	42423	199	22	53a60f38ee60f9d353a882164739f67bb3d80245c37e41ffe9ec7129eee5c417	1	365	73	73	1	false	false	0	0	true	NA
6091	828	+	37374	73920	31	96abc1499f7933ed40e9c9de9ff338071fb69172fbb720dbb95cd2fe90f169b3	1	225625	361	19^2	1	true	false	0	0	true	0.343003167236436
6091	828	-	37374	5262	22	4ee20bdba0641dd429752ab46bf105f8e126275c175d866ce6de9519e567ed46	1	475	19	19	1	false	false	0	0	true	NA
6091	5262	+	41808	78354	25	3a5a9d4663088514337fd642143e6e3b0a1af49b52512b5e7e71cf3315d82ccb	1	5225	209	11*19	2	true	false	0	0	true	0.307159815161455
6091	5262	-	41808	828	22	a7693b0d062b6edb0a10afcb97b531a23d84c6729a39fa540b3194e0884089cd	1	625	1	1	0	false	false	0	0	true	NA
6121	2760	+	39486	76212	18	da0ddea89e839eb91f1367bff6ae8d938e8b7bac17f654da8e203f4d8ec7447d	1	25	1	1	0	true	false	0	0	true	0.00000000000000
6121	2760	-	39486	3360	18	da0ddea89e839eb91f1367bff6ae8d938e8b7bac17f654da8e203f4d8ec7447d	1	25	1	1	0	false	false	0	0	true	NA
6121	3360	+	40086	76812	13	1f45fa85f969dd63fcd2b367b7185de7fd5a61c81c37c66149880782aac3d31b	1	1	1	1	0	true	false	0	0	true	0.00000000000000
6121	3360	-	40086	2760	13	1f45fa85f969dd63fcd2b367b7185de7fd5a61c81c37c66149880782aac3d31b	1	1	1	1	0	false	false	0	0	true	NA
6131	1197	+	37983	74769	28	95c135dbed50b4821736b91fb074b38bdd4d908479859db8f0e6abb84e812553	1	26125	209	11*19	2	true	false	0	0	true	0.310605214708147
6131	1197	-	37983	4933	24	d2625437fd3396d504c022c185fca718b09ce58453e26e6473bd4b3c1ef386b9	1	1375	11	11	1	false	false	0	0	true	NA
6131	2338	+	39124	75910	18	35ced47379d9614ec65730501c6a8b15e51d6d591192b8afb221ff5ccc1dc398	1	31	31	31	1	true	false	0	0	true	0.198981437695160
6131	2338	-	39124	3792	18	c3b5bd24bb12ac4e0895666343126525d652a6e92534e221cd75a8b07b4ea2a2	1	41	41	41	1	false	false	0	0	true	NA
6131	3792	+	40578	77364	21	6724501aa65daeb2a1cc7028b7b8708dd4202c6860b2a9bfccbd99803e09bd5c	1	275	11	11	1	true	false	0	0	true	0.138354177263106
6131	3792	-	40578	2338	18	60013002d3d859d773f5cffc3860fc16c2b6eb1aaec735f62b5a42001bcdef7f	1	25	1	1	0	false	false	0	0	true	NA
6131	4933	+	41719	78505	24	e2a1387450e77531b83b4245dad1fa0da93a625986f7b395320de65d3f4a2364	1	2375	19	19	1	true	false	0	0	true	0.169291790805175
6131	4933	-	41719	1197	15	85e46b9081289ce98650b27404d45d4e18903f9f9376e5211f2ff967c37837e6	1	5	1	1	0	false	false	0	0	true	NA
6133	1318	+	38116	74914	22	3b0023a3d0dcb5c0619d59d9e3d56b5eecd9164bd0876260c6c0ea1246251d34	1	475	19	19	1	true	false	0	0	true	0.171124889389418
6133	1318	-	38116	4814	18	297c08f43c01999449792b759dcda8393827ac09ba0b679405fcc23c1a6a1806	1	25	1	1	0	false	false	0	0	true	NA
6133	4814	+	41612	78410	22	dd07e9deec5042bdadb5acd8627c2ddafb92ff87b06b441af187df35655064e7	1	625	1	1	0	true	false	0	0	true	0.00000000000000
6133	4814	-	41612	1318	20	f36c192ed5abf52f0cfdf1ab231eb94f82fa4d143d4288547c791b707734603a	1	125	1	1	0	false	false	0	0	true	NA
6143	2705	+	39563	76421	22	a5f4e4b9b6081ad073e8c2ecc80e343feabfdd637e83cb91d288a427e033d976	1	625	1	1	0	true	false	0	0	true	0.00000000000000
6143	2705	-	39563	3437	15	c7df5afa98b2a8cf195f57c644003c6f086e7a6ea40d4ba1361d0a5aa402c274	1	5	1	1	0	false	false	0	0	true	NA
6143	3437	+	40295	77153	18	3517f03dfc41d3d8f3f0b13adbfb70e4d1e74bc4d6664ccf3e156f06431ef7be	1	25	1	1	0	true	false	0	0	true	0.00000000000000
6143	3437	-	40295	2705	18	3517f03dfc41d3d8f3f0b13adbfb70e4d1e74bc4d6664ccf3e156f06431ef7be	1	25	1	1	0	false	false	0	0	true	NA
6151	2460	+	39366	76272	13	0bccb20c1e6954898629a4af8a1320d6ba674b3954e51c160cb38f5d752f274f	1	1	1	1	0	true	false	0	0	true	0.00000000000000
6151	2460	-	39366	3690	22	19a83f11a32e7376e7c7a0963daf021495bcaa8a455222993b3b51abcdd82fbe	1	425	17	17	1	false	false	0	0	true	NA
6151	3690	+	40596	77502	20	e404a66afc3952dd14514bb687b54d7b4f55f529e3e19b65d1c59a71b0faa587	1	121	121	11^2	1	true	false	0	0	true	0.276708354526213
6151	3690	-	40596	2460	18	3ff6772dc736e217a3a10329a16b98065cc1e8fc4f795ea0083d70fbe70d5996	1	25	1	1	0	false	false	0	0	true	NA
6173	1776	+	38814	75852	13	226a3b139e7a2a44e03394f9f48bc2ab575d2218df19f62282c3f2a4537792dd	1	1	1	1	0	true	false	0	0	true	0.00000000000000
6173	1776	-	38814	4396	17	d51a927657dc84b145620f69e16d5a343e41bec78ec65b89732adc13d7dc0258	1	17	17	17	1	false	false	0	0	true	NA
6173	4396	+	41434	78472	20	bc760817a5324b32a60120b6398c4ec0a0e3a2aabe3402df1fe30e3b72da81aa	1	125	1	1	0	true	false	0	0	true	0.00000000000000
6173	4396	-	41434	1776	18	26b3e1f144d13f4fd21afa6c82b7e00a631be1b325a8d6044c19e1b9c5e4628d	1	25	1	1	0	false	false	0	0	true	NA
6199	1929	+	39123	76317	15	4de8ba2b23909bdd95370942975ae43fe5de30535a9137df098c7791a2edb3a0	1	5	1	1	0	true	false	0	0	true	0.00000000000000
6199	1929	-	39123	4269	20	c07543d28d6b8f94190dcd6b345070b3d464dde5bfd7ba4493c54dde8af48602	1	155	31	31	1	false	false	0	0	true	NA
6199	4269	+	41463	78657	29	cc6d25da5eca6953f9a7d7faf89dfa87f94b6cea2114fedbdf33d58eeb4325da	1	47375	379	379	1	true	false	0	0	true	0.341737613717324
6199	4269	-	41463	1929	15	4de8ba2b23909bdd95370942975ae43fe5de30535a9137df098c7791a2edb3a0	1	5	1	1	0	false	false	0	0	true	NA
6203	1524	+	38742	75960	20	4428c7904d073aa3e3928652819d2470247a8b95b0e1d798ca2101645aae77bb	1	125	1	1	0	true	false	0	0	true	0.00000000000000
6203	1524	-	38742	4678	18	d19f84b0ed273670d8a74359dfda7d95e286720459bea8856e8172cd0524b5f6	1	25	1	1	0	false	false	0	0	true	NA
6203	2480	+	39698	76916	20	4428c7904d073aa3e3928652819d2470247a8b95b0e1d798ca2101645aae77bb	1	125	1	1	0	true	false	0	0	true	0.00000000000000
6203	2480	-	39698	3722	18	d19f84b0ed273670d8a74359dfda7d95e286720459bea8856e8172cd0524b5f6	1	25	1	1	0	false	false	0	0	true	NA
6203	3722	+	40940	78158	22	59d9b652612e050fa5402919b1875afbdf2639d243039effaa46566775a7348c	1	625	1	1	0	true	false	0	0	true	0.00000000000000
6203	3722	-	40940	2480	18	d19f84b0ed273670d8a74359dfda7d95e286720459bea8856e8172cd0524b5f6	1	25	1	1	0	false	false	0	0	true	NA
6203	4678	+	41896	79114	21	8f9c3775da58a5cccd28a681d1d8c0147628dd9b5d92b408eeb4e5ecfccdcb4a	1	275	11	11	1	true	false	0	0	true	0.137852130235097
6203	4678	-	41896	1524	13	d1ed8023ff33e3058d792c745d7d1f49a0fb353a21a905cae36849583f9453ae	1	1	1	1	0	false	false	0	0	true	NA
6247	1350	+	38832	76314	17	71683f423cb3d4ae9feafd90920f479708004e15e8fe1d529a2dc9bd15e7f88d	1	19	19	19	1	true	false	0	0	true	0.170735393963722
6247	1350	-	38832	4896	22	3822dd0175c8d9e6176e04e5102f406da65ace9a95a9a1d25911e2b03a594438	1	475	19	19	1	false	false	0	0	true	NA
6247	1499	+	38981	76463	22	9c955c51d58ff632f104473d66088a0591acfe6f98419034fb964d58130585bf	1	625	1	1	0	true	false	0	0	true	0.00000000000000
6247	1499	-	38981	4747	21	5cfce07f0250747561841e07b244fc2ceeb9f7c0a29dc3cfe759d779a7f40cd3	1	185	37	37	1	false	false	0	0	true	NA
6247	1780	+	39262	76744	17	094905a9cde3ec7b93a49117f3676167e9f303b07e49a8f3b203a02e9139c658	1	11	11	11	1	true	false	0	0	true	0.138853539812483
6247	1780	-	39262	4466	13	c92edba7a4bf8fff9a71e630f89f8db4e2f00f4105ddd1a05256322d48abc3db	1	1	1	1	0	false	false	0	0	true	NA
6247	4466	+	41948	79430	24	0569ae8ace2cc21adf92135471d617d8db9fe94bcbde36bdce2d1c2d02842e1b	1	1375	11	11	1	true	false	0	0	true	0.137799290990745
6247	4466	-	41948	1780	18	d904a935cadd3c9642531df799eade053cf7994f703511de95f7c660f1c0f373	1	25	1	1	0	false	false	0	0	true	NA
6247	4747	+	42229	79711	18	d904a935cadd3c9642531df799eade053cf7994f703511de95f7c660f1c0f373	1	25	1	1	0	true	false	0	0	true	0.00000000000000
6247	4747	-	42229	1499	18	d904a935cadd3c9642531df799eade053cf7994f703511de95f7c660f1c0f373	1	25	1	1	0	false	false	0	0	true	NA
6247	4896	+	42378	79860	20	b195a4d3d178f8e9d28408047b1d3db1e0a8a071c0b8548f881de6581f1d8b0b	1	125	1	1	0	true	false	0	0	true	0.00000000000000
6247	4896	-	42378	1350	13	c92edba7a4bf8fff9a71e630f89f8db4e2f00f4105ddd1a05256322d48abc3db	1	1	1	1	0	false	false	0	0	true	NA
6257	2523	+	40065	77607	20	102dbd41f6304a9ba9685341f3fc706792f33c3b7082f95aa3c882e0daf96c15	1	85	1	1	0	true	false	0	0	true	0.00000000000000
6257	2523	-	40065	3733	18	d0dc34965a81c263d4ac5ee19bd680a7fdb90420658c51619c025cf753ffdb93	1	25	1	1	0	false	false	0	0	true	NA
6257	3733	+	41275	78817	22	cbcfeee47f12932891da12456ff9d841d38766d622acf4a42aa4dc6fb41a9fba	1	625	1	1	0	true	false	0	0	true	0.00000000000000
6257	3733	-	41275	2523	15	5bf9f5aa2bcd8de51821bbd78cdad3846ceb18812aca1c5c663ea5fc157bdc39	1	5	1	1	0	false	false	0	0	true	NA
6263	1122	+	38700	76278	18	695fd4966bf7d47518dc14015a7af2f67704f2b0367f14933e06bbb6999b535f	1	25	1	1	0	true	false	0	0	true	0.00000000000000
6263	1122	-	38700	5140	20	bde3f79718117cdbab9bbce8fea3c26603dc4732dcf324c8f4a206c23360d2a7	1	125	1	1	0	false	false	0	0	true	NA
6263	5140	+	42718	80296	28	c29a8d2f4eb619ad4feef254c6fbf25bec25847512b8f5abdf9ca5b3495da786	1	34375	11	11	1	true	false	0	0	true	0.137522809655398
6263	5140	-	42718	1122	22	4434e028cecf377720093b8067e7816526a72e57f17a5e5e8f4780dda4e87983	1	425	17	17	1	false	false	0	0	true	NA
6269	1166	+	38780	76394	25	a2cde3868fe5878fd132b55d5a0a11aa1bf740e2b06168731704bc4a8bb7339b	1	4675	11	11	1	true	false	0	0	true	0.139043667395301
6269	1166	-	38780	5102	22	33303ba3d1e63ec45bd57bc6ea30f5ab55870b632b3d10a432813c4ae65515f9	1	475	19	19	1	false	false	0	0	true	NA
6269	1958	+	39572	77186	29	f72eb684cdda6a592cf25505bcfbd307ff5f5db0af7f7e5e0b93ffc08d08154b	1	50875	407	11*37	2	true	false	0	0	true	0.347706126512084
6269	1958	-	39572	4310	18	ebbdb4677a7aa1890e53d64ef257222678d87b59b2f52967ac5333f6a2623f5b	1	25	1	1	0	false	false	0	0	true	NA
6269	4310	+	41924	79538	24	6fb076045b60a81f65c9955890a206b32da12f9e2466fd9edd73038dcb3c06ac	1	1375	11	11	1	true	false	0	0	true	0.137799290990745
6269	4310	-	41924	1958	28	775f35d89aa451bc0cc5d0da33e95c50a3a675ae6d585249b81ad1d13bf818ef	1	26125	209	11*19	2	false	false	0	0	true	NA
6269	5102	+	42716	80330	25	9e4398af11d441e87bd2500e52e9b657e8bf047de180841880f17b01332948b5	1	3125	1	1	0	true	false	0	0	true	0.00000000000000
6269	5102	-	42716	1166	22	240447cfee1e0e5b20c592dde9fec17a693d8882e1feb47ee2cdee741ebc26e1	1	625	1	1	0	false	false	0	0	true	NA
6311	2095	+	39961	77827	20	254d18b5bb0c3eb1b9fe7976346b62368c8b8547b1ea24ff99441bb1812a794b	1	125	1	1	0	true	false	0	0	true	0.00000000000000
6311	2095	-	39961	4215	25	6da6b174e5786c2395f789c59101e55036aca925991dbb686ae45c72b6d73b67	1	3125	1	1	0	false	false	0	0	true	NA
6311	4215	+	42081	79947	20	0ad7d7850da9a96f025b9ef2d6ee51099c11a39a5c39adbac9cc2748d1c5588d	1	95	19	19	1	true	false	0	0	true	0.169136326472086
6311	4215	-	42081	2095	20	254d18b5bb0c3eb1b9fe7976346b62368c8b8547b1ea24ff99441bb1812a794b	1	125	1	1	0	false	false	0	0	true	NA
6367	43	+	38245	76447	22	7780ebba94b7a7735cc013b18e5d43fed3f8364305be1d652eccf6fcb950870c	1	475	19	19	1	true	false	0	0	true	0.171044780433909
6367	43	-	38245	6323	15	43f6298bbd74c9ecc3ac85503584e23d7307ca8ffcbd1117088de1547a2cf71e	1	5	1	1	0	true	true	0	0	true	0.00000000000000
6367	6323	+	44525	82727	20	b1852c5c793bc7b001861bacd86d124b96a76ada404a78ddb8d43798e7ae5649	1	125	1	1	0	true	false	0	0	true	0.00000000000000
6367	6323	-	44525	43	20	b1852c5c793bc7b001861bacd86d124b96a76ada404a78ddb8d43798e7ae5649	1	125	1	1	0	false	false	0	0	true	NA
6379	2947	+	41221	79495	30	4baf19b5f472467945025be7ddbbbe7cf037ceb39d0625f84fb0928ad28e0e19	1	155465	1829	31*59	2	true	false	0	0	true	0.432581919966138
6379	2947	-	41221	3431	34	5df529a35516d2bc57d6a52fc6d62e73256dcadc716c18e4a414ea7b161a8ff5	1	2249375	3599	59*61	2	false	false	0	0	true	NA
6379	3431	+	41705	79979	20	879d1cf519e8e05d3f3dd54520f6900ec60012c2b50e880b91b032296f48ba91	1	95	19	19	1	true	false	0	0	true	0.169291790805175
6379	3431	-	41705	2947	20	879d1cf519e8e05d3f3dd54520f6900ec60012c2b50e880b91b032296f48ba91	1	95	19	19	1	false	false	0	0	true	NA
6389	60	+	38394	76728	20	d06b1fed77a8e193ba51c113488c8f0a7464713f74d3843340170993869b54cc	1	125	1	1	0	true	false	0	0	true	0.00000000000000
6389	60	-	38394	6328	18	8380d7b3f9c055b115ebc0f7eb0ec5289d7333ed56643cf94372838a07fc4974	1	25	1	1	0	true	true	0	0	true	0.00000000000000
6389	6328	+	44662	82996	24	d7b27dcf8c712cd8489a2c0e892a7754b731cfb22303a780703bcb54aefb0f89	1	2125	1	1	0	false	false	0	0	true	NA
6389	6328	-	44662	60	17	0bd0dd31d7cfb9cd83cb5f3e42d577fc1934fc16f69ae6da23548c90b50b0b65	1	17	17	17	1	false	false	0	0	true	NA
6397	409	+	38791	77173	24	571e84732cbb108ba2ebcf1afb00ae8c1da7f3587e6262ab419ac2ca1ae40a8d	1	1375	11	11	1	true	false	0	0	true	0.139043667395301
6397	409	-	38791	5987	23	c5311aa0e6ba0ae5087d32f90dfbee1efe61a64049339fb079635acc5b2d244f	1	935	187	11*17	2	true	true	0	0	true	0.303329563589236
6397	1635	+	40017	78399	15	6b646e133d024e86af730ad7fa9a47b57ca3574dc055949b6ea1a3cea6814441	1	5	1	1	0	true	false	0	0	true	0.00000000000000
6397	1635	-	40017	4761	15	6b646e133d024e86af730ad7fa9a47b57ca3574dc055949b6ea1a3cea6814441	1	5	1	1	0	false	false	0	0	true	NA
6397	4761	+	43143	81525	27	dcbfdb249301b1d4e892161934241ad976ac2014b249652be8cfd964854b260f	1	19375	31	31	1	true	false	0	0	true	0.196723804069735
6397	4761	-	43143	1635	22	7de845367e640965e2168fb57df893321bcb8553f1a08f0afa642a502ae181b9	1	425	17	17	1	false	false	0	0	true	NA
6397	5987	+	44369	82751	15	6b646e133d024e86af730ad7fa9a47b57ca3574dc055949b6ea1a3cea6814441	1	5	1	1	0	true	false	0	0	true	0.00000000000000
6397	5987	-	44369	409	20	fb44b767b1f39c10210d96d3c70902fa3f056d2f1195714d1961084d16b957c6	1	95	19	19	1	false	false	0	0	true	NA
6427	829	+	39391	77953	20	1afe8a8426bed498f5c4bb1ca130c9eb3958c40a3384ff968463904710345858	1	125	1	1	0	true	false	0	0	true	0.00000000000000
6427	829	-	39391	5597	20	1afe8a8426bed498f5c4bb1ca130c9eb3958c40a3384ff968463904710345858	1	125	1	1	0	false	false	0	0	true	NA
6427	5597	+	44159	82721	28	0052677425f132c84d4fc76c0e8deae178857edd7ff06bb1f3ea70e5957b3f16	1	23375	11	11	1	true	false	0	0	true	0.137021813093041
6427	5597	-	44159	829	24	8174b277eaaba8d8ead6bc40a21f4e26a8250d06db16f4d66256e84e6acc5ef0	1	2125	17	17	1	false	false	0	0	true	NA
6521	1300	+	40426	79552	22	362cae5e66f83e2e62a2ecfdd2d824307110b3eb70aa9d5c58ed6c6720107e35	1	425	1	1	0	true	false	0	0	true	0.00000000000000
6521	1300	-	40426	5220	18	f8218f3d2ad403b9a1da2e22a98d7ba84d5397f004f2494e8a948c57af4108b9	1	25	1	1	0	false	false	0	0	true	NA
6521	5220	+	44346	83472	21	a3950cf023662ab4752abbab165bca16a9310e92dfaca2640d486fd65ce9fca8	1	275	11	11	1	true	false	0	0	true	0.136957461798018
6521	5220	-	44346	1300	17	cda37a94611005a5407de666558e4b9320d8e263ad9586411c226eddb196b967	1	19	19	19	1	false	false	0	0	true	NA
6547	851	+	40133	79415	36	015e80371ad6d894b1118c2ed0720c19a80653b25b1db780e4eb223a54757d14	1	8111125	3817	11*347	2	true	false	0	0	true	0.476459493546143
6547	851	-	40133	5695	15	555942b8f0549fd8dcc17f1ef8685196e3e624102d0742a6beeca62cfcaf9050	1	5	1	1	0	false	false	0	0	true	NA
6547	1968	+	41250	80532	22	26ab494edf5a3928118a8346c23a5a03afb6a223e1785b99451d73bb96e820dd	1	625	1	1	0	true	false	0	0	true	0.00000000000000
6547	1968	-	41250	4578	25	62743224cba3651ad17259e21f04318bcd61e364168cbe58392b10ce2ae2f92f	1	3125	1	1	0	false	false	0	0	true	NA
6547	4578	+	43860	83142	17	acef923303ffc010843055673019243d85fd301811cec6945203ee0b10e4ca5b	1	11	11	11	1	true	false	0	0	true	0.137126456291469
6547	4578	-	43860	1968	25	0cef70cf6042a76cc679c052eb6c31efd9dbec792c7566c4ccd5aca734f8e499	1	3553	3553	11*17*19	3	false	false	0	0	true	NA
6547	5695	+	44977	84259	15	555942b8f0549fd8dcc17f1ef8685196e3e624102d0742a6beeca62cfcaf9050	1	5	1	1	0	true	false	0	0	true	0.00000000000000
6547	5695	-	44977	851	15	555942b8f0549fd8dcc17f1ef8685196e3e624102d0742a6beeca62cfcaf9050	1	5	1	1	0	false	false	0	0	true	NA
6553	901	+	40219	79537	32	a865ddaaac054855808c776e0c6b178cf85494427c8b1c259dcbdf060ac3995b	1	405875	191	191	1	true	false	0	0	true	0.303361798299514
6553	901	-	40219	5651	20	c91ba0fdec03f3dcc4d525f6a50df65233b0e3b8a6876cb58e732afdbb72ade4	1	125	1	1	0	false	false	0	0	true	NA
6553	5651	+	44969	84287	20	c91ba0fdec03f3dcc4d525f6a50df65233b0e3b8a6876cb58e732afdbb72ade4	1	125	1	1	0	true	false	0	0	true	0.00000000000000
6553	5651	-	44969	901	24	0410cfffd28d514cf2e3d524d72b6dae07a7438382098b0b585ab34b504f4a54	1	2375	19	19	1	false	false	0	0	true	NA
6577	1239	+	40701	80163	22	1c27afca09f0cfcbe7813bc6059c7909777a11a382bec34a099bc5105cd30e52	1	625	1	1	0	true	false	0	0	true	0.00000000000000
6577	1239	-	40701	5337	22	1c27afca09f0cfcbe7813bc6059c7909777a11a382bec34a099bc5105cd30e52	1	625	1	1	0	false	false	0	0	true	NA
6577	5337	+	44799	84261	20	978286f373ab1192f3920ad186aa1967793e7c7830dc8d6f1e68a4d603fb22a6	1	125	1	1	0	true	false	0	0	true	0.00000000000000
6577	5337	-	44799	1239	20	2543696961303ea09e0a6c00ff880dce3471b9f9604196a3d175b06cc7bbdb44	1	95	19	19	1	false	false	0	0	true	NA
6581	92	+	39578	79064	23	7c24475e5b2e96600483c56fb6315eab03a4ebb9c7ac9ed92eae20b75ac24b3f	1	775	31	31	1	true	false	0	0	true	0.198711185139906
6581	92	-	39578	6488	22	b8c79f4646d2cbfbd5208f5f58e466d08852b5fab0c16af198ac8b0936a8355b	1	625	1	1	0	true	true	0	0	true	0.00000000000000
6581	6488	+	45974	85460	24	2d023e993743b70574abcbd63ebbdd9bd01daa06fc0a75755a436f95b64f6591	1	1375	11	11	1	true	false	0	0	true	0.136397234645268
6581	6488	-	45974	92	18	15eafef59bd191c25e9c01536e3a1994b3dba0b53045195ecd978078b772d0b6	1	25	1	1	0	false	false	0	0	true	NA
6637	645	+	40467	80289	20	f4c62ba5c0c5891c9e278d392c3d48b9408289e7583e6ad06855c5c61b800d54	1	125	1	1	0	true	false	0	0	true	0.00000000000000
6637	645	-	40467	5991	20	f4c62ba5c0c5891c9e278d392c3d48b9408289e7583e6ad06855c5c61b800d54	1	125	1	1	0	true	false	0	0	true	0.00000000000000
6637	5991	+	45813	85635	21	9427ef5354da7c3e4f6943dee13fa404350d1490b1d3373731b2b9ecd0f8aac6	1	185	37	37	1	true	false	0	0	true	0.205474885229929
6637	5991	-	45813	645	26	545435684ef257ce115719e1c9b99e43e2b087ab2527ee09160d40310a64d4c9	1	7585	1517	37*41	2	false	false	0	0	true	NA
6659	80	+	40034	79988	21	c9ed18803981203871b0da3f7dc17168fd4a2ca7b3d6b60950b7781a1e4004c5	1	275	11	11	1	true	false	0	0	true	0.138531524555829
6659	80	-	40034	6578	18	bbfb770cf14ac0ba2f0a723c0d53fd9fecd557bfd80bae904c56899ab90e236c	1	25	1	1	0	true	true	0	0	true	0.00000000000000
6659	6578	+	46532	86486	20	da4c6532b95b0194253240de7c503ee61b6287d59a1703c75df5ec3810f19527	1	125	1	1	0	false	false	0	0	true	NA
6659	6578	-	46532	80	18	bbfb770cf14ac0ba2f0a723c0d53fd9fecd557bfd80bae904c56899ab90e236c	1	25	1	1	0	false	false	0	0	true	NA
6679	1847	+	41921	81995	24	4307fefaa8dd74c1f60bdb16b55f8bfc026448eb6b7154a178c97e52b77d2fd0	1	1375	11	11	1	true	false	0	0	true	0.137799290990745
6679	1847	-	41921	4831	22	ac482d58cf9c169981ae9598ad4c73ca04df7f3203d80c1d3853fb45d0f16ca8	1	625	1	1	0	false	false	0	0	true	NA
6679	4831	+	44905	84979	20	4ac18a49a4c734290ce5a37b5078f587cb3bf18e57c580282725bced4634b044	1	155	31	31	1	true	false	0	0	true	0.195839984252740
6679	4831	-	44905	1847	16	379e5ef07685a3613c8d89ecd9afefc82ff148029d849f64e7309bcf4927f7cd	1	5	1	1	0	false	false	0	0	true	NA
6689	1571	+	41705	81839	20	1890df827901c3a269f3a4c70986b2e9e4a1cc8b19bc44895bb18da5ae3580b2	1	125	1	1	0	true	false	0	0	true	0.00000000000000
6689	1571	-	41705	5117	20	1890df827901c3a269f3a4c70986b2e9e4a1cc8b19bc44895bb18da5ae3580b2	1	125	1	1	0	false	false	0	0	true	NA
6689	5117	+	45251	85385	16	d3f4202656fa45a245c221916437fe2010f1cc6c2d7227376ee68b215b7c6278	1	5	1	1	0	true	false	0	0	true	0.00000000000000
6689	5117	-	45251	1571	16	d3f4202656fa45a245c221916437fe2010f1cc6c2d7227376ee68b215b7c6278	1	5	1	1	0	false	false	0	0	true	NA
6703	89	+	40307	80525	22	de9d2b8ff30edd73b8e431d259b555bd3ebc5f36bd86f06013bac34c2d849f1b	1	425	1	1	0	true	false	0	0	true	0.00000000000000
6703	89	-	40307	6613	18	4f00dfe4f5be8daf2144d24f617c1ccfb9061de7837010caf6b7aaf11db32797	1	25	1	1	0	true	true	0	0	true	0.00000000000000
6703	6613	+	46831	87049	24	e7f695acb7eb6484d7f30d0dc27780375f28b1c6ea2fee8347507138c618938d	1	2125	1	1	0	true	false	0	0	true	0.00000000000000
6703	6613	-	46831	89	16	84a4c871ecb557f6c353ddd2c75b046160feb488e35b64da4a3a684f5bc00c27	1	5	1	1	0	false	false	0	0	true	NA
6719	615	+	40929	81243	18	132fdc607421999876846015efb1f13a651beae5a79e32b39ac036f1e8e5fc55	1	25	1	1	0	true	false	0	0	true	0.00000000000000
6719	615	-	40929	6103	18	132fdc607421999876846015efb1f13a651beae5a79e32b39ac036f1e8e5fc55	1	25	1	1	0	true	false	0	0	true	0.00000000000000
6719	6103	+	46417	86731	20	e31bfd87d3354d1820e6ba0473661452b163d6c8503b45e3fbebc0c8401750ff	1	125	1	1	0	true	false	0	0	true	0.00000000000000
6719	6103	-	46417	615	16	3f9a40ae5ded11ea34ac0fe934e4cebf3fe92f772416f1f4b46ac4447e3a9516	1	5	1	1	0	false	false	0	0	true	NA
6733	386	+	40784	81182	20	aafbca8ed40aef8291ea26b02488bb56cc2ac5af3a25c985ec7934ab330f7f20	1	125	1	1	0	true	false	0	0	true	0.00000000000000
6733	386	-	40784	6346	18	c97341f342f18206dc5c51ec6f942211747604860f9505bc7088fef7fa0191be	1	25	1	1	0	true	true	0	0	true	0.00000000000000
6733	6346	+	46744	87142	21	7b4d08e1a91597c920b908ed32bb03e3c4e6fa1d45f3711850c31384e8d29c25	1	275	11	11	1	true	false	0	0	true	0.136140033117746
6733	6346	-	46744	386	18	c97341f342f18206dc5c51ec6f942211747604860f9505bc7088fef7fa0191be	1	25	1	1	0	false	false	0	0	true	NA
6779	217	+	40891	81565	23	bbb3e99281c3a1dd93403e7b1e9f3c5b3232aed2f0abb5debeb02e247be6916e	1	625	1	1	0	true	false	0	0	true	0.00000000000000
6779	217	-	40891	6561	18	4d60dd43b892fd618cfd949bd73afcfaf3e63db418a14ed3bcc98965b9405069	1	25	1	1	0	true	true	0	0	true	0.00000000000000
6779	2831	+	43505	84179	20	902019b9fc99d2048e00a058daf16958f8b74a3782c432ca4360d5a54ac7e7e4	1	125	1	1	0	true	false	0	0	true	0.00000000000000
6779	2831	-	43505	3947	20	902019b9fc99d2048e00a058daf16958f8b74a3782c432ca4360d5a54ac7e7e4	1	125	1	1	0	false	false	0	0	true	NA
6779	3947	+	44621	85295	24	8df794fb8e40c7ebc734095e2000198e4a51524c40bd40ce1fdca2e392a697da	1	1375	11	11	1	true	false	0	0	true	0.136854191855947
6779	3947	-	44621	2831	24	b01443fc9c56aed12e9bf3c7e335bf65d461ae47e197ac093fe30a4bf9f82bbd	1	2125	17	17	1	false	false	0	0	true	NA
6779	6561	+	47235	87909	26	d4de50d9e7514dfd0743d9c80477ee666d4bec76d1d358c32e9975125eb848a6	1	7645	1529	11*139	2	true	false	0	0	true	0.415717805859737
6779	6561	-	47235	217	16	1871b60e74a421e8182d070fff3976228801077f972220b41677d22e211bb15f	1	5	1	1	0	false	false	0	0	true	NA
6781	363	+	41049	81735	20	e771b4d13199874666a62b5cc8661c4d161143beeeb7be967b46ea7e76d866b2	1	125	1	1	0	true	false	0	0	true	0.00000000000000
6781	363	-	41049	6417	20	e771b4d13199874666a62b5cc8661c4d161143beeeb7be967b46ea7e76d866b2	1	125	1	1	0	true	true	0	0	true	0.00000000000000
6781	2806	+	43492	84178	20	e771b4d13199874666a62b5cc8661c4d161143beeeb7be967b46ea7e76d866b2	1	125	1	1	0	true	false	0	0	true	0.00000000000000
6781	2806	-	43492	3974	20	e771b4d13199874666a62b5cc8661c4d161143beeeb7be967b46ea7e76d866b2	1	125	1	1	0	false	false	0	0	true	NA
6781	3318	+	44004	84690	13	7e13c96ec4de31d7c2f70ceaf03997fc03a1141f49f199655b3b0f22d89df173	1	1	1	1	0	true	false	0	0	true	0.00000000000000
6781	3318	-	44004	3462	13	7e13c96ec4de31d7c2f70ceaf03997fc03a1141f49f199655b3b0f22d89df173	1	1	1	1	0	false	false	0	0	true	NA
6781	3462	+	44148	84834	21	6fd98a1e5a5de6865696ebceff1cc23247e0362d03db02a0bbfb5a0214962c70	1	275	11	11	1	true	false	0	0	true	0.137021813093041
6781	3462	-	44148	3318	21	6fd98a1e5a5de6865696ebceff1cc23247e0362d03db02a0bbfb5a0214962c70	1	275	11	11	1	false	false	0	0	true	NA
6781	3974	+	44660	85346	24	6fdefdffe204d7b9b0a18981f7ab039a898971b5f90258379369e7ea06368025	1	2375	19	19	1	true	false	0	0	true	0.168016837840030
6781	3974	-	44660	2806	20	e771b4d13199874666a62b5cc8661c4d161143beeeb7be967b46ea7e76d866b2	1	125	1	1	0	false	false	0	0	true	NA
6781	6417	+	47103	87789	24	56edc1b0b5ea8ead9697e67e72a092dc7db95b95902ac2bf8dea954d54c3882b	1	2125	1	1	0	true	false	0	0	true	0.00000000000000
6781	6417	-	47103	363	20	e771b4d13199874666a62b5cc8661c4d161143beeeb7be967b46ea7e76d866b2	1	125	1	1	0	false	false	0	0	true	NA
6827	1853	+	42815	83777	20	03b51ad19ce8c35c9ecf7d067677111c34c6287ab88bbf2b8b5c1d60f8e47f2c	1	125	1	1	0	true	false	0	0	true	0.00000000000000
6827	1853	-	42815	4973	20	03b51ad19ce8c35c9ecf7d067677111c34c6287ab88bbf2b8b5c1d60f8e47f2c	1	125	1	1	0	false	false	0	0	true	NA
6827	2132	+	43094	84056	25	e44d82a170dbaa2e7f723425f58fc8a95d784da15f34cdb5d206355518f0387e	1	3125	1	1	0	true	false	0	0	true	0.00000000000000
6827	2132	-	43094	4694	20	03b51ad19ce8c35c9ecf7d067677111c34c6287ab88bbf2b8b5c1d60f8e47f2c	1	125	1	1	0	false	false	0	0	true	NA
6827	4694	+	45656	86618	23	20b736032310ef36395eae0763cc5e5bf8a13abcd29d9c46e19bf28418d29b91	1	625	1	1	0	true	false	0	0	true	0.00000000000000
6827	4694	-	45656	2132	18	3f90dd343e5f1876394c2f6ff492e19299f1c6ea0d6f87dc0578d11259544c5f	1	25	1	1	0	false	false	0	0	true	NA
6827	4973	+	45935	86897	19	b9147246fdfe79cf92790bbe072fe421b2fdd3a6b24a297d7e0eadbff16f1e6f	1	55	11	11	1	true	false	0	0	true	0.136411415632554
6827	4973	-	45935	1853	19	b9147246fdfe79cf92790bbe072fe421b2fdd3a6b24a297d7e0eadbff16f1e6f	1	55	11	11	1	false	false	0	0	true	NA
6833	47	+	41045	82043	23	a870826b021c2eb8abd5b93a0c2ace3c70feacdc98e70816ed9c03502585d37d	1	625	1	1	0	true	false	0	0	true	0.00000000000000
6833	47	-	41045	6785	16	4cf0514def2a73615b4b933659438df622789e6d6989ef6873fd4624696c4667	1	5	1	1	0	true	true	0	0	true	0.00000000000000
6833	6785	+	47783	88781	29	7810dcee62867356c8e78cb2e44469ac1d49c5a805c3be1c1b4abc666f715f2f	1	53125	1	1	0	true	false	0	0	true	0.00000000000000
6833	6785	-	47783	47	20	3ea31d88dee9544d8919000163a23aa8f5853b6be0938b32d7f6e8c757ae99f2	1	85	17	17	1	false	false	0	0	true	NA
6841	370	+	41416	82462	23	cde2ee14cfd1bb0209bd56825ac092019fc86c42d381c5a694ef9b28e01e416d	1	625	1	1	0	true	false	0	0	true	0.00000000000000
6841	370	-	41416	6470	18	e3aed4dc627560251488c66997e042d341438787af33cb1be9c0b7788e54d381	1	25	1	1	0	true	true	0	0	true	0.00000000000000
6841	931	+	41977	83023	21	fa6662837e0be09d006b497f1ac9408c1da0d7e9a71ccdcdb83f5566f86099bf	1	275	11	11	1	true	false	0	0	true	0.137799290990745
6841	931	-	41977	5909	18	e3aed4dc627560251488c66997e042d341438787af33cb1be9c0b7788e54d381	1	25	1	1	0	false	false	0	0	true	NA
6841	2916	+	43962	85008	18	e3aed4dc627560251488c66997e042d341438787af33cb1be9c0b7788e54d381	1	25	1	1	0	true	false	0	0	true	0.00000000000000
6841	2916	-	43962	3924	18	e3aed4dc627560251488c66997e042d341438787af33cb1be9c0b7788e54d381	1	25	1	1	0	false	false	0	0	true	NA
6841	3207	+	44253	85299	20	d0f9ddfd87e0415aefd9bc0a31d5b5b10a1a54e78f1a53128edcbe44b9cc4058	1	95	19	19	1	true	false	0	0	true	0.168216185882347
6841	3207	-	44253	3633	20	d0f9ddfd87e0415aefd9bc0a31d5b5b10a1a54e78f1a53128edcbe44b9cc4058	1	95	19	19	1	false	false	0	0	true	NA
6841	3633	+	44679	85725	20	d0f9ddfd87e0415aefd9bc0a31d5b5b10a1a54e78f1a53128edcbe44b9cc4058	1	95	19	19	1	true	false	0	0	true	0.168016837840030
6841	3633	-	44679	3207	20	d0f9ddfd87e0415aefd9bc0a31d5b5b10a1a54e78f1a53128edcbe44b9cc4058	1	95	19	19	1	false	false	0	0	true	NA
6841	3924	+	44970	86016	35	4c5c283d2f5bc8881f2f6095bf274b89ddee17ae2c4d2f35a5496aa6b7d73f16	1	4537675	181507	19*41*233	3	true	false	0	0	true	0.690504453315178
6841	3924	-	44970	2916	27	1d837a8997b1e7753be3058e113eb18b577c36d6d42d45e845fe229f49b79c61	1	19475	779	19*41	2	false	false	0	0	true	NA
6841	5909	+	46955	88001	20	dc55663abf39cf6de4b933e15a363b8928f5dc7ed32b54dd7dd6697252304e0c	1	125	1	1	0	true	false	0	0	true	0.00000000000000
6841	5909	-	46955	931	20	dc55663abf39cf6de4b933e15a363b8928f5dc7ed32b54dd7dd6697252304e0c	1	125	1	1	0	false	false	0	0	true	NA
6841	6470	+	47516	88562	23	cde2ee14cfd1bb0209bd56825ac092019fc86c42d381c5a694ef9b28e01e416d	1	625	1	1	0	true	false	0	0	true	0.00000000000000
6841	6470	-	47516	370	13	a99deae565286d52add1295f8bb8f494d77229ad632726b81503097fdbaaba9e	1	1	1	1	0	false	false	0	0	true	NA
6883	1753	+	43051	84349	20	01d50fcc0fc951ca238dae9ce7e683396ee34169b90576404819c26bbc84d182	1	125	1	1	0	true	false	0	0	true	0.00000000000000
6883	1753	-	43051	5129	20	01d50fcc0fc951ca238dae9ce7e683396ee34169b90576404819c26bbc84d182	1	125	1	1	0	false	false	0	0	true	NA
6883	5129	+	46427	87725	16	3f674946185b00ec0727eab9310b652ab2ceebb4882ae1b0bdb21024cdf33262	1	5	1	1	0	true	false	0	0	true	0.00000000000000
6883	5129	-	46427	1753	16	3f674946185b00ec0727eab9310b652ab2ceebb4882ae1b0bdb21024cdf33262	1	5	1	1	0	false	false	0	0	true	NA
6899	1560	+	42954	84348	23	fa4b22d925241bca7ee36a58565362e3ded82de5dea41813c2749174e4a3a928	1	625	1	1	0	true	false	0	0	true	0.00000000000000
6899	1560	-	42954	5338	25	130c9f1b1ace941b869db58b0512e54471921ba4764294dc7a4ea7f14d935088	1	3125	1	1	0	false	false	0	0	true	NA
6899	5338	+	46732	88126	18	92efc722b0611991e8582990ac2264581164a2ec844bbabcbd4ab72d9e532e2a	1	25	1	1	0	true	false	0	0	true	0.00000000000000
6899	5338	-	46732	1560	13	4557f5597512e40765db180a6bbdeeec1c0fb1cbf780c86bbe2a66fc09f65675	1	1	1	1	0	false	false	0	0	true	NA
6947	2932	+	44614	86296	21	4002cc2c45fe1b180b03c6e5b8db838ffdb94507f2c30efcf57bb16574d70f03	1	275	11	11	1	true	false	0	0	true	0.136854191855947
6947	2932	-	44614	4014	18	0a8b3e4c71a0cfa569fcd151fa7e7dec62544bd541ef71232bacc598bdcc97ea	1	25	1	1	0	false	false	0	0	true	NA
6947	4014	+	45696	87378	18	0a8b3e4c71a0cfa569fcd151fa7e7dec62544bd541ef71232bacc598bdcc97ea	1	25	1	1	0	true	false	0	0	true	0.00000000000000
6947	4014	-	45696	2932	18	0a8b3e4c71a0cfa569fcd151fa7e7dec62544bd541ef71232bacc598bdcc97ea	1	25	1	1	0	false	false	0	0	true	NA
6949	216	+	41910	83604	24	9c6cbbcc041f0dfad759887279ad17d338f321fef546abd13886f58f4b033e4f	1	1375	11	11	1	true	false	0	0	true	0.137799290990745
6949	216	-	41910	6732	21	69dd08aa17612de20b085396ba2c06a2273c7430069d4e797f208066a699a827	1	275	11	11	1	true	true	0	0	true	0.137799290990745
6949	503	+	42197	83891	22	47cfb766ef63c2c7ae94ac7291db0bfd2a3aa4be9ad03d12a5bfcec93d809086	1	425	1	1	0	true	false	0	0	true	0.00000000000000
6949	503	-	42197	6445	16	3d8c10107ab05f8a44783de9476595e2810b5a2542ae608ac1e3b82a6cbe2c73	1	5	1	1	0	true	false	0	0	true	0.00000000000000
6949	6445	+	48139	89833	16	3d8c10107ab05f8a44783de9476595e2810b5a2542ae608ac1e3b82a6cbe2c73	1	5	1	1	0	true	false	0	0	true	0.00000000000000
6949	6445	-	48139	503	16	3d8c10107ab05f8a44783de9476595e2810b5a2542ae608ac1e3b82a6cbe2c73	1	5	1	1	0	false	false	0	0	true	NA
6949	6732	+	48426	90120	18	d638e23209b48e625595560237a7977ca38c8f9e61f2386bde7e21baa4cb1a4a	1	25	1	1	0	false	false	0	0	true	NA
6949	6732	-	48426	216	18	d638e23209b48e625595560237a7977ca38c8f9e61f2386bde7e21baa4cb1a4a	1	25	1	1	0	false	false	0	0	true	NA
7001	1908	+	43914	85920	18	48d60222faa05f6f73398beded09000e3b76d4a7acbfa31c616f6466645b2f0f	1	25	1	1	0	true	false	0	0	true	0.00000000000000
7001	1908	-	43914	5092	18	48d60222faa05f6f73398beded09000e3b76d4a7acbfa31c616f6466645b2f0f	1	25	1	1	0	false	false	0	0	true	NA
7001	5092	+	47098	89104	18	48d60222faa05f6f73398beded09000e3b76d4a7acbfa31c616f6466645b2f0f	1	25	1	1	0	true	false	0	0	true	0.00000000000000
7001	5092	-	47098	1908	27	d090daa36a76a74ff7186b07f569f5d60c9671f2c8f991795acc154ad9a1ca11	1	11875	19	19	1	false	false	0	0	true	NA
7069	399	+	42813	85227	23	bd7b8262ce1cfee7a4bb2da42f66c7987ac578cf1a0c0e05eee85c7880616c83	1	625	1	1	0	true	false	0	0	true	0.00000000000000
7069	399	-	42813	6669	20	826640bd7450f25a1a5cfe9031ee1fed34f8313223722fb6a4c6009b7e53c13f	1	125	1	1	0	true	true	0	0	true	0.00000000000000
7069	6669	+	49083	91497	20	826640bd7450f25a1a5cfe9031ee1fed34f8313223722fb6a4c6009b7e53c13f	1	125	1	1	0	true	false	0	0	true	0.00000000000000
7069	6669	-	49083	399	16	45a7b920c6a6469d697340eb6796e81fa1cdd0e7090628eeae505dfa9d85895b	1	5	1	1	0	false	false	0	0	true	NA
7109	508	+	43162	85816	26	01c973449f3da99a5bf53a7caf5c3a03dd1244f57093121b8c4dcf0df212a60f	1	5125	41	41	1	true	false	0	0	true	0.212740461785940
7109	508	-	43162	6600	13	407ed8c652c3c11bf825fa92a963999398b4395badc04d9c20035b0b9018d58f	1	1	1	1	0	true	false	0	0	true	0.00000000000000
7109	6600	+	49254	91908	18	920380f367fe6068b5b31f3f307e4a4e2e9ccecae3985da94891bb7f5f09a349	1	25	1	1	0	true	false	0	0	true	0.00000000000000
7109	6600	-	49254	508	18	920380f367fe6068b5b31f3f307e4a4e2e9ccecae3985da94891bb7f5f09a349	1	25	1	1	0	false	false	0	0	true	NA
7211	539	+	43805	87071	20	bb864502aaf154731e401c0a695374ed041c5683c98092c3020d90600e2ea576	1	125	1	1	0	true	false	0	0	true	0.00000000000000
7211	539	-	43805	6671	20	bb864502aaf154731e401c0a695374ed041c5683c98092c3020d90600e2ea576	1	125	1	1	0	true	false	0	0	true	0.00000000000000
7211	6671	+	49937	93203	16	14deefd8bf81f8c5d0f451c768bc1482a45b396c28dfc62b7d8f9c95b1173f47	1	5	1	1	0	true	false	0	0	true	0.00000000000000
7211	6671	-	49937	539	19	1d19530a5628ff22bfbd8ac9fcb1fad4e7f370302e7f32dee5606d433c0fd060	1	55	11	11	1	false	false	0	0	true	NA
7229	2350	+	45724	89098	18	681f0cda2b767c31277af33f8f9bfb5837a228cb6719fcda97a2bbb61571cd98	1	25	1	1	0	true	false	0	0	true	0.00000000000000
7229	2350	-	45724	4878	18	681f0cda2b767c31277af33f8f9bfb5837a228cb6719fcda97a2bbb61571cd98	1	25	1	1	0	false	false	0	0	true	NA
7229	4878	+	48252	91626	27	0d4064941451c2c4b957d4a25bcb4d6e2009886d9738b06fc11c2cc0d596844e	1	10625	1	1	0	true	false	0	0	true	0.00000000000000
7229	4878	-	48252	2350	24	dc9180ec8fd771bc9320ee6940f61f5605847a52524e8b49c33c9936d63e1258	1	1475	59	59	1	false	false	0	0	true	NA
7237	778	+	44200	87622	18	5cd40e08192637151103f69f2ea0f54c2b79064f10673b82906efcaa4e06caae	1	25	1	1	0	true	false	0	0	true	0.00000000000000
7237	778	-	44200	6458	18	5cd40e08192637151103f69f2ea0f54c2b79064f10673b82906efcaa4e06caae	1	25	1	1	0	true	false	0	0	true	0.00000000000000
7237	1874	+	45296	88718	20	f950e4af751cbc802a7f84dfde4cb8f033fc5f8879f03867c9f512fa4d5ee4de	1	125	1	1	0	true	false	0	0	true	0.00000000000000
7237	1874	-	45296	5362	18	5cd40e08192637151103f69f2ea0f54c2b79064f10673b82906efcaa4e06caae	1	25	1	1	0	false	false	0	0	true	NA
7237	5362	+	48784	92206	27	ae7a1b7f9457e3be81aa652b202869b92e0f948a0a514e4442e4178534a1c396	1	10625	1	1	0	true	false	0	0	true	0.00000000000000
7237	5362	-	48784	1874	13	a90f2f920784bd99abbc3fc0bd5e3f0382ea9b3def68c6e317dca29e356c75b3	1	1	1	1	0	false	false	0	0	true	NA
7237	6458	+	49880	93302	18	5cd40e08192637151103f69f2ea0f54c2b79064f10673b82906efcaa4e06caae	1	25	1	1	0	true	false	0	0	true	0.00000000000000
7237	6458	-	49880	778	18	5cd40e08192637151103f69f2ea0f54c2b79064f10673b82906efcaa4e06caae	1	25	1	1	0	false	false	0	0	true	NA
7247	3068	+	46550	90032	13	3ef053cb906696e16b51d952adac4bef15feadc9db47a75950596830380a1c5c	1	1	1	1	0	true	false	0	0	true	0.00000000000000
7247	3068	-	46550	4178	13	3ef053cb906696e16b51d952adac4bef15feadc9db47a75950596830380a1c5c	1	1	1	1	0	false	false	0	0	true	NA
7247	4178	+	47660	91142	22	60575ceb7406e5e5b7bf2b3381eed39f34f49fe221ee2448a1df4811e65866c5	1	475	19	19	1	true	false	0	0	true	0.166766016617099
7247	4178	-	47660	3068	25	ecc81fef64a894f2ecb940ad26d6006ae52fdd01888fc1a95a9db98ec53f92fe	1	2375	19	19	1	false	false	0	0	true	NA
7253	332	+	43850	87368	13	5bbfa473127436da015e474589eeba58207873ff562c9dcf9dd6c9619764c25f	1	1	1	1	0	true	false	0	0	true	0.00000000000000
7253	332	-	43850	6920	13	5bbfa473127436da015e474589eeba58207873ff562c9dcf9dd6c9619764c25f	1	1	1	1	0	true	true	0	0	true	0.00000000000000
7253	6920	+	50438	93956	25	51249f71d457337add131921ba0c72175e24d6aff4c81bee8d011b826d28da22	1	3125	1	1	0	true	false	0	0	true	0.00000000000000
7253	6920	-	50438	332	25	51249f71d457337add131921ba0c72175e24d6aff4c81bee8d011b826d28da22	1	3125	1	1	0	false	false	0	0	true	NA
7283	2167	+	45865	89563	20	42baf09133a7e09f4c18c74d8f57be9223d99b50b080d0cceb11182f01f655a3	1	125	1	1	0	true	false	0	0	true	0.00000000000000
7283	2167	-	45865	5115	20	42baf09133a7e09f4c18c74d8f57be9223d99b50b080d0cceb11182f01f655a3	1	125	1	1	0	false	false	0	0	true	NA
7283	5115	+	48813	92511	23	ee72d806704179c67be8215599cc3415b127d3998bbb73f048050dd16fd2393f	1	625	1	1	0	true	false	0	0	true	0.00000000000000
7283	5115	-	48813	2167	23	ee72d806704179c67be8215599cc3415b127d3998bbb73f048050dd16fd2393f	1	625	1	1	0	false	false	0	0	true	NA
7297	2717	+	46499	90281	16	3e899edd569d9fc5cbbb90c3d049dcfe98ad750706032787cd40d844afe04f44	1	5	1	1	0	true	false	0	0	true	0.00000000000000
7297	2717	-	46499	4579	16	3e899edd569d9fc5cbbb90c3d049dcfe98ad750706032787cd40d844afe04f44	1	5	1	1	0	false	false	0	0	true	NA
7297	3282	+	47064	90846	18	bfee6b1d64fd7f62dc2e2a62946ab48db3c60f97a7a610fb490a9ea61cad6072	1	25	1	1	0	true	false	0	0	true	0.00000000000000
7297	3282	-	47064	4014	18	bfee6b1d64fd7f62dc2e2a62946ab48db3c60f97a7a610fb490a9ea61cad6072	1	25	1	1	0	false	false	0	0	true	NA
7297	4014	+	47796	91578	25	e18337e345021a94bee502179dc774eca37f1a994ae25005e619a263b345f2f6	1	3125	1	1	0	true	false	0	0	true	0.00000000000000
7297	4014	-	47796	3282	29	02ce6a6da79cba50c99b8f3f3a5cc7d145ac29539b049e1ca0a35678b1b69b6e	1	45625	73	73	1	false	false	0	0	true	NA
7297	4579	+	48361	92143	28	6671638bac16c9100dc732c7be47ea93aa8bb4b714e763c213b5a464713c8c34	1	23375	11	11	1	true	false	0	0	true	0.135614219797117
7297	4579	-	48361	2717	24	5ebcff3bea0c99c184f5057da0ae5e38070dca032cccb266c705c40cdab90a14	1	1375	11	11	1	false	false	0	0	true	NA
7307	1663	+	45505	89347	20	e9d1b3f003908c8d87544013fd1a543f916cd4030b63fc035b6a714ba62a4b5f	1	85	1	1	0	true	false	0	0	true	0.00000000000000
7307	1663	-	45505	5643	16	49ac82223a81f218e00cab0d85fb75fbd6551a57ceeb99a08b62e05f1ff38b08	1	5	1	1	0	false	false	0	0	true	NA
7307	5643	+	49485	93327	16	49ac82223a81f218e00cab0d85fb75fbd6551a57ceeb99a08b62e05f1ff38b08	1	5	1	1	0	true	false	0	0	true	0.00000000000000
7307	5643	-	49485	1663	16	49ac82223a81f218e00cab0d85fb75fbd6551a57ceeb99a08b62e05f1ff38b08	1	5	1	1	0	false	false	0	0	true	NA
7333	2477	+	46475	90473	16	8af4598df844e1c54522fd72f332296fa982aae29b0bbdeb4db4d7628853819f	1	5	1	1	0	true	false	0	0	true	0.00000000000000
7333	2477	-	46475	4855	20	3a68642a4b818647f193140e11c6d2988a9a93051eca43b0c2fe9a97413d1390	1	85	17	17	1	false	false	0	0	true	NA
7333	2899	+	46897	90895	16	8af4598df844e1c54522fd72f332296fa982aae29b0bbdeb4db4d7628853819f	1	5	1	1	0	true	false	0	0	true	0.00000000000000
7333	2899	-	46897	4433	16	8af4598df844e1c54522fd72f332296fa982aae29b0bbdeb4db4d7628853819f	1	5	1	1	0	false	false	0	0	true	NA
7333	4433	+	48431	92429	16	8af4598df844e1c54522fd72f332296fa982aae29b0bbdeb4db4d7628853819f	1	5	1	1	0	true	false	0	0	true	0.00000000000000
7333	4433	-	48431	2899	16	8af4598df844e1c54522fd72f332296fa982aae29b0bbdeb4db4d7628853819f	1	5	1	1	0	false	false	0	0	true	NA
7333	4855	+	48853	92851	20	e97657ae35d8004b4f824d4a586be7671e8a4a6a77eed948d18b702203661362	1	125	1	1	0	true	false	0	0	true	0.00000000000000
7333	4855	-	48853	2477	16	8af4598df844e1c54522fd72f332296fa982aae29b0bbdeb4db4d7628853819f	1	5	1	1	0	false	false	0	0	true	NA
7351	1761	+	45867	89973	20	8b2935a815b7c3f7039bd9ec5134744d262615a9549031e07c974c0637014940	1	125	1	1	0	true	false	0	0	true	0.00000000000000
7351	1761	-	45867	5589	20	8b2935a815b7c3f7039bd9ec5134744d262615a9549031e07c974c0637014940	1	125	1	1	0	false	false	0	0	true	NA
7351	5589	+	49695	93801	16	0ec381b0048cb6503f8e9a9859557d1ad419cd9db9f306eef5840dea75b120ca	1	5	1	1	0	true	false	0	0	true	0.00000000000000
7351	5589	-	49695	1761	16	0ec381b0048cb6503f8e9a9859557d1ad419cd9db9f306eef5840dea75b120ca	1	5	1	1	0	false	false	0	0	true	NA
7393	3059	+	47417	91775	20	97846690ffc8d0e707299e576ab113c44caac9eec8fec9a9fbd70795a7af5e6c	1	125	1	1	0	true	false	0	0	true	0.00000000000000
7393	3059	-	47417	4333	20	97846690ffc8d0e707299e576ab113c44caac9eec8fec9a9fbd70795a7af5e6c	1	125	1	1	0	false	false	0	0	true	NA
7393	4333	+	48691	93049	20	97846690ffc8d0e707299e576ab113c44caac9eec8fec9a9fbd70795a7af5e6c	1	125	1	1	0	true	false	0	0	true	0.00000000000000
7393	4333	-	48691	3059	18	b398c0ed63c508ad3698f01c689ef2daf5f0618e1a244c3d5033de7e31ac2f50	1	25	1	1	0	false	false	0	0	true	NA
7433	2154	+	46752	91350	13	34a6d9e79e0e668b4d0283fa159a19a8b1e9452c6a87dc63554de4f4ccb21848	1	1	1	1	0	true	false	0	0	true	0.00000000000000
7433	2154	-	46752	5278	13	34a6d9e79e0e668b4d0283fa159a19a8b1e9452c6a87dc63554de4f4ccb21848	1	1	1	1	0	false	false	0	0	true	NA
7433	5278	+	49876	94474	18	1e5eb7a1d9578c99ce2a9b2063fdc0e49fb9e707771233ea0d7c40225a0dc366	1	25	1	1	0	true	false	0	0	true	0.00000000000000
7433	5278	-	49876	2154	18	1e5eb7a1d9578c99ce2a9b2063fdc0e49fb9e707771233ea0d7c40225a0dc366	1	25	1	1	0	false	false	0	0	true	NA
7451	2564	+	47270	91976	21	cf6ba927c5c0ab98c22a346a7dcb89166c4a8ae8d3a3273c77d6cba2f6639ccd	1	275	11	11	1	true	false	0	0	true	0.135951659483146
7451	2564	-	47270	4886	18	65e61213025e534553768b796e8449f22365d924dcdb0214e6d482a86b4b8e88	1	25	1	1	0	false	false	0	0	true	NA
7451	4886	+	49592	94298	27	be8bd24f3f3c70d1b5f0100f5d4d9f04593e599fee1a38058a4d0cb243ec8c9c	1	10625	1	1	0	true	false	0	0	true	0.00000000000000
7451	4886	-	49592	2564	13	60636f17a55c54c3e686f459657ba3095a48584b94ce4a1d64a2adc42e541a18	1	1	1	1	0	false	false	0	0	true	NA
7459	2688	+	47442	92196	18	b0248266003d39c43b0006a7f99fb2721c8a60d5a1cc1c84f6c82e5400e21f55	1	25	1	1	0	true	false	0	0	true	0.00000000000000
7459	2688	-	47442	4770	28	b9963a6a6d2a3d740e624c26b5bf1049d48d25ad9c9bf73b744b97795aad4901	1	33875	271	271	1	false	false	0	0	true	NA
7459	4770	+	49524	94278	22	570559c1bdc9be25b4d2fba4bd10598954e4630ac55c39864c8dc97b75e95114	1	425	1	1	0	true	false	0	0	true	0.00000000000000
7459	4770	-	49524	2688	22	b993de7af3daf8c12d815ffe6a9960fa771ceea7cebe72d0841e3d64822b136f	1	475	19	19	1	false	false	0	0	true	NA
7477	404	+	45266	90128	18	530f3b77fd1d7e2f33e4356d1d1c6bad79cbe9867dd1bc287f28b66b5de7cd48	1	25	1	1	0	true	false	0	0	true	0.00000000000000
7477	404	-	45266	7072	18	530f3b77fd1d7e2f33e4356d1d1c6bad79cbe9867dd1bc287f28b66b5de7cd48	1	25	1	1	0	true	true	0	0	true	0.00000000000000
7477	2098	+	46960	91822	18	530f3b77fd1d7e2f33e4356d1d1c6bad79cbe9867dd1bc287f28b66b5de7cd48	1	25	1	1	0	true	false	0	0	true	0.00000000000000
7477	2098	-	46960	5378	18	530f3b77fd1d7e2f33e4356d1d1c6bad79cbe9867dd1bc287f28b66b5de7cd48	1	25	1	1	0	false	false	0	0	true	NA
7477	5378	+	50240	95102	18	530f3b77fd1d7e2f33e4356d1d1c6bad79cbe9867dd1bc287f28b66b5de7cd48	1	25	1	1	0	true	false	0	0	true	0.00000000000000
7477	5378	-	50240	2098	23	31818b911676add4e489827f00fa63c02b1e5b5b2af4589319ec178b849cf70a	1	625	1	1	0	false	false	0	0	true	NA
7477	7072	+	51934	96796	27	d1773e71dcbaf03d851c69afd3189853b060eb532dd78d979f248b4dc47e4970	1	11875	19	19	1	true	false	0	0	true	0.165163960643918
7477	7072	-	51934	404	18	530f3b77fd1d7e2f33e4356d1d1c6bad79cbe9867dd1bc287f28b66b5de7cd48	1	25	1	1	0	false	false	0	0	true	NA
7481	2295	+	47181	92067	23	c923db675c4e6cfbdcd0e54c08ff8833a184920d27683ecb22242fa1c1268026	1	625	1	1	0	true	false	0	0	true	0.00000000000000
7481	2295	-	47181	5185	20	571f90f4a1ee9fb5dd0d4d1716db40d312ca5f98f9498f0f6e8ac8c1ea4a51c4	1	125	1	1	0	false	false	0	0	true	NA
7481	5185	+	50071	94957	20	571f90f4a1ee9fb5dd0d4d1716db40d312ca5f98f9498f0f6e8ac8c1ea4a51c4	1	125	1	1	0	true	false	0	0	true	0.00000000000000
7481	5185	-	50071	2295	20	571f90f4a1ee9fb5dd0d4d1716db40d312ca5f98f9498f0f6e8ac8c1ea4a51c4	1	125	1	1	0	false	false	0	0	true	NA
7489	600	+	45534	90468	18	27fc6a4b42d18e2af59fb2eb9939e1c5c21ea0568eaea180f20755a018c5719c	1	25	1	1	0	true	false	0	0	true	0.00000000000000
7489	600	-	45534	6888	26	c1ae80dd5fad43f040641ef8443119688eee07c203318023e12d564db67d471a	1	5225	209	11*19	2	true	false	0	0	true	0.304136754909292
7489	1530	+	46464	91398	18	27fc6a4b42d18e2af59fb2eb9939e1c5c21ea0568eaea180f20755a018c5719c	1	25	1	1	0	true	false	0	0	true	0.00000000000000
7489	1530	-	46464	5958	22	59f088d16195ed3153a70c710d7b461422f1ec38320825a1fd020a8846eeedfb	1	425	17	17	1	false	false	0	0	true	NA
7489	2366	+	47300	92234	18	27fc6a4b42d18e2af59fb2eb9939e1c5c21ea0568eaea180f20755a018c5719c	1	25	1	1	0	true	false	0	0	true	0.00000000000000
7489	2366	-	47300	5122	18	27fc6a4b42d18e2af59fb2eb9939e1c5c21ea0568eaea180f20755a018c5719c	1	25	1	1	0	false	false	0	0	true	NA
7489	5122	+	50056	94990	23	e82deed18238b00f5f9de50f6ad1ec26f9b556e0351c3b4829e16f1610aadc03	1	625	1	1	0	true	false	0	0	true	0.00000000000000
7489	5122	-	50056	2366	35	deea7d0ae930588090c2b907442a8dd8b8ec16e1413967e3d4086cfe2e17c871	1	3431875	5491	17^2*19	2	false	false	0	0	true	NA
7489	5958	+	50892	95826	30	eae9e63a5b7854b2db853753ad956b77b5196d8b7a5f3a1648ca3bd8290d1834	1	130625	209	11*19	2	true	false	0	0	true	0.300357312064152
7489	5958	-	50892	1530	25	238cb056e276b5b4957f45626b12d1786075787644613b7ebde90090bbcf87aa	1	2375	19	19	1	false	false	0	0	true	NA
7489	6888	+	51822	96756	22	8fb557b813522fe33d13c5f2b43904f847b9e1264832fc6b8bf22f894d84f9dd	1	475	19	19	1	true	false	0	0	true	0.165218902649432
7489	6888	-	51822	600	13	10999aa7e089af2290d4a7e766bcc3af5e56e5bfccbac0f8da810d1efa013b06	1	1	1	1	0	false	false	0	0	true	NA
7507	1131	+	46173	91215	20	be8bed616b57c2f014a88a6e0aaf6918967af207b9c04a71416e68e3d5aed97f	1	125	1	1	0	true	false	0	0	true	0.00000000000000
7507	1131	-	46173	6375	16	300b40cb49b4e3b126619bf74e704c1751527d09fe1c8c31f50f2feffa615b4e	1	5	1	1	0	false	false	0	0	true	NA
7507	6375	+	51417	96459	28	f1039ab5875d9a00277c2ffc638d8ffaeae36bb8557be7312e543deabb7379a3	1	34375	11	11	1	true	false	0	0	true	0.134678117602606
7507	6375	-	51417	1131	25	201ad4d50ae490dfa4cd5084aaaa9077da4d51e43f21aeab409c1aa56c49a440	1	2375	19	19	1	false	false	0	0	true	NA
7529	2979	+	48153	93327	20	d4356bd0f6c06b505fd99f4aa75335c4bc1ceca081133984468749ea386cdddb	1	125	1	1	0	true	false	0	0	true	0.00000000000000
7529	2979	-	48153	4549	20	d4356bd0f6c06b505fd99f4aa75335c4bc1ceca081133984468749ea386cdddb	1	125	1	1	0	false	false	0	0	true	NA
7529	3321	+	48495	93669	16	53738b82f83a23c9a1f03e70aad52383fea22e6d446ac1b8a6c92de6b242f699	1	5	1	1	0	true	false	0	0	true	0.00000000000000
7529	3321	-	48495	4207	16	53738b82f83a23c9a1f03e70aad52383fea22e6d446ac1b8a6c92de6b242f699	1	5	1	1	0	false	false	0	0	true	NA
7529	4207	+	49381	94555	24	2a486477fce611680c2647dbc10b7cefd20b843063f8ef6fbec5a271b971f6fa	1	2125	1	1	0	true	false	0	0	true	0.00000000000000
7529	4207	-	49381	3321	20	d4356bd0f6c06b505fd99f4aa75335c4bc1ceca081133984468749ea386cdddb	1	125	1	1	0	false	false	0	0	true	NA
7529	4549	+	49723	94897	20	d4356bd0f6c06b505fd99f4aa75335c4bc1ceca081133984468749ea386cdddb	1	125	1	1	0	true	false	0	0	true	0.00000000000000
7529	4549	-	49723	2979	16	53738b82f83a23c9a1f03e70aad52383fea22e6d446ac1b8a6c92de6b242f699	1	5	1	1	0	false	false	0	0	true	NA
7537	1269	+	46491	91713	20	17718053f08f8c94e345ebd898422bbe60455e12a9d324e2c2f2b76cc37dedaf	1	125	1	1	0	true	false	0	0	true	0.00000000000000
7537	1269	-	46491	6267	16	622bdd2070ec48fd82ed318bb55be5185f33b50e277c5ca02a928ba59d73cc30	1	5	1	1	0	false	false	0	0	true	NA
7537	1741	+	46963	92185	16	622bdd2070ec48fd82ed318bb55be5185f33b50e277c5ca02a928ba59d73cc30	1	5	1	1	0	true	false	0	0	true	0.00000000000000
7537	1741	-	46963	5795	28	029d7d523f2fde40f6e8f88d1ca95aae219e4b675fb941ec773229d3175e6bd4	1	24125	193	193	1	false	false	0	0	true	NA
7537	5795	+	51017	96239	26	95c69a0eda66868567861e1b849aba15f23e0daa5466ed62bdd544948a06f3e9	1	5125	41	41	1	true	false	0	0	true	0.208739787096510
7537	5795	-	51017	1741	23	cf660d452fc16dc1d3459b173ebbed2278a675f8b3589378bbbe06a2e90ea703	1	625	1	1	0	false	false	0	0	true	NA
7537	6267	+	51489	96711	28	86a151521783c9736cdaf6c3a8e51048b2bf2003591a56bcb0d971b95e811df3	1	19375	31	31	1	true	false	0	0	true	0.192811500522609
7537	6267	-	51489	1269	25	4db4b3964b156b84ac8db1cdb270ca5a1bd724c0ef7c8cca4f17f4ad175f6372	1	2255	451	11*41	2	false	false	0	0	true	NA
7547	1496	+	46778	92060	18	768b21a57601df2ab04e20e17ae79b9567fbc3d27c0223e8c659bb141f00110c	1	25	1	1	0	true	false	0	0	true	0.00000000000000
7547	1496	-	46778	6050	18	768b21a57601df2ab04e20e17ae79b9567fbc3d27c0223e8c659bb141f00110c	1	25	1	1	0	false	false	0	0	true	NA
7547	6050	+	51332	96614	21	16a5e81a330d68c656ee78f0fee4c2ca0a577cf0eddf20df0dbe3025462edc3f	1	275	11	11	1	true	false	0	0	true	0.134678117602606
7547	6050	-	51332	1496	28	ea93ee33a3d3a6ff615c65845976188b3955c725e6d0ba766ec141750f109ce4	1	19375	31	31	1	false	false	0	0	true	NA
7549	253	+	45547	90841	16	1042bff07c4ffc264bc47cad49cde6f970d4b1313946e501808cb5b67a6a7705	1	5	1	1	0	true	false	0	0	true	0.00000000000000
7549	253	-	45547	7295	16	1042bff07c4ffc264bc47cad49cde6f970d4b1313946e501808cb5b67a6a7705	1	5	1	1	0	true	true	0	0	true	0.00000000000000
7549	2029	+	47323	92617	20	0967496c8d3211ae01d6fb78eb5d2adbe26affdb3402f209eefb0d72357276f8	1	125	1	1	0	true	false	0	0	true	0.00000000000000
7549	2029	-	47323	5519	20	0967496c8d3211ae01d6fb78eb5d2adbe26affdb3402f209eefb0d72357276f8	1	125	1	1	0	false	false	0	0	true	NA
7549	5519	+	50813	96107	25	1d8bf39ad941911f0a4365c58a712952c50be7e199d2c968e03472cd84c4000d	1	3125	1	1	0	true	false	0	0	true	0.00000000000000
7549	5519	-	50813	2029	24	c16daa7aee929f6dc411fa0adec2fd4525ef25633a61f6093fff9555a6209654	1	1375	11	11	1	false	false	0	0	true	NA
7549	7295	+	52589	97883	29	e1a34b20f33b2c6a32498967793a4d1431d6e1e089428ffb6690c6a25813de0a	1	42625	341	11*31	2	true	false	0	0	true	0.326718945842830
7549	7295	-	52589	253	21	a083213a6d5fc7cf06366073b5c15e8afa7de4108a9b051cca641cf4aed79cc4	1	155	31	31	1	false	false	0	0	true	NA
7559	1209	+	46563	91917	18	885be26e8b64183e6f9a38adb7da52f99c98aa336632fc09bb0706ff69fd6c73	1	25	1	1	0	true	false	0	0	true	0.00000000000000
7559	1209	-	46563	6349	16	7defff991ca1a3395d762136cde4eec3ee7d16e8fcaf3ec8a2431e3a90a0d180	1	5	1	1	0	false	false	0	0	true	NA
7559	6349	+	51703	97057	33	dbe97685d5ee005c8b907deca0ddeaad2387b8b999278fc210abf7b98a78e022	1	640625	41	41	1	true	false	0	0	true	0.208433522667023
7559	6349	-	51703	1209	25	205eb15f350bc97daabf40fd5298a8591cc7404e69e5b7af6cc22aabec507190	1	3875	31	31	1	false	false	0	0	true	NA
7561	2923	+	48289	93655	25	7a5775bbef685785203b0e8b63a43648dc5392f84cccce6be1f694eb06ec3bea	1	2375	19	19	1	true	false	0	0	true	0.166557025146633
7561	2923	-	48289	4637	16	d548fd852da83e4c9b7531b7d7b72e9b81009a82a0cb26fc9dd9c78c30e57234	1	5	1	1	0	false	false	0	0	true	NA
7561	3340	+	48706	94072	21	7b25dd609236af3a741c3c3ff7c655770f1d7fc712d571be9fb97fb90900e0b2	1	275	11	11	1	true	false	0	0	true	0.135508131646891
7561	3340	-	48706	4220	23	624c0074b265cbd7a54d1743eee809cb6f8b30d95a941d5afbbcdc11ab9a0396	1	625	1	1	0	false	false	0	0	true	NA
7561	4220	+	49586	94952	23	624c0074b265cbd7a54d1743eee809cb6f8b30d95a941d5afbbcdc11ab9a0396	1	625	1	1	0	true	false	0	0	true	0.00000000000000
7561	4220	-	49586	3340	23	624c0074b265cbd7a54d1743eee809cb6f8b30d95a941d5afbbcdc11ab9a0396	1	625	1	1	0	false	false	0	0	true	NA
7561	4637	+	50003	95369	26	a2d5006308061a8b0cd9c423c51b88d1dc4bfdfe274fae9435df9edabfce6333	1	5125	41	41	1	true	false	0	0	true	0.209215151229004
7561	4637	-	50003	2923	26	a2d5006308061a8b0cd9c423c51b88d1dc4bfdfe274fae9435df9edabfce6333	1	5125	41	41	1	false	false	0	0	true	NA
7639	798	+	46632	92466	18	940f5f49f461cdd8e9940fe379243219626acbee4ac705705c01bcce58f75f20	1	25	1	1	0	true	false	0	0	true	0.00000000000000
7639	798	-	46632	6840	18	940f5f49f461cdd8e9940fe379243219626acbee4ac705705c01bcce58f75f20	1	25	1	1	0	true	false	0	0	true	0.00000000000000
7639	1735	+	47569	93403	27	0d492030a057ee35df5b555fdbc9046c807e630dd309835ba329a46574c918f8	1	10625	1	1	0	true	false	0	0	true	0.00000000000000
7639	1735	-	47569	5903	27	0d492030a057ee35df5b555fdbc9046c807e630dd309835ba329a46574c918f8	1	10625	17	17	1	false	false	0	0	true	NA
7639	5903	+	51737	97571	28	57bc30ccfe0061b57f1e2c37a3e70c9e0a9c4b253fe2963eff0a0936af6fc426	1	19375	31	31	1	true	false	0	0	true	0.192741122823971
7639	5903	-	51737	1735	18	940f5f49f461cdd8e9940fe379243219626acbee4ac705705c01bcce58f75f20	1	25	1	1	0	false	false	0	0	true	NA
7639	6840	+	52674	98508	23	9d93f6fb603a2705d51ab691699faae815d7a0bdcf7ce73a61d237a91d0342d8	1	625	1	1	0	true	false	0	0	true	0.00000000000000
7639	6840	-	52674	798	23	9d93f6fb603a2705d51ab691699faae815d7a0bdcf7ce73a61d237a91d0342d8	1	625	1	1	0	false	false	0	0	true	NA
7687	3641	+	49763	95885	24	bf44a2a7df852f082e66d95c28ab78e9c69ce6e6c539cd0b02674de90ce6320f	1	2125	1	1	0	true	false	0	0	true	0.00000000000000
7687	3641	-	49763	4045	27	b88c20888311ccf95401a8d4693229a990ec7e16801c1d08233bbb5e131988d4	1	10625	17	17	1	false	false	0	0	true	NA
7687	4045	+	50167	96289	24	bf44a2a7df852f082e66d95c28ab78e9c69ce6e6c539cd0b02674de90ce6320f	1	2125	1	1	0	true	false	0	0	true	0.00000000000000
7687	4045	-	50167	3641	24	bf44a2a7df852f082e66d95c28ab78e9c69ce6e6c539cd0b02674de90ce6320f	1	2125	17	17	1	false	false	0	0	true	NA
7723	2393	+	48731	95069	20	3d96b796abf808f3d5b5cab7df42f79e0647ff2af47e819453e11ae028f2654b	1	125	1	1	0	true	false	0	0	true	0.00000000000000
7723	2393	-	48731	5329	20	3d96b796abf808f3d5b5cab7df42f79e0647ff2af47e819453e11ae028f2654b	1	125	1	1	0	false	false	0	0	true	NA
7723	5329	+	51667	98005	36	cf0ccc5980d0c4175f73f9db210abe20233c4db5e8f179eb037e0439f996c86b	1	5715625	1829	31*59	2	true	false	0	0	true	0.421603112836249
7723	5329	-	51667	2393	24	2b6f3590aa35c9f8cced45176d28133a7b000f2e2dcb9bdab118e1bbf3483811	1	2125	17	17	1	false	false	0	0	true	NA
7727	444	+	46806	93168	20	3c833d1450deb38312ced52e21ede9f6746640414f5fbda3dbacdc26165e42c6	1	125	1	1	0	true	false	0	0	true	0.00000000000000
7727	444	-	46806	7282	20	3c833d1450deb38312ced52e21ede9f6746640414f5fbda3dbacdc26165e42c6	1	125	1	1	0	true	true	0	0	true	0.00000000000000
7727	1187	+	47549	93911	20	3c833d1450deb38312ced52e21ede9f6746640414f5fbda3dbacdc26165e42c6	1	125	1	1	0	true	false	0	0	true	0.00000000000000
7727	1187	-	47549	6539	20	3c833d1450deb38312ced52e21ede9f6746640414f5fbda3dbacdc26165e42c6	1	125	1	1	0	false	false	0	0	true	NA
7727	2837	+	49199	95561	25	209eecdbb922c4beb88042d0ad571e13d9c51a83e321686a119139c75b5aa45d	1	2375	19	19	1	true	false	0	0	true	0.166179331588374
7727	2837	-	49199	4889	25	54ee66ec0734a4c23f165d255b63e95886e0ef3396ae2624e25dd9f92761a928	1	3895	779	19*41	2	false	false	0	0	true	NA
7727	4889	+	51251	97613	30	b31db8dcd98d9c48813b485b8ac6625e9e2a8cc988da55fc96de7a26b768c46e	1	73625	589	19*31	2	true	false	0	0	true	0.358343896165539
7727	4889	-	51251	2837	24	78b60f12bc8011c440f67864e265a3c739170a579fa8f5b0ce94817c32630ab1	1	2125	17	17	1	false	false	0	0	true	NA
7727	6539	+	52901	99263	33	87c3de72cf6b5db2ee1f994e7b1d800ab4beaf3f6f52dd8b03175a4e1f46b82d	1	1009375	19	19	1	true	false	0	0	true	0.164853081927745
7727	6539	-	52901	1187	16	40640007e7236378f9d8dc416490cadf6b8bf7290312fa4e07d05039401bd387	1	5	1	1	0	false	false	0	0	true	NA
7727	7282	+	53644	100006	18	83b3bf238ebd50938cb7300844956e94095f56b7e4a7b15e8718dc87dc1a507c	1	25	1	1	0	true	false	0	0	true	0.00000000000000
7727	7282	-	53644	444	18	83b3bf238ebd50938cb7300844956e94095f56b7e4a7b15e8718dc87dc1a507c	1	25	1	1	0	false	false	0	0	true	NA
7753	112	+	46630	93148	18	46e11cf542a74a4f90be852b316ec463290a38fc4b7e88149570383a8bae3d7a	1	25	1	1	0	true	false	0	0	true	0.00000000000000
7753	112	-	46630	7640	18	46e11cf542a74a4f90be852b316ec463290a38fc4b7e88149570383a8bae3d7a	1	25	1	1	0	true	true	0	0	true	0.00000000000000
7753	7640	+	54158	100676	29	fb0817056df57105ffa408f6d1379b20385f93b8335543e012876593aea02b73	1	53125	1	1	0	true	false	0	0	true	0.00000000000000
7753	7640	-	54158	112	13	abd8e3f1bc51d83739e9dc5c7c9879cb812e524c079cc5de4542b4322e5c1696	1	1	1	1	0	false	false	0	0	true	NA
7823	2626	+	49564	96502	18	f23c1c955a407dc06c034b635afe9375d6857daa33feb16055c04d4dc4e384a1	1	25	1	1	0	true	false	0	0	true	0.00000000000000
7823	2626	-	49564	5196	18	f23c1c955a407dc06c034b635afe9375d6857daa33feb16055c04d4dc4e384a1	1	25	1	1	0	false	false	0	0	true	NA
7823	5196	+	52134	99072	23	dc7e77715d85f8b25c13f163dcd46d8c3fcc497da989aeccb84abce23c2e9bcc	1	625	1	1	0	true	false	0	0	true	0.00000000000000
7823	5196	-	52134	2626	18	f23c1c955a407dc06c034b635afe9375d6857daa33feb16055c04d4dc4e384a1	1	25	1	1	0	false	false	0	0	true	NA
7841	3829	+	50875	97921	26	07d57a4f281b0edda7df39d404fe9031d106dc4760ab8cc79bd669d7a0db8717	1	5125	41	41	1	true	false	0	0	true	0.208784862853087
7841	3829	-	50875	4011	20	8f8bab018c04c57847b4d13be782a81c9515390d2394c54fdefa318a33ceb6e6	1	125	1	1	0	false	false	0	0	true	NA
7841	4011	+	51057	98103	29	e1472924ae47fb47248d06a6ecd6c9bc7a43ba72219e0257371cf9666fcaeda3	1	34375	11	11	1	true	false	0	0	true	0.134785629505198
7841	4011	-	51057	3829	29	b5911cc3544aab5765221dd6d7d491f7cf9948783d82c7304bb3005a010fb033	1	45125	361	19^2	1	false	false	0	0	true	NA
7873	3345	+	50583	97821	33	b52176a265042515b67c24eabbcee1edfa8d387677849c67a58e0f14cc8def9d	1	1065625	341	11*31	2	true	false	0	0	true	0.328155356213149
7873	3345	-	50583	4527	30	062b58133686db8de8fc65f0e6cd6d20ed546e9218fad780cf4cc160f0558ae6	1	96875	31	31	1	false	false	0	0	true	NA
7873	4527	+	51765	99003	25	e07fb37cca904df6051c20fa89c5302f8f7b3560bc08bea51d15ebe6b030368f	1	2375	19	19	1	true	false	0	0	true	0.165218902649432
7873	4527	-	51765	3345	24	d8e5158a6cd59aa24b14f38d0418b5b41fe11ee4985888012b62eec48e68a64b	1	1375	11	11	1	false	false	0	0	true	NA
7877	1260	+	48522	95784	24	b683529536c968656975ff51d69ad28319b7c72604d67cca2b415bb6a2e46c32	1	1375	11	11	1	true	false	0	0	true	0.135534569388051
7877	1260	-	48522	6616	22	3e5156c0d3d1afe0ba42c552fcb494de74bec614df666a1a0898230d6fe8ca62	1	275	11	11	1	false	false	0	0	true	NA
7877	6616	+	53878	101140	25	57f5b6a9cd1ba6527b07939dd390ceb4bceedd90791ded2516b9fc0d68bff577	1	3125	1	1	0	true	false	0	0	true	0.00000000000000
7877	6616	-	53878	1260	13	b9abf27bcf2481a2743eabfe61a35c843ec6a4fd5b387987339505de6b738e1b	1	1	1	1	0	false	false	0	0	true	NA
7879	1400	+	48674	95948	24	7cad9276aa2eabe94e85eafe5b33d5144861158cf7c49a66da2364ce666f7ece	1	1525	61	61	1	true	false	0	0	true	0.232310744797487
7879	1400	-	48674	6478	18	9fc4ca51ae8fcc369549765abdf34e5c8b219e0e0c97833b47847a7a771d0c50	1	25	1	1	0	false	false	0	0	true	NA
7879	6478	+	53752	101026	20	32310a860e8ff7502911542147beec275a077006ac5eec9db51b0683e6076a15	1	125	1	1	0	true	false	0	0	true	0.00000000000000
7879	6478	-	53752	1400	20	32310a860e8ff7502911542147beec275a077006ac5eec9db51b0683e6076a15	1	125	1	1	0	false	false	0	0	true	NA
7883	2444	+	49742	97040	18	812321b74d40c36dc78e2c14ae59d198b44dc7cf64151dd2c2902e2d615d1647	1	25	1	1	0	true	false	0	0	true	0.00000000000000
7883	2444	-	49742	5438	18	812321b74d40c36dc78e2c14ae59d198b44dc7cf64151dd2c2902e2d615d1647	1	25	1	1	0	false	false	0	0	true	NA
7883	5438	+	52736	100034	23	f8064ad9794d23c17ddf93264fb3cb53789774feb2bac30db3956934f82a5bfe	1	625	1	1	0	true	false	0	0	true	0.00000000000000
7883	5438	-	52736	2444	23	f8064ad9794d23c17ddf93264fb3cb53789774feb2bac30db3956934f82a5bfe	1	625	1	1	0	false	false	0	0	true	NA
7927	2185	+	49747	97309	16	714f09ecde851f7c8726dbdf52a9b30589bc56e48db660aac72b42e5d4e57856	1	5	1	1	0	true	false	0	0	true	0.00000000000000
7927	2185	-	49747	5741	16	714f09ecde851f7c8726dbdf52a9b30589bc56e48db660aac72b42e5d4e57856	1	5	1	1	0	false	false	0	0	true	NA
7927	5741	+	53303	100865	20	a065f4f5b251b9484b9f6773d80d59eeb2f0363a4426f983451cecaed1457ab6	1	125	1	1	0	true	false	0	0	true	0.00000000000000
7927	5741	-	53303	2185	16	714f09ecde851f7c8726dbdf52a9b30589bc56e48db660aac72b42e5d4e57856	1	5	1	1	0	false	false	0	0	true	NA
7933	1376	+	48974	96572	18	7ac25924bd2fa91315d46387921ac56c3bfe434d30aef3af9b468d62af60bdc6	1	25	1	1	0	true	false	0	0	true	0.00000000000000
7933	1376	-	48974	6556	20	d77d715701e20e9dadc00b3540d6e778c8f5a916093d8c2a5ce0259ebae8a9d3	1	125	1	1	0	false	false	0	0	true	NA
7933	6556	+	54154	101752	18	7ac25924bd2fa91315d46387921ac56c3bfe434d30aef3af9b468d62af60bdc6	1	25	1	1	0	true	false	0	0	true	0.00000000000000
7933	6556	-	54154	1376	23	74704c31e15a76142a321d9c444c0371e67dc5c251a4db632ebbb3c1048139f2	1	625	1	1	0	false	false	0	0	true	NA
7937	831	+	48453	96075	23	e8c594e48ad800e394998510f9f5b317f21c2b1e055083a8c5d0e4d08319c1d3	1	625	1	1	0	true	false	0	0	true	0.00000000000000
7937	831	-	48453	7105	23	e8c594e48ad800e394998510f9f5b317f21c2b1e055083a8c5d0e4d08319c1d3	1	625	1	1	0	true	false	0	0	true	0.00000000000000
7937	7105	+	54727	102349	16	c2790f6e0f2043681e247f702c46e56e2361e5ab76e487f2481543dec19c18ac	1	5	1	1	0	true	false	0	0	true	0.00000000000000
7937	7105	-	54727	831	16	c2790f6e0f2043681e247f702c46e56e2361e5ab76e487f2481543dec19c18ac	1	5	1	1	0	false	false	0	0	true	NA
8009	989	+	49043	97097	29	a5a8f5951291cec185da96af147537b72905a1893fdb05c76296b1200817a656	1	34375	11	11	1	true	false	0	0	true	0.135389849666186
8009	989	-	49043	7019	26	e7d43e573c1d6468b2230e2dd6249e88d8874144371455b7061ff714e418c5b4	1	6875	11	11	1	true	false	0	0	true	0.135389849666186
8009	7019	+	55073	103127	25	0c12197935546672d33f0591dae6c820f379d0197ad6148cf9ea5c7f01d7a7b1	1	2125	1	1	0	true	false	0	0	true	0.00000000000000
8009	7019	-	55073	989	20	0e218e6c1fec23486358794a419532c978666e7d76212facaa852e663f8dcde6	1	85	17	17	1	false	false	0	0	true	NA
8011	1467	+	49533	97599	25	c77c223487c47c023de6bbd4558ccbcda204aec9fbe4d5693184ee8cd26050ee	1	3125	1	1	0	true	false	0	0	true	0.00000000000000
8011	1467	-	49533	6543	23	892175d94f153d79b970490b4e9b0a88e6423e3d0731fa406362dcbbed8e29a5	1	625	1	1	0	false	false	0	0	true	NA
8011	2683	+	50749	98815	26	8885ee09bbf3af293c80116f8bd65c5d75129720d35d489a043341817e160f3c	1	7375	59	59	1	true	false	0	0	true	0.229354216143165
8011	2683	-	50749	5327	20	291030fea8d7210aba739399bd30a3e6b0c475206e28a632b274105e3861ef93	1	125	1	1	0	false	false	0	0	true	NA
8011	5327	+	53393	101459	25	afc3c69ba17c926d621d25bcae3f944ef8a8f6a82517f28acb13f8e79a8381e0	1	2125	1	1	0	true	false	0	0	true	0.00000000000000
8011	5327	-	53393	2683	20	291030fea8d7210aba739399bd30a3e6b0c475206e28a632b274105e3861ef93	1	125	1	1	0	false	false	0	0	true	NA
8011	6543	+	54609	102675	20	291030fea8d7210aba739399bd30a3e6b0c475206e28a632b274105e3861ef93	1	125	1	1	0	true	false	0	0	true	0.00000000000000
8011	6543	-	54609	1467	23	892175d94f153d79b970490b4e9b0a88e6423e3d0731fa406362dcbbed8e29a5	1	625	1	1	0	false	false	0	0	true	NA
8017	3754	+	51856	99958	27	52ff510b47f88528e1099eaf3244b7891f01016b241384082e711a2e6ab4c2c0	1	11875	19	19	1	true	false	0	0	true	0.165218902649432
8017	3754	-	51856	4262	22	859290fb17372d9318b1edad35d1aef2e82ded5b5e0f9cf62528d454fa6648e9	1	275	11	11	1	false	false	0	0	true	NA
8017	4262	+	52364	100466	27	4f041156fdff7705b910c216874bc0e33130dd5987cb8bd85e0bdf627c17b8f6	1	10625	1	1	0	true	false	0	0	true	0.00000000000000
8017	4262	-	52364	3754	18	affa583156453c5fecc9b234677bdcd9cb473c6936c123d17328460a131716fd	1	25	1	1	0	false	false	0	0	true	NA
8039	171	+	48405	96639	20	13373b3cefe10f226bccdb700b7fc4375da850b13c6b9d902c2565e46ba5d199	1	125	1	1	0	true	false	0	0	true	0.00000000000000
8039	171	-	48405	7867	19	a4f3b421f6e28c61a2cb13a5d3046ae4d4f725c031d5ce7eb3dbf639df90a31e	1	55	11	11	1	true	true	0	0	true	0.135600909445797
8039	7867	+	56101	104335	20	13373b3cefe10f226bccdb700b7fc4375da850b13c6b9d902c2565e46ba5d199	1	125	1	1	0	true	false	0	0	true	0.00000000000000
8039	7867	-	56101	171	20	13373b3cefe10f226bccdb700b7fc4375da850b13c6b9d902c2565e46ba5d199	1	125	1	1	0	false	false	0	0	true	NA
8053	3526	+	51844	100162	33	85a81c812c984369ddc13fb6f2453c540790eb16b5a82571ecf07f1893c292a1	1	724375	1159	19*61	2	true	false	0	0	true	0.395889014536491
8053	3526	-	51844	4526	35	f30057a169e0908f08316e4adec6b453853a096c07411968d492bd740c63eee2	1	4049375	6479	11*19*31	3	false	false	0	0	true	NA
8053	4526	+	52844	101162	25	14c3ac7c366d56f37e1334ae27bf70d5a001c6926997392c6043b141864c3487	1	3125	1	1	0	true	false	0	0	true	0.00000000000000
8053	4526	-	52844	3526	23	d5681e2dccdc14521f39343d25942db9f48fac6a03fb9d00753977a078e2e55b	1	625	1	1	0	false	false	0	0	true	NA
8059	3174	+	51528	99882	26	a32de2f28516188adefede156c98203e8286a1392f7381184a65d097d263a377	1	6875	11	11	1	true	false	0	0	true	0.134637014675086
8059	3174	-	51528	4884	18	2b7518d57837474e655fefaf570c61e7ca43f46bc17d1c77caa946fce4f3eb64	1	25	1	1	0	false	false	0	0	true	NA
8059	4884	+	53238	101592	27	22600fa73133a9a86429ca4814ddf8b19601f25733702d21fe00e8d2e53fc563	1	10625	1	1	0	true	false	0	0	true	0.00000000000000
8059	4884	-	53238	3174	18	2b7518d57837474e655fefaf570c61e7ca43f46bc17d1c77caa946fce4f3eb64	1	25	1	1	0	false	false	0	0	true	NA
8087	519	+	49041	97563	27	8838b3f01cbb3ad3e302848f019b93e1a9d892f524be28a52ba77396e90e9417	1	15625	1	1	0	true	false	0	0	true	0.00000000000000
8087	519	-	49041	7567	22	e44754939b730fbe5b47438b138cf3708b92c6b0e677f7139495bf5769968dd9	1	425	17	17	1	true	true	0	0	true	0.159968758050201
8087	7567	+	56089	104611	20	006552d040f87d21844cffb45727f7b3f027c53e1c1086ddeddb56fd13a3dc9d	1	125	1	1	0	true	false	0	0	true	0.00000000000000
8087	7567	-	56089	519	20	707a48c4e3f8db970eb16663c7b2aa322c47c7f43e61a0fbaf051feb6f2fdd5c	1	95	19	19	1	false	false	0	0	true	NA
8089	1517	+	50051	98585	25	0c655c76e9c53703698b9b127e1057ea6250eda686ff0ba1cb0f4bcea3bbc32e	1	2125	1	1	0	true	false	0	0	true	0.00000000000000
8089	1517	-	50051	6571	16	faaa9351df7e329df9d72dbb8a8ecf576762e20d3628a24e1bdfdcc83e9df3aa	1	5	1	1	0	false	false	0	0	true	NA
8089	3989	+	52523	101057	20	ecebb95b3962fd681fbb7833832c153b359dd040e59dc699903b51262c1f2a39	1	125	1	1	0	true	false	0	0	true	0.00000000000000
8089	3989	-	52523	4099	20	ecebb95b3962fd681fbb7833832c153b359dd040e59dc699903b51262c1f2a39	1	125	1	1	0	false	false	0	0	true	NA
8089	4099	+	52633	101167	25	4e18d8194785088c5a474f083f8401c22ed26694ca371946f8a0c293a4daef55	1	3125	1	1	0	true	false	0	0	true	0.00000000000000
8089	4099	-	52633	3989	20	ecebb95b3962fd681fbb7833832c153b359dd040e59dc699903b51262c1f2a39	1	125	1	1	0	false	false	0	0	true	NA
8089	6571	+	55105	103639	20	ecebb95b3962fd681fbb7833832c153b359dd040e59dc699903b51262c1f2a39	1	125	1	1	0	true	false	0	0	true	0.00000000000000
8089	6571	-	55105	1517	16	faaa9351df7e329df9d72dbb8a8ecf576762e20d3628a24e1bdfdcc83e9df3aa	1	5	1	1	0	false	false	0	0	true	NA
8093	2673	+	51231	99789	29	a74761db91d21f80c17eadbffb99ed8b76de98f45e98a92c155bf59af66f0cf3	1	59375	19	19	1	true	false	0	0	true	0.165445763219256
8093	2673	-	51231	5419	25	317682b48ada3cc600f75ae65ad9367dafa37837410e8e5ecab8d0fbbbfb4f9b	1	3125	1	1	0	false	false	0	0	true	NA
8093	3757	+	52315	100873	32	7627c02c8b367972436bd10cdbc944a30ef85c453a6be7e92857d907baa94408	1	296875	19	19	1	true	false	0	0	true	0.165054671547298
8093	3757	-	52315	4335	20	1a4cdec9a05bbc7bd2b6c73a77e59dee6f5e81249b06e7282acb69a3b608ee20	1	125	1	1	0	false	false	0	0	true	NA
8093	4335	+	52893	101451	29	ca5ace179235820f38cd6b39fc3f14054bbb4169dcb22cbddd02a9ee3940f53a	1	53125	1	1	0	true	false	0	0	true	0.00000000000000
8093	4335	-	52893	3757	25	ab82f804503586dccb45123736f020567a1374aa91c18019e0151d5ecd77533d	1	2125	17	17	1	false	false	0	0	true	NA
8093	5419	+	53977	102535	29	f981692c8904129c5f6ed82e85bd0a9bb89a4fd4a0393c9897111fe769ee4143	1	36125	1	1	0	true	false	0	0	true	0.00000000000000
8093	5419	-	53977	2673	20	1a4cdec9a05bbc7bd2b6c73a77e59dee6f5e81249b06e7282acb69a3b608ee20	1	125	1	1	0	false	false	0	0	true	NA
8111	4018	+	52684	101350	18	37fcdad6d6172b1d1b315ff85622efa03662ed677aa2ef69a53d4352a4f2d7b6	1	25	1	1	0	true	false	0	0	true	0.00000000000000
8111	4018	-	52684	4092	25	9808f93fe8d352fc25adb1f73765a9865e202e81073ade698bccab2e199ea1a5	1	3125	1	1	0	false	false	0	0	true	NA
8111	4092	+	52758	101424	23	6a7319487aa2b05af6b2426b0c3a1f1e57e69d7d032a4dc0d44118c9d42eda61	1	625	1	1	0	true	false	0	0	true	0.00000000000000
8111	4092	-	52758	4018	29	13196703612d0f8a466da53eb35da7c0291fd0461b2bba76befcdcb5b5e6b108	1	36875	59	59	1	false	false	0	0	true	NA
8231	1148	+	50534	99920	23	6f32abf8db9573329409d7aea8f1d0abf78cb811241c386327d2ea819824739c	1	625	1	1	0	true	false	0	0	true	0.00000000000000
8231	1148	-	50534	7082	28	3a3b21ab1b5bd508bdd38d38eeb479e2a882069e53bfbc8665a1e61dc70478c4	1	25625	41	41	1	false	false	0	0	true	NA
8231	7082	+	56468	105854	31	1416e16c632425cab3cabe8c0ae8d62f5fb160aec2573af9bfb6f2e50cb02c26	1	130625	209	11*19	2	true	false	0	0	true	0.296935417435046
8231	7082	-	56468	1148	26	97d2aa052ed44d4ceceefd458c003eaead59bfba05f0d9dd992f40d604a6f336	1	5225	209	11*19	2	false	false	0	0	true	NA
8233	3211	+	52609	102007	20	b74ed8fb75cc743d3adf8b3b976b3303ca45c8640ee49a951fd25f417962915e	1	125	1	1	0	true	false	0	0	true	0.00000000000000
8233	3211	-	52609	5021	24	5d59a86c14b961e27b1cac74a5de0b7bb773442d014db03b8a8d731b4eccd959	1	1375	11	11	1	false	false	0	0	true	NA
8233	5021	+	54419	103817	20	b74ed8fb75cc743d3adf8b3b976b3303ca45c8640ee49a951fd25f417962915e	1	125	1	1	0	true	false	0	0	true	0.00000000000000
8233	5021	-	54419	3211	20	b74ed8fb75cc743d3adf8b3b976b3303ca45c8640ee49a951fd25f417962915e	1	125	1	1	0	false	false	0	0	true	NA
8237	438	+	49860	99282	22	94f114b7f637896e5abdd618d2817317a3ceb3a1abb92437ae27d34a28693008	1	275	11	11	1	true	false	0	0	true	0.135143769412602
8237	438	-	49860	7798	22	94f114b7f637896e5abdd618d2817317a3ceb3a1abb92437ae27d34a28693008	1	275	11	11	1	true	true	0	0	true	0.135143769412602
8237	492	+	49914	99336	18	cf41b265a71edfd7235e24ea6c0a8085f5a00405a28f25b5c99a46d4b4ce54ab	1	25	1	1	0	true	false	0	0	true	0.00000000000000
8237	492	-	49914	7744	22	94f114b7f637896e5abdd618d2817317a3ceb3a1abb92437ae27d34a28693008	1	275	11	11	1	true	true	0	0	true	0.135092577474886
8237	7744	+	57166	106588	36	385e13ac2bab401f517718d74e5b8eda43b1798c4cd1f33d12a0d7edf84b5f73	1	5046875	19	19	1	true	false	0	0	true	0.163437263947389
8237	7744	-	57166	492	18	cf41b265a71edfd7235e24ea6c0a8085f5a00405a28f25b5c99a46d4b4ce54ab	1	25	1	1	0	false	false	0	0	true	NA
8237	7798	+	57220	106642	27	dfcbea8bd66be972cb1aea2dcab66c4f35ae5410f903b5b2a7b12970343a6286	1	11875	19	19	1	true	false	0	0	true	0.163410628582773
8237	7798	-	57220	438	20	d53f5083c0d407879bde51997e40e285590bad17f7bbd9f57e96e3e2237228fb	1	125	1	1	0	false	false	0	0	true	NA
8243	3819	+	53277	102735	20	9b3491f23929afa79ab727754741fcc3862f381e5453824722b9f521e880b851	1	125	1	1	0	true	false	0	0	true	0.00000000000000
8243	3819	-	53277	4423	20	9b3491f23929afa79ab727754741fcc3862f381e5453824722b9f521e880b851	1	125	1	1	0	false	false	0	0	true	NA
8243	4423	+	53881	103339	29	647af0928dc9bef53d0adfc39c176678619e687d74aeefbff0a287e7b7db5ce1	1	34375	11	11	1	true	false	0	0	true	0.133977908734819
8243	4423	-	53881	3819	23	7acb2369a8b1edeae51585f98244cf3bcbea027d101f0aa66479089b0a3e69fd	1	625	1	1	0	false	false	0	0	true	NA
8273	3738	+	53376	103014	22	d58a3e5ec5fdbee47c90d6aeb62a619c99b75aa56f00fd4849baba765f05c4d2	1	425	1	1	0	true	false	0	0	true	0.00000000000000
8273	3738	-	53376	4534	18	267479bbf59faf699fd8d23f007cecb6c51993e064e6ee23ea76c944ccfecbc2	1	25	1	1	0	false	false	0	0	true	NA
8273	4534	+	54172	103810	23	2f4426238dc3507c03860fa097613ad05652ea331252c73e7da0e12acd52174e	1	625	1	1	0	true	false	0	0	true	0.00000000000000
8273	4534	-	54172	3738	25	354a05f097abdf4779b9a68bb804ff6dbdb13effdbdb53b8da568824b4c4c61f	1	3125	1	1	0	false	false	0	0	true	NA
8293	666	+	50424	100182	23	0f18a885fd5ac565bd80e738fe15262cead75e80c6cf8e791b997e6601a89f8c	1	625	1	1	0	true	false	0	0	true	0.00000000000000
8293	666	-	50424	7626	20	a8794b991daa87d92be2453d89e1f54d7398f126b736754cb4e5e1fb96c04dea	1	125	1	1	0	true	false	0	0	true	0.00000000000000
8293	7626	+	57384	107142	23	0f18a885fd5ac565bd80e738fe15262cead75e80c6cf8e791b997e6601a89f8c	1	625	1	1	0	true	false	0	0	true	0.00000000000000
8293	7626	-	57384	666	23	0f18a885fd5ac565bd80e738fe15262cead75e80c6cf8e791b997e6601a89f8c	1	625	1	1	0	false	false	0	0	true	NA
8311	2616	+	52482	102348	27	45e576e8da39386309d2ce5ab651c5fb1844299373c099b76b2da82c61482fce	1	10625	1	1	0	true	false	0	0	true	0.00000000000000
8311	2616	-	52482	5694	20	e2c5b938e17ea8012a5a7de73d85c89063bf89880a8d094f66b8159bf27685fc	1	125	1	1	0	false	false	0	0	true	NA
8311	5694	+	55560	105426	20	e2c5b938e17ea8012a5a7de73d85c89063bf89880a8d094f66b8159bf27685fc	1	125	1	1	0	true	false	0	0	true	0.00000000000000
8311	5694	-	55560	2616	23	47d87656233c211ffac137d1b57b72b1f8efe95a607b4e9452c34a162c88e971	1	775	31	31	1	false	false	0	0	true	NA
8329	3747	+	53721	103695	20	385ac738db6a9b4484596ca7fa421650ec93e86828b77bdc1ee687fb3322d20d	1	125	1	1	0	true	false	0	0	true	0.00000000000000
8329	3747	-	53721	4581	20	385ac738db6a9b4484596ca7fa421650ec93e86828b77bdc1ee687fb3322d20d	1	125	1	1	0	false	false	0	0	true	NA
8329	4581	+	54555	104529	29	76c076f49a2a5ca7bc67c3ff4c8a667effbc2e1f45eeae11a4bf183cba622177	1	53125	1	1	0	true	false	0	0	true	0.00000000000000
8329	4581	-	54555	3747	16	98f1f60c4a785d38af8bfc906d47ef62a140b870bfb7bcaa98710e27f3bcaf30	1	5	1	1	0	false	false	0	0	true	NA
8369	2351	+	52565	102779	23	11bbb41f6a1b91b062e9caa2ebce57b9f769fb5e2e83c408e05b4148a14067da	1	625	1	1	0	true	false	0	0	true	0.00000000000000
8369	2351	-	52565	6017	24	6e5d03762342395f19b52557e737799a8433a17d90ecfc9ed2ace0e1fd56bf3c	1	1375	11	11	1	false	false	0	0	true	NA
8369	6017	+	56231	106445	26	3a1ba82ad5ad53375b2b9d267132154f0011c839a2dfc28f8e29fa3abf9fb4ba	1	7375	59	59	1	true	false	0	0	true	0.226729884733867
8369	6017	-	56231	2351	20	7c233c4c77468ab531b40646364586911d14c9c6521a9bdd1d723382c049564d	1	125	1	1	0	false	false	0	0	true	NA
8389	571	+	50905	101239	32	8c057858effb419969dea69c8896b845a939adb5f6b58d223f8d2b88ea26190e	1	486875	779	19*41	2	true	false	0	0	true	0.374327439488776
8389	571	-	50905	7817	26	da08892b902e37ec5cecbb05b97240df9c7fde4419d4f37b65d93ece30d4fbb1	1	5225	209	11*19	2	true	false	0	0	true	0.300357312064152
8389	7817	+	58151	108485	24	ce341e402e90d20814596e5afa96526dd521d0578e3b2636249e8885fd798e7f	1	1375	11	11	1	true	false	0	0	true	0.132842449338325
8389	7817	-	58151	571	16	a2a4802486d1e4c2f6d85c6b9e4df5c4da8d488fd57e0a0eca6089a0a92f7934	1	5	1	1	0	false	false	0	0	true	NA
8429	3571	+	54145	104719	23	723406541ce75b583f5e620549e34a0ed4e920290510ca4b8f55ed4e8503be98	1	625	1	1	0	true	false	0	0	true	0.00000000000000
8429	3571	-	54145	4857	23	723406541ce75b583f5e620549e34a0ed4e920290510ca4b8f55ed4e8503be98	1	625	1	1	0	false	false	0	0	true	NA
8429	4857	+	55431	106005	33	99f5f493e1dda5a10e7d45a6018e330b3c3a0264ba5c4570ab5caa389702c7e9	1	1009375	19	19	1	true	false	0	0	true	0.163998682686793
8429	4857	-	55431	3571	21	dddead612d3d1f7843a1af27d1c958e567297edcab3347c44f1fa9711a130c70	1	125	1	1	0	false	false	0	0	true	NA
8461	196	+	50962	101728	29	f745d72a052cc298ebc7d14a213fe29534eb7deee4e5e10cc38bc0abe1021f95	1	53125	1	1	0	true	false	0	0	true	0.00000000000000
8461	196	-	50962	8264	30	53cb5c5369c8bad53a77d2de1e303caea9273c2f725e7aed7c9a9a36ed172434	1	96875	31	31	1	true	true	0	0	true	0.193066011551507
8461	8264	+	59030	109796	23	fc2fbbe475bd2a2681696b7ad2beadf01f64d08113731de2d17e5d321e49e071	1	625	1	1	0	true	false	0	0	true	0.00000000000000
8461	8264	-	59030	196	22	0ad75b01109357f747de2913b0b16d66167e2b8e64e31728f07b45484191c7a8	1	475	19	19	1	false	false	0	0	true	NA
8501	2257	+	53263	104269	23	17c1de5cf22539e8dd43c6c945a007be38a9897ce6ed69f48dcb02d43ab554f0	1	625	1	1	0	true	false	0	0	true	0.00000000000000
8501	2257	-	53263	6243	21	9b0d56eef357476ecbaa5f36d806769876b114f371a70b0df773002519aea949	1	125	1	1	0	false	false	0	0	true	NA
8501	6243	+	57249	108255	21	9b0d56eef357476ecbaa5f36d806769876b114f371a70b0df773002519aea949	1	125	1	1	0	true	false	0	0	true	0.00000000000000
8501	6243	-	57249	2257	21	9b0d56eef357476ecbaa5f36d806769876b114f371a70b0df773002519aea949	1	125	1	1	0	false	false	0	0	true	NA
8527	1285	+	52447	103609	21	c8e05b5c019aebb09c5b99deaef7ba5bc5a16e4e10ec562029446dd57b45f2df	1	125	1	1	0	true	false	0	0	true	0.00000000000000
8527	1285	-	52447	7241	21	c8e05b5c019aebb09c5b99deaef7ba5bc5a16e4e10ec562029446dd57b45f2df	1	125	1	1	0	false	false	0	0	true	NA
8527	7241	+	58403	109565	23	b0021590e46760ab543912bb365bca613aee1e30752cda84c2304d8ae4561621	1	625	1	1	0	true	false	0	0	true	0.00000000000000
8527	7241	-	58403	1285	20	371de763c455399beeb33d6285e080fd082aca4f759e1de7ed0efeebf6156e71	1	95	19	19	1	false	false	0	0	true	NA
8537	88	+	51310	102532	22	bf4c504b46ee7325003efee3908cef07cced325388c4d0972e878833e551b56f	1	475	19	19	1	true	false	0	0	true	0.165420388264514
8537	88	-	51310	8448	23	df112b5c61b56d432a1c4543406e0d48e220e3bf3835f094076a237264859783	1	775	31	31	1	true	true	0	0	true	0.192923507901026
8537	3923	+	55145	106367	26	370fb7b1d4e4d9d5325d7d4f92e38cbd6fcb3a09e270dc4b68e0b67763d2ffcd	1	7375	59	59	1	true	false	0	0	true	0.227237924518974
8537	3923	-	55145	4613	23	326e215bf3617981c8f002c866ea66d0e526926a29ee879963623a2e17ecc58c	1	625	1	1	0	false	false	0	0	true	NA
8537	4613	+	55835	107057	29	31c573843a36c5c89054b3f2c303fd61e1b55a444d2954e383df0614878e7d0d	1	40375	19	19	1	true	false	0	0	true	0.163828937102004
8537	4613	-	55835	3923	29	31c573843a36c5c89054b3f2c303fd61e1b55a444d2954e383df0614878e7d0d	1	40375	323	17*19	2	false	false	0	0	true	NA
8537	8448	+	59670	110892	22	bf4c504b46ee7325003efee3908cef07cced325388c4d0972e878833e551b56f	1	475	19	19	1	true	false	0	0	true	0.162658341389374
8537	8448	-	59670	88	21	8e6d5673e973b022931c1d64f6087c46d93accd2a73a4d38b53594f6844737d8	1	125	1	1	0	false	false	0	0	true	NA
8563	1853	+	53231	104609	21	fabf6c1dacda452475cc6f2981fe31198a5065db6a5c22940898e3c7fbf02957	1	125	1	1	0	true	false	0	0	true	0.00000000000000
8563	1853	-	53231	6709	25	741822d429dfd3aa55ee096e84b6765268b91dbcbaa03e76439cf9f23d0c5de8	1	2125	17	17	1	false	false	0	0	true	NA
8563	6709	+	58087	109465	25	741822d429dfd3aa55ee096e84b6765268b91dbcbaa03e76439cf9f23d0c5de8	1	2125	1	1	0	true	false	0	0	true	0.00000000000000
8563	6709	-	58087	1853	20	72884108b5dd0ec0864eed2bb351b6e63d6271d0f4caa12f6c745d6cfcc687f5	1	95	19	19	1	false	false	0	0	true	NA
8573	2418	+	53856	105294	25	d00b10f57bb629ee5d8e0cb83160194c55d3c5905a68ec0f05a7ecf390e0755d	1	3125	1	1	0	true	false	0	0	true	0.00000000000000
8573	2418	-	53856	6154	22	c33897eaa04f17f42de6ac426284e48ae9f3a4f0ec6f19e7d825a21cc044e402	1	275	11	11	1	false	false	0	0	true	NA
8573	3009	+	54447	105885	16	1cd9328228642ed5a4edf11e006b2e0055a4eb9aad92343d3f16b099e22d0623	1	5	1	1	0	true	false	0	0	true	0.00000000000000
8573	3009	-	54447	5563	16	1cd9328228642ed5a4edf11e006b2e0055a4eb9aad92343d3f16b099e22d0623	1	5	1	1	0	false	false	0	0	true	NA
8573	5563	+	57001	108439	21	76c0070b903d8eff027544c3d676aee7166c7a018ff55fd7e2f5fdda72d288b8	1	125	1	1	0	true	false	0	0	true	0.00000000000000
8573	5563	-	57001	3009	20	c2da98acba9fd4fbc508e0b681342f506804df7ab0f14b92e7b92bc679a3040f	1	95	19	19	1	false	false	0	0	true	NA
8573	6154	+	57592	109030	31	cc1e2560fa1268df0aba61d43d98f22e3ed402b8f40f5bc5c08d9b6b99b7bbb1	1	201875	19	19	1	true	false	0	0	true	0.163295757992497
8573	6154	-	57592	2418	23	7fd858e4b05e46716634a0b05cbc31a0edbb984228f58a9b9a4294345a9c7ff0	1	625	1	1	0	false	false	0	0	true	NA
8581	2349	+	53835	105321	23	5d846638855438d467241ced5cc0824cbf3c0578ab92f8aa8060cc1a6001f0ad	1	625	1	1	0	true	false	0	0	true	0.00000000000000
8581	2349	-	53835	6231	21	245c7efa65cedacc925e044d9dde181b6f320940c8b56575d1db2ce6719a13e5	1	125	1	1	0	false	false	0	0	true	NA
8581	6231	+	57717	109203	29	6989263037f727a6589bdacc03c6770ad7463fc2871ea45950bc717a73b3e956	1	59375	19	19	1	true	false	0	0	true	0.163225508223828
8581	6231	-	57717	2349	21	245c7efa65cedacc925e044d9dde181b6f320940c8b56575d1db2ce6719a13e5	1	125	1	1	0	false	false	0	0	true	NA
8609	313	+	51967	103621	25	0d3aa885a948a8208ab8dfcb7d93706e7d901e096205e7936558e3545914146c	1	3125	1	1	0	true	false	0	0	true	0.00000000000000
8609	313	-	51967	8295	25	0d3aa885a948a8208ab8dfcb7d93706e7d901e096205e7936558e3545914146c	1	3125	1	1	0	true	true	0	0	true	0.00000000000000
8609	1951	+	53605	105259	21	7b8eba3474c1a03047d80a9c52efbb5afba7cb1e03e7f5242c81f1eee2e61a7c	1	125	1	1	0	true	false	0	0	true	0.00000000000000
8609	1951	-	53605	6657	21	7b8eba3474c1a03047d80a9c52efbb5afba7cb1e03e7f5242c81f1eee2e61a7c	1	125	1	1	0	false	false	0	0	true	NA
8609	6657	+	58311	109965	21	7b8eba3474c1a03047d80a9c52efbb5afba7cb1e03e7f5242c81f1eee2e61a7c	1	125	1	1	0	true	false	0	0	true	0.00000000000000
8609	6657	-	58311	1951	25	d32408d1f512f5a29d86a18c303cec6cf96e6f8c0e6f9c8b8f4f8bef99ea24a5	1	2125	17	17	1	false	false	0	0	true	NA
8609	8295	+	59949	111603	16	612f001946e7f62bde075bad123b972806cfe514d05e2862ccb37e8f79448a3c	1	5	1	1	0	true	false	0	0	true	0.00000000000000
8609	8295	-	59949	313	16	612f001946e7f62bde075bad123b972806cfe514d05e2862ccb37e8f79448a3c	1	5	1	1	0	false	false	0	0	true	NA
8647	1018	+	52900	104782	23	06b0d8e16da45e496419dc30140ec48ddbbd7571620b55590265952f528b793d	1	625	1	1	0	true	false	0	0	true	0.00000000000000
8647	1018	-	52900	7628	21	df7287e74ade564a095ad4c7332e07d5124e3f3d4d453eb2338466c1a948e4d6	1	125	1	1	0	true	false	0	0	true	0.00000000000000
8647	3785	+	55667	107549	21	df7287e74ade564a095ad4c7332e07d5124e3f3d4d453eb2338466c1a948e4d6	1	125	1	1	0	true	false	0	0	true	0.00000000000000
8647	3785	-	55667	4861	25	7aa5f7d74b88f7ef6d6e2aa8a001ae183eb5ba72d5c934a6c32df0d1a5c1abcd	1	2375	19	19	1	false	false	0	0	true	NA
8647	4861	+	56743	108625	21	df7287e74ade564a095ad4c7332e07d5124e3f3d4d453eb2338466c1a948e4d6	1	125	1	1	0	true	false	0	0	true	0.00000000000000
8647	4861	-	56743	3785	30	1faab83a15d9e0c1ecb3ffeb67baa580f5964e97ee78afe86134797f64f0bea1	1	97375	779	19*41	2	false	false	0	0	true	NA
8647	7628	+	59510	111392	22	08759eba9145977e943630040dc38abfd7946eef416d3f6db4cfbb7a02ffee54	1	475	19	19	1	true	false	0	0	true	0.162687877105657
8647	7628	-	59510	1018	23	794a232d83cc6facd2a633d3b7848e28ac29f0395b2d2641aa49a61dc3f3ed6b	1	925	37	37	1	false	false	0	0	true	NA
8663	1451	+	53429	105407	16	c1de2675282e632051c45f91db98fe37021e814e22da97920a686dd9c17f142f	1	5	1	1	0	true	false	0	0	true	0.00000000000000
8663	1451	-	53429	7211	16	c1de2675282e632051c45f91db98fe37021e814e22da97920a686dd9c17f142f	1	5	1	1	0	false	false	0	0	true	NA
8663	1943	+	53921	105899	21	b3cdb752c4a769f58fb97ccae31c489836b13bbafdc2e64b3deacdc6a0e8d503	1	125	1	1	0	true	false	0	0	true	0.00000000000000
8663	1943	-	53921	6719	24	f23f394106a220af556492878186459ee5ba4780cf650f0649656fcac5e4a017	1	1375	11	11	1	false	false	0	0	true	NA
8663	6719	+	58697	110675	16	c1de2675282e632051c45f91db98fe37021e814e22da97920a686dd9c17f142f	1	5	1	1	0	true	false	0	0	true	0.00000000000000
8663	6719	-	58697	1943	21	b3cdb752c4a769f58fb97ccae31c489836b13bbafdc2e64b3deacdc6a0e8d503	1	125	1	1	0	false	false	0	0	true	NA
8663	7211	+	59189	111167	24	f23f394106a220af556492878186459ee5ba4780cf650f0649656fcac5e4a017	1	1375	11	11	1	true	false	0	0	true	0.132579687899399
8663	7211	-	59189	1451	21	b3cdb752c4a769f58fb97ccae31c489836b13bbafdc2e64b3deacdc6a0e8d503	1	125	1	1	0	false	false	0	0	true	NA
8669	2203	+	54217	106231	25	2bd385dd63ed8c6e509acd3190c4c699fe76953f40e1ad89f9fc0e43eb91c5af	1	3125	1	1	0	true	false	0	0	true	0.00000000000000
8669	2203	-	54217	6465	21	044ec174de0facbefc7ba3f9ad486a0d0956dbcb713d102e686071e7cd0a8c80	1	125	1	1	0	false	false	0	0	true	NA
8669	6465	+	58479	110493	25	d739369ee789c248126a8839881e9faee5f0e152ba666c59005b291619024e45	1	2375	19	19	1	true	false	0	0	true	0.163008101929325
8669	6465	-	58479	2203	21	044ec174de0facbefc7ba3f9ad486a0d0956dbcb713d102e686071e7cd0a8c80	1	125	1	1	0	false	false	0	0	true	NA
8681	3100	+	55186	107272	27	6877018eeb82350e40ee7014a5b88ea9b61cceedbeeb56a0eb0f6a8618b0d8c2	1	10625	1	1	0	true	false	0	0	true	0.00000000000000
8681	3100	-	55186	5580	27	d9d6a817bc892756eab51259f3dd1f6ab4751c3d95f904aad287237b7ab516e9	1	11875	19	19	1	false	false	0	0	true	NA
8681	5580	+	57666	109752	22	2d9e3c9fec694eccf3994d310794854748a72c0bd6c6f9063623c806d2af23ef	1	475	19	19	1	true	false	0	0	true	0.163269375287084
8681	5580	-	57666	3100	18	cac31612c3e72dc6bd777e7d4a03456342fddd8336b0be9cb387bef776f0353a	1	19	19	19	1	false	false	0	0	true	NA
8699	1870	+	54064	106258	21	b08991b29792031ddce5b5b78c69f488ea0f48a118bdda303bace072d05ae915	1	125	1	1	0	true	false	0	0	true	0.00000000000000
8699	1870	-	54064	6828	23	e5aad6aa0d015db7868dddf3b68446faf92aac264fb1a6ad09c29066777fe815	1	775	31	31	1	false	false	0	0	true	NA
8699	6828	+	59022	111216	18	12611cf79928a555664d5ae5d9b4cc4ff1921e37b49246193bff74e669d2d537	1	25	1	1	0	true	false	0	0	true	0.00000000000000
8699	6828	-	59022	1870	18	044cb1245076773d586c25498462e552c587b2d07b091d2934bdb318255198e8	1	19	19	19	1	false	false	0	0	true	NA
8731	1269	+	53655	106041	21	239c72474944e8f5c0b233ea5b60c741d77e5a2d0d0a07839feec325c8fe2fe8	1	125	1	1	0	true	false	0	0	true	0.00000000000000
8731	1269	-	53655	7461	25	9bd8fe176f140126a6052fb5d2a20c48186e9fab2d4bc72b55f685b9c096387d	1	2125	17	17	1	false	false	0	0	true	NA
8731	7461	+	59847	112233	21	239c72474944e8f5c0b233ea5b60c741d77e5a2d0d0a07839feec325c8fe2fe8	1	125	1	1	0	true	false	0	0	true	0.00000000000000
8731	7461	-	59847	1269	16	bfe26580044bd5af771be3afa19503e21c39cae982252aabcec6fd024d046fff	1	5	1	1	0	false	false	0	0	true	NA
8737	4008	+	56430	108852	27	04a63755beeb4ac48dc90ace5f1f2e4bc2c9f531f1401545aff9c4f7600e8953	1	14725	589	19*31	2	true	false	0	0	true	0.354523051552726
8737	4008	-	56430	4728	18	99363a728900b30da6f401a8ecc0988edc96f13d70eecd24dff9eb75fc529dbf	1	25	1	1	0	false	false	0	0	true	NA
8737	4728	+	57150	109572	22	1d4fc6e14791461adcf1fbb3d2e6082b0f7294f3d7ff14663dcc720d1d1d0937	1	275	11	11	1	true	false	0	0	true	0.133100208695610
8737	4728	-	57150	4008	27	3f8e6e009a78c6c62746732ef61b45ee0a86f24a4a41c68166cbceeec00942e0	1	10625	17	17	1	false	false	0	0	true	NA
8753	510	+	53028	105546	27	7ca278d41ab2335d7c1b176d2d100173ebb8cbc799bccb5ef0f4c73d17c47867	1	10625	1	1	0	true	false	0	0	true	0.00000000000000
8753	510	-	53028	8242	21	7981fb5fad0610bef6535c2f2640e7b6f8140cd89fbd456bfd974ab954dffdd5	1	125	1	1	0	true	true	0	0	true	0.00000000000000
8753	1546	+	54064	106582	21	7981fb5fad0610bef6535c2f2640e7b6f8140cd89fbd456bfd974ab954dffdd5	1	125	1	1	0	true	false	0	0	true	0.00000000000000
8753	1546	-	54064	7206	21	7981fb5fad0610bef6535c2f2640e7b6f8140cd89fbd456bfd974ab954dffdd5	1	125	1	1	0	false	false	0	0	true	NA
8753	3661	+	56179	108697	16	03c6f4f3dc660399dc8dfc036a4e77974785da3ddf83f452ead6726042882f50	1	5	1	1	0	true	false	0	0	true	0.00000000000000
8753	3661	-	56179	5091	16	03c6f4f3dc660399dc8dfc036a4e77974785da3ddf83f452ead6726042882f50	1	5	1	1	0	false	false	0	0	true	NA
8753	5091	+	57609	110127	21	7981fb5fad0610bef6535c2f2640e7b6f8140cd89fbd456bfd974ab954dffdd5	1	125	1	1	0	true	false	0	0	true	0.00000000000000
8753	5091	-	57609	3661	25	bd0d36bfc64aba3867c1d8425328e0bfcd38ee84a32a7ac0a10cf18d0ad45acd	1	2375	19	19	1	false	false	0	0	true	NA
8753	7206	+	59724	112242	18	22fcfd4933da1af38783c9610f30aa6b49024f22c0cac40ed45c2fa14114c5d3	1	25	1	1	0	true	false	0	0	true	0.00000000000000
8753	7206	-	59724	1546	21	7981fb5fad0610bef6535c2f2640e7b6f8140cd89fbd456bfd974ab954dffdd5	1	125	1	1	0	false	false	0	0	true	NA
8753	8242	+	60760	113278	21	7981fb5fad0610bef6535c2f2640e7b6f8140cd89fbd456bfd974ab954dffdd5	1	125	1	1	0	true	false	0	0	true	0.00000000000000
8753	8242	-	60760	510	14	255be4c160c501f5a687853553bedb2c26a450a000f4ad3c8fc9e736da3ee2ad	1	1	1	1	0	false	false	0	0	true	NA
8761	3199	+	55765	108331	21	5c786647eeab4ec2bfa5a8e7d2b1f4e1a364a86423767d1dc3e0971e5afe6435	1	125	1	1	0	true	false	0	0	true	0.00000000000000
8761	3199	-	55765	5561	21	5c786647eeab4ec2bfa5a8e7d2b1f4e1a364a86423767d1dc3e0971e5afe6435	1	125	1	1	0	false	false	0	0	true	NA
8761	5561	+	58127	110693	21	5c786647eeab4ec2bfa5a8e7d2b1f4e1a364a86423767d1dc3e0971e5afe6435	1	125	1	1	0	true	false	0	0	true	0.00000000000000
8761	5561	-	58127	3199	25	59ddbf3a7677319fc0077e765c7e268c74b99846f571f8bc36880db8ba93fcf5	1	3515	703	19*37	2	false	false	0	0	true	NA
8779	2435	+	55109	107783	37	9eca1c297ed76d419fd93b50def88a41e09a033acb7b81f6040c6d8e75f7ccb7	1	11910625	1121	19*59	2	true	false	0	0	true	0.391362401734161
8779	2435	-	55109	6343	25	240cffca19da1d62e954b4693a63042d0089d948747d12f275278e9d6e011e16	1	2375	19	19	1	false	false	0	0	true	NA
8779	6343	+	59017	111691	21	4bbf358b2cdf34634f05b562a740dba2a27837f5129e4882bbfe5da8f466f29f	1	125	1	1	0	true	false	0	0	true	0.00000000000000
8779	6343	-	59017	2435	16	1a27b4caaa3d2337dc637703fe068b6be9f9eec3ec981330bd87126e333bd9d6	1	5	1	1	0	false	false	0	0	true	NA
8783	2160	+	54858	107556	25	7fbbbef64d8276265f93b8f924c14f1d646c54bfb49b1243be4d24b06cfc64bb	1	3125	1	1	0	true	false	0	0	true	0.00000000000000
8783	2160	-	54858	6622	14	7ad7f102a487fce43785b2bd793cd15a79f3129f232f55e07235535dc2778dd0	1	1	1	1	0	false	false	0	0	true	NA
8783	6622	+	59320	112018	18	7d5a13893c3514e3009b5b1cdb3adb982a23d0298e54bbc47470d7634c2b7bce	1	25	1	1	0	true	false	0	0	true	0.00000000000000
8783	6622	-	59320	2160	18	7d5a13893c3514e3009b5b1cdb3adb982a23d0298e54bbc47470d7634c2b7bce	1	25	1	1	0	false	false	0	0	true	NA
8863	168	+	53346	106524	18	98460409119e3bba795f98c8fe70359a9595d467a8921786a469bb00bd535b64	1	25	1	1	0	true	false	0	0	true	0.00000000000000
8863	168	-	53346	8694	23	59e03fd31d67cec436748fa84a00152164bb016696f9f0f001f91df28c67ee65	1	625	1	1	0	true	true	0	0	true	0.00000000000000
8863	8694	+	61872	115050	18	98460409119e3bba795f98c8fe70359a9595d467a8921786a469bb00bd535b64	1	25	1	1	0	true	false	0	0	true	0.00000000000000
8863	8694	-	61872	168	23	12bcf7d64746c0d08b970b9c0701500a3078ad20af56b728446f0956e1dc59a6	1	475	19	19	1	false	false	0	0	true	NA
8893	2683	+	56041	109399	16	a49a94ca2ea07a2a3d2acf75ff62f168f6fe543566b8b1b3d0df8897970de234	1	5	1	1	0	true	false	0	0	true	0.00000000000000
8893	2683	-	56041	6209	21	89cec36c006e1d0050272605ccee4766bd2180a27971c8b814d886de759ed37a	1	125	1	1	0	false	false	0	0	true	NA
8893	6209	+	59567	112925	27	1310c2dba21a1418aa762b6a2254c5f6776f2ea4813bef635341927c20d36005	1	11875	19	19	1	true	false	0	0	true	0.162687877105657
8893	6209	-	59567	2683	27	1310c2dba21a1418aa762b6a2254c5f6776f2ea4813bef635341927c20d36005	1	11875	19	19	1	false	false	0	0	true	NA
8929	1320	+	54894	108468	23	a87ba41a5a9f86ec524259498601751438b71157b317eee2933ddeadacb211a0	1	475	19	19	1	true	false	0	0	true	0.164151721975178
8929	1320	-	54894	7608	23	a87ba41a5a9f86ec524259498601751438b71157b317eee2933ddeadacb211a0	1	475	19	19	1	false	false	0	0	true	NA
8929	7608	+	61182	114756	26	b68b0ea99193a1b10d85fa57624f082931aed20446ea45ed5e2614c98dc15292	1	5125	41	41	1	true	false	0	0	true	0.204586939986756
8929	7608	-	61182	1320	14	56ca45aa4e31890c07d7bdd23ab81a123e4fe865192cd1abe50fa30a0fc3f09f	1	1	1	1	0	false	false	0	0	true	NA
8941	1477	+	55123	108769	25	f71b5048abde3276472b75281829b696cd3810b94d9950402abc9e2263076271	1	2125	1	1	0	true	false	0	0	true	0.00000000000000
8941	1477	-	55123	7463	23	b8cac3ff9cc31927f07d016a3113662602e3b2ed213da76c915848006d75ca36	1	625	1	1	0	false	false	0	0	true	NA
8941	7463	+	61109	114755	25	e44def044f5bbcdce8d9a8c74dc872ad49185997e49e140021a196b337596a41	1	3125	1	1	0	true	false	0	0	true	0.00000000000000
8941	7463	-	61109	1477	21	ba73219c269f951536a8be463afb1f59b37f9634e9404367db8f02813c74ff2b	1	125	1	1	0	false	false	0	0	true	NA
8951	2496	+	56202	109908	26	34f91ba453b9139217b33553f88bb6b3a9ff5599a4d08543792d2f2f2bba275a	1	5225	209	11*19	2	true	false	0	0	true	0.297058419651824
8951	2496	-	56202	6454	18	810fb7335c55148c63f1cc07ea0ebfc424399f6d166d1b33b4461c6d09b87624	1	25	1	1	0	false	false	0	0	true	NA
8951	6454	+	60160	113866	23	665c234a5d1266dffb52eb112d6cf943d94193d9f176fd23b22cf28007af3d63	1	625	1	1	0	true	false	0	0	true	0.00000000000000
8951	6454	-	60160	2496	18	810fb7335c55148c63f1cc07ea0ebfc424399f6d166d1b33b4461c6d09b87624	1	25	1	1	0	false	false	0	0	true	NA
8969	2951	+	56765	110579	21	6ab44ec6780c9da72874d063e9d6dec377239746fbba588d4fa29a1f10162f0e	1	125	1	1	0	true	false	0	0	true	0.00000000000000
8969	2951	-	56765	6017	24	a7be8f34dbbd5606a7f6db35adea6c899d8502ec03fddcffc7640a9d4e5e6325	1	1375	11	11	1	false	false	0	0	true	NA
8969	6017	+	59831	113645	29	d7242ebf8748c9013118c07e030790426cc2efd5650d6674dd62f5d97f95a45b	1	59375	19	19	1	true	false	0	0	true	0.162582663486816
8969	6017	-	59831	2951	29	21c3788d404ce256f50482cf5f60a4e3b51a51be9d96948794b2256b9defad0b	1	40375	323	17*19	2	false	false	0	0	true	NA
8971	1163	+	54989	108815	20	188e7ad95d14bd2575afe358fb6f3fde3a07376a4bfd2c8bbfe1a5498073252e	1	95	19	19	1	true	false	0	0	true	0.164119127973365
8971	1163	-	54989	7807	19	5b1b169e693649ad3bc8ee76a7f7746d76d5a03b91bd2825c17e88ab6519795c	1	55	11	11	1	false	false	0	0	true	NA
8971	7807	+	61633	115459	25	e2047c7b77e744af21143f641877d18105f504a77e5021a6827f98142704c953	1	3125	1	1	0	true	false	0	0	true	0.00000000000000
8971	7807	-	61633	1163	23	08e284c4517fa9a869f43abbbb5c5c559cf6efe7b42625ecca9016d29e6695b2	1	625	1	1	0	false	false	0	0	true	NA
9029	241	+	54415	108589	21	275e8fb6cd860ba964ee1050b569ba8e864f20d687a30f67b13e6eefdb75538c	1	125	1	1	0	true	false	0	0	true	0.00000000000000
9029	241	-	54415	8787	16	51fda42441fffc2e6b834c09b93b72c31c0d6151f25583fef3949e56112b2b4b	1	5	1	1	0	true	true	0	0	true	0.00000000000000
9029	8787	+	62961	117135	16	51fda42441fffc2e6b834c09b93b72c31c0d6151f25583fef3949e56112b2b4b	1	5	1	1	0	true	false	0	0	true	0.00000000000000
9029	8787	-	62961	241	25	1e3e8e9a5e90f8701daed50a7675d61f8f0afa05cf6813c65a82872f653fc0dd	1	2125	17	17	1	false	false	0	0	true	NA
9041	472	+	54718	108964	23	dc3e7b075cd8fbc262865e7f29fd0ac305385ac4a2b8dc4eabfb62ff1e0afab3	1	625	1	1	0	true	false	0	0	true	0.00000000000000
9041	472	-	54718	8568	25	17469f53ff3cbca28097eb34a5cdfe45dace6287eb5c1873f03e694fc04d0da2	1	3125	1	1	0	true	true	0	0	true	0.00000000000000
9041	8568	+	62814	117060	14	8943d57d1b519facedbbb1f8eba9d2ad17ed5bfefcd33b63f27e87d43e7b8ef3	1	1	1	1	0	true	false	0	0	true	0.00000000000000
9041	8568	-	62814	472	18	759d5e84fa68d50ec25d0838537d6bda4e4957adac1772af411f2906c117c7e3	1	17	17	17	1	false	false	0	0	true	NA
9049	146	+	54440	108734	21	fa0951ad20b4ba196f56c86cc554a513f545f0f65dcc7a847990df1116bf7094	1	125	1	1	0	true	false	0	0	true	0.00000000000000
9049	146	-	54440	8902	18	5349775e5011f223732ed0cc0f060afb5cb33a59481974f02d64b7f27ea89c6a	1	25	1	1	0	true	true	0	0	true	0.00000000000000
9049	8902	+	63196	117490	18	5349775e5011f223732ed0cc0f060afb5cb33a59481974f02d64b7f27ea89c6a	1	25	1	1	0	true	false	0	0	true	0.00000000000000
9049	8902	-	63196	146	18	5349775e5011f223732ed0cc0f060afb5cb33a59481974f02d64b7f27ea89c6a	1	25	1	1	0	false	false	0	0	true	NA
9059	4450	+	58804	113158	23	e78e167593c987d1a62107f4fdb6017e9b7c7b79eee65d2594811eb571f7b747	1	475	19	19	1	true	false	0	0	true	0.162887736731311
9059	4450	-	58804	4608	28	d270759b1499a0c8fa1fe969e63292aa466a8f9977c078fb78b57bda8ca752cc	1	19475	779	19*41	2	false	false	0	0	true	NA
9059	4608	+	58962	113316	23	46628ac21bf6331ae53c317dd36f408cbf52b7cc939857e47400f14a94bcafe5	1	625	1	1	0	true	false	0	0	true	0.00000000000000
9059	4608	-	58962	4450	18	e75cc0c47f54dad5f06f4b7a97b5d925ee994bfc7a5bb1f14b5dc4227c545570	1	25	1	1	0	false	false	0	0	true	NA
9067	3478	+	57880	112282	26	879be2ecfe9dbfcd0a263357302ce03dc99bf65fde0b4ddb8107b329069c7f71	1	6875	11	11	1	true	false	0	0	true	0.132917062094120
9067	3478	-	57880	5588	25	1a31b18cc8e169f7ac6b028ddf43106a452e238e0bf675ec61e44ff6e0924c26	1	3125	1	1	0	false	false	0	0	true	NA
9067	5588	+	59990	114392	22	a5d0c767fe8923d54f8430a2af6e22dcd1ca4c3e18e45fcf298d0d0e5f793d5c	1	425	1	1	0	true	false	0	0	true	0.00000000000000
9067	5588	-	59990	3478	18	1ed166eb3eecb7ee67cc7623045b148ef041435797d41a066094df3bf508b17a	1	25	1	1	0	false	false	0	0	true	NA
9091	1521	+	56067	110613	23	65a63b73b9a8cd92b40520f359a923aadbe684b09fc250bdf894e8852c525d8a	1	625	1	1	0	true	false	0	0	true	0.00000000000000
9091	1521	-	56067	7569	18	12c7e042417663b84aa99a150dad467f7098adaa6c4968fbd5d4a43f3fe7dd84	1	25	1	1	0	false	false	0	0	true	NA
9091	2638	+	57184	111730	27	addc29bc7da7e88cacede93b4412ba7c4ee8acfbd10da35b2d9154ede33bf270	1	11875	19	19	1	true	false	0	0	true	0.163428380181591
9091	2638	-	57184	6452	18	12c7e042417663b84aa99a150dad467f7098adaa6c4968fbd5d4a43f3fe7dd84	1	25	1	1	0	false	false	0	0	true	NA
9091	6452	+	60998	115544	18	12c7e042417663b84aa99a150dad467f7098adaa6c4968fbd5d4a43f3fe7dd84	1	25	1	1	0	true	false	0	0	true	0.00000000000000
9091	6452	-	60998	2638	18	12c7e042417663b84aa99a150dad467f7098adaa6c4968fbd5d4a43f3fe7dd84	1	25	1	1	0	false	false	0	0	true	NA
9091	7569	+	62115	116661	26	078823c06656da0e0a92db8853d0bff723518c5b8d94599f873e4dcc424baa26	1	3875	31	31	1	true	false	0	0	true	0.188839472921023
9091	7569	-	62115	1521	16	63c5b4c6fa37c4310e006fe8d3a00d2299e5efc9f42a0c7a90871486746bff5c	1	5	1	1	0	false	false	0	0	true	NA
9137	2792	+	57614	112436	23	b5ad4792a9950670c09c032f27c060f304cbb559bbb2216874955e662a599d63	1	475	19	19	1	true	false	0	0	true	0.163295757992497
9137	2792	-	57614	6344	23	b5ad4792a9950670c09c032f27c060f304cbb559bbb2216874955e662a599d63	1	475	19	19	1	false	false	0	0	true	NA
9137	6344	+	61166	115988	23	c7b60eaddf1b4ca61c7e4f54a64c50371c4fd98e5e90cf039dd89545564a81cd	1	625	1	1	0	true	false	0	0	true	0.00000000000000
9137	6344	-	61166	2792	23	c7b60eaddf1b4ca61c7e4f54a64c50371c4fd98e5e90cf039dd89545564a81cd	1	625	1	1	0	false	false	0	0	true	NA
9157	130	+	55072	110014	18	dcf444f61448753cbb9b0d83cf79696af59ff3dbc2fc368f3be6907e739604b1	1	25	1	1	0	true	false	0	0	true	0.00000000000000
9157	130	-	55072	9026	25	842ba2c00b33675c9b35619601691e7a4094f9826cd43062d7ef41c7ff9459a8	1	2125	17	17	1	true	true	0	0	true	0.157906138122577
9157	1720	+	56662	111604	18	dcf444f61448753cbb9b0d83cf79696af59ff3dbc2fc368f3be6907e739604b1	1	25	1	1	0	true	false	0	0	true	0.00000000000000
9157	1720	-	56662	7436	23	5dfa1f50a90ad35b6e37e02c6db64ffa5967e323f3f1af27a9f29b8082d0300e	1	625	1	1	0	false	false	0	0	true	NA
9157	7436	+	62378	117320	22	45e2a072d6f90ca9b77ed22630aba176b410aba4d71335c9b612681800ac65b2	1	275	11	11	1	true	false	0	0	true	0.131804811246969
9157	7436	-	62378	1720	18	dcf444f61448753cbb9b0d83cf79696af59ff3dbc2fc368f3be6907e739604b1	1	25	1	1	0	false	false	0	0	true	NA
9157	9026	+	63968	118910	29	c641e2771754169498a9b64927c62a50f6353091710a29592d6066c6a31a309f	1	53125	1	1	0	false	false	0	0	true	NA
9157	9026	-	63968	130	18	dcf444f61448753cbb9b0d83cf79696af59ff3dbc2fc368f3be6907e739604b1	1	25	1	1	0	false	false	0	0	true	NA
9173	2951	+	57989	113027	23	8c45c5edcccd98d4ce507c33c7840239b33a03b6fad89ee5200b4798002ba279	1	625	1	1	0	true	false	0	0	true	0.00000000000000
9173	2951	-	57989	6221	25	c45b6d68e258fa6404afb01ce55c2bb4923d56d741517f4a8f01e0130d40f133	1	2375	19	19	1	false	false	0	0	true	NA
9173	6221	+	61259	116297	21	236d2a856d9e7d359a24da6a4e75161c40280f95cc9f92dc004352ac8ae3e5b5	1	125	1	1	0	true	false	0	0	true	0.00000000000000
9173	6221	-	61259	2951	25	c45b6d68e258fa6404afb01ce55c2bb4923d56d741517f4a8f01e0130d40f133	1	2375	19	19	1	false	false	0	0	true	NA
9199	1179	+	56373	111567	21	692aa5a97552e681e7900add26e8eb4556850e8e40929c9f52786c63eb64cab0	1	125	1	1	0	true	false	0	0	true	0.00000000000000
9199	1179	-	56373	8019	16	b6048ad26683c6d87724439f8d73f4515a034c6c2bb3680b3b59b6804b0a413a	1	5	1	1	0	false	false	0	0	true	NA
9199	8019	+	63213	118407	23	36aaf5f7a6a2b612d6a6e9a7c28f996af09921243b14693de06b3f3cddd9fe85	1	625	1	1	0	true	false	0	0	true	0.00000000000000
9199	8019	-	63213	1179	16	b6048ad26683c6d87724439f8d73f4515a034c6c2bb3680b3b59b6804b0a413a	1	5	1	1	0	false	false	0	0	true	NA
9227	4297	+	59659	115021	23	ae8af1a180b805235edb33526060c0ba2d5a6844d1b76ca0d08cf9ff63b0b379	1	625	1	1	0	true	false	0	0	true	0.00000000000000
9227	4297	-	59659	4929	20	8088fcd499d54512c0ab9cac5cd9a8714c1be4ab6be26562b2635c14e1ecb0f3	1	95	19	19	1	false	false	0	0	true	NA
9227	4929	+	60291	115653	21	541b2d3a9b07b17996d73d1ab805f281022b81ba8f6c3ac20569815cf96c9e8d	1	125	1	1	0	true	false	0	0	true	0.00000000000000
9227	4929	-	60291	4297	21	541b2d3a9b07b17996d73d1ab805f281022b81ba8f6c3ac20569815cf96c9e8d	1	125	1	1	0	false	false	0	0	true	NA
9257	3382	+	58924	114466	27	12bb2db23cc86fcb5330c115191d87e78a0519152e86025063cf61a6d4b9807e	1	11875	19	19	1	true	false	0	0	true	0.162887736731311
9257	3382	-	58924	5874	18	fc016ee14825b85b0c503562e59db60091a7933a8cc6c51ab7b1a14410ba112e	1	25	1	1	0	false	false	0	0	true	NA
9257	5874	+	61416	116958	23	e137894d5fa33940e29bb1b8996ff715c40d9e7dc9b17dd96d22cee550e975cc	1	625	1	1	0	true	false	0	0	true	0.00000000000000
9257	5874	-	61416	3382	18	fc016ee14825b85b0c503562e59db60091a7933a8cc6c51ab7b1a14410ba112e	1	25	1	1	0	false	false	0	0	true	NA
9293	2460	+	58218	113976	28	70ac02e9a0f27c0a7cbfa3965fe2d6e30eb4693675657343029376e669025913	1	15625	1	1	0	true	false	0	0	true	0.00000000000000
9293	2460	-	58218	6832	18	2faae590cb207da76a3cb8f1120ff0b9a28bd1cfd190ccafbd5238fd794e8bfc	1	25	1	1	0	false	false	0	0	true	NA
9293	6832	+	62590	118348	18	2faae590cb207da76a3cb8f1120ff0b9a28bd1cfd190ccafbd5238fd794e8bfc	1	25	1	1	0	true	false	0	0	true	0.00000000000000
9293	6832	-	62590	2460	25	a742644226b00d12f2dde896b7c0d9fd7cad75d56e59aa1205132adbce0a1243	1	2425	97	97	1	false	false	0	0	true	NA
9319	2257	+	58171	114085	25	983977f32fffd100d20ec5101de9c5864439643ea6e65671eba82e87081850f2	1	3125	1	1	0	true	false	0	0	true	0.00000000000000
9319	2257	-	58171	7061	30	974a6eba597a70d9ca3bb5a1f2afe9b6667f0f43289d98c3227e4124726ffa5f	1	59375	19	19	1	false	false	0	0	true	NA
9319	7061	+	62975	118889	20	88fda921290f21fa828ceaab96146752388062acb90fdd13d6089dae208fa94c	1	85	1	1	0	true	false	0	0	true	0.00000000000000
9319	7061	-	62975	2257	20	88fda921290f21fa828ceaab96146752388062acb90fdd13d6089dae208fa94c	1	85	17	17	1	false	false	0	0	true	NA
9337	2989	+	59011	115033	25	747d1472537f44a2f0461b8160a78b4c1bd50b3305ec730d5a9192ce1869bae6	1	3125	1	1	0	true	false	0	0	true	0.00000000000000
9337	2989	-	59011	6347	16	27cab9bf6ab182cdaf97fe5198e4f228b8b6c79942bb054221f99a394d6ee3e9	1	5	1	1	0	false	false	0	0	true	NA
9337	4060	+	60082	116104	18	a843945614fadff29acd4ac3058a14f35ee41088a9758081bb50d60e2beb2852	1	25	1	1	0	true	false	0	0	true	0.00000000000000
9337	4060	-	60082	5276	23	95c2ee261b5d0d90851bfe6999f8a16969a22456de77b49f974de758cc6d9312	1	625	1	1	0	false	false	0	0	true	NA
9337	5276	+	61298	117320	25	b052e6e7d257a750c1d0ae1df600957f65587fb8e8f0f57513d1fadb74d60bf1	1	2125	1	1	0	true	false	0	0	true	0.00000000000000
9337	5276	-	61298	4060	18	a843945614fadff29acd4ac3058a14f35ee41088a9758081bb50d60e2beb2852	1	25	1	1	0	false	false	0	0	true	NA
9337	6347	+	62369	118391	25	b052e6e7d257a750c1d0ae1df600957f65587fb8e8f0f57513d1fadb74d60bf1	1	2125	1	1	0	true	false	0	0	true	0.00000000000000
9337	6347	-	62369	2989	16	27cab9bf6ab182cdaf97fe5198e4f228b8b6c79942bb054221f99a394d6ee3e9	1	5	1	1	0	false	false	0	0	true	NA
9391	238	+	56584	112930	32	00632f53b560186f34d80b3f7398b08665e2627cd9cb7987b048b68cb6e44152	1	296875	19	19	1	true	false	0	0	true	0.163616064022015
9391	238	-	56584	9152	18	49890ed313ac0e6e69b514fcfb9324d3336c1b6a0afd3f8dfccf5cf828508cb9	1	25	1	1	0	true	true	0	0	true	0.00000000000000
9391	3945	+	60291	116637	23	290ac9ee1b0a22f76f5b466ee259253ec7df17fd8840e441be1112cfd3de7ff6	1	625	1	1	0	true	false	0	0	true	0.00000000000000
9391	3945	-	60291	5445	21	e55ad694bff99cc78f242b65e53f78967f96b745735acd4a783f71ac22ac52fb	1	125	1	1	0	false	false	0	0	true	NA
9391	5445	+	61791	118137	20	023584936cdefba5f419228ae54c826f177376f6ca7043da291b9e09955290e3	1	85	1	1	0	true	false	0	0	true	0.00000000000000
9391	5445	-	61791	3945	30	fae9e552b206e795c399a7f5e9cf1c32cc09bef7cdc32c11779196e3a834344c	1	65875	527	17*31	2	false	false	0	0	true	NA
9391	9152	+	65498	121844	26	4f3098f700ba07f2817493792c12d1293e4069810fb4a79b7ca4d0d0afe1d603	1	4675	11	11	1	true	false	0	0	true	0.131098793017319
9391	9152	-	65498	238	23	3cc795dbad96701f6017ba86ff5c067c780d393f297e0bbd96b88395dae51764	1	475	19	19	1	false	false	0	0	true	NA
9397	1741	+	58123	114505	21	879e8daceee027bffd883c4ca2e9331feeb6f9c95a7b4f8e3156287ee1045d03	1	125	1	1	0	true	false	0	0	true	0.00000000000000
9397	1741	-	58123	7655	28	baf054c4f4565bfb6420dc237cb7e50e75ac19777b0fee99a30014f03be24c8d	1	24125	193	193	1	false	false	0	0	true	NA
9397	7655	+	64037	120419	18	86f29beb3c88012dc515c10838abb239cdcab0efd58cafb491776d93f9bff9ac	1	25	1	1	0	true	false	0	0	true	0.00000000000000
9397	7655	-	64037	1741	18	86f29beb3c88012dc515c10838abb239cdcab0efd58cafb491776d93f9bff9ac	1	25	1	1	0	false	false	0	0	true	NA
9403	3267	+	59685	116103	16	37aaedecbd004fcca1ae61b34a561392293b8827dd3a0c5a6943923d6a486c4b	1	5	1	1	0	true	false	0	0	true	0.00000000000000
9403	3267	-	59685	6135	16	37aaedecbd004fcca1ae61b34a561392293b8827dd3a0c5a6943923d6a486c4b	1	5	1	1	0	false	false	0	0	true	NA
9403	6135	+	62553	118971	16	37aaedecbd004fcca1ae61b34a561392293b8827dd3a0c5a6943923d6a486c4b	1	5	1	1	0	true	false	0	0	true	0.00000000000000
9403	6135	-	62553	3267	16	37aaedecbd004fcca1ae61b34a561392293b8827dd3a0c5a6943923d6a486c4b	1	5	1	1	0	false	false	0	0	true	NA
9413	357	+	56835	113313	26	f22a8797d6328dc4ced577b79e22ce7eb9ee3affe640f8f102b969293aea149e	1	4625	37	37	1	true	false	0	0	true	0.200551848557929
9413	357	-	56835	9055	18	f8eafd3dba1a9422137f0d366cf6a0a6a00a2b9660b74ad42dc1e657f5a0e5c7	1	25	1	1	0	true	true	0	0	true	0.00000000000000
9413	9055	+	65533	122011	25	163bf2bcdd506fd7f6bfe873f739515c6e2458a30adf1d8b0d1ae06778a99b07	1	2125	1	1	0	true	false	0	0	true	0.00000000000000
9413	9055	-	65533	357	19	7ae5ecb4c0a1f7ff7ddc8e4c00a8115f2367cbdd144caaffda0639d25017ff56	1	55	11	11	1	false	false	0	0	true	NA
9419	33	+	56547	113061	25	af0f0f986c38dfc0f79f0c32b3446eb206057ffc564bbf16f45f2f2c4685b715	1	3125	1	1	0	true	false	0	0	true	0.00000000000000
9419	33	-	56547	9385	16	333af1ba440794ed2459ae5c1294684863ceda41ca93d3f6a94e55a4bd8bff7b	1	5	1	1	0	true	true	0	0	true	0.00000000000000
9419	9385	+	65899	122413	24	9554a913e289e7e65a997434155683e5a8ac841b2cc705a1f9ff8bfbc1ae032f	1	935	11	11	1	false	false	0	0	true	NA
9419	9385	-	65899	33	16	333af1ba440794ed2459ae5c1294684863ceda41ca93d3f6a94e55a4bd8bff7b	1	5	1	1	0	false	false	0	0	true	NA
9431	80	+	56666	113252	28	1eeecfb48a0a751a94507c81e34bd245964ef6da49a18d18edb595b3b75e4815	1	15625	1	1	0	true	false	0	0	true	0.00000000000000
9431	80	-	56666	9350	14	f9a34bf5caa4557348da5c06371a1b8714083e4c5a1830f9175652521e253b79	1	1	1	1	0	true	true	0	0	true	0.00000000000000
9431	9350	+	65936	122522	28	b59598f966fa49140362b6b6db675d303d17e765eb3d40217db216202c733666	1	25925	61	61	1	true	false	0	0	true	0.224620817421704
9431	9350	-	65936	80	18	1724971715fb4bcaaa545e4de4d9084be2418721da5a259c04a3310d86986d43	1	25	1	1	0	false	false	0	0	true	NA
9461	2833	+	59599	116365	21	fa8cfe6989c1e21a9467c4a71698de6136d9b7fc6ddba4f4a968cceeaf2fb4e7	1	125	1	1	0	true	false	0	0	true	0.00000000000000
9461	2833	-	59599	6627	16	0c9fb666bea78fcc31d06a7165b667f7d85ce1ffc5edbd281d57a40559a4255b	1	5	1	1	0	false	false	0	0	true	NA
9461	3589	+	60355	117121	25	232950ac5f3bff450d445e77c9dd92f73ed36b0eba93e8ab6275e4d0119c7397	1	2375	19	19	1	true	false	0	0	true	0.162457392830249
9461	3589	-	60355	5871	21	fa8cfe6989c1e21a9467c4a71698de6136d9b7fc6ddba4f4a968cceeaf2fb4e7	1	125	1	1	0	false	false	0	0	true	NA
9461	5871	+	62637	119403	27	47e1f0f9f98172eff153a9001cb4314ed5d8404c17098c273af2f4aebe75e1a3	1	8405	1681	41^2	1	true	false	0	0	true	0.408106344906530
9461	5871	-	62637	3589	16	0c9fb666bea78fcc31d06a7165b667f7d85ce1ffc5edbd281d57a40559a4255b	1	5	1	1	0	false	false	0	0	true	NA
9461	6627	+	63393	120159	21	fa8cfe6989c1e21a9467c4a71698de6136d9b7fc6ddba4f4a968cceeaf2fb4e7	1	125	1	1	0	true	false	0	0	true	0.00000000000000
9461	6627	-	63393	2833	21	fa8cfe6989c1e21a9467c4a71698de6136d9b7fc6ddba4f4a968cceeaf2fb4e7	1	125	1	1	0	false	false	0	0	true	NA
9463	3060	+	59838	116616	33	41aa6a3a9e927d27b143eff4e4a3fbdf9733a5e13447420a76823a9ccd43cea5	1	584375	11	11	1	true	false	0	0	true	0.132404238285274
9463	3060	-	59838	6402	18	0221191d93855ebdc86dcea4bb8290bd0472c871db197195699f0bb27bc60e2c	1	25	1	1	0	false	false	0	0	true	NA
9463	6402	+	63180	119958	23	da772d6b58873576a35704f40228893415684528387976cc884b519d51cc9bd1	1	625	1	1	0	true	false	0	0	true	0.00000000000000
9463	6402	-	63180	3060	14	58fc0408c28872f975ca4ccee07d3cac15cc96c7fd598b7307423e88c119debc	1	1	1	1	0	false	false	0	0	true	NA
9521	4506	+	61632	118758	27	38a2ebe99ef30d8b1391b7d74d36a8d4780696f5bb79e1c49445a379a9dbc9fd	1	11875	19	19	1	true	false	0	0	true	0.162079766486424
9521	4506	-	61632	5014	18	5ea9f8c7f20233681f1da5baae2a6336f10fb5450a9cd3f54178d23bfa828a3b	1	25	1	1	0	false	false	0	0	true	NA
9521	5014	+	62140	119266	18	5ea9f8c7f20233681f1da5baae2a6336f10fb5450a9cd3f54178d23bfa828a3b	1	25	1	1	0	true	false	0	0	true	0.00000000000000
9521	5014	-	62140	4506	18	5ea9f8c7f20233681f1da5baae2a6336f10fb5450a9cd3f54178d23bfa828a3b	1	25	1	1	0	false	false	0	0	true	NA
9539	1463	+	58697	115931	21	340269a1a4e1918c480ecd26d2dd7cf15d23e71922c76305c29910a7d0f17f3e	1	125	1	1	0	true	false	0	0	true	0.00000000000000
9539	1463	-	58697	8075	16	842839855c10b03f13a8067206749ee97f74c8a374cae7ff49a60e025c65964b	1	5	1	1	0	false	false	0	0	true	NA
9539	8075	+	65309	122543	18	53d8919f23afb90c3cf60e1819a6a9ce900d5783a16f583ee98d27f626a4e255	1	25	1	1	0	true	false	0	0	true	0.00000000000000
9539	8075	-	65309	1463	18	53d8919f23afb90c3cf60e1819a6a9ce900d5783a16f583ee98d27f626a4e255	1	25	1	1	0	false	false	0	0	true	NA
9601	481	+	58087	115693	21	6b171ccc513152bb25864edaa7d1041c0b040df473303df023cf5f89307c3635	1	125	1	1	0	true	false	0	0	true	0.00000000000000
9601	481	-	58087	9119	16	044d29d5897365950d1b09e1a1923e000c40c2e4812b7a435d60e9a5ed4095ea	1	5	1	1	0	true	true	0	0	true	0.00000000000000
9601	9119	+	66725	124331	25	7290575e97248c63996ec8535b03e62b7725bfdb054c55654a38b9cea800d348	1	2125	1	1	0	true	false	0	0	true	0.00000000000000
9601	9119	-	66725	481	27	be74ca5c05474b8a55c8f3b9ee9bc806ac08950e81eaf78f0b0783f8ffea3edc	1	7375	59	59	1	false	false	0	0	true	NA
9613	131	+	57809	115487	23	d295ecab28b45a04fb382238f9d29c52a28b6b59753d750fc1eca34b0e9c608d	1	625	1	1	0	true	false	0	0	true	0.00000000000000
9613	131	-	57809	9481	25	5a0c43d510be1fe23e19f599c39aa5372eef5d8b69aef9a2ef5d624d4e235e4b	1	2125	17	17	1	true	true	0	0	true	0.157059694991888
9613	9481	+	67159	124837	24	3b9bc32b7159dbc05f3b90916095872b7fb4f6db7eebb61c4bc12104cea6e8bd	1	1375	11	11	1	true	false	0	0	true	0.130752125438031
9613	9481	-	67159	131	21	ba3e6afabd128814c7cc60eea40d7920c5b893c61b8928455bca9db8a4733c80	1	125	1	1	0	false	false	0	0	true	NA
9623	4612	+	62350	120088	24	835a15790403603e2a3686ecfd143f1573473ece53056389841ae76587d80d56	1	1025	41	41	1	true	false	0	0	true	0.204123453954168
9623	4612	-	62350	5010	18	a33397069c0fb4ce26cf3f67db353d456e2f24d3ae328430add398cded36fbf6	1	25	1	1	0	false	false	0	0	true	NA
9623	5010	+	62748	120486	23	d7ed1d4c27af5780136a4e909fa4a4680cda67544e07725e491c4ef7c16858de	1	475	19	19	1	true	false	0	0	true	0.161755174782855
9623	5010	-	62748	4612	18	a33397069c0fb4ce26cf3f67db353d456e2f24d3ae328430add398cded36fbf6	1	25	1	1	0	false	false	0	0	true	NA
9631	4055	+	61841	119627	23	d3ff2448c566462b84358773b973876d630dbed49b72e4e1b71fbe34cbd57e26	1	625	1	1	0	true	false	0	0	true	0.00000000000000
9631	4055	-	61841	5575	21	45b191373e1c48910ef6972f8857a42f1cb61be49b0d2770a790351d91312368	1	125	1	1	0	false	false	0	0	true	NA
9631	5575	+	63361	121147	23	d3ff2448c566462b84358773b973876d630dbed49b72e4e1b71fbe34cbd57e26	1	625	1	1	0	true	false	0	0	true	0.00000000000000
9631	5575	-	63361	4055	23	d3ff2448c566462b84358773b973876d630dbed49b72e4e1b71fbe34cbd57e26	1	625	1	1	0	false	false	0	0	true	NA
9643	1044	+	58902	116760	29	c469544d822be83b15718a7b6a602ab79ebee2332287a79d92f557e577ac42d2	1	40375	19	19	1	true	false	0	0	true	0.162887736731311
9643	1044	-	58902	8598	31	680942844aa9a6006525441275c18ccb0c4f9b240129fae60e96bab057728ab7	1	201875	323	17*19	2	true	false	0	0	true	0.319622419486026
9643	8598	+	66456	124314	22	54f0b6ecb264fae3a575082c14beee4aedcc829024317cd151b15e248116a908	1	275	11	11	1	true	false	0	0	true	0.130907612114754
9643	8598	-	66456	1044	31	d365b85bc99831a1b14165a962f3bdaed3a2db11516d26ba8d0d9a235f222da6	1	180625	289	17^2	1	false	false	0	0	true	NA
9677	1932	+	59994	118056	18	d0878dc27f08649ab2b53b04b95e20c856cadf7388c4323872c2f63701bcd7f2	1	25	1	1	0	true	false	0	0	true	0.00000000000000
9677	1932	-	59994	7744	27	588e3f543bb42a1d36fcaae97e681bb5b281fd1dc19ee34f44a407640c452202	1	8075	323	17*19	2	false	false	0	0	true	NA
9677	7744	+	65806	123868	31	5adaa595b42bd551d40bd1378a0899dd799e1535dc649c8e66a40a154bd2466e	1	116875	11	11	1	true	false	0	0	true	0.131049943655198
9677	7744	-	65806	1932	25	35ac7b2115546a70318f006e7b2c12156791d3d2d14153d42c0d97ef925a4dc0	1	3125	1	1	0	false	false	0	0	true	NA
9679	2378	+	60452	118526	23	bfd36492d70749b25396d439b86e3970cfecd13606b998ff2d125abb835c1f42	1	625	1	1	0	true	false	0	0	true	0.00000000000000
9679	2378	-	60452	7300	21	a521f6d14dd9e113a2d9c351f8a0c046c6791778b5e8bc125cae59214d7d5e65	1	125	1	1	0	false	false	0	0	true	NA
9679	3617	+	61691	119765	32	30d3b1a851cac779774d47c1f6a2cef8d7d00f97d4f1d7b00e2600d9a4efa2b1	1	296875	19	19	1	true	false	0	0	true	0.162055473691315
9679	3617	-	61691	6061	23	bfd36492d70749b25396d439b86e3970cfecd13606b998ff2d125abb835c1f42	1	625	1	1	0	false	false	0	0	true	NA
9679	6061	+	64135	122209	27	d5b7282a071b0b89e53a12cb33081ace24ee429117c1bd2be40b52c318984d05	1	8075	19	19	1	true	false	0	0	true	0.161356457302307
9679	6061	-	64135	3617	27	d5b7282a071b0b89e53a12cb33081ace24ee429117c1bd2be40b52c318984d05	1	8075	323	17*19	2	false	false	0	0	true	NA
9679	7300	+	65374	123448	14	b963eda8c0f7d3739e04b4db5de35e9eadc56415e210677a583c69ae06931027	1	1	1	1	0	true	false	0	0	true	0.00000000000000
9679	7300	-	65374	2378	18	2b9088d26e94a59a554c8436ea95049e8a0f0962d9ca8ccf4bb817a54bed6a02	1	17	17	17	1	false	false	0	0	true	NA
9721	290	+	58616	116942	21	1f8c14c8ddd309ee89e1c0b21a751b24676a6ee44702ad13e533335323c7236a	1	125	1	1	0	true	false	0	0	true	0.00000000000000
9721	290	-	58616	9430	29	65d0e258bf167d1cf8d304a758d20abe183157dca4ca17d49425b138ac8484b5	1	36875	59	59	1	true	true	0	0	true	0.225696158099870
9721	9430	+	67756	126082	23	1fd3f7b58289bcdf1effce2ae0962003bbf7fe283aa4f7cc2069243de73fcc75	1	625	1	1	0	true	false	0	0	true	0.00000000000000
9721	9430	-	67756	290	21	1f8c14c8ddd309ee89e1c0b21a751b24676a6ee44702ad13e533335323c7236a	1	125	1	1	0	false	false	0	0	true	NA
9733	2640	+	61038	119436	33	bf68abf3b2305d6536b49938f8cac018c3eb04747ddbf86fd2c8b3564c423ad6	1	640625	41	41	1	true	false	0	0	true	0.204612746905462
9733	2640	-	61038	7092	29	25772f2f83aa2b0bbc1f9eb1dc1e0d60e9e2c20baee9ae6dd21f9dbcb408c8c1	1	53125	17	17	1	false	false	0	0	true	NA
9733	7092	+	65490	123888	30	fc4a838d0607a7db67cb2bcc4946a09b0166b592fcc00ce5531dfe9252b081a8	1	88825	209	11*19	2	true	false	0	0	true	0.292078465758150
9733	7092	-	65490	2640	18	2eee5940c26e47d7aa8a1b759a6c30ae1334a7e0647c8b0a60423fc21feb21b8	1	25	1	1	0	false	false	0	0	true	NA
9767	4239	+	62841	121443	27	d3d071ef5bae74367abfb992ce854a8d6a1ace16ad6e4e02a8f015f3a1672a43	1	10625	1	1	0	true	false	0	0	true	0.00000000000000
9767	4239	-	62841	5527	21	9d41332d013217291734b952e881963b5f30f9a1209f6d776389c420e2948604	1	125	1	1	0	false	false	0	0	true	NA
9767	5527	+	64129	122731	30	78008002ec3b51a5b5eb778cc6f1fc730aa110f5758c4d8ffd065454305762f1	1	56575	2263	31*73	2	true	false	0	0	true	0.423302827526406
9767	5527	-	64129	4239	18	1b2bd0980c4e9d5a5a4f78d6f487e9bb684842f0504963ae7b48c139515dd38a	1	25	1	1	0	false	false	0	0	true	NA
9781	4744	+	63430	122116	21	2ca2f9e52b102b42dea9563ba3ef8138df8bbd6ddd73c7997d6bbdb61129fada	1	125	1	1	0	true	false	0	0	true	0.00000000000000
9781	4744	-	63430	5036	21	2ca2f9e52b102b42dea9563ba3ef8138df8bbd6ddd73c7997d6bbdb61129fada	1	125	1	1	0	false	false	0	0	true	NA
9781	5036	+	63722	122408	18	7e54981cf4d4934885a7c22d81d928aed3050189577bd23e817b55ed6732066a	1	25	1	1	0	true	false	0	0	true	0.00000000000000
9781	5036	-	63722	4744	18	7e54981cf4d4934885a7c22d81d928aed3050189577bd23e817b55ed6732066a	1	25	1	1	0	false	false	0	0	true	NA
9787	2646	+	61368	120090	27	311c028650524fc417a419be380bae32342858f22eef390782048655e3996d85	1	11875	19	19	1	true	false	0	0	true	0.162136607085343
9787	2646	-	61368	7140	23	7a3be267ea0f0e7bc6821c6321aedb88b49d3e026e6b3877e65aa77c805bbffd	1	625	1	1	0	false	false	0	0	true	NA
9787	2848	+	61570	120292	23	174ee5a78087a39f2c623f472f50cc455d945c16fe2296409489658cef0a99b7	1	475	19	19	1	true	false	0	0	true	0.162087873061358
9787	2848	-	61570	6938	18	8e1c711a9bd291937b193337f07a8d52c752f3810877335ea3b0fdf94ad3f759	1	25	1	1	0	false	false	0	0	true	NA
9787	3101	+	61823	120545	21	cb37b644d1ada1ca289e17b9340c901e50d7587e43fb5c52e0c5225143cdd172	1	125	1	1	0	true	false	0	0	true	0.00000000000000
9787	3101	-	61823	6685	16	8f23abb095c15bbca6a42182445acfbc804727d9b103ce34ce6df40959852b10	1	5	1	1	0	false	false	0	0	true	NA
9787	6685	+	65407	124129	24	b6529f9512a349c97b65b8294495edc1e96ac7ebafeba66c59d8b33377635cad	1	1375	11	11	1	true	false	0	0	true	0.131132495029714
9787	6685	-	65407	3101	20	2713a083c35e588378c3c08cbcd7fc9070c928ea31bb86d3d6f82aaabe7355dc	1	95	19	19	1	false	false	0	0	true	NA
9787	6938	+	65660	124382	26	4bb1500317103497c656abf0aa982c69250e2876af2ef43f334a9a9a991e2628	1	5225	209	11*19	2	true	false	0	0	true	0.292010392300635
9787	6938	-	65660	2848	22	303df52e39a4960a2035f49493de732e5d8e37eeb9d2fc4c039b4a676c008699	1	275	11	11	1	false	false	0	0	true	NA
9787	7140	+	65862	124584	22	303df52e39a4960a2035f49493de732e5d8e37eeb9d2fc4c039b4a676c008699	1	275	11	11	1	true	false	0	0	true	0.131034719761630
9787	7140	-	65862	2646	18	8e1c711a9bd291937b193337f07a8d52c752f3810877335ea3b0fdf94ad3f759	1	25	1	1	0	false	false	0	0	true	NA
9791	979	+	59725	118471	16	fa41f369d599374da8f9f8cb76801945abf95aec88c552438a1b9661ee3011a0	1	5	1	1	0	true	false	0	0	true	0.00000000000000
9791	979	-	59725	8811	16	fa41f369d599374da8f9f8cb76801945abf95aec88c552438a1b9661ee3011a0	1	5	1	1	0	true	false	0	0	true	0.00000000000000
9791	8811	+	67557	126303	21	a208f3524729f23f09d1289603222039ef391e96d427ba9623bccb01719983f5	1	125	1	1	0	true	false	0	0	true	0.00000000000000
9791	8811	-	67557	979	20	9064789d459f344320ad4504ba0424a1102a8da5ef4292f70d9a7a3206fb1422	1	85	17	17	1	false	false	0	0	true	NA
9851	961	+	60067	119173	27	ca840ecd50491d60b9ece159bdfd5e81f06d4b61a21c485a09814c0a8e0f4263	1	10625	1	1	0	true	false	0	0	true	0.00000000000000
9851	961	-	60067	8889	20	148a9748bb2add9e2090639c4e0da05a0c138413844a13d02f6ed86de312a3bd	1	85	17	17	1	true	false	0	0	true	0.156372702292216
9851	1078	+	60184	119290	30	fc5166ce3b5216acb98553af8cae99bdab7dcd9a43954e84d5032de21c68eddb	1	59375	19	19	1	true	false	0	0	true	0.162507373022234
9851	1078	-	60184	8772	14	4b8b22a314c0414395c05f6a6718ebd1029201ef29b2a522aacfc05ceab2acf8	1	1	1	1	0	true	false	0	0	true	0.00000000000000
9851	8772	+	67878	126984	28	1e0dc994096add8b3d44f81e41c55c1886d9298375adad583ca4a112a9cea1c8	1	19375	31	31	1	true	false	0	0	true	0.187045064027703
9851	8772	-	67878	1078	31	0fc071dd4e9664b7efb283579048159d0335dee332dcbd29245f6d8f32ebade4	1	180625	289	17^2	1	false	false	0	0	true	NA
9851	8889	+	67995	127101	30	38be6a2621efde8bbb93ee10333fa309afa30a2a0965e97b30ceacece4a7be02	1	65875	31	31	1	true	false	0	0	true	0.186998899358869
9851	8889	-	67995	961	25	92e086f38c983658ad99e9c19e78aaea4d4b8be2dddbcbc03679ff6f04243d1c	1	2125	17	17	1	false	false	0	0	true	NA
9857	1663	+	60805	119947	28	abe6da4668633f1101ddd71efd7c52a0f3f6915c7b5ee0065576e3565dd18aa4	1	19375	31	31	1	true	false	0	0	true	0.189308597248668
9857	1663	-	60805	8193	30	b1d1338f090fd9e02aa121892687ff69708b032db13c7054e6bffedbd249c00f	1	96875	31	31	1	false	false	0	0	true	NA
9857	8193	+	67335	126477	23	99047145915c6826e2833c726fe74b68826b09101572ff7c41e0f289c9f50e67	1	625	1	1	0	true	false	0	0	true	0.00000000000000
9857	8193	-	67335	1663	28	abe6da4668633f1101ddd71efd7c52a0f3f6915c7b5ee0065576e3565dd18aa4	1	19375	31	31	1	false	false	0	0	true	NA
9859	1638	+	60792	119946	31	63b0a0ad46fef0924bc7e21b1685ca47df0c3fa145c096c131f9d8b39c972c65	1	128125	41	41	1	true	false	0	0	true	0.204721531230933
9859	1638	-	60792	8220	26	9bb4e805c03eee9d46382a674cf3dff0e323116e3dfe5a6878baffa0a4a5cecd	1	3875	31	31	1	false	false	0	0	true	NA
9859	8220	+	67374	126528	25	9705894a703b6080cd1b541b366aa28ad6f022e714fb7248ee910beae2164ca2	1	2125	1	1	0	true	false	0	0	true	0.00000000000000
9859	8220	-	67374	1638	21	1e8dd13a3dc12f935f578cc7b3195aa63e5e974abf7a64352a591154a1a19443	1	125	1	1	0	false	false	0	0	true	NA
9887	235	+	59557	118879	23	173150872ef3d66318fe4cf9b9fba4e3b9f0cc5d6dbe9e04712bfc060e7b5af9	1	625	1	1	0	true	false	0	0	true	0.00000000000000
9887	235	-	59557	9651	23	173150872ef3d66318fe4cf9b9fba4e3b9f0cc5d6dbe9e04712bfc060e7b5af9	1	625	1	1	0	true	true	0	0	true	0.00000000000000
9887	9651	+	68973	128295	21	83760706269f315f3c1c8d7ba032b36f7541a09c43893bf3d63f8c106b1cc18d	1	125	1	1	0	true	false	0	0	true	0.00000000000000
9887	9651	-	68973	235	16	4b06d435d0a72653ba5378a6372cf88194277ac0bdad7fe0a0d599c92ca1d38c	1	5	1	1	0	false	false	0	0	true	NA
9907	1107	+	60549	119991	21	332f66447ad0d4754fb495e88ff69a6fefbdd665e57a24b48cdb218caaf5326d	1	125	1	1	0	true	false	0	0	true	0.00000000000000
9907	1107	-	60549	8799	16	5d33b2f627423c294f1114296967d6239c4701358c4605333f66164df4503f42	1	5	1	1	0	true	false	0	0	true	0.00000000000000
9907	8799	+	68241	127683	29	1686a0dd206771d64d4f6e68094456c844285b7877493c1d9636bbe2eb284e82	1	36125	1	1	0	true	false	0	0	true	0.00000000000000
9907	8799	-	68241	1107	29	1686a0dd206771d64d4f6e68094456c844285b7877493c1d9636bbe2eb284e82	1	36125	289	17^2	1	false	false	0	0	true	NA
9929	370	+	59944	119518	30	f8e11e23746c253212a82f3029f7dc4a7a5d3667ba3ac7d414733179560e401e	1	59375	19	19	1	true	false	0	0	true	0.162561710761293
9929	370	-	59944	9558	25	64edfc9e5fd1a5cf0c0572a691ddd84c0681d7cc6b8d1896a7e5f7788c4b1c21	1	3125	1	1	0	true	true	0	0	true	0.00000000000000
9929	9558	+	69132	128706	27	813d6e492777a09aeda82c020b878eba54e4c360ee90bfb9f7815d64b62eeb88	1	8075	19	19	1	true	false	0	0	true	0.160048710546900
9929	9558	-	69132	370	18	5f87922ec737bd9db80192c83f27f36e7c6758de0217ca41620d23de0b1b023a	1	17	17	17	1	false	false	0	0	true	NA
9949	2733	+	62427	122121	16	de0ace148e4c23a7128f14c7cdcc729ef2406852af56610ae12db09efdbcef8a	1	5	1	1	0	true	false	0	0	true	0.00000000000000
9949	2733	-	62427	7215	16	de0ace148e4c23a7128f14c7cdcc729ef2406852af56610ae12db09efdbcef8a	1	5	1	1	0	false	false	0	0	true	NA
9949	7215	+	66909	126603	29	24135bdee1bb0a6972f0b8b8e2838b8a9cc6a2c47b68430db47ea9097a8cbf65	1	40375	19	19	1	true	false	0	0	true	0.160579544944941
9949	7215	-	66909	2733	29	24135bdee1bb0a6972f0b8b8e2838b8a9cc6a2c47b68430db47ea9097a8cbf65	1	40375	323	17*19	2	false	false	0	0	true	NA
10007	3943	+	63985	124027	23	5c93ec78ca1df8486b3ae1d16285a6ea6a132a7deb3f66ed1a0eb47b8bc24150	1	625	1	1	0	true	false	0	0	true	0.00000000000000
10007	3943	-	63985	6063	27	3cb5dd34bfe940f67df94d1a5b2936ed5ed03bfa38e69a7c2faae8be589c60c6	1	10625	17	17	1	false	false	0	0	true	NA
10007	6063	+	66105	126147	24	3ab18576d697e326dc3222efd7ff2bc0a53c4d1cfd6b376ba1a707abc0938da4	1	1375	11	11	1	true	false	0	0	true	0.130961918414563
10007	6063	-	66105	3943	28	b7e24415ed5cf428c2e968c367f1116de7a1507b0edb8d91ba3db49d0f82a626	1	23375	187	11*17	2	false	false	0	0	true	NA
10037	3813	+	64035	124257	18	5324563c614cd65c5a8ea303c734097fd22423ea4a0014fc7dad646943774ffd	1	25	1	1	0	true	false	0	0	true	0.00000000000000
10037	3813	-	64035	6223	18	5324563c614cd65c5a8ea303c734097fd22423ea4a0014fc7dad646943774ffd	1	25	1	1	0	false	false	0	0	true	NA
10037	6223	+	66445	126667	37	aa682a129489f880f6b390e378c5eea5b6d6581beff92ef6830512c59d0bf572	1	10928875	5143	37*139	2	true	false	0	0	true	0.466516137633399
10037	6223	-	66445	3813	28	3437fb37bf193f9e9f7fbe647b1246729cb717a74cd206c66293d79ac935d6d5	1	23375	187	11*17	2	false	false	0	0	true	NA
10039	1402	+	61636	121870	21	beea1330b740fbd745d224489e203123399719a33638505ac8550114428d2f5d	1	125	1	1	0	true	false	0	0	true	0.00000000000000
10039	1402	-	61636	8636	35	a437fa5d8e63fa1615181175bc59f8dba2e2da39bf239c3ae4fb1e674c067291	1	1840625	589	19*31	2	false	false	0	0	true	NA
10039	8636	+	68870	129104	14	a8e5495764c5273c4ecb0419409122eb24989a5b9c8862864ac86e14ff7083dc	1	1	1	1	0	true	false	0	0	true	0.00000000000000
10039	8636	-	68870	1402	14	a8e5495764c5273c4ecb0419409122eb24989a5b9c8862864ac86e14ff7083dc	1	1	1	1	0	false	false	0	0	true	NA
10067	431	+	60833	121235	23	7521174732262d2d2d3c3e23127ec64b10768061a970de427a3be0e25e619888	1	625	1	1	0	true	false	0	0	true	0.00000000000000
10067	431	-	60833	9635	21	9496b99b435600eda008cac3f13638985b41cd03b7e86202367536cfe22ec4aa	1	205	41	41	1	true	true	0	0	true	0.204711143196197
10067	2811	+	63213	123615	23	7521174732262d2d2d3c3e23127ec64b10768061a970de427a3be0e25e619888	1	625	1	1	0	true	false	0	0	true	0.00000000000000
10067	2811	-	63213	7255	27	e55964bd29f0571773419182b772b89985d8d0a62c1e18f77a242dcc512ceea4	1	6875	11	11	1	false	false	0	0	true	NA
10067	7255	+	67657	128059	23	7521174732262d2d2d3c3e23127ec64b10768061a970de427a3be0e25e619888	1	625	1	1	0	true	false	0	0	true	0.00000000000000
10067	7255	-	67657	2811	18	d6a910699abb26dff8d1a979309f09e5d24c12cea22f6ac0190218787e83cdd8	1	25	1	1	0	false	false	0	0	true	NA
10067	9635	+	70037	130439	21	788d8e237134a72416a02c7eaf4cd3e45c70228a1902d71ceaf9e6e2f807e44d	1	155	31	31	1	true	false	0	0	true	0.186406049539698
10067	9635	-	70037	431	16	331f5e74d72fe8b00587da678a9f4816b84bd88e8e0f188eb28b9020b8966336	1	5	1	1	0	false	false	0	0	true	NA
10069	1014	+	61428	121842	23	8fc4be4cc47be560a5fee9cb2fe7ebb79f41576d10c2d93325045bba8f1412e0	1	625	1	1	0	true	false	0	0	true	0.00000000000000
10069	1014	-	61428	9054	18	93cc4a91b05189d30f3302f325179e26da9d87893b37d8d7e8a3501a446c2dd6	1	19	19	19	1	true	false	0	0	true	0.162136607085343
10069	9054	+	69468	129882	23	8fc4be4cc47be560a5fee9cb2fe7ebb79f41576d10c2d93325045bba8f1412e0	1	625	1	1	0	true	false	0	0	true	0.00000000000000
10069	9054	-	69468	1014	23	5d35c4d3a1c4c9aa58d7fc458689b9433bd58c20b5df1ff9e6abf75d46ac1e1a	1	775	31	31	1	false	false	0	0	true	NA
10091	851	+	61397	121943	21	3441f57bd2f1b773031e0b51677e1427e9fdc034e6b8bd2b5d1866f5f32a2567	1	125	1	1	0	true	false	0	0	true	0.00000000000000
10091	851	-	61397	9239	16	55aab8147c234ea0e98d8287279278b2a8992e69925c6c819e9b85633e0d924c	1	5	1	1	0	true	false	0	0	true	0.00000000000000
10091	4470	+	65016	125562	18	bb0d258a8514d406b64bd7fce3f5217fe129d6a2b62249dcbc5c2b9d4d24a2f8	1	25	1	1	0	true	false	0	0	true	0.00000000000000
10091	4470	-	65016	5620	18	bb0d258a8514d406b64bd7fce3f5217fe129d6a2b62249dcbc5c2b9d4d24a2f8	1	25	1	1	0	false	false	0	0	true	NA
10091	5620	+	66166	126712	27	6b55fedf2f18a3a43e8e4053c6e3d6c88dd3fa2d7ab4d9e9ab43b7b65a27cd8b	1	10625	1	1	0	true	false	0	0	true	0.00000000000000
10091	5620	-	66166	4470	18	bb0d258a8514d406b64bd7fce3f5217fe129d6a2b62249dcbc5c2b9d4d24a2f8	1	25	1	1	0	false	false	0	0	true	NA
10091	9239	+	69785	130331	32	69695d99f200ee8c71c5a0383b83b6973d0e722dc7d6655a40cff57921780186	1	296875	19	19	1	true	false	0	0	true	0.159891135400807
10091	9239	-	69785	851	21	3441f57bd2f1b773031e0b51677e1427e9fdc034e6b8bd2b5d1866f5f32a2567	1	125	1	1	0	false	false	0	0	true	NA
10093	629	+	61187	121745	20	c8e464aac61f51739374419299b576addea0ad2afa2df46194e6d064597b307b	1	55	11	11	1	true	false	0	0	true	0.132094102266432
10093	629	-	61187	9463	16	a512aa99fa0f0d0d60fbd746217d39a40e9d948e0528e2ceeb27ae0b7ebc4797	1	5	1	1	0	true	true	0	0	true	0.00000000000000
10093	9463	+	70021	130579	16	a512aa99fa0f0d0d60fbd746217d39a40e9d948e0528e2ceeb27ae0b7ebc4797	1	5	1	1	0	true	false	0	0	true	0.00000000000000
10093	9463	-	70021	629	21	15a09b6c41d4590f830fada9b75eb1accebeb8ff7253f11c0fa60e8f9fd318ba	1	185	37	37	1	false	false	0	0	true	NA
10133	4145	+	64943	125741	23	683df7bc3eab42a4499f3bbc95cf4d27061cc4834e773f535fbc31949af4c888	1	625	1	1	0	true	false	0	0	true	0.00000000000000
10133	4145	-	64943	5987	24	803797202492ee3b45c5fe637bae7fd48c572dd69e3a6ca0eb970d39fbe4945b	1	1445	289	17^2	1	false	false	0	0	true	NA
10133	5987	+	66785	127583	21	539266b54f1c789f06a573883af4a8c7dee8a4192ebf6a061fae739636adb2f0	1	125	1	1	0	true	false	0	0	true	0.00000000000000
10133	5987	-	66785	4145	21	539266b54f1c789f06a573883af4a8c7dee8a4192ebf6a061fae739636adb2f0	1	125	1	1	0	false	false	0	0	true	NA
10159	4242	+	65196	126150	18	d4f5c6e6481392dd473c964c248f993eb16bdb36284b237c46b1d1be835d0d78	1	25	1	1	0	true	false	0	0	true	0.00000000000000
10159	4242	-	65196	5916	23	4d1ac8264ddf2fb8f3241c72b1026d8d9543fe80dc9944a245c75c7b0207cb4e	1	425	17	17	1	false	false	0	0	true	NA
10159	4637	+	65591	126545	31	289698ddef90fffe4f2675e8c849a33af532716256d4afa04fad697b10a22e7b	1	140125	1121	19*59	2	true	false	0	0	true	0.383908606895293
10159	4637	-	65591	5521	25	a3b2bad6bbec505e22a636dcd1c73b6e8b0e75c068243136aa95ed9ac68a6646	1	2125	17	17	1	false	false	0	0	true	NA
10159	5521	+	66475	127429	24	7a7db6056ff6baab6a7baa4e4ca58caaffc26d1a66d089ee74ee597f543b6d58	1	1375	11	11	1	true	false	0	0	true	0.130907612114754
10159	5521	-	66475	4637	24	8b1d2732e6c7284ee47509213141998042c6227d8897f5b44eac4d4ef95115d9	1	935	187	11*17	2	false	false	0	0	true	NA
10159	5916	+	66870	127824	18	d4f5c6e6481392dd473c964c248f993eb16bdb36284b237c46b1d1be835d0d78	1	25	1	1	0	true	false	0	0	true	0.00000000000000
10159	5916	-	66870	4242	18	d4f5c6e6481392dd473c964c248f993eb16bdb36284b237c46b1d1be835d0d78	1	25	1	1	0	false	false	0	0	true	NA
10177	2617	+	63679	124741	26	aa8985511214fe8d98e371fe3c3cb7d38b1faeed64bc16bfb8da3164ec4f76eb	1	3515	703	19*37	2	true	false	0	0	true	0.359538093550937
10177	2617	-	63679	7559	27	121e82d334910e518b8de79d95eb38b6d84b5caa8fa7e5f2b8048532e1a70f8d	1	11285	2257	37*61	2	false	false	0	0	true	NA
10177	7559	+	68621	129683	25	8584773a904da3900d45d071b0357c758538ca7d0c79e4001bad138c9e6b2cea	1	2375	19	19	1	true	false	0	0	true	0.160176033776423
10177	7559	-	68621	2617	16	d6c80e867d2dae70c8bd12b7bce55b3eea5e5d2a800ef9acbe7534b7c95da9b5	1	5	1	1	0	false	false	0	0	true	NA
10211	735	+	62001	123267	21	ddf8f9e6df66f41bb240d52faa85b1b2da1b6140faeb4c7f2ec53a4f6e5d1932	1	125	1	1	0	true	false	0	0	true	0.00000000000000
10211	735	-	62001	9475	16	9abcd8a30ffdc304589f9624ad86c58b6b1e6a17ebeb3658ee0a93b1061efb99	1	5	1	1	0	true	false	0	0	true	0.00000000000000
10211	9475	+	70741	132007	32	9a8257950dadc1cb6737f91a8ca5b4a5221916569f40d559d6ad54b74302111b	1	265625	1	1	0	true	false	0	0	true	0.00000000000000
10211	9475	-	70741	735	16	9abcd8a30ffdc304589f9624ad86c58b6b1e6a17ebeb3658ee0a93b1061efb99	1	5	1	1	0	false	false	0	0	true	NA
10223	2884	+	64222	125560	18	54ba8c6b1879f0cff42fcaee252f6eb370ec98b5ee6a10821fd8fd25f906aac4	1	25	1	1	0	true	false	0	0	true	0.00000000000000
10223	2884	-	64222	7338	21	f918b1e46dd29dec15dbaf513b370ddc7613047571793301c74a83e5dc684609	1	125	1	1	0	false	false	0	0	true	NA
10223	7338	+	68676	130014	18	54ba8c6b1879f0cff42fcaee252f6eb370ec98b5ee6a10821fd8fd25f906aac4	1	25	1	1	0	true	false	0	0	true	0.00000000000000
10223	7338	-	68676	2884	18	54ba8c6b1879f0cff42fcaee252f6eb370ec98b5ee6a10821fd8fd25f906aac4	1	25	1	1	0	false	false	0	0	true	NA
10267	2083	+	63685	125287	21	1c116db8ba4a31195dd148e2dc302e1f7e73ee32159e20739c720112b369e5ab	1	185	37	37	1	true	false	0	0	true	0.198046050536608
10267	2083	-	63685	8183	21	252d0e59d9ea6607bc44c0db4c4161312d068e59d9d498398faf6be30a10a8d8	1	155	31	31	1	false	false	0	0	true	NA
10267	8183	+	69785	131387	21	501c435e07105d3d29594193ca9d4b085d2d6c66afd53ac8b0628e32a88fb310	1	125	1	1	0	true	false	0	0	true	0.00000000000000
10267	8183	-	69785	2083	30	f487476def38682083d68d7ba68605f0724ec5d736439430cdf64dc427409fa4	1	53125	17	17	1	false	false	0	0	true	NA
10271	3602	+	65228	126854	23	460057b5ee5d9148f0232b2c24786ffc63dac82bf90ab90e193bc41bb9b495f2	1	425	1	1	0	true	false	0	0	true	0.00000000000000
10271	3602	-	65228	6668	22	ece3d410b7fa533de5f731b452bdaba2fd2201b34ea8eba4e1e0c00d8b50feb6	1	275	11	11	1	false	false	0	0	true	NA
10271	6668	+	68294	129920	23	30a7dd3380a7548e234b55b1eb4831d91c7c613a457046e3ae29024d9ad140c1	1	625	1	1	0	true	false	0	0	true	0.00000000000000
10271	6668	-	68294	3602	18	bbb79d029c189770fbf38788bd21b1c8fc04cb1b6ea1009048943a3aecfa7e5f	1	25	1	1	0	false	false	0	0	true	NA
10289	4244	+	65978	127712	22	c7ee59e9d08a70bb077bba55ac15907419fa92ab9dc9d852b03dd28f0146345a	1	275	11	11	1	true	false	0	0	true	0.131007366354994
10289	4244	-	65978	6044	26	de6014697ef47889b70dc0efb998cc537212520fd4c85f5fb870db3a3325695c	1	4675	187	11*17	2	false	false	0	0	true	NA
10289	6044	+	67778	129512	25	cef57a5c7d6e244ca08b13823ea8c1e9d386c79399a6579c827e3c997325e514	1	3125	1	1	0	true	false	0	0	true	0.00000000000000
10289	6044	-	67778	4244	23	635c126d875b322021e92674b9aa239b60f2c6d3c26d36dc2745cb26185c5e62	1	625	1	1	0	false	false	0	0	true	NA
10313	1893	+	63771	125649	16	704394f1dde548c31ac6c28a1c911f4b5ddd6c3c8068ac492447fdf6de77196c	1	5	1	1	0	true	false	0	0	true	0.00000000000000
10313	1893	-	63771	8419	16	704394f1dde548c31ac6c28a1c911f4b5ddd6c3c8068ac492447fdf6de77196c	1	5	1	1	0	false	false	0	0	true	NA
10313	8419	+	70297	132175	18	8ebc9e24b45373384b265d949161a6122155dfaa6f61cf02893e87cb9be4242f	1	25	1	1	0	true	false	0	0	true	0.00000000000000
10313	8419	-	70297	1893	18	8ebc9e24b45373384b265d949161a6122155dfaa6f61cf02893e87cb9be4242f	1	25	1	1	0	false	false	0	0	true	NA
10321	2092	+	64018	125944	23	29d6fc821ca79b1e1128954c0ddeb58b0f44f7d4180843c92808787180109e42	1	425	1	1	0	true	false	0	0	true	0.00000000000000
10321	2092	-	64018	8228	18	6ce21cdc953a28e336bb0e735aa68b362f5e69b17933336ee840ee3e7a2b116b	1	25	1	1	0	false	false	0	0	true	NA
10321	8228	+	70154	132080	21	2d28934cdc901daa2c966a128959fe0390bf2e0f00bd39b1720e613388e8e58e	1	125	1	1	0	true	false	0	0	true	0.00000000000000
10321	8228	-	70154	2092	26	5bffd9419ae00983e2fa130b7c38b1f528502bda8459761fb5693956b219cca9	1	5125	41	41	1	false	false	0	0	true	NA
10331	4581	+	66567	128553	27	93af02dbd2e3094920b4cf13a0e68b0bbf5066dc22a4f6a581013b2b9e82b08e	1	10625	1	1	0	true	false	0	0	true	0.00000000000000
10331	4581	-	66567	5749	20	5fdb8682875712a85a96968fb9828ed1cffe24aed65bc8e732657cddb8df26bc	1	85	17	17	1	false	false	0	0	true	NA
10331	5749	+	67735	129721	21	4206f3b45cb383c7a24967344b222a76ad25e18b6ca1929f11a489ebb2ed27b1	1	125	1	1	0	true	false	0	0	true	0.00000000000000
10331	5749	-	67735	4581	21	4206f3b45cb383c7a24967344b222a76ad25e18b6ca1929f11a489ebb2ed27b1	1	125	1	1	0	false	false	0	0	true	NA
10333	799	+	62797	124795	25	cde11985dcbc4a8d37d691259c94fb79bee836bda2621fd977b76df71220d238	1	2125	1	1	0	true	false	0	0	true	0.00000000000000
10333	799	-	62797	9533	25	cde11985dcbc4a8d37d691259c94fb79bee836bda2621fd977b76df71220d238	1	2125	17	17	1	true	false	0	0	true	0.155587819290014
10333	9533	+	71531	133529	27	645ab6cae66848bb91f3ca649fb0ec905f37af95f81cf913ee033974a8499fb6	1	11875	19	19	1	true	false	0	0	true	0.159462353131244
10333	9533	-	71531	799	21	37934963892b94578b578d6e4f73048f491ca3786f0f105080f5b3abdd96a642	1	125	1	1	0	false	false	0	0	true	NA
10337	1219	+	63241	125263	21	b087f8cccfad24783701ecf0d41a53e6311cf5fe23eae8587608cff01596abae	1	125	1	1	0	true	false	0	0	true	0.00000000000000
10337	1219	-	63241	9117	16	5b7e2b2b6a538f76d5601c1cd25bf1dc1596032c7691262d568dc0215302416a	1	5	1	1	0	true	false	0	0	true	0.00000000000000
10337	9117	+	71139	133161	23	75b99a8608e15b21ceacde852e7abffb1db0caea57df028aff70c3db7c4fa3de	1	625	1	1	0	true	false	0	0	true	0.00000000000000
10337	9117	-	71139	1219	21	b087f8cccfad24783701ecf0d41a53e6311cf5fe23eae8587608cff01596abae	1	125	1	1	0	false	false	0	0	true	NA
10357	3886	+	66028	128170	23	33b98708712666e3ad11fdce69444705e0d6e6e4e342c0382d7e4f236a880a6c	1	625	1	1	0	true	false	0	0	true	0.00000000000000
10357	3886	-	66028	6470	22	9f174b63a0bf6de1756b52c3a5b6590a90f2e3d74f4e26d7c0cc3bd68519e277	1	275	11	11	1	false	false	0	0	true	NA
10357	6470	+	68612	130754	18	3d64f5820cc89e79dbd0767b5173b77e5b2b0f6a7adfa8999e20b04555747485	1	25	1	1	0	true	false	0	0	true	0.00000000000000
10357	6470	-	68612	3886	27	b0f044c50f06ebd585bbb3f67ea928c5ad796fd68760a11f62f278c168d29f28	1	8075	323	17*19	2	false	false	0	0	true	NA
10391	1819	+	64165	126511	32	9e76c690feba1129d9a8886f1055d632230f340113d4b0763f3c29a1370dd14c	1	228125	73	73	1	true	false	0	0	true	0.235118927755442
10391	1819	-	64165	8571	27	8111992ba3a371314de2e3705bda9c2546867172a1a4614a7352bbe6e64f894e	1	10625	17	17	1	false	false	0	0	true	NA
10391	2181	+	64527	126873	24	c48bc593f9e6715b363e390c57e629da1fba58806b1017d6212676db491850f5	1	1375	11	11	1	true	false	0	0	true	0.131330515778412
10391	2181	-	64527	8209	21	86ae7f840e9cdce2dd3bc1eee00b44a787603b0b1e27c6cb21dd704f2efbbec1	1	125	1	1	0	false	false	0	0	true	NA
10391	8209	+	70555	132901	18	6e69a6dd117a479b94c0a6fbd7860710f4a67e92d2643011333b69a72dd8c255	1	25	1	1	0	true	false	0	0	true	0.00000000000000
10391	8209	-	70555	2181	26	953aca01b28588404a59174ec9433c10f5e79ec7007c10d9f6e483d64fb40104	1	3775	151	151	1	false	false	0	0	true	NA
10391	8571	+	70917	133263	32	4cdb0607eff1ecc7072efcea501665a6caf09258e633bf2d4605268c83d4b8cd	1	296875	19	19	1	true	false	0	0	true	0.159615230369185
10391	8571	-	70917	1819	21	86ae7f840e9cdce2dd3bc1eee00b44a787603b0b1e27c6cb21dd704f2efbbec1	1	125	1	1	0	false	false	0	0	true	NA
10433	4804	+	67402	130000	23	8890b48cb22820475942ad463b94d1c0c1a41c21affa3e19389f773e13ceb458	1	775	31	31	1	true	false	0	0	true	0.187188565255218
10433	4804	-	67402	5628	22	7ee0644c7fe3d91c927ab4c7393b256dcb337bf9200d1b837a58755f011bcdf4	1	275	11	11	1	false	false	0	0	true	NA
10433	5628	+	68226	130824	18	3114acb5d6fb3d3e3ee7f0332e69c3d07f4c169c5c10a4996ed51ff763ad0475	1	25	1	1	0	true	false	0	0	true	0.00000000000000
10433	5628	-	68226	4804	18	3114acb5d6fb3d3e3ee7f0332e69c3d07f4c169c5c10a4996ed51ff763ad0475	1	25	1	1	0	false	false	0	0	true	NA
10457	3616	+	66358	129100	23	faeaefe6eac1348b7bd308a1d2ffe5d7ece32301e78bc76928a39880489998bc	1	625	1	1	0	true	false	0	0	true	0.00000000000000
10457	3616	-	66358	6840	22	8493d71f6e284e26b8e419f01686b3ed3f892f3b42a481f656fd0c1ef019fd5b	1	275	11	11	1	false	false	0	0	true	NA
10457	6840	+	69582	132324	34	1bedc89268d631f77d8a34032e3da612b7b220635eb2d396d779651f31524fbe	1	1009375	19	19	1	true	false	0	0	true	0.159946963091970
10457	6840	-	69582	3616	27	e25a0215e8b3c503f126d4f5e73a901390a4a3bb9699eed658bf5e4cd7fd1060	1	11875	19	19	1	false	false	0	0	true	NA
10459	848	+	63602	126356	18	98eee01a7e5798d82a0278685067c8849a4f88c947137ec0c34fab6ba440d09b	1	25	1	1	0	true	false	0	0	true	0.00000000000000
10459	848	-	63602	9610	18	98eee01a7e5798d82a0278685067c8849a4f88c947137ec0c34fab6ba440d09b	1	25	1	1	0	true	false	0	0	true	0.00000000000000
10459	9610	+	72364	135118	18	98eee01a7e5798d82a0278685067c8849a4f88c947137ec0c34fab6ba440d09b	1	25	1	1	0	true	false	0	0	true	0.00000000000000
10459	9610	-	72364	848	18	98eee01a7e5798d82a0278685067c8849a4f88c947137ec0c34fab6ba440d09b	1	25	1	1	0	false	false	0	0	true	NA
10501	691	+	63697	126703	20	c54dad3acb5e000025ab2fc886d953ffa1da4a4a81455edb4b0f4a371b6f80cd	1	95	19	19	1	true	false	0	0	true	0.161492043014330
10501	691	-	63697	9809	20	c54dad3acb5e000025ab2fc886d953ffa1da4a4a81455edb4b0f4a371b6f80cd	1	95	19	19	1	true	true	0	0	true	0.161492043014330
10501	9809	+	72815	135821	23	3df113abca2dd059d7b75776a573d857c16ff5852d129f95acd64784f9385d3e	1	625	1	1	0	true	false	0	0	true	0.00000000000000
10501	9809	-	72815	691	23	3df113abca2dd059d7b75776a573d857c16ff5852d129f95acd64784f9385d3e	1	625	1	1	0	false	false	0	0	true	NA
10513	2536	+	65614	128692	18	d9a659b3f8092ee10c9d2551bccb287ae6263a6c596f7e93d54d9f6ffdcfd4ae	1	17	1	1	0	true	false	0	0	true	0.00000000000000
10513	2536	-	65614	7976	26	31fa59de2747ef971b405dc4a97245d23e82abaa0d2437574afcd88276996547	1	5797	5797	11*17*31	3	false	false	0	0	true	NA
10513	7976	+	71054	134132	29	01db08076154f9954e97967ca4f61ec95c2a5d9d5d31ba5f826c7f673c582bab	1	26125	209	11*19	2	true	false	0	0	true	0.289547132659055
10513	7976	-	71054	2536	21	2ab5df90450f212f1ffcabf8dc8c3bb8bbd260ee4abf8ef18f600ffb0f0af98d	1	125	1	1	0	false	false	0	0	true	NA
10589	3541	+	67075	130609	23	28fbf16d99020acfd7ac663a98e67b2ef5f9514b44b7ca0f4f3c99b26164f268	1	625	1	1	0	true	false	0	0	true	0.00000000000000
10589	3541	-	67075	7047	23	28fbf16d99020acfd7ac663a98e67b2ef5f9514b44b7ca0f4f3c99b26164f268	1	625	1	1	0	false	false	0	0	true	NA
10589	7047	+	70581	134115	25	8e328ac60d1b8fe1a38ce4060fca87cde7f7cd7c76110bd84ec66fa3cb571d7e	1	2375	19	19	1	true	false	0	0	true	0.159687139586498
10589	7047	-	70581	3541	21	e39b67b94790da3bb74928b1a3a8b0c5bafef68def13da356ac65e1c5ae83ee6	1	125	1	1	0	false	false	0	0	true	NA
10597	2346	+	65928	129510	19	a7279b395952c9c65d5d2be1334003689a294ff8f76dc72ec9fe255806d01b69	1	25	1	1	0	true	false	0	0	true	0.00000000000000
10597	2346	-	65928	8250	23	ae97a23dee494971a10b2642f32d09af9fa72145b7790ccd4807692033c74500	1	775	31	31	1	false	false	0	0	true	NA
10597	8250	+	71832	135414	19	a7279b395952c9c65d5d2be1334003689a294ff8f76dc72ec9fe255806d01b69	1	25	1	1	0	true	false	0	0	true	0.00000000000000
10597	8250	-	71832	2346	19	a7279b395952c9c65d5d2be1334003689a294ff8f76dc72ec9fe255806d01b69	1	25	1	1	0	false	false	0	0	true	NA
10607	53	+	63695	127337	31	4255122f2f70ad31b747b15d413b6ffcdf297400aeef64945018db8808c387af	1	108965	21793	19*31*37	3	true	false	0	0	true	0.547880121781513
10607	53	-	63695	10553	25	442dc4157c42a0991f81d6f61962326f25655fc565c3924f37dc1be709d60a60	1	1615	323	17*19	2	true	true	0	0	true	0.316883754122782
10607	1395	+	65037	128679	24	2fc92dd55092c163d59d1d29a0b0f36aaf25f0e8c365c2f29373c632f83cc67b	1	935	11	11	1	true	false	0	0	true	0.131218719935963
10607	1395	-	65037	9211	16	222fd7413dd226d6d6256f564001e6c9c741d3858e085b54c23727763706e816	1	5	1	1	0	false	false	0	0	true	NA
10607	9211	+	72853	136495	21	210b80a48da272aa7e4674fd1d271c40aaee30c0894ee7991f8002dd434946e0	1	125	1	1	0	true	false	0	0	true	0.00000000000000
10607	9211	-	72853	1395	25	19e00c43bc097591f4dad95b9126510a3aa8ae4c84531d9a50e1de53e78c1191	1	2375	19	19	1	false	false	0	0	true	NA
10607	10553	+	74195	137837	21	210b80a48da272aa7e4674fd1d271c40aaee30c0894ee7991f8002dd434946e0	1	125	1	1	0	true	false	0	0	true	0.00000000000000
10607	10553	-	74195	53	16	222fd7413dd226d6d6256f564001e6c9c741d3858e085b54c23727763706e816	1	5	1	1	0	false	false	0	0	true	NA
10631	2163	+	65949	129735	20	940e9ef9c29eb23c4f74fa669c1307ee1034dea413a9dc13c4f73ed49fb7233b	1	55	11	11	1	true	false	0	0	true	0.131007366354994
10631	2163	-	65949	8467	16	34f078d0ad133c4887921bd2a9073ed64840e7d840d5178c4c8951c645082066	1	5	1	1	0	false	false	0	0	true	NA
10631	8467	+	72253	136039	21	e5d13f202aba26bd7dfc93b80f6ec0a8f8a7ff5249077fa7e0373833a13d6d46	1	125	1	1	0	true	false	0	0	true	0.00000000000000
10631	8467	-	72253	2163	21	e5d13f202aba26bd7dfc93b80f6ec0a8f8a7ff5249077fa7e0373833a13d6d46	1	125	1	1	0	false	false	0	0	true	NA
10651	1518	+	65424	129330	19	ab78c015801519526e3aaa88c4ff32404ac6b78d4da69079fe66a81076cc2e6a	1	25	1	1	0	true	false	0	0	true	0.00000000000000
10651	1518	-	65424	9132	26	9bf93c46c16f47b49c962c67138a4bfac3b9e302a3fcdbcf8adcef17baef0fdb	1	4675	187	11*17	2	false	false	0	0	true	NA
10651	9132	+	73038	136944	25	5df9b9d32d8888177066a015f56ae4ff1dd0e7700bc10426038960a082fa2737	1	3125	1	1	0	true	false	0	0	true	0.00000000000000
10651	9132	-	73038	1518	19	ab78c015801519526e3aaa88c4ff32404ac6b78d4da69079fe66a81076cc2e6a	1	25	1	1	0	false	false	0	0	true	NA
10687	3837	+	67959	132081	25	dc28a93357ee8e418d44c201eed612f5420cc4e2a7ac9b76e163ad3d634daa0b	1	3125	1	1	0	true	false	0	0	true	0.00000000000000
10687	3837	-	67959	6849	16	63a0469ed9c35a48b02d57b98397af0f42e0bfd7692a923930d0f46e6e4c8612	1	5	1	1	0	false	false	0	0	true	NA
10687	6849	+	70971	135093	31	16c9d05a1ac7334d475752ef49c162465ee0fc5d674d6933c2db635485da8a27	1	171875	11	11	1	true	false	0	0	true	0.129979275207421
10687	6849	-	70971	3837	29	10724c8f4a187fe3830191002ad3d50a36d4fc5b53d79718be56fb880e211fda	1	40375	323	17*19	2	false	false	0	0	true	NA
10729	179	+	64553	128927	24	6041ac0a6d94c1b6e377784d42ad1e2d84b2cf2a6a340fff0c6eed9ea42e912c	1	1375	11	11	1	true	false	0	0	true	0.131321158875741
10729	179	-	64553	10549	25	60b674cc7fcef1454a70cfd138d44c5b1ae86870bfb529ead70a9bd77c6567ac	1	2375	19	19	1	true	true	0	0	true	0.161252721655269
10729	876	+	65250	129624	14	b939f2fc140f27ae0d0bcb26c69b0c0f470f53583a6d44bf56eefae50c8a240a	1	1	1	1	0	true	false	0	0	true	0.00000000000000
10729	876	-	65250	9852	14	b939f2fc140f27ae0d0bcb26c69b0c0f470f53583a6d44bf56eefae50c8a240a	1	1	1	1	0	true	false	0	0	true	0.00000000000000
10729	9852	+	74226	138600	27	641f27bbff627774986343909d7dc3c01a0dbcb7e0714856dfb03abccd2e4832	1	6875	11	11	1	true	false	0	0	true	0.129346508289994
10729	9852	-	74226	876	23	ae019b03d85f39ffff947a7fbe4d123a8071d6211ae4dd6ccc9301c82b877a10	1	475	19	19	1	false	false	0	0	true	NA
10729	10549	+	74923	139297	29	6dc233032a8fae923e0289593aac44a70ecd5e51be09cdb933f88d7beefc89d6	1	26125	209	11*19	2	true	false	0	0	true	0.287877276351029
10729	10549	-	74923	179	24	86b73d18796c9788878cc085377d9ee9f95d2a265a6411f0c46618a947d58259	1	1045	209	11*19	2	false	false	0	0	true	NA
10733	1876	+	66274	130672	19	ad15cc6cf42ce5605eea7d464ca2fe15d80cfbaaa1811a3fa3f0595d223f2cbd	1	25	1	1	0	true	false	0	0	true	0.00000000000000
10733	1876	-	66274	8856	23	f17247197268d56ac1fbfa396a8bb873d2304ec134f4719d10edcf6547e6d6d9	1	425	17	17	1	false	false	0	0	true	NA
10733	8856	+	73254	137652	21	7fd690c7f7422f86e44d1627c8a5ba53363e34ee37935a3551b01a59d904376b	1	125	1	1	0	true	false	0	0	true	0.00000000000000
10733	8856	-	73254	1876	30	1d489cdea0aaecf48bc841a90b890b3dec1a7657249a276eeb88aea43ffae8df	1	91025	3641	11*331	2	false	false	0	0	true	NA
10739	789	+	65223	129657	21	d961351beaf9b8c70b354b9df5241f40936e23d8a27285e42bbf5558035a18cd	1	125	1	1	0	true	false	0	0	true	0.00000000000000
10739	789	-	65223	9949	20	0f6b81806bbcac5cba5d1db8c1da130cbc40000c20e7368e2055ccd38742f103	1	55	11	11	1	true	false	0	0	true	0.131178608410138
10739	9949	+	74383	138817	29	d7edb3739d0d7212b658c3cc23f91d6d13c2efda464f7b53b8976460c555232e	1	26125	209	11*19	2	true	false	0	0	true	0.288115951174850
10739	9949	-	74383	789	34	51a3af5d31053c25e37df13e0c0b25c708bc60d08cc8e714418ff2f174ea1ec7	1	1071125	8569	11*19*41	3	false	false	0	0	true	NA
10771	682	+	65308	129934	25	82420a7c840c161c88099a7d039688543cb8868e876344003ec17b2355425b68	1	2125	1	1	0	true	false	0	0	true	0.00000000000000
10771	682	-	65308	10088	21	817153c6ea2bec2f150146a340ae04f7eedbb68f9e1596f7078c0bfb4bb1cf14	1	125	1	1	0	true	true	0	0	true	0.00000000000000
10771	10088	+	74714	139340	27	5d75b13e4400a4d1108a1bb7f8c55457474cdd650376d895f062dd4dc578dfa8	1	6875	11	11	1	true	false	0	0	true	0.129241741877551
10771	10088	-	74714	682	27	5d75b13e4400a4d1108a1bb7f8c55457474cdd650376d895f062dd4dc578dfa8	1	6875	11	11	1	false	false	0	0	true	NA
10847	753	+	65835	130917	21	03a55f62ba3bf18a37c545ffbdaca113308c162f32674880d28ca30072e91b70	1	125	1	1	0	true	false	0	0	true	0.00000000000000
10847	753	-	65835	10093	21	03a55f62ba3bf18a37c545ffbdaca113308c162f32674880d28ca30072e91b70	1	125	1	1	0	true	false	0	0	true	0.00000000000000
10847	3249	+	68331	133413	26	00ba198e15d03fff28011ab29214a2e887cdfaaae33337fa9bd617aa88cbc5d4	1	3125	1	1	0	true	false	0	0	true	0.00000000000000
10847	3249	-	68331	7597	16	1e9beb93922bbad5eb35677e60759d3874d0c682347e65580a1bca79dcdfcc18	1	5	1	1	0	false	false	0	0	true	NA
10847	5302	+	70384	135466	21	03a55f62ba3bf18a37c545ffbdaca113308c162f32674880d28ca30072e91b70	1	125	1	1	0	true	false	0	0	true	0.00000000000000
10847	5302	-	70384	5544	21	03a55f62ba3bf18a37c545ffbdaca113308c162f32674880d28ca30072e91b70	1	125	1	1	0	false	false	0	0	true	NA
10847	5544	+	70626	135708	30	e96cb3c4177d15a86710f12290eda3641cd25023d6f6e846c44ad5dba5344664	1	59375	19	19	1	true	false	0	0	true	0.159687139586498
10847	5544	-	70626	5302	19	c38704ebc76ecf7a83fd1314abf31cc95b5054b2d901d307eebff74bb738963c	1	25	1	1	0	false	false	0	0	true	NA
10847	7597	+	72679	137761	21	03a55f62ba3bf18a37c545ffbdaca113308c162f32674880d28ca30072e91b70	1	125	1	1	0	true	false	0	0	true	0.00000000000000
10847	7597	-	72679	3249	16	1e9beb93922bbad5eb35677e60759d3874d0c682347e65580a1bca79dcdfcc18	1	5	1	1	0	false	false	0	0	true	NA
10847	10093	+	75175	140257	20	a8034c1cac48b6ab959b131d12004c2ffae9b1ff53132e1cecb22a7797991ff7	1	95	19	19	1	true	false	0	0	true	0.158594096199185
10847	10093	-	75175	753	20	c33db8ad3426d8bf33ceba1b5df67b3150cc8c157192302492d4747e53f4bed9	1	55	11	11	1	false	false	0	0	true	NA
10867	917	+	66119	131321	25	35102c078d46edde042a33a336340f94ed3baf822d132507ba30a64bef70b13f	1	2125	1	1	0	true	false	0	0	true	0.00000000000000
10867	917	-	66119	9949	20	87f978b322e6cab8c74802901750c6cf8edc4aa04faac1f6b023ab9ecbecc98d	1	55	11	11	1	true	false	0	0	true	0.130961918414563
10867	9949	+	75151	140353	30	b90c7eb6976390a07e7c1565ae6fe248be5b09c3b176735a60a5244312e4ce70	1	87875	703	19*37	2	true	false	0	0	true	0.353135805274318
10867	9949	-	75151	917	25	57d19a372e92c32968f9aedbbf81fdffbeac2693895ae5856c084c815acae2e2	1	2375	19	19	1	false	false	0	0	true	NA
10883	767	+	66065	131363	23	fba298fa6fe80a7f8b8dab980e188015023d94b8b968ec43a5ba799f6f82d282	1	625	1	1	0	true	false	0	0	true	0.00000000000000
10883	767	-	66065	10115	21	01d4fa26308c525e5f59e6b7916ede6a12fdddad3cf14628b9d1924dc59aab17	1	125	1	1	0	true	false	0	0	true	0.00000000000000
10883	10115	+	75413	140711	23	fba298fa6fe80a7f8b8dab980e188015023d94b8b968ec43a5ba799f6f82d282	1	625	1	1	0	true	false	0	0	true	0.00000000000000
10883	10115	-	75413	767	21	01d4fa26308c525e5f59e6b7916ede6a12fdddad3cf14628b9d1924dc59aab17	1	125	1	1	0	false	false	0	0	true	NA
10979	4363	+	70237	136111	19	7d9e946def6a0d5303cc4f1bb8c41f93a164bb249b25a404dee0f5a7ac4325e1	1	25	1	1	0	true	false	0	0	true	0.00000000000000
10979	4363	-	70237	6615	16	64da9c24ac2078477089bbf67fed3260fff6329cf572f99b13c65f7660bd1bd1	1	5	1	1	0	false	false	0	0	true	NA
10979	6615	+	72489	138363	20	0223a8f6fb18fcb0054338b7854d77a112735331d00f16d433bfb28c6893f134	1	55	11	11	1	true	false	0	0	true	0.129680199375539
10979	6615	-	72489	4363	16	64da9c24ac2078477089bbf67fed3260fff6329cf572f99b13c65f7660bd1bd1	1	5	1	1	0	false	false	0	0	true	NA
10987	1899	+	67821	133743	33	a58e2979fbc337b27820c4b03b9ed3be3444d8e550547c7d2503f7ca3c628e75	1	397375	11	11	1	true	false	0	0	true	0.130622153727516
10987	1899	-	67821	9087	21	3adbf955d42e2af05e929722aac94423038906bc93ec362a12642d7fba900b5e	1	125	1	1	0	false	false	0	0	true	NA
10987	4264	+	70186	136108	23	ab1818d3740e930fa628b475a199409bc9702c16e64644e52371a21e81184419	1	625	1	1	0	true	false	0	0	true	0.00000000000000
10987	4264	-	70186	6722	19	2842b45cc68b8d89d1a189ec7b7c52aac6457642f5936ae0c0978718040e3f20	1	25	1	1	0	false	false	0	0	true	NA
10987	6722	+	72644	138566	27	7c9573a09d6fe89b4c1c11692b3774b94e9774d513210904e15e6ed2a21e8c9d	1	10625	1	1	0	true	false	0	0	true	0.00000000000000
10987	6722	-	72644	4264	23	0f6637995bce433c82eea663ea91c64f142ecf7321e49b2fe7f7ad8b32f05591	1	475	19	19	1	false	false	0	0	true	NA
10987	9087	+	75009	140931	20	73bf456c591814987fb92fcdfc760dec7ef66ba1415f7b1af2c7e28ce992a451	1	95	19	19	1	true	false	0	0	true	0.158641841466977
10987	9087	-	75009	1899	16	4b6048e97f6e3f75f9f72de909790259ce346375fda1fb3a822533b512909b18	1	5	1	1	0	false	false	0	0	true	NA
11059	5312	+	71666	138020	19	6560fd584552d567145c10422f366209b0ae64cd6200f74d79a268866c0b725d	1	25	1	1	0	true	false	0	0	true	0.00000000000000
11059	5312	-	71666	5746	23	212b30411e5c1ac46dc7137d2f90eb57d17f205ecaec88e7b1c97ba957fb7467	1	475	19	19	1	false	false	0	0	true	NA
11059	5495	+	71849	138203	16	40ae0b3f84c896fc59b0460491d0982d80d2da9fbce8ff7b8fafb968489adb57	1	5	1	1	0	true	false	0	0	true	0.00000000000000
11059	5495	-	71849	5563	16	40ae0b3f84c896fc59b0460491d0982d80d2da9fbce8ff7b8fafb968489adb57	1	5	1	1	0	false	false	0	0	true	NA
11059	5563	+	71917	138271	25	ad4479c6abde4424fbd95d486f4f35a799f5618b3a0e961926a572daab87ee6f	1	2375	19	19	1	true	false	0	0	true	0.159351280110124
11059	5563	-	71917	5495	26	7c056fa3eb4d198df575be5f7fc000ec0442004a3761af5ed8e8e1a493e3692b	1	4625	37	37	1	false	false	0	0	true	NA
11059	5746	+	72100	138454	27	00fe3adc6d6137451ce804587a949c1c66a962f08e8e2772f9a758dc8391e0b1	1	8075	19	19	1	true	false	0	0	true	0.159331178136185
11059	5746	-	72100	5312	19	6560fd584552d567145c10422f366209b0ae64cd6200f74d79a268866c0b725d	1	25	1	1	0	false	false	0	0	true	NA
11071	4202	+	70628	137054	23	3e979e2c6ecb2f426f0e992565f1d6e0a5996a88fb5b6dae78f730d79a006b73	1	625	1	1	0	true	false	0	0	true	0.00000000000000
11071	4202	-	70628	6868	19	fc51b4bc04431746cd76de0e5395cfd291c54d771457d9baeaae65ec10a2727c	1	25	1	1	0	false	false	0	0	true	NA
11071	6868	+	73294	139720	29	09982432aa926fbed246bc2540b15d986247cd4cc3841c8040ee2c7b4a5c1755	1	34375	11	11	1	true	false	0	0	true	0.129518819374012
11071	6868	-	73294	4202	23	3e979e2c6ecb2f426f0e992565f1d6e0a5996a88fb5b6dae78f730d79a006b73	1	625	1	1	0	false	false	0	0	true	NA
11083	70	+	66568	133066	26	f425aee2892c8ceeea1f42a81a82621062dfeb2084f985332175000ccb4a0084	1	3125	1	1	0	true	false	0	0	true	0.00000000000000
11083	70	-	66568	11012	25	877d20372a9be81c1f6c0d40af35b8bffe1d48760731dac75267d092eed4048b	1	2125	17	17	1	true	true	0	0	true	0.154647934178085
11083	11012	+	77510	144008	14	78fbc8f76c30aee7e4ff1510ff3958b19438dffdc3abf43ce59f1069db555443	1	1	1	1	0	false	false	0	0	true	NA
11083	11012	-	77510	70	14	78fbc8f76c30aee7e4ff1510ff3958b19438dffdc3abf43ce59f1069db555443	1	1	1	1	0	false	false	0	0	true	NA
11087	1605	+	68127	134649	16	79ef0abde9b3313f07ef4ea56dc23f38a21002893f96183bc128b12ade85754b	1	5	1	1	0	true	false	0	0	true	0.00000000000000
11087	1605	-	68127	9481	20	6b57784e8b3f22a7ff2638582b3f0f7b928501e76a4f786067a2999ef8724f7b	1	85	17	17	1	false	false	0	0	true	NA
11087	9481	+	76003	142525	21	f497da7775bad533df85adea5a1ea485451a5c94d7fe4d44ec21d7e4b533dcf6	1	125	1	1	0	true	false	0	0	true	0.00000000000000
11087	9481	-	76003	1605	21	f9dc19048ef97348261a185325a1c0241c7fc1404014ef09f217d0142a6a11e8	1	95	19	19	1	false	false	0	0	true	NA
11113	3400	+	70078	136756	19	15edd9007fc6ba488112d7fbd4dba3fdc0f8643da359036b25aa61636b6269e3	1	25	1	1	0	true	false	0	0	true	0.00000000000000
11113	3400	-	70078	7712	19	15edd9007fc6ba488112d7fbd4dba3fdc0f8643da359036b25aa61636b6269e3	1	25	1	1	0	false	false	0	0	true	NA
11113	7712	+	74390	141068	23	d2e33e71b31a5ffa1dd708dc06621112aa783c7e804e2cddffd8d6fa9586aa45	1	475	19	19	1	true	false	0	0	true	0.158789278854780
11113	7712	-	74390	3400	24	5ea838d17c594418510581b7b43918d7e21bd3a8fa0e6eee7aaf658bec115faf	1	925	37	37	1	false	false	0	0	true	NA
11117	2297	+	68999	135701	16	1ecea030277e36d89b59f89ac14e0e3d3e64de6f5595e45d9e58ba6298624f83	1	5	1	1	0	true	false	0	0	true	0.00000000000000
11117	2297	-	68999	8819	25	d2d990f8b8be636d1a2c742238dd158da9cdf77e8e3281902439264d5b2abe14	1	1615	323	17*19	2	false	false	0	0	true	NA
11117	8819	+	75521	142223	16	1ecea030277e36d89b59f89ac14e0e3d3e64de6f5595e45d9e58ba6298624f83	1	5	1	1	0	true	false	0	0	true	0.00000000000000
11117	8819	-	75521	2297	16	1ecea030277e36d89b59f89ac14e0e3d3e64de6f5595e45d9e58ba6298624f83	1	5	1	1	0	false	false	0	0	true	NA
11171	1741	+	68767	135793	16	193f6289bf781f216b0f17e8041c9df5e59124bcf284d5640bd030ddd29f8e10	1	5	1	1	0	true	false	0	0	true	0.00000000000000
11171	1741	-	68767	9429	16	193f6289bf781f216b0f17e8041c9df5e59124bcf284d5640bd030ddd29f8e10	1	5	1	1	0	false	false	0	0	true	NA
11171	9429	+	76455	143481	21	eb8dc9ac7890e8296cc3013199d49cd13eef9f11d05cb3a1eeee2a1e6b7950ee	1	125	1	1	0	true	false	0	0	true	0.00000000000000
11171	9429	-	76455	1741	23	e52676e45c818343c038987b7a3d6ad4a679d027c3b9d4e4f0e5e59b71dff9f6	1	625	1	1	0	false	false	0	0	true	NA
11213	5056	+	72334	139612	28	63f250528bb43e20d7d63c3eb20320ebe07913e17dae13b6153b361fbbce3301	1	19375	31	31	1	true	false	0	0	true	0.185751760046079
11213	5056	-	72334	6156	23	3c6dc6697db03d6b50ab51716186e678003408ce022644df3eb64112c7d34e46	1	625	1	1	0	false	false	0	0	true	NA
11213	5507	+	72785	140063	23	3c6dc6697db03d6b50ab51716186e678003408ce022644df3eb64112c7d34e46	1	625	1	1	0	true	false	0	0	true	0.00000000000000
11213	5507	-	72785	5705	21	d3f1d2ac45a72e5e85cc8101c2eee086aef1747edbf1150756bbceb387e5daca	1	125	1	1	0	false	false	0	0	true	NA
11213	5705	+	72983	140261	30	c9ba4b5f8fdae9930a62c5153fcc4f0c437ef13e66622f48f47d4db11a45c3ef	1	59375	19	19	1	true	false	0	0	true	0.159121812013389
11213	5705	-	72983	5507	21	d3f1d2ac45a72e5e85cc8101c2eee086aef1747edbf1150756bbceb387e5daca	1	125	1	1	0	false	false	0	0	true	NA
11213	6156	+	73434	140712	19	10909aedf80eb805255068e924dff522da5227a2f2bd0437633ae4a49a214a6e	1	25	1	1	0	true	false	0	0	true	0.00000000000000
11213	6156	-	73434	5056	21	d3f1d2ac45a72e5e85cc8101c2eee086aef1747edbf1150756bbceb387e5daca	1	125	1	1	0	false	false	0	0	true	NA
11243	145	+	67603	135061	25	d9144868157efd934a352dd86c161835882eedb1bede16f0f55dc4fb9f46af33	1	2125	1	1	0	true	false	0	0	true	0.00000000000000
11243	145	-	67603	11097	25	d9144868157efd934a352dd86c161835882eedb1bede16f0f55dc4fb9f46af33	1	2125	17	17	1	true	true	0	0	true	0.154384203653762
11243	4206	+	71664	139122	19	3150429c312da4d77a9fb0868b42cda5210c407512be027b6c1f2652225c82ef	1	25	1	1	0	true	false	0	0	true	0.00000000000000
11243	4206	-	71664	7036	19	3150429c312da4d77a9fb0868b42cda5210c407512be027b6c1f2652225c82ef	1	25	1	1	0	false	false	0	0	true	NA
11243	7036	+	74494	141952	23	bf347f6451f2033d97229eeb98bee67546807224349850dc86349e0330815350	1	425	1	1	0	true	false	0	0	true	0.00000000000000
11243	7036	-	74494	4206	19	3150429c312da4d77a9fb0868b42cda5210c407512be027b6c1f2652225c82ef	1	25	1	1	0	false	false	0	0	true	NA
11243	11097	+	78555	146013	27	5f4e8e3c2df5141de6f70813ab29978049d7a3f35f553abc0fe52b2c875305a8	1	11875	19	19	1	false	false	0	0	true	NA
11243	11097	-	78555	145	16	7df16bdb28e9d6793d7d1002b1c93ae51addc6d41cc96492f252bac31428acb5	1	5	1	1	0	false	false	0	0	true	NA
11251	854	+	68360	135866	19	f61e60bf701b652336ef3c5db4379b430dcdbe3345af5120ca313acd8739adb0	1	25	1	1	0	true	false	0	0	true	0.00000000000000
11251	854	-	68360	10396	19	f61e60bf701b652336ef3c5db4379b430dcdbe3345af5120ca313acd8739adb0	1	25	1	1	0	true	false	0	0	true	0.00000000000000
11251	10396	+	77902	145408	19	f61e60bf701b652336ef3c5db4379b430dcdbe3345af5120ca313acd8739adb0	1	25	1	1	0	true	false	0	0	true	0.00000000000000
11251	10396	-	77902	854	19	f61e60bf701b652336ef3c5db4379b430dcdbe3345af5120ca313acd8739adb0	1	25	1	1	0	false	false	0	0	true	NA
11261	4088	+	71654	139220	19	53961d025d6a5f58e61bd7bfd8eb37a171aab3924473794efb9b8e27e012d55d	1	25	1	1	0	true	false	0	0	true	0.00000000000000
11261	4088	-	71654	7172	19	53961d025d6a5f58e61bd7bfd8eb37a171aab3924473794efb9b8e27e012d55d	1	25	1	1	0	false	false	0	0	true	NA
11261	7172	+	74738	142304	21	633844585c0ab838b2af48a0b90f32696e7404149c8e149a79b30c050c06d8ee	1	125	1	1	0	true	false	0	0	true	0.00000000000000
11261	7172	-	74738	4088	23	001dadcde7a4d8430f56ef6a08ab6d47a7aa77dc21700907012e7cf46db5052b	1	625	1	1	0	false	false	0	0	true	NA
11273	397	+	68035	135673	25	357988ad8a159c230145844cab8e2e7dd0cfec99f1f7ca0a144c1b871fa44e62	1	2125	1	1	0	true	false	0	0	true	0.00000000000000
11273	397	-	68035	10875	20	16c59dcaf58ed9884eeee02a990d8e2b60b827719dd85386777357e5bdb89e83	1	85	17	17	1	true	true	0	0	true	0.154280104416544
11273	1328	+	68966	136604	23	b00bf4a2a6513f253ab7b736ad580c2eb8312841b378246df13597376c790247	1	625	1	1	0	true	false	0	0	true	0.00000000000000
11273	1328	-	68966	9944	27	5139552848a1547105a57516e9dd1139ba3ad41270f3d694290f237cb63d6394	1	11875	19	19	1	true	false	0	0	true	0.160094557727326
11273	9944	+	77582	145220	19	239f103334f94beaa65296b9ef5a5390138df186d157c0fd303e3e467f75a6a9	1	25	1	1	0	true	false	0	0	true	0.00000000000000
11273	9944	-	77582	1328	19	239f103334f94beaa65296b9ef5a5390138df186d157c0fd303e3e467f75a6a9	1	25	1	1	0	false	false	0	0	true	NA
11273	10875	+	78513	146151	27	e3fe5c5f235fe4a53f6b1ed71310cd69f201291ef9d6c5f1d47aeca47c30b5aa	1	6875	11	11	1	true	false	0	0	true	0.128543902439861
11273	10875	-	78513	397	16	a5c2d2314c00b5dbdf85e870d49823c8a0489834e80d5409805bff1807ca7756	1	5	1	1	0	false	false	0	0	true	NA
11279	1005	+	68679	136353	20	85429e7bbe6c91a2c4f49eee4034c03f70e08d2dea2bf1f7a69e85bd51331a4e	1	85	1	1	0	true	false	0	0	true	0.00000000000000
11279	1005	-	68679	10273	21	8466d4125ef45d6fb1b145254ac67c67e95c862c2b8451708a440c60678744ef	1	95	19	19	1	true	false	0	0	true	0.160165380116440
11279	10273	+	77947	145621	20	47281286813942618bcac49f56ff2adfd51ee8b561cc8169b4a96fba3a25435a	1	55	11	11	1	true	false	0	0	true	0.128654803785999
11279	10273	-	77947	1005	16	ec372740efdd75cebb313dba86a75861ae7743cb29af8a12f30dad968eef6175	1	5	1	1	0	false	false	0	0	true	NA
11287	3511	+	71233	138955	40	cd68af265a7db364a61430866c63731374eb8becbeeb410c046a31f085fbf23a	1	55515625	209	11*19	2	true	false	0	0	true	0.289466867698352
11287	3511	-	71233	7775	26	527c2e405fff8dabc9eb701031fc0926b0591d0aa74bbabc503c016bdf46303c	1	5225	209	11*19	2	false	false	0	0	true	NA
11287	5228	+	72950	140672	19	440806fecf021a7091fb6a8bf5ffacc094bb73717614db03b5faa2ebb9b51a93	1	25	1	1	0	true	false	0	0	true	0.00000000000000
11287	5228	-	72950	6058	27	30969d869c767fc33f4592b7d2d0cfe9ef93708855b49391f44ce713680887ce	1	10625	17	17	1	false	false	0	0	true	NA
11287	6058	+	73780	141502	19	440806fecf021a7091fb6a8bf5ffacc094bb73717614db03b5faa2ebb9b51a93	1	25	1	1	0	true	false	0	0	true	0.00000000000000
11287	6058	-	73780	5228	23	6209995bcddc9b73243748e474b0b215db39917666becf42d1f8c4c0a185c66f	1	625	1	1	0	false	false	0	0	true	NA
11287	7775	+	75497	143219	16	7605cf7a6db6c222ffc5bc74efd77d481a23ab87bab0671097675df7411f5cdf	1	5	1	1	0	true	false	0	0	true	0.00000000000000
11287	7775	-	75497	3511	16	7605cf7a6db6c222ffc5bc74efd77d481a23ab87bab0671097675df7411f5cdf	1	5	1	1	0	false	false	0	0	true	NA
11317	1627	+	69529	137431	23	660e5e5824e84db147fdfbfe46b0eac1a9f3034661e6790c6d73e568ebf09bc2	1	625	1	1	0	true	false	0	0	true	0.00000000000000
11317	1627	-	69529	9689	16	7a1a0e4b60a5ee912b07a92cfbcbebf623aea509aa7ef4fe100eb900800630a3	1	5	1	1	0	false	false	0	0	true	NA
11317	3107	+	71009	138911	23	660e5e5824e84db147fdfbfe46b0eac1a9f3034661e6790c6d73e568ebf09bc2	1	625	1	1	0	true	false	0	0	true	0.00000000000000
11317	3107	-	71009	8209	23	660e5e5824e84db147fdfbfe46b0eac1a9f3034661e6790c6d73e568ebf09bc2	1	625	1	1	0	false	false	0	0	true	NA
11317	8209	+	76111	144013	23	660e5e5824e84db147fdfbfe46b0eac1a9f3034661e6790c6d73e568ebf09bc2	1	625	1	1	0	true	false	0	0	true	0.00000000000000
11317	8209	-	76111	3107	20	c2a99374293f957550a81fb73884f27177d2288fbdc5ff0d1970d28bd4e50669	1	55	11	11	1	false	false	0	0	true	NA
11317	9689	+	77591	145493	21	3dae09044f494417b7abc0ed1bf22e8253faffd1838e519c2ad94898bb271fd7	1	125	1	1	0	true	false	0	0	true	0.00000000000000
11317	9689	-	77591	1627	19	8e938b10fb72b322f2cb91c76692a764f4bbd9bbc623fc2f61b0c4e2056f4de8	1	25	1	1	0	false	false	0	0	true	NA
11369	2239	+	70453	138667	27	c406bf19543b82fbeb8cdbadeed827b79b35d2cdcd8e3075e5bf384dd4e18a23	1	10625	1	1	0	true	false	0	0	true	0.00000000000000
11369	2239	-	70453	9129	16	28a63dc988b01b5fd549133e4e80d62fa55d7794048164ab465a7a68d896db9b	1	5	1	1	0	false	false	0	0	true	NA
11369	9129	+	77343	145557	27	149675c0c71077ab859372a0a7a5e6cede5c13c39411f89d46d939ca80740b2b	1	6875	11	11	1	true	false	0	0	true	0.128769299200965
11369	9129	-	77343	2239	25	61b8611a02d58dd55cbd935ee6b7839a15845d007cdfa919c2356a2992191601	1	2035	407	11*37	2	false	false	0	0	true	NA
11383	1869	+	70167	138465	32	8537dfbb0e71b667a1587584531c6f68f688f737f94be34e344d5ddec3b8b1f6	1	201875	19	19	1	true	false	0	0	true	0.159780131316285
11383	1869	-	70167	9513	23	bd30e427ef8c8800f997df01512ca17666e4ab095b54e876b91eecc7482605d5	1	625	1	1	0	false	false	0	0	true	NA
11383	9513	+	77811	146109	22	345b199b5067f1ab00fe028c0e15ebf4dd3f8e9be086b74e29ed375b894285b5	1	275	11	11	1	true	false	0	0	true	0.128694497692128
11383	9513	-	77811	1869	22	b96ef8b2637158070b3a8558defd4395437a0318dc384c6c2e8f1c75a5fa2e5e	1	185	37	37	1	false	false	0	0	true	NA
11423	1737	+	70275	138813	19	f507d1fdc5ec6ba6cca93a55a7b9b8ea6674c8f2df92cd8ac05147af20b1930e	1	25	1	1	0	true	false	0	0	true	0.00000000000000
11423	1737	-	70275	9685	16	81344e98adba1f6481e42953fc02eb2e4c5b9aec8bff1a02a0f21d67e763ca32	1	5	1	1	0	false	false	0	0	true	NA
11423	9685	+	78223	146761	21	4f0be3e7c9ea514f2fdee08c59f5aa8491ce93395c87c00ee0fb71a07e3cf7e3	1	125	1	1	0	true	false	0	0	true	0.00000000000000
11423	9685	-	78223	1737	19	f507d1fdc5ec6ba6cca93a55a7b9b8ea6674c8f2df92cd8ac05147af20b1930e	1	25	1	1	0	false	false	0	0	true	NA
11437	139	+	68761	137383	28	abeac79e2232ea579f362634d04aea9a6cd60a7f4baa356c48e24fdc0e689c7a	1	11875	19	19	1	true	false	0	0	true	0.160144096561157
11437	139	-	68761	11297	29	dcf5ae78d65017f284a808cd4e1ac696e47dadadaf23cc9c147e622af7525e74	1	33875	271	271	1	true	true	0	0	true	0.304691747305972
11437	11297	+	79919	148541	21	4d0d360cb1bdd0b1e1a6685760603eba769984cc599ec717a1e633db503b011d	1	125	1	1	0	true	false	0	0	true	0.00000000000000
11437	11297	-	79919	139	16	018be092544069c0f3edcced6f04e5a016362fe5737a714f2a6cfdd083e0cf07	1	5	1	1	0	false	false	0	0	true	NA
11443	1908	+	70566	139224	21	5f878097061589f47c5d7efd3f4e2299852c434618f97486b14fa1827c8cd11e	1	125	1	1	0	true	false	0	0	true	0.00000000000000
11443	1908	-	70566	9534	21	5f878097061589f47c5d7efd3f4e2299852c434618f97486b14fa1827c8cd11e	1	125	1	1	0	false	false	0	0	true	NA
11443	9534	+	78192	146850	19	3e79b58e8ee7a0b63e2f2cb9a4dd2821513b7883b7287cc3c25d20cb15e9d5a7	1	25	1	1	0	true	false	0	0	true	0.00000000000000
11443	9534	-	78192	1908	24	09f9039507e0cdb7146c4973c321ab0f4135c371aae81d2caa253020fa90c4ac	1	1375	11	11	1	false	false	0	0	true	NA
11447	2644	+	71326	140008	23	0cb40c083d67b6382ce747880dc515a5896cbe6318a07f4ca480a04b85caa56a	1	425	1	1	0	true	false	0	0	true	0.00000000000000
11447	2644	-	71326	8802	18	b3a6886146418634ed02201f1553dfec319f0762b7291f269ef582f14e4631fa	1	17	17	17	1	false	false	0	0	true	NA
11447	5139	+	73821	142503	21	9f29725a6c37125df6c791b5e4d4f11eedc13c156197c1f922dd86607816b711	1	125	1	1	0	true	false	0	0	true	0.00000000000000
11447	5139	-	73821	6307	25	36e77a090556e4ac5c0738a8b15cc76204d1913d4e6949b9327b63da7305e1d5	1	2375	19	19	1	false	false	0	0	true	NA
11447	6307	+	74989	143671	16	d3e952d68a955da89d4d141c49cb6fba122c3ece5040cb3a1859b7d130a04d16	1	5	1	1	0	true	false	0	0	true	0.00000000000000
11447	6307	-	74989	5139	20	d2744fc87e6562ee1816acaf2ae5aaaa62a00d3fac5ef089cb970bbd603a0a40	1	55	11	11	1	false	false	0	0	true	NA
11447	8802	+	77484	146166	30	e6691503e766cdd45240234b839b2b12e6aa054c758c285471a298fdb8479d92	1	59075	139	139	1	true	false	0	0	true	0.264950023247253
11447	8802	-	77484	2644	24	71f884278f7d15c4e3c8dca70db1a6eff2a9afb5464807250f9b7367321ad08f	1	925	37	37	1	false	false	0	0	true	NA
11467	4255	+	73057	141859	21	8488691a3c4084bd29cf20accbd8a244235b155200ea6b6ca375a2bc3c67af1f	1	125	1	1	0	true	false	0	0	true	0.00000000000000
11467	4255	-	73057	7211	32	64dbc00e0b44260672b4e954d3b9c96f6eb8d0fa08e51a08623a94f6fd74af2a	1	201875	323	17*19	2	false	false	0	0	true	NA
11467	7211	+	76013	144815	23	9c1c0ffa1293afa378428c63b7170090237c6e1e98a805f9987a127bdbb1d974	1	625	1	1	0	true	false	0	0	true	0.00000000000000
11467	7211	-	76013	4255	21	8488691a3c4084bd29cf20accbd8a244235b155200ea6b6ca375a2bc3c67af1f	1	125	1	1	0	false	false	0	0	true	NA
11519	149	+	69263	138377	19	888f1214bbdab7acdfb91dfd09c02103421d92651617ff0884ee9c9fad9f65b1	1	25	1	1	0	true	false	0	0	true	0.00000000000000
11519	149	-	69263	11369	19	888f1214bbdab7acdfb91dfd09c02103421d92651617ff0884ee9c9fad9f65b1	1	25	1	1	0	true	true	0	0	true	0.00000000000000
11519	1987	+	71101	140215	28	b772cdb6465be861d57c0943c0dea7ee988c2a1b52af224afecc7a84e5efa33a	1	11875	19	19	1	true	false	0	0	true	0.159570896648642
11519	1987	-	71101	9531	23	817158717368c395c22eb82dbcf147e9f76019dad32dd54fcf65b5e7a67fadc2	1	625	1	1	0	false	false	0	0	true	NA
11519	9531	+	78645	147759	25	ebf0132276b8b8b01ad1e127d9ee2a7435b7332cbd57fb8ba07f0c6b85277a34	1	1615	19	19	1	true	false	0	0	true	0.157842455077862
11519	9531	-	78645	1987	20	7484e03b2f31e70582367247e3ccb14b0dd741d7314f3309785efc8877e18c14	1	55	11	11	1	false	false	0	0	true	NA
11519	11369	+	80483	149597	21	f10a7c391070a1f59bfebb2240ab1966951fafa98c9196976a58b7c64be827e2	1	125	1	1	0	true	false	0	0	true	0.00000000000000
11519	11369	-	80483	149	16	e6885e17b51dc90c1384934c0e8f3ddd287a194a159a2627b08651a7d7fa6dc1	1	5	1	1	0	false	false	0	0	true	NA
11549	314	+	69608	138902	26	5bf01562194c5c254762d078623cf5aa4d299c21a15bde820df4d39302408196	1	3125	1	1	0	true	false	0	0	true	0.00000000000000
11549	314	-	69608	11234	19	53cc523553057e1fcccfeab63418e71af984b9b7aacf89f70622489da555ac46	1	25	1	1	0	true	true	0	0	true	0.00000000000000
11549	1085	+	70379	139673	19	53cc523553057e1fcccfeab63418e71af984b9b7aacf89f70622489da555ac46	1	25	1	1	0	true	false	0	0	true	0.00000000000000
11549	1085	-	70379	10463	19	53cc523553057e1fcccfeab63418e71af984b9b7aacf89f70622489da555ac46	1	25	1	1	0	true	false	0	0	true	0.00000000000000
11549	10463	+	79757	149051	34	a21ff2783ed6f81a35d97033ff3888ff61c1ba1903cd8629a2c67b171462b14c	1	775625	73	73	1	true	false	0	0	true	0.229650488081743
11549	10463	-	79757	1085	25	689f81f20f96ecf0517ebf6590eb11fde4e6eeb53241948d48db376ef9820c9c	1	2125	17	17	1	false	false	0	0	true	NA
11549	11234	+	80528	149822	19	53cc523553057e1fcccfeab63418e71af984b9b7aacf89f70622489da555ac46	1	25	1	1	0	true	false	0	0	true	0.00000000000000
11549	11234	-	80528	314	14	b6a92efd4fc6ca535cea42c84eaf4a98befe1741abb868f7b325a81b0b8f6bee	1	1	1	1	0	false	false	0	0	true	NA
11551	1314	+	70620	139926	18	ef2006ceeeceed980bbb8e1f08c5ab7daf3db32d85ec44c6c56328f2870d58bc	1	19	19	19	1	true	false	0	0	true	0.159687139586498
11551	1314	-	70620	10236	14	78a0be10282fe5928972dbfa92e3a213585097d477329dfe76be2c527ae94e42	1	1	1	1	0	true	false	0	0	true	0.00000000000000
11551	10236	+	79542	148848	42	dfa8157cf2f0f167a12a4a61f7ffdd2a1b728d4de72de603c6e84d9416467f21	1	217653125	241	241	1	true	false	0	0	true	0.293661262540068
11551	10236	-	79542	1314	17	83a32ddba0386e44ef2abc6b455d6ec5541424126cb9372440607fc3fca1e03d	1	11	11	11	1	false	false	0	0	true	NA
11597	1451	+	71033	140615	21	52a1f8e3f6ad68739b61ee4c347cb39afb44f9848b32fe22b1137f6525719a61	1	125	1	1	0	true	false	0	0	true	0.00000000000000
11597	1451	-	71033	10145	25	28ebe04e7fae230b655e106becdc83c264153e35e2db3fefa42b7becce7794b7	1	2125	17	17	1	false	false	0	0	true	NA
11597	10145	+	79727	149309	20	4e4f748dc70b1b0757e8355d54f0d6fea2cce1d31547159550472bd0d2a62a4d	1	85	1	1	0	true	false	0	0	true	0.00000000000000
11597	10145	-	79727	1451	16	91d26d47e04ddca33fbce5ebd124fd0bc73204616609d38be9d8a053e696fb95	1	5	1	1	0	false	false	0	0	true	NA
11657	3932	+	73874	143816	19	96026a4ebfda62e08e302aa0cf21d2b754f16fdfb4b6f3bb054ae97fe1842bd5	1	25	1	1	0	true	false	0	0	true	0.00000000000000
11657	3932	-	73874	7724	26	4edb4c2b10273d5f3adf665feae49d295a265c55ede1e9d64ee5d727fdebf04f	1	5225	209	11*19	2	false	false	0	0	true	NA
11657	7724	+	77666	147608	27	fa6106ea54084a51f0ca93dcbdfcb2b5cfcd89a09093c6caf1a486f78fc9a67f	1	10625	1	1	0	true	false	0	0	true	0.00000000000000
11657	7724	-	77666	3932	31	f230b9245fbd45d1f0a87f388ba2fe030ba1f3014cd4eac7f767a653a5debf15	1	116875	187	11*17	2	false	false	0	0	true	NA
11677	2610	+	72672	142734	23	411e68557b2093d64df8cd5bb2edaffc423655810deb1a8367a6dac6d38f897f	1	625	1	1	0	true	false	0	0	true	0.00000000000000
11677	2610	-	72672	9066	21	174279c58c5a0c5cc9496c57eb7354ce3d6be1bbb7d5c59af08defb528c61d4b	1	125	1	1	0	false	false	0	0	true	NA
11677	3063	+	73125	143187	16	a2b57801f08084bf76cde6e5a0d5f16112ba682cc55ecfc81239249dcbabad1a	1	5	1	1	0	true	false	0	0	true	0.00000000000000
11677	3063	-	73125	8613	16	a2b57801f08084bf76cde6e5a0d5f16112ba682cc55ecfc81239249dcbabad1a	1	5	1	1	0	false	false	0	0	true	NA
11677	8613	+	78675	148737	20	ad75dda0d381bc315d9be9a96f5415d17531ab92085417574ba0b40aa58993cb	1	85	1	1	0	true	false	0	0	true	0.00000000000000
11677	8613	-	78675	3063	28	7da0668f7466f699b2f64492798400b6695159b6d741fdace4f27993c6603e76	1	17765	3553	11*17*19	3	false	false	0	0	true	NA
11677	9066	+	79128	149190	27	24f81a8ef033fca9700be150de61bdfcd5582f8df0e4725cc4de9eee4c2bb707	1	10625	1	1	0	true	false	0	0	true	0.00000000000000
11677	9066	-	79128	2610	14	22aea31aebd353534aaea70359b948353e073487ec84eee69e9582d5196b919a	1	1	1	1	0	false	false	0	0	true	NA
11701	1820	+	72026	142232	19	940ba2266a780c37bf2a106eb4c738c2f9e2eeb53c44a108dfe5524eb50386ea	1	25	1	1	0	true	false	0	0	true	0.00000000000000
11701	1820	-	72026	9880	27	fdec2d2612e41d500ca5f9ad9dba4a3d24e8e974340d54f83b486ffef5b8ec4f	1	8075	323	17*19	2	false	false	0	0	true	NA
11701	9880	+	80086	150292	26	822a50700cdc194989ab295b8630d3df5654521409a53ce526f0b03e7d19872b	1	3125	1	1	0	true	false	0	0	true	0.00000000000000
11701	9880	-	80086	1820	17	08c186bc2561c6c733366b9e225d8ec355cdf1058c6cee647d7f866da8d549f6	1	11	11	11	1	false	false	0	0	true	NA
11731	2608	+	72994	143380	23	dc8cad2879c3068c0a5492d6ecf7a4cb9d35997329aa7abecda35601051cbc80	1	425	1	1	0	true	false	0	0	true	0.00000000000000
11731	2608	-	72994	9122	14	a83def69aa489ef697481a94eb0b8d8d7f8cc3095e32a9f3e79548cb2d19c445	1	1	1	1	0	false	false	0	0	true	NA
11731	9122	+	79508	149894	23	dc8cad2879c3068c0a5492d6ecf7a4cb9d35997329aa7abecda35601051cbc80	1	425	1	1	0	true	false	0	0	true	0.00000000000000
11731	9122	-	79508	2608	24	390e3e74193a65b954130ec5266f2dac18a6f8b027427c8005033e16aeaf5a00	1	775	31	31	1	false	false	0	0	true	NA
11743	1372	+	71830	142288	19	962b04a2cca0d2c47adcf219b791ab5fdcd28f54836a2014afdb52db097382cc	1	25	1	1	0	true	false	0	0	true	0.00000000000000
11743	1372	-	71830	10370	19	962b04a2cca0d2c47adcf219b791ab5fdcd28f54836a2014afdb52db097382cc	1	25	1	1	0	true	false	0	0	true	0.00000000000000
11743	10370	+	80828	151286	23	3d3eb70a945f0bda2507ac6185700a09cf28a9e93d33a202f20f5f1a2e887677	1	625	1	1	0	true	false	0	0	true	0.00000000000000
11743	10370	-	80828	1372	19	681fe68712f729a407a3ce534d29c9e220e2c9c355e604b1bfa2a283ffc33b09	1	31	31	31	1	false	false	0	0	true	NA
11821	875	+	71801	142727	16	0a32df5c190ec3471475fc9298b72b7a5954c231c68df406eea545e67b073a0c	1	5	1	1	0	true	false	0	0	true	0.00000000000000
11821	875	-	71801	10945	16	0a32df5c190ec3471475fc9298b72b7a5954c231c68df406eea545e67b073a0c	1	5	1	1	0	true	false	0	0	true	0.00000000000000
11821	10945	+	81871	152797	21	31652bf514bb420274ff9860478a3292cf093aab27d4f6267d89588601bf4c76	1	125	1	1	0	true	false	0	0	true	0.00000000000000
11821	10945	-	81871	875	16	0a32df5c190ec3471475fc9298b72b7a5954c231c68df406eea545e67b073a0c	1	5	1	1	0	false	false	0	0	true	NA
11833	1970	+	72968	143966	28	d2c20f4d2ecf3467fb94a6bb7d2cd0f8f8d6c7a5e91c38887f74cfb13a631d8f	1	15625	1	1	0	true	false	0	0	true	0.00000000000000
11833	1970	-	72968	9862	26	15e742ad5b84b0cd4d8d37aa0662bae1ccfd37f476eef114b705e56ae9a64bdb	1	5225	209	11*19	2	false	false	0	0	true	NA
11833	2855	+	73853	144851	21	011a828967d35f75a37044037ec401c53955f370b9bd59f36de402e11f0f48a9	1	125	1	1	0	true	false	0	0	true	0.00000000000000
11833	2855	-	73853	8977	16	5d42a55f45f9c169b3c4f2c697c53b163f4d1b34b297fdb33eb158a6b938c2ed	1	5	1	1	0	false	false	0	0	true	NA
11833	8977	+	79975	150973	16	5d42a55f45f9c169b3c4f2c697c53b163f4d1b34b297fdb33eb158a6b938c2ed	1	5	1	1	0	true	false	0	0	true	0.00000000000000
11833	8977	-	79975	2855	16	5d42a55f45f9c169b3c4f2c697c53b163f4d1b34b297fdb33eb158a6b938c2ed	1	5	1	1	0	false	false	0	0	true	NA
11833	9862	+	80860	151858	23	07403d8de37bfde4246dfef78ea7ff6539c15ca9120a79f21b668f9f4d307b03	1	425	1	1	0	true	false	0	0	true	0.00000000000000
11833	9862	-	80860	1970	26	cb16a8bef26220e640d2382b35c562ae37eabfd4850e074d0473ee021a41a7eb	1	4675	187	11*17	2	false	false	0	0	true	NA
11839	3153	+	74187	145221	21	be8259a40870e270535aaaa6d8ff7ec1dcefcfbf3615d05d5119d1113bac3c89	1	125	1	1	0	true	false	0	0	true	0.00000000000000
11839	3153	-	74187	8685	30	279a764c6efc834e17335d4baec7eaaa08bc6e762e2f1c71bd4420e00a621bb0	1	49775	1991	11*181	2	false	false	0	0	true	NA
11839	8685	+	79719	150753	27	9d141c700c856396b65125dceed5207a5b2cebf5949555f8d4b79ec221170f0b	1	10625	1	1	0	true	false	0	0	true	0.00000000000000
11839	8685	-	79719	3153	21	be8259a40870e270535aaaa6d8ff7ec1dcefcfbf3615d05d5119d1113bac3c89	1	125	1	1	0	false	false	0	0	true	NA
11887	2921	+	74243	145565	26	2249a080aab036f1511dda5e6efb47b859a2f1a4a7ec758e7ce033e4a9571807	1	3125	1	1	0	true	false	0	0	true	0.00000000000000
11887	2921	-	74243	8965	21	d3fa84da486894f80eca6e16996c5497861592a3fe45333c21675ccf707965d8	1	125	1	1	0	false	false	0	0	true	NA
11887	3059	+	74381	145703	30	d1b7cd53b1ca749ed79f387cfe5d5f50ef6b983eb11d04274900e7ff5a881cf7	1	56375	451	11*41	2	true	false	0	0	true	0.329595855022970
11887	3059	-	74381	8827	29	8f20dcad941ee567bb4f05f2ddb290638beef48e40957bc7c60b00b83b115b13	1	42845	8569	11*19*41	3	false	false	0	0	true	NA
11887	8827	+	80149	151471	21	d3fa84da486894f80eca6e16996c5497861592a3fe45333c21675ccf707965d8	1	125	1	1	0	true	false	0	0	true	0.00000000000000
11887	8827	-	80149	3059	19	9f722dfcd0fdf77252280f596b2b7705f656457a26219f5ebf377c20340a643b	1	25	1	1	0	false	false	0	0	true	NA
11887	8965	+	80287	151609	29	c9e7088f9b17585267824df88def5900c2a9ecc8b9cb14c54a52bd766233546f	1	36125	1	1	0	true	false	0	0	true	0.00000000000000
11887	8965	-	80287	2921	21	d3fa84da486894f80eca6e16996c5497861592a3fe45333c21675ccf707965d8	1	125	1	1	0	false	false	0	0	true	NA
11903	3097	+	74515	145933	21	73381de8de895b47d46d43d7cb726c79535b8f03e5fcfe9b70442bfda98933a2	1	125	1	1	0	true	false	0	0	true	0.00000000000000
11903	3097	-	74515	8805	29	14272c4e3a344c366c5a75225ceb212cb4e914a745128703f228f484395aea3d	1	26125	209	11*19	2	false	false	0	0	true	NA
11903	8805	+	80223	151641	26	a3b8363d67c594512383d0785af8459730ac10ab531f4f271798df0502db1e45	1	3125	1	1	0	true	false	0	0	true	0.00000000000000
11903	8805	-	80223	3097	16	8f5460abff50dcc31d87053703e5bc2d949079c16cc3de9888e96388275dd81e	1	5	1	1	0	false	false	0	0	true	NA
11939	2073	+	73707	145341	25	442b5acc849242ffd73576d76eb6619bc7ad8cb4a8705ebfbea0c949c77c7bf3	1	2375	19	19	1	true	false	0	0	true	0.158951306542369
11939	2073	-	73707	9865	29	610296414cc25c00e5f45a4fd6e12f798ff35be6c14bf8110d67a4ea8f78f5fd	1	26125	209	11*19	2	false	false	0	0	true	NA
11939	3269	+	74903	146537	26	8751067afccf1a0aac3bd9cc0f97f1f31ebf2b123001c4caa9ae1257a01dd6a3	1	4625	37	37	1	true	false	0	0	true	0.194578093543446
11939	3269	-	74903	8669	24	9fbbcdb4bd5a285a2dc4041119094a03908864031b613b88c9e6c48430516e40	1	1375	11	11	1	false	false	0	0	true	NA
11939	8669	+	80303	151937	24	9fbbcdb4bd5a285a2dc4041119094a03908864031b613b88c9e6c48430516e40	1	1375	11	11	1	true	false	0	0	true	0.128248581802671
11939	8669	-	80303	3269	24	9fbbcdb4bd5a285a2dc4041119094a03908864031b613b88c9e6c48430516e40	1	1375	11	11	1	false	false	0	0	true	NA
11939	9865	+	81499	153133	24	9fbbcdb4bd5a285a2dc4041119094a03908864031b613b88c9e6c48430516e40	1	1375	11	11	1	true	false	0	0	true	0.128042599024571
11939	9865	-	81499	2073	30	a2f2e2036ca6ee23818348139184c5935f780bed1a0bcd8b59972e9991180250	1	50875	407	11*37	2	false	false	0	0	true	NA
11959	1795	+	73549	145303	25	ec71dd42399f9b584a9c3c8fa2b2875de29f80e4cde0713ea783a0d64eed78a4	1	2375	19	19	1	true	false	0	0	true	0.158980670201666
11959	1795	-	73549	10163	23	883a4bf820e41e30abbc35ee2826ccadd4e257caf165c5782a726c43c345cb87	1	625	1	1	0	false	false	0	0	true	NA
11959	10163	+	81917	153671	24	652c76a2d5f98f9e6ea9df051f09e479e085d908f22787c0a9d05cb0775573b0	1	1375	11	11	1	true	false	0	0	true	0.127972434133399
11959	10163	-	81917	1795	16	ba178aed77baa7f68d0d595c9c28418ed2f487a35d385633c628e190de68139f	1	5	1	1	0	false	false	0	0	true	NA
11971	3330	+	75156	146982	23	5063a5f7bc4d8337fe0771bb4cbe4d1fb0e2117b5b5cb948dc7284236c5f203a	1	475	19	19	1	true	false	0	0	true	0.158616357148761
11971	3330	-	75156	8640	33	638905344d8a5d5ec23d839391dda9795819ae7cdd6ad2b09bf32bd4e5a9912b	1	559625	4477	11^2*37	2	false	false	0	0	true	NA
11971	4303	+	76129	147955	24	09af5948f7814d4f95e46435028330d3b73b02789ffc1161df31a9859d841ab0	1	935	11	11	1	true	false	0	0	true	0.128989043017496
11971	4303	-	76129	7667	20	677ebfd247b1a817d893878309636727a98f1a56c5213b3fa5013b8d272321cd	1	55	11	11	1	false	false	0	0	true	NA
11971	4994	+	76820	148646	27	c6e028cdddb48f30ab1cfaef34734e75bff3c4ac87ca642d4d9f643c1f2976e1	1	6919	407	11*37	2	true	false	0	0	true	0.322924620656860
11971	4994	-	76820	6976	18	ec013e3516c762c0ff1087914fd8988cad84695a393ce3c531815ef94798f49e	1	11	11	11	1	false	false	0	0	true	NA
11971	6976	+	78802	150628	22	344fb66bdc8a5632e4587fc13000807a68933a8309f40857ced987f078c9d3f0	1	275	11	11	1	true	false	0	0	true	0.128516957203601
11971	6976	-	78802	4994	19	bb51a09af590877ef2f5fbdd676f45fbc7f9424a7e2297209b8fa75c6606339d	1	25	1	1	0	false	false	0	0	true	NA
11971	7667	+	79493	151319	35	45745da3441c8c187d00a253f307b40ef465210b4fc0435c764cf48bc91af715	1	2437375	1147	31*37	2	true	false	0	0	true	0.377190943668092
11971	7667	-	79493	4303	21	82117fec6ceccaf0cb36f9fddcebc9154f7ee46111d5cd65d26345fd8762024c	1	125	1	1	0	false	false	0	0	true	NA
11971	8640	+	80466	152292	28	320cf3ec212c2dfa53e0eea45c90e231dccce7c7b037d631cd7cb0faefc6d32a	1	15625	1	1	0	true	false	0	0	true	0.00000000000000
11971	8640	-	80466	3330	30	e7003b1ee5bd59e49ce121dd8c68c22d00b7745720dc1bc2a84a912565e40c0b	1	75625	121	11^2	1	false	false	0	0	true	NA
11981	213	+	72099	143985	21	1ccfe54b991fcf6fbc3a3d9dd66ab09bdac16990fa2a3e6b02d1e93296d06114	1	125	1	1	0	true	false	0	0	true	0.00000000000000
11981	213	-	72099	11767	21	1ccfe54b991fcf6fbc3a3d9dd66ab09bdac16990fa2a3e6b02d1e93296d06114	1	125	1	1	0	true	true	0	0	true	0.00000000000000
11981	11767	+	83653	155539	25	8e2f172d977667db4ea0e4678419446b627ddb03d7d227a3e087859fd49f6d69	1	2125	1	1	0	true	false	0	0	true	0.00000000000000
11981	11767	-	83653	213	23	ac599e1eb879c4206669e33cd3989632a03066ad6291f9cb9ac13809059be395	1	625	1	1	0	false	false	0	0	true	NA
12043	435	+	72693	144951	30	ee6b1df111e31eb07a36865c853eea17d0cbf44dac299d594d0d47de9283dd2e	1	59375	19	19	1	true	false	0	0	true	0.159181315603290
12043	435	-	72693	11607	25	e9804a1f1def2fdde3b57e806bf765b4e0e66849da334b27dc7d004cffc1ca5d	1	2125	17	17	1	true	true	0	0	true	0.153168270995835
12043	11607	+	83865	156123	25	e9804a1f1def2fdde3b57e806bf765b4e0e66849da334b27dc7d004cffc1ca5d	1	2125	1	1	0	true	false	0	0	true	0.00000000000000
12043	11607	-	83865	435	16	dbbc82316c45aa21f859df012eb62671f57955413f445a02b81b667e90c751af	1	5	1	1	0	false	false	0	0	true	NA
12049	4692	+	76986	149280	21	d82a2985d39746fe36c908389ac5dfee426b0aabb33112fbe964d9f1552a4843	1	125	1	1	0	true	false	0	0	true	0.00000000000000
12049	4692	-	76986	7356	24	f03b15395d01ee8e654d78813ebac8a80c75ea9741d412941f0afb2bab15ff65	1	1375	11	11	1	false	false	0	0	true	NA
12049	7356	+	79650	151944	25	c3569ce4fc6b56015e7274a0e1b6e2a345203dff42da2297e846d578010b2871	1	2125	1	1	0	true	false	0	0	true	0.00000000000000
12049	7356	-	79650	4692	24	f03b15395d01ee8e654d78813ebac8a80c75ea9741d412941f0afb2bab15ff65	1	1375	11	11	1	false	false	0	0	true	NA
12101	5260	+	77866	150472	19	77bc63519ad194efce6a8fd09984684303b166bdd389de4cc82990206453300e	1	25	1	1	0	true	false	0	0	true	0.00000000000000
12101	5260	-	77866	6840	26	bae1fc7fbc226cdf36729bbb8c9b9bc5da9ecbdef2468045db50fee1529ea07b	1	3025	121	11^2	1	false	false	0	0	true	NA
12101	6840	+	79446	152052	19	77bc63519ad194efce6a8fd09984684303b166bdd389de4cc82990206453300e	1	25	1	1	0	true	false	0	0	true	0.00000000000000
12101	6840	-	79446	5260	22	263dfc3ac7b029ce85f5ab2753d95c73dda3f13be8bda597db5a1be45023e111	1	275	11	11	1	false	false	0	0	true	NA
12109	2856	+	75510	148164	22	047e66ff712502ea83b4f131a02aabe85ed7911d66b46d1276ca5d0476e1a522	1	187	11	11	1	true	false	0	0	true	0.129109538985778
12109	2856	-	75510	9252	18	f698976301e7154ad4760ba6432c52ff989461db6b5e9e1e19bbc10cc9a0317a	1	11	11	11	1	false	false	0	0	true	NA
12109	9252	+	81906	154560	21	79e9781e4ae78b6d8571cd647de2db6ce5caca039e2d5380306795714dcb413b	1	125	1	1	0	true	false	0	0	true	0.00000000000000
12109	9252	-	81906	2856	19	136ef3b1ad6eda049c89271042d1ba92161c1f60c2248b028fd1d99f11e322b8	1	25	1	1	0	false	false	0	0	true	NA
12119	2868	+	75582	148296	22	2545f4b5b01507e69600cb6f24d13d2fcbaaf5e5dc0dc482c1f659f1f53b42b0	1	275	11	11	1	true	false	0	0	true	0.129096659730918
12119	2868	-	75582	9250	14	9d454d058c09de972fd906045e6e3ecb1f5f8088b99bfb20b2d1e0cc6f410a83	1	1	1	1	0	false	false	0	0	true	NA
12119	9250	+	81964	154678	19	099966b7a49bf4237340e8f30d8b9b03507d5afde19a6956aae45782fd85adba	1	25	1	1	0	true	false	0	0	true	0.00000000000000
12119	9250	-	81964	2868	19	099966b7a49bf4237340e8f30d8b9b03507d5afde19a6956aae45782fd85adba	1	25	1	1	0	false	false	0	0	true	NA
12149	1277	+	74171	147065	31	b33d04fe3c42af07e2ff7871fde689a35a1a41b36639ac9c49b15bf8fa6cbbdb	1	130625	209	11*19	2	true	false	0	0	true	0.288203831224643
12149	1277	-	74171	10871	37	9ed9eccf85b1ae3d05b8c0bb6697a492ba93d3b0d2a840c1c18dc19633b5393c	1	8044375	12871	61*211	2	true	false	0	0	true	0.510487642096067
12149	10871	+	83765	156659	21	c9db19edaf2e8ebfeed1ca7c7227e09457da3da041e2d2553b4c7d2c0ad60894	1	125	1	1	0	true	false	0	0	true	0.00000000000000
12149	10871	-	83765	1277	16	50993ab2a7c3b2b0e6465a1d16259cba077439c73160aea7cabbe9efe14c5553	1	5	1	1	0	false	false	0	0	true	NA
12211	5468	+	78734	152000	19	5dac9975d54155af85bdb84d19abccce6503136a9f07c37eef8d4fa8c51e26ff	1	25	1	1	0	true	false	0	0	true	0.00000000000000
12211	5468	-	78734	6742	22	11c8b35c56eaaa33ad53484f139d97aba44a548884d6909d62e5ab053bec8f9b	1	275	11	11	1	false	false	0	0	true	NA
12211	6742	+	80008	153274	22	11c8b35c56eaaa33ad53484f139d97aba44a548884d6909d62e5ab053bec8f9b	1	275	11	11	1	true	false	0	0	true	0.128303670846515
12211	6742	-	80008	5468	23	afd16f9111ba1dc0671f7f00b62c2edbf4c76198238e9a82f23983ff90d1d554	1	625	1	1	0	false	false	0	0	true	NA
12239	5024	+	78458	151892	27	cad4bba3e4477a11f49a9e2a4b7c41f6f56eb2933f97cdba58d3cfff965b2501	1	10625	1	1	0	true	false	0	0	true	0.00000000000000
12239	5024	-	78458	7214	29	cde438657c46e5cbb798125401ce2985ede73d6c672a88d40ececae78bc4e883	1	34375	11	11	1	false	false	0	0	true	NA
12239	7214	+	80648	154082	26	60b82dd318ace2791afece55488c9862435f6be8a48fbacc7c6ae2114def6b30	1	3025	121	11^2	1	true	false	0	0	true	0.256392276071072
12239	7214	-	80648	5024	28	77f03607803fc5c8fa754a732ad881b6fa03d1e80adcc15484ba9dffe4502d08	1	16225	649	11*59	2	false	false	0	0	true	NA
12241	2239	+	75685	149131	20	dc2788d679df5de1a60d831429e1cbfb3ce40802b4ab17035f9a8dd9d033e8f2	1	55	11	11	1	true	false	0	0	true	0.129055543317473
12241	2239	-	75685	10001	24	c5a44a6995ec7162aa03b2bfb615ef80489639601fd894ae43fff8d0bb1e79ed	1	1045	209	11*19	2	false	false	0	0	true	NA
12241	10001	+	83447	156893	21	640b11b79ff931cade073a14f39b9cce5e8a4b056864dfcf80d9adf81e495369	1	125	1	1	0	true	false	0	0	true	0.00000000000000
12241	10001	-	83447	2239	20	dc2788d679df5de1a60d831429e1cbfb3ce40802b4ab17035f9a8dd9d033e8f2	1	55	11	11	1	false	false	0	0	true	NA
12253	2090	+	75608	149126	19	5987dbb10787af5b35f95c51c61c1f37f431034ffa38ba631fe1f127bf2b8e25	1	25	1	1	0	true	false	0	0	true	0.00000000000000
12253	2090	-	75608	10162	19	5987dbb10787af5b35f95c51c61c1f37f431034ffa38ba631fe1f127bf2b8e25	1	25	1	1	0	false	false	0	0	true	NA
12253	3017	+	76535	150053	19	5987dbb10787af5b35f95c51c61c1f37f431034ffa38ba631fe1f127bf2b8e25	1	25	1	1	0	true	false	0	0	true	0.00000000000000
12253	3017	-	76535	9235	16	d0bcb0b4444357e6d3ac41225d72c2e270529634313321dac9cda526551f8281	1	5	1	1	0	false	false	0	0	true	NA
12253	9235	+	82753	156271	20	90dc6e58ed5b35801dacd4b66a107b4a487542a61cd546ba4af5833dbe7bfb46	1	55	11	11	1	true	false	0	0	true	0.127844923825254
12253	9235	-	82753	3017	21	95a3b9e5abaf6c52ab097db5b78aeee2901f54bb6ca1247b1b09bddc798dbd24	1	95	19	19	1	false	false	0	0	true	NA
12253	10162	+	83680	157198	19	5987dbb10787af5b35f95c51c61c1f37f431034ffa38ba631fe1f127bf2b8e25	1	25	1	1	0	true	false	0	0	true	0.00000000000000
12253	10162	-	83680	2090	23	58af69dcaefdbca4c22d4a7e130f0aaad9fb16a6c02084f17098961b233552df	1	625	1	1	0	false	false	0	0	true	NA
12269	3792	+	77406	151020	31	792f89ec841b72ec4e805046bf7533fb5c7d1ad427db8f9ec616f72dd1ea84d7	1	130625	209	11*19	2	true	false	0	0	true	0.286882952159684
12269	3792	-	77406	8476	21	c7f2f55df90bc3170a94360ed9415777b531f014d796aec319ab0371b9b23ccf	1	125	1	1	0	false	false	0	0	true	NA
12269	8476	+	82090	155704	19	6976c501f5cfebbb302bca6bd26adce5e54cd46c835b0dc2fa17f98ec7526a38	1	25	1	1	0	true	false	0	0	true	0.00000000000000
12269	8476	-	82090	3792	28	f74c11873f5045dc9b1304d28e87b614d7af9054b5402c58cacd6d7f1d30c9b6	1	11875	19	19	1	false	false	0	0	true	NA
12277	5004	+	78666	152328	23	ee8c3451fa7f5a117f865bd6a5118cc80b1bc071cc0e4a3417d343f1b0eadb51	1	625	1	1	0	true	false	0	0	true	0.00000000000000
12277	5004	-	78666	7272	32	b1bd49071062da86863e66b97ee0cee760cba6f63798f4f82de0b842c677a84b	1	257125	2057	11^2*17	2	false	false	0	0	true	NA
12277	7272	+	80934	154596	21	66b4bd204081a6a1d39684b56030c6b7ce03aff89f33bdf4aecddc6bc7e9ef1c	1	125	1	1	0	true	false	0	0	true	0.00000000000000
12277	7272	-	80934	5004	19	d4c3c356d103f2c4cc771db4950ae8c519af3316244fe75561e3dae746f6b123	1	25	1	1	0	false	false	0	0	true	NA
12281	598	+	74284	147970	28	7f2ee5758cd589c9ab4962c14f14e39cc9cf77a40bbf7d1fd261d3119a98c0e3	1	11875	19	19	1	true	false	0	0	true	0.158818306746007
12281	598	-	74284	11682	29	fd9602b2c0204d2baca3db1ca0ebdf9b5a6d5d88f850e8b50c9fd94be2879744	1	23125	37	37	1	true	true	0	0	true	0.194767109368771
12281	11682	+	85368	159054	21	91c758a3ae7207ff83fa4dc2e2297f7033c80e734cd6ac1a59e626b55f890656	1	121	121	11^2	1	true	false	0	0	true	0.254852716923880
12281	11682	-	85368	598	19	bae80b6195378281ff8f3119ba6c4fbfb0493fff2777db61779a6b8b7ad6dbdd	1	25	1	1	0	false	false	0	0	true	NA
12301	3304	+	77110	150916	23	5023193c2bfdef5bea936c9da61ceeb2c5698dde382e6b84c026b2f5cbc73a37	1	425	1	1	0	true	false	0	0	true	0.00000000000000
12301	3304	-	77110	8996	23	5023193c2bfdef5bea936c9da61ceeb2c5698dde382e6b84c026b2f5cbc73a37	1	425	17	17	1	false	false	0	0	true	NA
12301	8996	+	82802	156608	19	96354d832dedf634bb427a69c338a5bbcd3f401c80b5c13f9e03ef043862a994	1	25	1	1	0	true	false	0	0	true	0.00000000000000
12301	8996	-	82802	3304	22	717a54807ceae21c9975853d341da9913a4ba0bd0c96e6fc6ac426b1399358b9	1	275	11	11	1	false	false	0	0	true	NA
12329	1200	+	75174	149148	19	1555f37a527f157daf03481d802f06393c3ae1cfff5d7b434ec21aa2e26c18fe	1	25	1	1	0	true	false	0	0	true	0.00000000000000
12329	1200	-	75174	11128	19	1555f37a527f157daf03481d802f06393c3ae1cfff5d7b434ec21aa2e26c18fe	1	25	1	1	0	true	false	0	0	true	0.00000000000000
12329	11128	+	85102	159076	27	469061632a07c9d5b20cde7b465bd31b69a40189902af2daffdc349830e9692a	1	6875	11	11	1	true	false	0	0	true	0.127466403247673
12329	11128	-	85102	1200	19	1555f37a527f157daf03481d802f06393c3ae1cfff5d7b434ec21aa2e26c18fe	1	25	1	1	0	false	false	0	0	true	NA
12343	5687	+	79745	153803	24	7dfacf5ae05d3d982ce0c5dc338d71df851d13f5c3c4490e402b24b6888731ca	1	935	11	11	1	true	false	0	0	true	0.128356617001515
12343	5687	-	79745	6655	20	96a0b8c4fcd88d1c0fd3ea537b904f1c773c6ebc175f4975323b2c5000a51e4b	1	55	11	11	1	false	false	0	0	true	NA
12343	6655	+	80713	154771	23	722f065469ee4b5614e525700881dd0571fd111ace4e756798b7585d6a1bcf36	1	625	1	1	0	true	false	0	0	true	0.00000000000000
12343	6655	-	80713	5687	16	003bd611f5c3aa38e08223a5a3d573dfbc057fd0bf38c8376f22a0130b762586	1	5	1	1	0	false	false	0	0	true	NA
12379	4922	+	79196	153470	25	4ea1a9708bcdcd41ca51186fa00e2538dee001da7218775e4263f39458385fa9	1	1375	11	11	1	true	false	0	0	true	0.128448656806230
12379	4922	-	79196	7456	31	0282ddd9da0b22e2acf8189a6383e4db966c93237ed13eda25fab0e193da6759	1	130625	209	11*19	2	false	false	0	0	true	NA
12379	7456	+	81730	156004	23	3b7b284838e956cc137f994f2b065a1217e6be01a4de0456c764221893eb3c28	1	425	1	1	0	true	false	0	0	true	0.00000000000000
12379	7456	-	81730	4922	22	d32e6a007bf2531ccc3dcc48ef6150a6bb5495bd57af13e917c3359783571193	1	275	11	11	1	false	false	0	0	true	NA
12401	2761	+	77167	151573	30	57fc02ceb36fb535d97e805a43ec956bc47796c09bbe0fd3031d43e6400e4c06	1	73625	589	19*31	2	true	false	0	0	true	0.342627644290102
12401	2761	-	77167	9639	22	f141eb0e6c7943a0303ebfc5b54f07bcb01380b2e17d6409e3f23ef477a5d92a	1	185	37	37	1	false	false	0	0	true	NA
12401	5142	+	79548	153954	27	9b306e2f7cc2636d41a5d0de5acdbd8e6eb44f25d9171fdb6ac64bbc7dc698b8	1	6875	11	11	1	true	false	0	0	true	0.128385601470332
12401	5142	-	79548	7258	29	9a4b0b8cf916d1bbb9ebc7b56febf077ba6928451460e67cad151923ecda55f1	1	34375	11	11	1	false	false	0	0	true	NA
12401	7258	+	81664	156070	23	95b91ca43ffbe68584ac3859383ceec8c6d2dfbd23cf721a730ac1c365659556	1	425	1	1	0	true	false	0	0	true	0.00000000000000
12401	7258	-	81664	5142	31	36bdc9eadecf4a33ef292db692cb085d5c07cd4218e8da1c8c8d1c319e2f3a52	1	116875	187	11*17	2	false	false	0	0	true	NA
12401	9639	+	84045	158451	31	1321b7729fa7c524366180e6efdb92067d7f80c4e375dc215c364944d322d7b2	1	130625	209	11*19	2	true	false	0	0	true	0.284371066634750
12401	9639	-	84045	2761	21	e98aa24c42e4ad16d2abc764d62a71e94ca46a20100fab63426ee215ce501df3	1	125	1	1	0	false	false	0	0	true	NA
12409	5704	+	80158	154612	21	dd98ec9a43a536186da51672c189c2d2e184c8edf3144f71165da6b7028e630b	1	125	1	1	0	true	false	0	0	true	0.00000000000000
12409	5704	-	80158	6704	30	ad296183e224cb5c46c5c996fcf703220f2b169443940afd2f5732b6a0b2e7fc	1	51425	2057	11^2*17	2	false	false	0	0	true	NA
12409	6704	+	81158	155612	19	60be9fc236483c638e17fd14b39bd7db9bc5a5c9aa5e843251d6fb3350542bd0	1	25	1	1	0	true	false	0	0	true	0.00000000000000
12409	6704	-	81158	5704	19	60be9fc236483c638e17fd14b39bd7db9bc5a5c9aa5e843251d6fb3350542bd0	1	25	1	1	0	false	false	0	0	true	NA
12413	422	+	74900	149378	28	3539f8d91a74f7338f9beda21fdb7aebed9e6bbaf0c072cc6eb263a0d133e787	1	20075	803	11*73	2	true	false	0	0	true	0.360408998671775
12413	422	-	74900	11990	25	17cf70cf481c1157be03a29546d36e6be06ba79c810bb90eff934fd029315535	1	1825	73	73	1	true	true	0	0	true	0.231195900510737
12413	11990	+	86468	160946	28	3161ec2da79cbad4e41e66b3a1f2f8a892957ff5787158ae2de9fa4b94f26c1f	1	11275	451	11*41	2	true	false	0	0	true	0.324275228742364
12413	11990	-	86468	422	33	1d468379a170f7626008e5dd53da8af31ee19f1f546991454295f82ed34a89d9	1	665225	26609	11*41*59	3	false	false	0	0	true	NA
12421	3635	+	78161	152687	26	3e6a51c5b5b321069684fedb74083976aeace7d83e86b65a91702fc59bca777c	1	4625	37	37	1	true	false	0	0	true	0.193696401168162
12421	3635	-	78161	8785	16	a55d878d3e431213a52a75c466e9da42b7d5b039f22abe35e604085c2ebfbff9	1	5	1	1	0	false	false	0	0	true	NA
12421	4678	+	79204	153730	26	c20c7ca2cba91848c54de1443673c03c23e9bb9327182fce70c55a8ad5d987ab	1	3025	121	11^2	1	true	false	0	0	true	0.256897313612459
12421	4678	-	79204	7742	29	42960fed7f7fbfc03e4c48f21ad0838fdcae7410cd3038b5fbce665cb9fa1a26	1	26125	209	11*19	2	false	false	0	0	true	NA
12421	7742	+	82268	156794	24	cf291e475e006f0b44f00398f86e3ab1bfbfdfa51f50743905d7cdc216933fc7	1	925	37	37	1	true	false	0	0	true	0.192604810476852
12421	7742	-	82268	4678	22	693514b5de72e8b477c0d5d12a6d3f9de1728dbfc37ce3fa36297d2d40bf1b2d	1	275	11	11	1	false	false	0	0	true	NA
12421	8785	+	83311	157837	19	73ba05cc34200f06b6353d8f2e37e616debde7284d1ddcf60952cf5ffdfe0868	1	25	1	1	0	true	false	0	0	true	0.00000000000000
12421	8785	-	83311	3635	20	796d523ed747c2371617be6696f9669376dba826e7fa7b986de3397d5797e34e	1	55	11	11	1	false	false	0	0	true	NA
12451	2377	+	77083	151789	29	703d87bb295ba7f3177cf4bda81cceaaf3b4e151818f48f8e8c654a627859f65	1	26125	209	11*19	2	true	false	0	0	true	0.286972263542466
12451	2377	-	77083	10073	25	d7241e64577628c81eb48a3d22f25838f9f4d419d2351bbcf9cbe3dc671269e6	1	2375	19	19	1	false	false	0	0	true	NA
12451	2524	+	77230	151936	23	1b4da36ba2378a9aed5cf642afc525a541497f8bc896f69ef114bf72a8fcdd3b	1	425	1	1	0	true	false	0	0	true	0.00000000000000
12451	2524	-	77230	9926	22	3c69e108d325b96e01d6640f94c783be83bed7eb1324402a36ce057a37726536	1	275	11	11	1	false	false	0	0	true	NA
12451	9926	+	84632	159338	19	b0ef7ebbe836e743188a84469f680f88d3c26c7a601ffe2f9dcc9e905756bf77	1	25	1	1	0	true	false	0	0	true	0.00000000000000
12451	9926	-	84632	2524	18	862dd992bf8a459e96a81b9e26284d4f9d9044b6f570514dfeeed31b64982202	1	11	11	11	1	false	false	0	0	true	NA
12451	10073	+	84779	159485	16	660c92ca4d46b1e00fb66d314a1d5a29c7895e87becface28c5be3c96eda09d0	1	5	1	1	0	true	false	0	0	true	0.00000000000000
12451	10073	-	84779	2377	16	660c92ca4d46b1e00fb66d314a1d5a29c7895e87becface28c5be3c96eda09d0	1	5	1	1	0	false	false	0	0	true	NA
12457	5801	+	80543	155285	23	50b85783f4e40d7ccf2dc3eee3e0ed92909ab965519a7ccab92e168fe0f7bce6	1	625	1	1	0	true	false	0	0	true	0.00000000000000
12457	5801	-	80543	6655	25	f02dc725c1880a4279ef3a2b1773d5e0a302df625030e85e537ce2533d095cd7	1	1375	11	11	1	false	false	0	0	true	NA
12457	6655	+	81397	156139	20	d2f75a5dcc2fec66a14ddaa6f980f522ac82971f6a2a0a15eff0acddb955aa2f	1	55	11	11	1	true	false	0	0	true	0.128070787802525
12457	6655	-	81397	5801	21	253dc83d00f848d23b9aa3011b0c217d38d176828cb0e6f6ffbb34f2959505f5	1	125	1	1	0	false	false	0	0	true	NA
12497	177	+	75159	150141	21	de2f015e35470f997be69b15396cf2bc3043925764f3d8829dbce0207009b773	1	125	1	1	0	true	false	0	0	true	0.00000000000000
12497	177	-	75159	12319	21	de2f015e35470f997be69b15396cf2bc3043925764f3d8829dbce0207009b773	1	125	1	1	0	true	true	0	0	true	0.00000000000000
12497	1124	+	76106	151088	34	9a9e91f9c088ef257105de9b4be87c8c3fad2cb32047344af9cedc039e760d6b	1	1326875	2123	11*193	2	true	false	0	0	true	0.412082879043207
12497	1124	-	76106	11372	22	ee80b91c2f8e427392a8c0b941e81d906f0e8b7726352f9b9b6c73d33b057dc8	1	275	11	11	1	true	false	0	0	true	0.128989043017496
12497	11372	+	86354	161336	21	de2f015e35470f997be69b15396cf2bc3043925764f3d8829dbce0207009b773	1	125	1	1	0	true	false	0	0	true	0.00000000000000
12497	11372	-	86354	1124	23	56a1bc222bec23cf0868dc897fce3d172d9cb2aaf62790423a9e11663685c99f	1	425	17	17	1	false	false	0	0	true	NA
12497	12319	+	87301	162283	21	de2f015e35470f997be69b15396cf2bc3043925764f3d8829dbce0207009b773	1	125	1	1	0	true	false	0	0	true	0.00000000000000
12497	12319	-	87301	177	20	5835d6bc4bc250f13c52f1b50c05990e5cf9b74452e5aebc69654046195c203a	1	55	11	11	1	false	false	0	0	true	NA
12539	3628	+	78862	154096	26	f4d17248b397076aebf82d34b4c7f5ffd3af5ea9d1ce5847ee439a4185fb5cd5	1	5225	209	11*19	2	true	false	0	0	true	0.286293640782882
12539	3628	-	78862	8910	19	df25fa668c9a9803842d6b68e5f5e0706f1d0dac224fb506875e5cde286a92bb	1	25	1	1	0	false	false	0	0	true	NA
12539	3701	+	78935	154169	37	004bc5be46534a9f73f087f151995fc399b4f49397019c8c57f17c70d03a0ec5	1	5889125	47113	11*4283	2	true	false	0	0	true	0.576607687972551
12539	3701	-	78935	8837	22	8fe46c27b64029dd8cbf70bba33e23c9c606ac5526f6c0c3861df0f6a5c41b68	1	205	41	41	1	false	false	0	0	true	NA
12539	8837	+	84071	159305	19	df25fa668c9a9803842d6b68e5f5e0706f1d0dac224fb506875e5cde286a92bb	1	25	1	1	0	true	false	0	0	true	0.00000000000000
12539	8837	-	84071	3701	25	240e8fb443ac16aae45047931a8e82f5b5bf823fde9e2b4b3cddb05cd42d8c0e	1	1375	11	11	1	false	false	0	0	true	NA
12539	8910	+	84144	159378	24	d511eb05bcc24cf683851cbc8f33abcf76de67da930bcc86f7fcdc491229a741	1	925	37	37	1	true	false	0	0	true	0.192157175135937
12539	8910	-	84144	3628	19	df25fa668c9a9803842d6b68e5f5e0706f1d0dac224fb506875e5cde286a92bb	1	25	1	1	0	false	false	0	0	true	NA
12541	2926	+	78172	153418	22	f21c6303001fb613415703823e318510b02b532475b461ab3a5d726c1ce5d248	1	275	11	11	1	true	false	0	0	true	0.128627594411049
12541	2926	-	78172	9614	22	f21c6303001fb613415703823e318510b02b532475b461ab3a5d726c1ce5d248	1	275	11	11	1	false	false	0	0	true	NA
12541	5101	+	80347	155593	23	95b3bbea460e7d4d385adfe5d50f8fff975208bda472581345d74cf1014fd724	1	625	1	1	0	true	false	0	0	true	0.00000000000000
12541	5101	-	80347	7439	32	bc173837b44226d0ca8497e6659cda379515e17fb315e5b2ea9e70a695be558c	1	287375	2299	11^2*19	2	false	false	0	0	true	NA
12541	7439	+	82685	157931	23	95b3bbea460e7d4d385adfe5d50f8fff975208bda472581345d74cf1014fd724	1	625	1	1	0	true	false	0	0	true	0.00000000000000
12541	7439	-	82685	5101	21	fc910dac4e0d65f0d49238123511b56dc5a468d228c61defa5b5441a4b2b447a	1	125	1	1	0	false	false	0	0	true	NA
12541	9614	+	84860	160106	19	b74d870924311dda44e12db37369ec5f34f405f340cb9c79d844318c439f6f03	1	25	1	1	0	true	false	0	0	true	0.00000000000000
12541	9614	-	84860	2926	28	e1a8abcc944a89234ea5954bbde3ddb6d6e48a438751d06bc4248a42fd0d0bce	1	12475	499	499	1	false	false	0	0	true	NA
12547	2784	+	78066	153348	29	d4d20398c04932395a0d7d24a1d73f02b18c623ff005ee2191446c69b799896b	1	42625	341	11*31	2	true	false	0	0	true	0.312869177023431
12547	2784	-	78066	9762	22	9c676b804157e09c2c72b0c2c6c8e2fab70389efdb7fa11985f1bde47274d5fa	1	275	11	11	1	false	false	0	0	true	NA
12547	9762	+	85044	160326	29	41790fe2d56bc5cf51996a8b4248330d04910f14f3c6a065bb53f4283c8eb7e3	1	34375	11	11	1	true	false	0	0	true	0.127470861540328
12547	9762	-	85044	2784	21	95b74a605772de2665de3e53cfe8bcc2f83891684bdc90b7d128607cc9aa5001	1	125	1	1	0	false	false	0	0	true	NA
12601	382	+	75988	151594	23	8bff07a2a895319d57a38d4b1a58ed376ddfc535664db1eada58ec0d75d865f5	1	625	1	1	0	true	false	0	0	true	0.00000000000000
12601	382	-	75988	12218	23	8bff07a2a895319d57a38d4b1a58ed376ddfc535664db1eada58ec0d75d865f5	1	625	1	1	0	true	true	0	0	true	0.00000000000000
12601	12218	+	87824	163430	19	a7b2c400d7ecd31f9bec1f710faba43e4029572e866994a2fe190e6c8a033188	1	25	1	1	0	true	false	0	0	true	0.00000000000000
12601	12218	-	87824	382	19	a7b2c400d7ecd31f9bec1f710faba43e4029572e866994a2fe190e6c8a033188	1	25	1	1	0	false	false	0	0	true	NA
12613	2821	+	78499	154177	20	f1c5a00417d28bae3a648028d10eb589487e266406f789e75ba1bd674140ac12	1	55	11	11	1	true	false	0	0	true	0.128543902439861
12613	2821	-	78499	9791	21	ebc18b4dd84a43f1e50fb54f59af3b7c5c308d343087fe432351b56974b43bb2	1	95	19	19	1	false	false	0	0	true	NA
12613	4877	+	80555	156233	30	b93a3eb7dc6e267969d0a2e34e33ba33d9a83094f0c9db07f636cb9684854411	1	47375	379	379	1	true	false	0	0	true	0.317455782127968
12613	4877	-	80555	7735	22	58a8ee55b04e518812360433e256e9786d8b2bef45870fb671c421afb95a29b8	1	275	11	11	1	false	false	0	0	true	NA
12613	7735	+	83413	159091	27	57ed9e07aad3f34f1f0375e2b6a83e0cc7d78079051046266b6c5608ff6f4258	1	6875	11	11	1	true	false	0	0	true	0.127734812363695
12613	7735	-	83413	4877	16	bda16ee226f92fd7606ee5d459654aec850bcb876afc3539f7d77e9798a1d008	1	5	1	1	0	false	false	0	0	true	NA
12613	9791	+	85469	161147	21	ebc18b4dd84a43f1e50fb54f59af3b7c5c308d343087fe432351b56974b43bb2	1	95	19	19	1	true	false	0	0	true	0.156451118332958
12613	9791	-	85469	2821	20	f1c5a00417d28bae3a648028d10eb589487e266406f789e75ba1bd674140ac12	1	55	11	11	1	false	false	0	0	true	NA
12619	594	+	76308	152022	21	cd6bf28e33d73903259f476421ece854e2e30a840a8b69b2e658438050e8cba3	1	125	1	1	0	true	false	0	0	true	0.00000000000000
12619	594	-	76308	12024	19	bf271adcd5200d2c923ad92c48d6a8c34b4fe51940a7452d55de80201fbbf08d	1	25	1	1	0	true	true	0	0	true	0.00000000000000
12619	1594	+	77308	153022	19	bf271adcd5200d2c923ad92c48d6a8c34b4fe51940a7452d55de80201fbbf08d	1	25	1	1	0	true	false	0	0	true	0.00000000000000
12619	1594	-	77308	11024	21	cd6bf28e33d73903259f476421ece854e2e30a840a8b69b2e658438050e8cba3	1	125	1	1	0	false	false	0	0	true	NA
12619	11024	+	86738	162452	24	aa06af8a669e1f6c0c1687e5eb86b1337f1bd0b002645ddf097ed28230263c6e	1	1025	41	41	1	true	false	0	0	true	0.196995347937277
12619	11024	-	86738	1594	21	cd6bf28e33d73903259f476421ece854e2e30a840a8b69b2e658438050e8cba3	1	125	1	1	0	false	false	0	0	true	NA
12619	12024	+	87738	163452	26	aaf6f090d2a5067fef65116da5b514e78c13f567f9741b5fbc6cf40792ea7b52	1	3125	1	1	0	true	false	0	0	true	0.00000000000000
12619	12024	-	87738	594	19	bf271adcd5200d2c923ad92c48d6a8c34b4fe51940a7452d55de80201fbbf08d	1	25	1	1	0	false	false	0	0	true	NA
12641	1957	+	77803	153649	24	b9e0c1a53e95e59ff3b36aa6837bec3cbe7416a9c0aa3d503f238b41235ec5be	1	935	11	11	1	true	false	0	0	true	0.128694497692128
12641	1957	-	77803	10683	16	20bec7819ae24e59fc12e93adc8d6793db720670afb19a39a2a97e68c7d8c6de	1	5	1	1	0	false	false	0	0	true	NA
12641	10683	+	86529	162375	16	20bec7819ae24e59fc12e93adc8d6793db720670afb19a39a2a97e68c7d8c6de	1	5	1	1	0	true	false	0	0	true	0.00000000000000
12641	10683	-	86529	1957	30	1aca7433fb907ea142712a36ab197b59204a926488f9758dc47ebaf1abeb1b75	1	56375	451	11*41	2	false	false	0	0	true	NA
12689	2064	+	78198	154332	22	1f75f18e5c7f81b7492e1272254933d7b5eef9e231554383204301ebf029b3b3	1	275	11	11	1	true	false	0	0	true	0.128625124059231
12689	2064	-	78198	10624	19	308d515646f29abbb8c0e551662f6bceea01702340675543bbc5c808ebcc61ae	1	25	1	1	0	false	false	0	0	true	NA
12689	10624	+	86758	162892	19	308d515646f29abbb8c0e551662f6bceea01702340675543bbc5c808ebcc61ae	1	25	1	1	0	true	false	0	0	true	0.00000000000000
12689	10624	-	86758	2064	19	308d515646f29abbb8c0e551662f6bceea01702340675543bbc5c808ebcc61ae	1	25	1	1	0	false	false	0	0	true	NA
12713	5796	+	82074	158352	19	8c6516a18fb4d983619c1cd63e6df97ccf44e8fadf317188c667d2528736f951	1	25	1	1	0	true	false	0	0	true	0.00000000000000
12713	5796	-	82074	6916	27	18809f3596a43d020770f325de54015f328940bdf47ffa802f1c227fc78b0476	1	6875	11	11	1	false	false	0	0	true	NA
12713	6916	+	83194	159472	26	7831cb2ba220e7b4a2ceaefba01bcd76a2622854adbfc457ccfb2eb110df729b	1	4675	11	11	1	true	false	0	0	true	0.127775977703359
12713	6916	-	83194	5796	28	9f106a4f34b484789509e8facf1544f6cc1c05cdec1e19b59045093c69d79774	1	10625	17	17	1	false	false	0	0	true	NA
12721	2721	+	79047	155373	21	d104bba2204434138cda8e6e1df19d3633bd0e5e20e707016601c05e5bedc073	1	125	1	1	0	true	false	0	0	true	0.00000000000000
12721	2721	-	79047	9999	20	48830d75319f3c95999c386ee114368b1e4b4f3bbd3fe85136ad1d33114488b2	1	55	11	11	1	false	false	0	0	true	NA
12721	9999	+	86325	162651	29	8b226f29c3036627f2f2ab181dbb08c57a30ae017bdf188321b7165cbe9603c8	1	26125	209	11*19	2	true	false	0	0	true	0.283537973700720
12721	9999	-	86325	2721	29	8b226f29c3036627f2f2ab181dbb08c57a30ae017bdf188321b7165cbe9603c8	1	26125	209	11*19	2	false	false	0	0	true	NA
12739	931	+	77365	153799	25	61965b968493d13bc17d1af6814605c5dbd56f40a5baaca0409cb00a1089f46e	1	1375	11	11	1	true	false	0	0	true	0.128769299200965
12739	931	-	77365	11807	21	e43aa9b46f79d3ecd25b077de8f5ab905adccca6717cdd84ba9e24217ebc28c9	1	125	1	1	0	true	false	0	0	true	0.00000000000000
12739	11807	+	88241	164675	19	a08d81c69f595f8260a430a19c5d73d1c4f0027a31f3b4d3375188cada6186f5	1	25	1	1	0	true	false	0	0	true	0.00000000000000
12739	11807	-	88241	931	23	760eb779e101e5573ef1b8f350fa1b6af95db8a2f4319f4c8b462c96c6369155	1	625	1	1	0	false	false	0	0	true	NA
12757	3952	+	80494	157036	23	85106c9d2b5a4879ed14f65e22c33f19705ed91f8160267b31b9e72335e696de	1	625	1	1	0	true	false	0	0	true	0.00000000000000
12757	3952	-	80494	8804	14	ec0b407e89a684315d6982d9a060e764e833f6ec39e439ddec0afb0b5492036e	1	1	1	1	0	false	false	0	0	true	NA
12757	8804	+	85346	161888	25	9be4bc6a6a4cd90cfb8ad17298d396534e55af5d7d62892f2450eb95d421ade6	1	2375	19	19	1	true	false	0	0	true	0.156470193291932
12757	8804	-	85346	3952	28	537288ecd0f6a324959f1b893724a801aabfca8bbab2a1eb2170705436ea58ad	1	11875	19	19	1	false	false	0	0	true	NA
12781	5722	+	82408	159094	25	bebf25b9a75da65c8bbf366a42783d7ebc8173ad5c5908444bb0ea1da2331ba7	1	1375	11	11	1	true	false	0	0	true	0.127902703892392
12781	5722	-	82408	7058	36	62ab5ba13f0bae3135fd7f21e50c67f22fb24cfa2cc8e39b893ea6a82a18e5d4	1	2921875	187	11*17	2	false	false	0	0	true	NA
12781	7058	+	83744	160430	27	027258dd7cdf34d166f2eff1c9116aaecc76065e9045fdc3100519155ba90b9a	1	6875	11	11	1	true	false	0	0	true	0.127682431089389
12781	7058	-	83744	5722	23	7b10ab334859973fd633d299a01860d5811dd65d2cd4ec2136d730e5149e905c	1	425	17	17	1	false	false	0	0	true	NA
12809	5178	+	82032	158886	23	51fbc2302a9a5aa1052f11a7e89b4dcd5ebef58673c4fd9349896eb45d7b2fcc	1	625	1	1	0	true	false	0	0	true	0.00000000000000
12809	5178	-	82032	7630	25	9dd190af5bc3f0e3edbbf41569828d315c5aa619bda63863d41c2ed54452ac01	1	1375	11	11	1	false	false	0	0	true	NA
12809	7630	+	84484	161338	19	127943841c59eb50d9d5f2e5e971dc5ef6f74a4a1a8c00f046bdcafb0b2db878	1	25	1	1	0	true	false	0	0	true	0.00000000000000
12809	7630	-	84484	5178	23	9f41ef9ed6ecfa631bf90b8d40108c65306784441958c5202bfa28ed86fac0f5	1	475	19	19	1	false	false	0	0	true	NA
12823	235	+	77173	154111	27	453bb2d01435b908528b46aaa3b44c1a6be138de6c8ac138d24d059748d21a43	1	6875	11	11	1	true	false	0	0	true	0.128806885102640
12823	235	-	77173	12587	20	5f81176f42d6fcdf7703c59d201200789f0bc9e498ea9874066215f55de4b95b	1	55	11	11	1	true	true	0	0	true	0.128806885102640
12823	12587	+	89525	166463	26	d8b2f6c318fba2b6fedd4f3f24e3cbc05598370ba6569809102fc2543b549bfc	1	3125	1	1	0	true	false	0	0	true	0.00000000000000
12823	12587	-	89525	235	26	419d8dbf1e1b7338bad2395e2f51b938ecfb67a891066b63f59d3d6a191caa1e	1	3485	697	17*41	2	false	false	0	0	true	NA
12893	4440	+	81798	159156	23	898ded15d09fd055238cd9823536dadf0f3c64df8e754fb4e9f7db4133735c00	1	625	1	1	0	true	false	0	0	true	0.00000000000000
12893	4440	-	81798	8452	23	898ded15d09fd055238cd9823536dadf0f3c64df8e754fb4e9f7db4133735c00	1	625	1	1	0	false	false	0	0	true	NA
12893	8452	+	85810	163168	35	2b4bf18911adc1e9124409c9ba25c7b7ca1d7c7eff2d273bf90fd057a8f7ec96	1	2102375	16819	11^2*139	2	true	false	0	0	true	0.516778793731278
12893	8452	-	85810	4440	21	a2e30547c908dc207e33d57016688c192c2da0b026abecad409e2ecfabd8292c	1	125	1	1	0	false	false	0	0	true	NA
12907	4616	+	82058	159500	19	fc687731ca61d6085250d944315cc33eabcae2305198d803bdd09784def74b62	1	25	1	1	0	true	false	0	0	true	0.00000000000000
12907	4616	-	82058	8290	32	5a81ffed842bac478579f6b04c4c4e92aad9b4229f4cfb09b39a020467ddd68e	1	171875	11	11	1	false	false	0	0	true	NA
12907	8290	+	85732	163174	19	fc687731ca61d6085250d944315cc33eabcae2305198d803bdd09784def74b62	1	25	1	1	0	true	false	0	0	true	0.00000000000000
12907	8290	-	85732	4616	28	5e7cbac1fff61a0e9de92d1914ceee6e1ad376df81063e7de64da3290674df2a	1	11275	451	11*41	2	false	false	0	0	true	NA
12973	358	+	78196	156034	22	c916e08254ade2b7894f74b5ee34969627e57503425a7d0e667e6b875239f37f	1	275	11	11	1	true	false	0	0	true	0.128627594411049
12973	358	-	78196	12614	18	d547d1a33f6c557eadf5108868f7f4473351819ab26b957cdca7cf65094a1d12	1	11	11	11	1	true	true	0	0	true	0.128627594411049
12973	12614	+	90452	168290	31	c96b6e98abe622e3e9275c3ee4e7bf2d9fa6a12e8393264de4d7add840df1baf	1	130625	209	11*19	2	true	false	0	0	true	0.282162641902415
12973	12614	-	90452	358	19	0a8cbd05158c50de6350da005e6875ffcb9b836ef53b575b1ec371e6d0b7c477	1	25	1	1	0	false	false	0	0	true	NA
12979	1197	+	79071	156945	21	72e6b4569d2597a2e761ffa98207acca27dc1d9b46d53737cf553c34a51db44a	1	155	31	31	1	true	false	0	0	true	0.183980628201804
12979	1197	-	79071	11781	26	730012d5e7122d42b2287c73c7ddc992ece064ca81050d0253bc0439bbbea379	1	3875	31	31	1	true	false	0	0	true	0.183980628201804
12979	11781	+	89655	167529	25	eb1aadcab44246ff473ea336b941d7f12ba05002003aebc89f95486a4d037df1	1	1375	11	11	1	true	false	0	0	true	0.126766746798006
12979	11781	-	89655	1197	26	a343babfe22cc727ddb5a92fa692c081856427d4a93d348db05bd9395a8b7e45	1	3545	709	709	1	false	false	0	0	true	NA
13001	5320	+	83326	161332	23	e31169b0ad2cd343e1f3b3bcdbfa1a1f3f7c141e77a1ce7fd9bbfceb99bad497	1	625	1	1	0	true	false	0	0	true	0.00000000000000
13001	5320	-	83326	7680	27	f67fe91899252c4000bdb6f250778fea8f532099a26ca97132bb0b9598b9a165	1	6875	11	11	1	false	false	0	0	true	NA
13001	7680	+	85686	163692	21	e22cfcd5328b3078051b96b468d66fd078a9c537d73b257fcbff302e47b23682	1	125	1	1	0	true	false	0	0	true	0.00000000000000
13001	7680	-	85686	5320	19	36afc8248ca510b87a78793d6d9108e6ce313e2e40f075c65c95c89f8f519b0c	1	25	1	1	0	false	false	0	0	true	NA
13009	889	+	78943	156997	20	c722f3646f75e66172846d7f91c4d55092906e2cff51508f00fcbf82ddfc7e35	1	55	11	11	1	true	false	0	0	true	0.128494958606344
13009	889	-	78943	12119	21	d707a4e71eba4da27480e7d1bb0db55f949d6c00670bd8d6591e94742a1ea3e0	1	125	1	1	0	true	false	0	0	true	0.00000000000000
13009	12119	+	90173	168227	16	c74ac29b07043fb24df9c690dbec699664b5d9b725a8f01abd21e9c4c8fb189c	1	5	1	1	0	true	false	0	0	true	0.00000000000000
13009	12119	-	90173	889	16	c74ac29b07043fb24df9c690dbec699664b5d9b725a8f01abd21e9c4c8fb189c	1	5	1	1	0	false	false	0	0	true	NA
13033	1946	+	80144	158342	23	8974bd6b20f170f7bcd33cdba22f8a7e94d4d75ca39c7d95005bd78e9b4cc6e4	1	625	1	1	0	true	false	0	0	true	0.00000000000000
13033	1946	-	80144	11086	30	3ccd495b4b0596a58653869e486018b827db442286c53c1599f8f94fa986bbde	1	45625	73	73	1	false	false	0	0	true	NA
13033	11086	+	89284	167482	19	d6e82ab8efb40b274d52633f7089548aee0f4175ac2ed4d6a4e7a3406dd186b0	1	25	1	1	0	true	false	0	0	true	0.00000000000000
13033	11086	-	89284	1946	19	d6e82ab8efb40b274d52633f7089548aee0f4175ac2ed4d6a4e7a3406dd186b0	1	25	1	1	0	false	false	0	0	true	NA
13043	4796	+	83054	161312	19	982a49bf01d270d543e95096fbde5c8ec159f9b8ecb6cc43f9b459b96197e692	1	25	1	1	0	true	false	0	0	true	0.00000000000000
13043	4796	-	83054	8246	19	982a49bf01d270d543e95096fbde5c8ec159f9b8ecb6cc43f9b459b96197e692	1	25	1	1	0	false	false	0	0	true	NA
13043	8246	+	86504	164762	21	111a35212cebf16ec703215185f63042b445ca29eb867f21c9251a2c5a742762	1	125	1	1	0	true	false	0	0	true	0.00000000000000
13043	8246	-	86504	4796	21	111a35212cebf16ec703215185f63042b445ca29eb867f21c9251a2c5a742762	1	125	1	1	0	false	false	0	0	true	NA
13049	1906	+	80200	158494	19	b0c0674f62fb3c81153bc1edfedd3e18489f4514a3fe0f897bcbc73692be7d5e	1	25	1	1	0	true	false	0	0	true	0.00000000000000
13049	1906	-	80200	11142	19	b0c0674f62fb3c81153bc1edfedd3e18489f4514a3fe0f897bcbc73692be7d5e	1	25	1	1	0	false	false	0	0	true	NA
13049	11142	+	89436	167730	23	ed603385372fd228a4548c7aecfe10ffa923c598be8a272780f6a64ba8230b86	1	625	1	1	0	true	false	0	0	true	0.00000000000000
13049	11142	-	89436	1906	23	ed603385372fd228a4548c7aecfe10ffa923c598be8a272780f6a64ba8230b86	1	625	1	1	0	false	false	0	0	true	NA
13109	1731	+	80385	159039	22	f85a027c3e8495b50d97c6bff827caad90e5b76d57b0c2e211d014b0fd214f09	1	275	11	11	1	true	false	0	0	true	0.128241416028644
13109	1731	-	80385	11377	21	d54c9363eeb1c740484b9a1a3c4aed74b343b196205266776662a65b458c81ba	1	125	1	1	0	false	false	0	0	true	NA
13109	11377	+	90031	168685	17	f9535076eb26809f7b425c39485d3fd322142a5c4638b9b81d66b919356ee8ba	1	5	1	1	0	true	false	0	0	true	0.00000000000000
13109	11377	-	90031	1731	23	1be8370747127674b577d2c1d9369df2d6c802017460c67177268289fb0754c6	1	625	1	1	0	false	false	0	0	true	NA
13163	74	+	79052	158030	19	c478b0831acb3e996f15ca56885fa8a2acd7eca2851e825f9671e29f56dd3a02	1	25	1	1	0	true	false	0	0	true	0.00000000000000
13163	74	-	79052	13088	19	c478b0831acb3e996f15ca56885fa8a2acd7eca2851e825f9671e29f56dd3a02	1	25	1	1	0	true	true	0	0	true	0.00000000000000
13163	864	+	79842	158820	14	495bddf5f7dbde39c5a11f3ed1dad14a90cab921e684a88ad26e7395682bda73	1	1	1	1	0	true	false	0	0	true	0.00000000000000
13163	864	-	79842	12298	23	4a6b256577b85718fd8dd4b8aa17975885c0ee3de04a8afbdcab594d86ce4a00	1	625	1	1	0	true	true	0	0	true	0.00000000000000
13163	12298	+	91276	170254	14	495bddf5f7dbde39c5a11f3ed1dad14a90cab921e684a88ad26e7395682bda73	1	1	1	1	0	true	false	0	0	true	0.00000000000000
13163	12298	-	91276	864	19	c478b0831acb3e996f15ca56885fa8a2acd7eca2851e825f9671e29f56dd3a02	1	25	1	1	0	false	false	0	0	true	NA
13163	13088	+	92066	171044	23	4a6b256577b85718fd8dd4b8aa17975885c0ee3de04a8afbdcab594d86ce4a00	1	625	1	1	0	false	false	0	0	true	NA
13163	13088	-	92066	74	14	495bddf5f7dbde39c5a11f3ed1dad14a90cab921e684a88ad26e7395682bda73	1	1	1	1	0	false	false	0	0	true	NA
13171	2705	+	81731	160757	23	3302e1c6cff5e9464fede40f32bf1d4ebad1ace34f226566a39167111faeee71	1	625	1	1	0	true	false	0	0	true	0.00000000000000
13171	2705	-	81731	10465	33	ba300d86227100ba0bc8bf21ac1f9d5e99a73cba986c86bd033c2738451d4ccb	1	584375	187	11*17	2	false	false	0	0	true	NA
13171	10465	+	89491	168517	25	6aba3c250a3c74687ac2421817302a116626ee6496f994a5a721a5073ffb0674	1	2125	1	1	0	true	false	0	0	true	0.00000000000000
13171	10465	-	89491	2705	21	ce9179424c172efcf49a706976504470b22278c0f2693d3b04feffcfa0411e36	1	125	1	1	0	false	false	0	0	true	NA
13177	4252	+	83314	162376	22	62e4f67d78df3d746ff39555b20317aa4b04c8430660bdda77d05d09ad72c90f	1	275	11	11	1	true	false	0	0	true	0.127757663351287
13177	4252	-	83314	8924	19	46c67a7a8d554431468db29521824d24e0f6c2cb7476c982dda254bf9c331bf7	1	25	1	1	0	false	false	0	0	true	NA
13177	8924	+	87986	167048	26	f2497bc5fb11d14afd4e0e50c844fec58ad94c47d0d421f65eb375eebef95598	1	3125	1	1	0	true	false	0	0	true	0.00000000000000
13177	8924	-	87986	4252	19	46c67a7a8d554431468db29521824d24e0f6c2cb7476c982dda254bf9c331bf7	1	25	1	1	0	false	false	0	0	true	NA
13217	385	+	79687	158989	17	9dcd08ec6cb7c982ae06474097b1d18b4847e75693e0e31f05ad91ba4b54e5c1	1	5	1	1	0	true	false	0	0	true	0.00000000000000
13217	385	-	79687	12831	32	ab1d9de603870c73087bc46ad4fb6921ed7be69dfaef39359dcd3947934a0d7d	1	169235	33847	11*17*181	3	true	true	0	0	true	0.558284973008991
13217	3349	+	82651	161953	25	679a067fc3994cd099f91015a89d09998fe5d7503e1aad6714aae2a649851e0e	1	1375	11	11	1	true	false	0	0	true	0.127861072326642
13217	3349	-	82651	9867	21	9e6e31f4990f633c25ceb007cbbdc96d082a3a76f7d941e6153322bc8d8a8876	1	125	1	1	0	false	false	0	0	true	NA
13217	3772	+	83074	162376	22	d7eecce32664d09dabe147ad981153d5320633d0fad7a44a341b45f6651808fd	1	275	11	11	1	true	false	0	0	true	0.127775977703359
13217	3772	-	83074	9444	19	03ce170b6b93fa5facac3f6a656c70e41ab5d21af10ce55b08ac68f3a70699bc	1	25	1	1	0	false	false	0	0	true	NA
13217	9444	+	88746	168048	23	8812f0fbae2869aecf318a14e74c4d88a58d8f101a490935ff2ddb57b6072f1d	1	625	1	1	0	true	false	0	0	true	0.00000000000000
13217	9444	-	88746	3772	19	03ce170b6b93fa5facac3f6a656c70e41ab5d21af10ce55b08ac68f3a70699bc	1	25	1	1	0	false	false	0	0	true	NA
13217	9867	+	89169	168471	26	f0a9a02d4693b3909d0e6ce974a28d1a234f7053146d96d62cefa7c19a566e13	1	3125	1	1	0	true	false	0	0	true	0.00000000000000
13217	9867	-	89169	3349	21	9e6e31f4990f633c25ceb007cbbdc96d082a3a76f7d941e6153322bc8d8a8876	1	125	1	1	0	false	false	0	0	true	NA
13217	12831	+	92133	171435	21	0430383ea96a79b782413ffaa9d75bb6efac71a36c7ea809be13b20bf0b03fb9	1	85	1	1	0	true	false	0	0	true	0.00000000000000
13217	12831	-	92133	385	17	9dcd08ec6cb7c982ae06474097b1d18b4847e75693e0e31f05ad91ba4b54e5c1	1	5	1	1	0	false	false	0	0	true	NA
13219	2069	+	81383	160697	21	241e4baed7550f288ba0983f721cd83273d24cf989fd534a9e3c0f33a236f4ad	1	95	19	19	1	true	false	0	0	true	0.157261505110785
13219	2069	-	81383	11149	17	5fdef02fd7b04763c9c34a7e0a54403d6282deaf8fa7f39e3c281be847f674f4	1	5	1	1	0	false	false	0	0	true	NA
13219	11149	+	90463	169777	21	6252239810c1eafd24b2633c6c3ad364a2ecac1666a5097b54d428ab29cd911a	1	125	1	1	0	true	false	0	0	true	0.00000000000000
13219	11149	-	90463	2069	23	881d16920c9fe0bf6fbb97f4ea92f53c86e612e42423ece45ec7cb9dd2534ec9	1	625	1	1	0	false	false	0	0	true	NA
13229	3472	+	82846	162220	23	45eafc53ddfe32007aca75fbd880eb967b3a953676b22fb6f0573c6ac6629031	1	625	1	1	0	true	false	0	0	true	0.00000000000000
13229	3472	-	82846	9756	23	45eafc53ddfe32007aca75fbd880eb967b3a953676b22fb6f0573c6ac6629031	1	625	1	1	0	false	false	0	0	true	NA
13229	9756	+	89130	168504	19	2195b51b94bcb44686e0f193f5a4518bc95061d1c2b00ea1f0a46498156ad7b5	1	25	1	1	0	true	false	0	0	true	0.00000000000000
13229	9756	-	89130	3472	21	294253ac250f4c3a40f915dd6af48c9a750ef426f600cb81926d92e30616fc7a	1	125	1	1	0	false	false	0	0	true	NA
13259	6050	+	85604	165158	28	1f017506518538e88933846f7e8838371e8c69270f87dd96b320ea22068eaddc	1	10625	1	1	0	true	false	0	0	true	0.00000000000000
13259	6050	-	85604	7208	27	def2eb5178aa1afd209297e61eebeafff1af694c547aef431bce9f6bae4e29a1	1	6875	11	11	1	false	false	0	0	true	NA
13259	7208	+	86762	166316	25	84b171d45d9d297a1d4ed24b8d7fde85beb4eb09ea246b646ca1fcd3b3c75830	1	1375	11	11	1	true	false	0	0	true	0.127202112978323
13259	7208	-	86762	6050	27	dc320b76f62fe4f42526aaa316fbf1361396473f0c5719180df011f2d425ec78	1	8075	323	17*19	2	false	false	0	0	true	NA
13291	1343	+	81089	160835	21	cf1f414150a8caa7ee6cd6dced1d0975c9a601bbcdeef944cadf88ddbc41fdef	1	125	1	1	0	true	false	0	0	true	0.00000000000000
13291	1343	-	81089	11947	17	44ab707d4aff3efa0d54c65faf70388e6b656c77680856dcd2662e0547fdbb06	1	5	1	1	0	true	false	0	0	true	0.00000000000000
13291	11947	+	91693	171439	17	44ab707d4aff3efa0d54c65faf70388e6b656c77680856dcd2662e0547fdbb06	1	5	1	1	0	true	false	0	0	true	0.00000000000000
13291	11947	-	91693	1343	21	cf1f414150a8caa7ee6cd6dced1d0975c9a601bbcdeef944cadf88ddbc41fdef	1	125	1	1	0	false	false	0	0	true	NA
13297	1379	+	81161	160943	28	d977f6200e435b84d31e0777f9461987ccc82fdcd91b71f9fde44fd4cf96be80	1	19375	31	31	1	true	false	0	0	true	0.183468855706970
13297	1379	-	81161	11917	25	186f198adf16193f50ca0243b014c0f9e9e4ef57c91271a6d425c527fd355b07	1	1375	11	11	1	true	false	0	0	true	0.128113203575967
13297	5310	+	85092	164874	21	0d6c1cc471c987e36b48d2d1f7d651e09f23dd3d84647a01885f75d8d4e83c25	1	125	1	1	0	true	false	0	0	true	0.00000000000000
13297	5310	-	85092	7986	23	0d4f939524549634b6b7065a26a71e8fe97e5ff1d57b8ea2e09d32c28189fd00	1	625	1	1	0	false	false	0	0	true	NA
13297	7986	+	87768	167550	19	e7a5cdadfc2fbb4b627446d754872373fbb4d811a60e6cfba6b8d06dfad0329b	1	25	1	1	0	true	false	0	0	true	0.00000000000000
13297	7986	-	87768	5310	19	e7a5cdadfc2fbb4b627446d754872373fbb4d811a60e6cfba6b8d06dfad0329b	1	25	1	1	0	false	false	0	0	true	NA
13297	11917	+	91699	171481	21	0d6c1cc471c987e36b48d2d1f7d651e09f23dd3d84647a01885f75d8d4e83c25	1	125	1	1	0	true	false	0	0	true	0.00000000000000
13297	11917	-	91699	1379	21	0d6c1cc471c987e36b48d2d1f7d651e09f23dd3d84647a01885f75d8d4e83c25	1	125	1	1	0	false	false	0	0	true	NA
13309	474	+	80328	160182	26	7c62bab3d1f3b5e60036be4708a22dceefd6fb70acd75376cb39de03dfc35988	1	3125	1	1	0	true	false	0	0	true	0.00000000000000
13309	474	-	80328	12834	23	86c3c2ac3e93c19d085e0ea36f199ea15d4c769926e37f495edf14571f5857c0	1	625	1	1	0	true	true	0	0	true	0.00000000000000
13309	12834	+	92688	172542	26	7c62bab3d1f3b5e60036be4708a22dceefd6fb70acd75376cb39de03dfc35988	1	3125	1	1	0	true	false	0	0	true	0.00000000000000
13309	12834	-	92688	474	19	649a199d32a7d7ce4f367632323e346339bb5a32d7b83b5b34aacd104392959c	1	25	1	1	0	false	false	0	0	true	NA
13327	1900	+	81862	161824	19	e91e11a26a71758880fa2d36c01d1f6e65f01f1ba9696db6302667c66da90628	1	25	1	1	0	true	false	0	0	true	0.00000000000000
13327	1900	-	81862	11426	19	e91e11a26a71758880fa2d36c01d1f6e65f01f1ba9696db6302667c66da90628	1	25	1	1	0	false	false	0	0	true	NA
13327	11426	+	91388	171350	14	3825f32b6ad7dbd198c159b1dc6995f8b50ed08346ce3fa8e5f4fe152bf56542	1	1	1	1	0	true	false	0	0	true	0.00000000000000
13327	11426	-	91388	1900	23	77cf4b6dbeac5dbb8f2f10733dcc836d89e89756aacf664d9ff2ce8d3deb2af7	1	425	17	17	1	false	false	0	0	true	NA
13381	3411	+	83697	163983	21	77ef871b1089bb66252d82229c20bb5c92480f6dc800d637f198322cec49c6d4	1	125	1	1	0	true	false	0	0	true	0.00000000000000
13381	3411	-	83697	9969	25	6f90ef7c46b9902a24bec12b877f73cedb361b8e682e35507398b23b889f6eca	1	1375	11	11	1	false	false	0	0	true	NA
13381	9969	+	90255	170541	21	77ef871b1089bb66252d82229c20bb5c92480f6dc800d637f198322cec49c6d4	1	125	1	1	0	true	false	0	0	true	0.00000000000000
13381	9969	-	90255	3411	21	77ef871b1089bb66252d82229c20bb5c92480f6dc800d637f198322cec49c6d4	1	125	1	1	0	false	false	0	0	true	NA
13397	3282	+	83664	164046	21	8f93b61ee6ceff104ebfe9efda16e75b7826eff8ab92ecfe3e570f009b31279b	1	125	1	1	0	true	false	0	0	true	0.00000000000000
13397	3282	-	83664	10114	22	18d8deb94b41c737537ce9f6e625f35fcd7c9d1f86ffcc989fea212ea6f4b79a	1	275	11	11	1	false	false	0	0	true	NA
13397	10114	+	90496	170878	25	bc7b52a6514810bd19cbb8023b2ce860530e5ce08c19c60beb5ec24488f90f17	1	1475	59	59	1	true	false	0	0	true	0.215329020283069
13397	10114	-	90496	3282	23	b8f9ec35fa02d2ffcff9c3e674e6b47804125876345676ef39f61b744a69e2bb	1	625	1	1	0	false	false	0	0	true	NA
13417	5933	+	86435	166937	21	ee6686ab9425029223b9ee550c4298288c0819c209e2d55a490556aafed27b2e	1	95	19	19	1	true	false	0	0	true	0.156232304035323
13417	5933	-	86435	7483	35	3ae9e3a8161764d5bb7435e73704d16fb38f2b825d04f6771bd9fdadf4c059e9	1	2028125	649	11*59	2	false	false	0	0	true	NA
13417	7483	+	87985	168487	17	079e7d21c638606eeba90e511ffedf84c2f4473c7be172c4791f333354651e70	1	5	1	1	0	true	false	0	0	true	0.00000000000000
13417	7483	-	87985	5933	21	524f54e8e57fab40cb2e8a96e6f4ab8f69f888982048a78ebb8d41396e465738	1	125	1	1	0	false	false	0	0	true	NA
13451	1164	+	81870	162576	19	eabb15b73670ebe778fc1402eb9ffc8850db931f31064aeb1a5f4307f58f66a1	1	25	1	1	0	true	false	0	0	true	0.00000000000000
13451	1164	-	81870	12286	22	2cb78d845dc502c0c5916c2cabd5f7c7d467910b801096e17dfc40fe3994ba94	1	275	11	11	1	true	false	0	0	true	0.127993437736138
13451	12286	+	92992	173698	27	e539cc5b2c3f9aab2b6f57aa144cb08c20c47137b30e284169097f02b68da1a6	1	6875	11	11	1	true	false	0	0	true	0.126273569030477
13451	12286	-	92992	1164	19	eabb15b73670ebe778fc1402eb9ffc8850db931f31064aeb1a5f4307f58f66a1	1	25	1	1	0	false	false	0	0	true	NA
13463	495	+	81273	162051	21	6396cf12cfa40bbf65c10d4d7ac7ae70911fcb6f3085a39f8b4bb5a56b1d60da	1	125	1	1	0	true	false	0	0	true	0.00000000000000
13463	495	-	81273	12967	25	0ab87c8cbcdc36a0495c1f2322297ec671076ebe34fbfcb0ecf802f6bac98657	1	2125	17	17	1	true	true	0	0	true	0.151343231497195
13463	3614	+	84392	165170	22	8d6c6d4768bc231aa2dda7d410857a736e267774055237b240289f8bafe33583	1	275	11	11	1	true	false	0	0	true	0.127567147342982
13463	3614	-	84392	9848	19	8b8b55173b431cde05c51d2a52c7c8479c99586cd85d06828cbbeaa9fcaf1309	1	25	1	1	0	false	false	0	0	true	NA
13463	6086	+	86864	167642	25	34d765a8f212bba2c657292c3adef9b0a8c8ce065bb6507e822b5dd599dcc1a1	1	1375	11	11	1	true	false	0	0	true	0.127189061540155
13463	6086	-	86864	7376	25	34d765a8f212bba2c657292c3adef9b0a8c8ce065bb6507e822b5dd599dcc1a1	1	1375	11	11	1	false	false	0	0	true	NA
13463	6701	+	87479	168257	24	f2412eee9142b998c14b0e5ad39813168601c8c68c6fe6f117caeffaca5cce9c	1	935	11	11	1	true	false	0	0	true	0.127091660706630
13463	6701	-	87479	6761	20	e9a0377d96af2c628dec991f6e94e0356075d2b2aabcef60d23b37ded5a55c4e	1	55	11	11	1	false	false	0	0	true	NA
13463	6761	+	87539	168317	28	adcc8b5b0e0f100c1331460c437bad688003a43366b819766680ed23a59b566c	1	15125	121	11^2	1	true	false	0	0	true	0.254166088000290
13463	6761	-	87539	6701	29	364255e52941d72289b511ec8c7b930775f58905f2faa0735c5beb2d1b5a0a1c	1	23375	187	11*17	2	false	false	0	0	true	NA
13463	7376	+	88154	168932	21	6396cf12cfa40bbf65c10d4d7ac7ae70911fcb6f3085a39f8b4bb5a56b1d60da	1	125	1	1	0	true	false	0	0	true	0.00000000000000
13463	7376	-	88154	6086	24	06dab6a23e5ea351bd47b6d9197af1bf27efece07bbd26e231309da0a5f8312d	1	625	1	1	0	false	false	0	0	true	NA
13463	9848	+	90626	171404	19	8b8b55173b431cde05c51d2a52c7c8479c99586cd85d06828cbbeaa9fcaf1309	1	25	1	1	0	true	false	0	0	true	0.00000000000000
13463	9848	-	90626	3614	19	8b8b55173b431cde05c51d2a52c7c8479c99586cd85d06828cbbeaa9fcaf1309	1	25	1	1	0	false	false	0	0	true	NA
13463	12967	+	93745	174523	22	31a4e37982f2136f9ead6822fc66d1ce6c144da7a7ecbdb158b1392d8d1cbac2	1	185	37	37	1	true	false	0	0	true	0.189992591758888
13463	12967	-	93745	495	17	413be7aa54309c971ec341c449d45cf2f0c5cba283516da41fdd5d31a855fde5	1	5	1	1	0	false	false	0	0	true	NA
13469	4211	+	85025	165839	21	b41370595452f6db39a76293d58ce4e52ebf93f1403aae28c20606bcd977cebd	1	125	1	1	0	true	false	0	0	true	0.00000000000000
13469	4211	-	85025	9257	20	c05acc83807e39bce3d29c5db19f0bfc89653b5da6aa79093a67f63ada479aa3	1	55	11	11	1	false	false	0	0	true	NA
13469	6154	+	86968	167782	32	fc722a4a52b79c4d3e288810fe8d1b0bf88e04c18bc2e679104e8955263276c1	1	281875	451	11*41	2	true	false	0	0	true	0.324108843612585
13469	6154	-	86968	7314	25	d3669b0ff49324416f2eb8fd04f0b3f0e58de845d1fd34c415f27950c41838ec	1	1375	11	11	1	false	false	0	0	true	NA
13469	7314	+	88128	168942	21	b41370595452f6db39a76293d58ce4e52ebf93f1403aae28c20606bcd977cebd	1	125	1	1	0	true	false	0	0	true	0.00000000000000
13469	7314	-	88128	6154	19	1843f761abc39f75460a11ec01b9e4bc109226611888d8783310fe06dab19ecf	1	25	1	1	0	false	false	0	0	true	NA
13469	9257	+	90071	170885	21	30c77892d1ea1805c30aa4198b4a51253d18ca50279319d1da8fc7ebf6ee18c9	1	155	31	31	1	true	false	0	0	true	0.181421186154592
13469	9257	-	90071	4211	21	b41370595452f6db39a76293d58ce4e52ebf93f1403aae28c20606bcd977cebd	1	125	1	1	0	false	false	0	0	true	NA
13477	3352	+	84214	165076	28	b2dbaf283d31bb2fcff714a1a08bb0d2e8d24020b3b5ba3f8a5a68ce9148dd71	1	15725	37	37	1	true	false	0	0	true	0.192157175135937
13477	3352	-	84214	10124	19	c253cdb447e101b4969e0db5d66be1c032623b7a13af0fa0e2e3f754983cb3cc	1	25	1	1	0	false	false	0	0	true	NA
13477	10124	+	90986	171848	24	6e888253caf55a6b1ce4260994e283979637b4b6f34738532ccc419f90a4d88f	1	925	37	37	1	true	false	0	0	true	0.190594383026958
13477	10124	-	90986	3352	22	f82bc9a707df4193d71a5443219a824f669ed9d99888241b3c057d42df9e1936	1	275	11	11	1	false	false	0	0	true	NA
13487	3631	+	84553	165475	17	505db8576ac9fb58611df9349703c76f1160c0f96b4f2cffb19d0f88ce8dfde3	1	5	1	1	0	true	false	0	0	true	0.00000000000000
13487	3631	-	84553	9855	21	00230930e6e3e0299ce834de1f8f8aad709474d625e476d3087aee4503dce1fc	1	125	1	1	0	false	false	0	0	true	NA
13487	9855	+	90777	171699	17	505db8576ac9fb58611df9349703c76f1160c0f96b4f2cffb19d0f88ce8dfde3	1	5	1	1	0	true	false	0	0	true	0.00000000000000
13487	9855	-	90777	3631	25	e66af0c700de5e2d8968770a9c0b561905296f27cd58b7a7151bdf43584403d2	1	2375	19	19	1	false	false	0	0	true	NA
13513	904	+	81982	163060	18	b5c6ce881d6ac7fbb109b5d7d4fe825a3c4e9a33e915af55e7b0b21aba5e8c26	1	11	11	11	1	true	false	0	0	true	0.127972434133399
13513	904	-	81982	12608	22	028307a8c933c3355629bbd806f6b64268f3165660fa775141561b6b4b6295c2	1	275	11	11	1	true	false	0	0	true	0.127972434133399
13513	12608	+	93686	174764	21	b881ea7792494a2fe101f5393682e17cf74ffc3c466a5b3a604f715d2cb7d6e8	1	125	1	1	0	true	false	0	0	true	0.00000000000000
13513	12608	-	93686	904	21	b881ea7792494a2fe101f5393682e17cf74ffc3c466a5b3a604f715d2cb7d6e8	1	125	1	1	0	false	false	0	0	true	NA
13523	2831	+	83969	165107	20	aca34e48132debd8ec577246b1526200f213e39952c2effd91112cdcc8bec65a	1	55	11	11	1	true	false	0	0	true	0.127639343448664
13523	2831	-	83969	10691	30	599fbde3f4342303945cc12a55849a3a1e8be0ba8082db1177154d6ac69f12ac	1	59375	19	19	1	false	false	0	0	true	NA
13523	5629	+	86767	167905	41	8809822f356a581c47625e52d1f02fe79854c11871ef48f231154a1cb6b0e8e6	1	148548125	13981	11*31*41	3	true	false	0	0	true	0.506361558449882
13523	5629	-	86767	7893	32	b5e271bd6b1ce9346f4321b97b0ebbeee1a29c55acfc35d71e4f95744d1676d6	1	213125	341	11*31	2	false	false	0	0	true	NA
13523	7893	+	89031	170169	24	44785f78c5522a777527a77f651049394b1370486bdeeceb96bd2e3d5e7bb808	1	625	1	1	0	true	false	0	0	true	0.00000000000000
13523	7893	-	89031	5629	17	81a9a9ddd0e79b585908c9cb3fbf5500c9da9464c8dec219673d5695656736f6	1	5	1	1	0	false	false	0	0	true	NA
13523	10691	+	91829	172967	21	e52695de102820c23005a4315dc70e6a27219612fa9374671530d17e4c44f957	1	125	1	1	0	true	false	0	0	true	0.00000000000000
13523	10691	-	91829	2831	21	e52695de102820c23005a4315dc70e6a27219612fa9374671530d17e4c44f957	1	125	1	1	0	false	false	0	0	true	NA
13567	1270	+	82672	164074	14	92f815f135da16012058a0457c6885ba90eb8f454631fa7bb216bfa8fea0195f	1	1	1	1	0	true	false	0	0	true	0.00000000000000
13567	1270	-	82672	12296	24	6450671653477130cad3a191c86876ade45701d75e8b198032512045ffe84a1f	1	625	1	1	0	true	false	0	0	true	0.00000000000000
13567	2809	+	84211	165613	24	6450671653477130cad3a191c86876ade45701d75e8b198032512045ffe84a1f	1	625	1	1	0	true	false	0	0	true	0.00000000000000
13567	2809	-	84211	10757	24	6450671653477130cad3a191c86876ade45701d75e8b198032512045ffe84a1f	1	625	1	1	0	false	false	0	0	true	NA
13567	10757	+	92159	173561	24	6450671653477130cad3a191c86876ade45701d75e8b198032512045ffe84a1f	1	625	1	1	0	true	false	0	0	true	0.00000000000000
13567	10757	-	92159	2809	19	54a8de20a6647aa9a36c2bdb330f327c5bd261aef502ced58dc31739ae0ea6b0	1	25	1	1	0	false	false	0	0	true	NA
13567	12296	+	93698	175100	28	e61fcda1329235b8e877166f7e38118d57a413de3e151058c95a93fd412d01e2	1	19475	779	19*41	2	true	false	0	0	true	0.350318895407392
13567	12296	-	93698	1270	20	2546560781bd24218b098952cbc9e83b719aeb2f27544c87a78a6a7ce0378327	1	41	41	41	1	false	false	0	0	true	NA
13613	5365	+	87043	168721	33	f303fef024251f39ed15cc2360a147a110fdae8c9051ea71a26ffe70779dd337	1	397375	11	11	1	true	false	0	0	true	0.127163004486523
13613	5365	-	87043	8247	19	f2274f50ef9014f3bccaf988e7315670a0a35fd219b63bcd8d99016419aa3959	1	25	1	1	0	false	false	0	0	true	NA
13613	8247	+	89925	171603	22	505ac9740314149eaf4f7373edc396e9cd70ab911673e969bd33efeb5b0c3c69	1	295	59	59	1	true	false	0	0	true	0.215484311150310
13613	8247	-	89925	5365	21	8ac14fbb67026d8535b68df3615a6d5d971f1945bfdc6e68f6f3ca31efcc4158	1	125	1	1	0	false	false	0	0	true	NA
13627	3155	+	84917	166679	25	560a2c79b1e90cd4a1cfcc9147b102d000d5d3dbabd8b19d98fa011339ba9e51	1	1375	11	11	1	true	false	0	0	true	0.127486479584245
13627	3155	-	84917	10471	25	560a2c79b1e90cd4a1cfcc9147b102d000d5d3dbabd8b19d98fa011339ba9e51	1	1375	11	11	1	false	false	0	0	true	NA
13627	10471	+	92233	173995	21	0675e95bb98e0e95f535cbc6704f427f6534c9eee9a5a97889737c05f9ed9e3a	1	125	1	1	0	true	false	0	0	true	0.00000000000000
13627	10471	-	92233	3155	30	d5f85723ed08e4802b7d221bd73bd5f03bb0ad3f505df7888e1ef9b0004b353d	1	73625	589	19*31	2	false	false	0	0	true	NA
13669	2918	+	84932	166946	19	647ce8c0865f96e94fdacbabcdfc95295cc61a1eb530366719036775b8f1e028	1	25	1	1	0	true	false	0	0	true	0.00000000000000
13669	2918	-	84932	10750	21	37170afb99f246428b59d78efd0174ec28d0d522ead6587ac95c942aa9d5fd13	1	125	1	1	0	false	false	0	0	true	NA
13669	10750	+	92764	174778	19	647ce8c0865f96e94fdacbabcdfc95295cc61a1eb530366719036775b8f1e028	1	25	1	1	0	true	false	0	0	true	0.00000000000000
13669	10750	-	92764	2918	19	647ce8c0865f96e94fdacbabcdfc95295cc61a1eb530366719036775b8f1e028	1	25	1	1	0	false	false	0	0	true	NA
13697	3979	+	86161	168343	31	30ad55696e6a9d964e0bf5836c6875a6f4eca7c9c60d957f31e22379bb0e4304	1	130625	209	11*19	2	true	false	0	0	true	0.283586789176323
13697	3979	-	86161	9717	28	0bcf3e91ff91743c8d4a9b5782f0c3a308dd1c1b28873aa813b3d8ce785a7e25	1	11875	19	19	1	false	false	0	0	true	NA
13697	9717	+	91899	174081	17	cd3c708d1ecf7e830cebc18fda123a2e477c5b2ef785be37db3afa69d0cb426d	1	5	1	1	0	true	false	0	0	true	0.00000000000000
13697	9717	-	91899	3979	21	4f84bc498066523c05b6211fefd1f9e693bea7955e6ac61c302bd7c2110e5f50	1	95	19	19	1	false	false	0	0	true	NA
13709	6646	+	88900	171154	19	023c589e1119bf70d02a3da19cde7e857ada2bfd05c95210c79c1e9b9b265466	1	25	1	1	0	true	false	0	0	true	0.00000000000000
13709	6646	-	88900	7062	21	d7e6c153b26b9ee9244af5d3e7b531c4dcc5728026dc26e4d12a9a16b3e22fe7	1	125	1	1	0	false	false	0	0	true	NA
13709	7062	+	89316	171570	20	4dd307ada1878af12ed29139e645cdd506fadbc2d4b5e280a7e8a1dad5ad8dc8	1	59	59	59	1	true	false	0	0	true	0.215644469282488
13709	7062	-	89316	6646	19	023c589e1119bf70d02a3da19cde7e857ada2bfd05c95210c79c1e9b9b265466	1	25	1	1	0	false	false	0	0	true	NA
13711	338	+	82604	164870	19	35183544f2b02722a1381133a19b317871b79a6d1480db069eeba860ccffb1c3	1	25	1	1	0	true	false	0	0	true	0.00000000000000
13711	338	-	82604	13372	22	05427e5bf0354391a788428fe0428112057bf9d562d71d804d207a7e7554efe1	1	275	11	11	1	true	true	0	0	true	0.127874932391540
13711	4119	+	86385	168651	25	d7a9ff9b95d28eef9ff0c937b48c81e5d981824385d7def1611b32f15eb5392d	1	1375	11	11	1	true	false	0	0	true	0.127265411471724
13711	4119	-	86385	9591	26	c931237446514a7012610d3b8c072c58815e635a7d0f8ee9342a99c3826cef2b	1	3125	1	1	0	false	false	0	0	true	NA
13711	4503	+	86769	169035	25	d7a9ff9b95d28eef9ff0c937b48c81e5d981824385d7def1611b32f15eb5392d	1	1375	11	11	1	true	false	0	0	true	0.127202112978323
13711	4503	-	86769	9207	21	6a4b01ac8e3df81ac6e0c4a0d8941c744c2e543f18bde6227d51e2cd45d2a03d	1	125	1	1	0	false	false	0	0	true	NA
13711	9207	+	91473	173739	21	6a4b01ac8e3df81ac6e0c4a0d8941c744c2e543f18bde6227d51e2cd45d2a03d	1	125	1	1	0	true	false	0	0	true	0.00000000000000
13711	9207	-	91473	4503	24	333fe039b0b2e8fe394bc6b896b48e811e077a51be3b6c80f6d832f4fb078b8d	1	625	1	1	0	false	false	0	0	true	NA
13711	9591	+	91857	174123	21	6a4b01ac8e3df81ac6e0c4a0d8941c744c2e543f18bde6227d51e2cd45d2a03d	1	125	1	1	0	true	false	0	0	true	0.00000000000000
13711	9591	-	91857	4119	21	6a4b01ac8e3df81ac6e0c4a0d8941c744c2e543f18bde6227d51e2cd45d2a03d	1	125	1	1	0	false	false	0	0	true	NA
13711	13372	+	95638	177904	30	848505d8aec57994739f4ff2aab62bbad26b07c5c2dc3773ae5db9d04380b488	1	53125	1	1	0	true	false	0	0	true	0.00000000000000
13711	13372	-	95638	338	24	333fe039b0b2e8fe394bc6b896b48e811e077a51be3b6c80f6d832f4fb078b8d	1	625	1	1	0	false	false	0	0	true	NA
13729	1566	+	83940	166314	22	35f089b540655b43c8ab0631329006fc0e066c77e199a1235d79677c768ebbcb	1	275	11	11	1	true	false	0	0	true	0.127639343448664
13729	1566	-	83940	12162	25	11bae2fb79b1aaf9debbea96564c295efebd8ef3aa89ef3559161680bb5f4053	1	1375	11	11	1	true	false	0	0	true	0.127639343448664
13729	2221	+	84595	166969	21	a3444cc41ff6b40c136dec2dfbc565f449dc08c8479c2c942263cac1e1bf3de5	1	125	1	1	0	true	false	0	0	true	0.00000000000000
13729	2221	-	84595	11507	25	99b844f706de5e9de46297804c555109a377c172a0f7ecb6efe325893103d9cf	1	2125	17	17	1	false	false	0	0	true	NA
13729	6675	+	89049	171423	27	2abc39cad1b7076e5843fe3e0712da1881c71c371aed05fe1cdcfca3402a4c2e	1	7625	61	61	1	true	false	0	0	true	0.217450788851344
13729	6675	-	89049	7053	24	c3aa57cb6b483ee8e7472b6c02b827e002ce8dc232953743eb32240380bd2fd7	1	625	1	1	0	false	false	0	0	true	NA
13729	7053	+	89427	171801	17	12d3406c63d6dc2540d97692f079beeb2a78468a3822a017d8f0469ec625294c	1	5	1	1	0	true	false	0	0	true	0.00000000000000
13729	7053	-	89427	6675	17	12d3406c63d6dc2540d97692f079beeb2a78468a3822a017d8f0469ec625294c	1	5	1	1	0	false	false	0	0	true	NA
13729	11507	+	93881	176255	24	c3aa57cb6b483ee8e7472b6c02b827e002ce8dc232953743eb32240380bd2fd7	1	625	1	1	0	true	false	0	0	true	0.00000000000000
13729	11507	-	93881	2221	24	c3aa57cb6b483ee8e7472b6c02b827e002ce8dc232953743eb32240380bd2fd7	1	625	1	1	0	false	false	0	0	true	NA
13729	12162	+	94536	176910	26	240b975870fb8755a5b53b954404c8929f790e933678c4e3295d6313ae54f70a	1	3125	1	1	0	true	false	0	0	true	0.00000000000000
13729	12162	-	94536	1566	21	a3444cc41ff6b40c136dec2dfbc565f449dc08c8479c2c942263cac1e1bf3de5	1	125	1	1	0	false	false	0	0	true	NA
13757	1783	+	84325	166867	21	d61456812546320592a0bc307c569560d014b3d4275401ecdfdf343df583b7c0	1	125	1	1	0	true	false	0	0	true	0.00000000000000
13757	1783	-	84325	11973	25	7feba702f55cdb4c99cea203d3dbd0d514f12ef77932e442fcb5d66f57f367e7	1	1375	11	11	1	false	false	0	0	true	NA
13757	2014	+	84556	167098	37	617c151657028c53dec38dae1cdccf33d3f13375c2c9d4a2c4a170b0e6be8dd8	1	9934375	11	11	1	true	false	0	0	true	0.127537950166189
13757	2014	-	84556	11742	27	325e9fdb58a389825ec38a550f52470f149e9671a195b19a13d531194f4380eb	1	6875	11	11	1	false	false	0	0	true	NA
13757	11742	+	94284	176826	24	6f2b47efa0537ff1aeb12e1c50fc4b267422601569141c49d6b4dbfbcd685318	1	625	1	1	0	true	false	0	0	true	0.00000000000000
13757	11742	-	94284	2014	19	ee222ede7c7e2923c54cffb452d18bde35b1fc9b12e97ab2f9f8fd92a5a5b5ce	1	25	1	1	0	false	false	0	0	true	NA
13757	11973	+	94515	177057	26	5a3a6c0968a801c01586fa55a1e193a5aa61bc01491645ed1d0959b32755c50a	1	3125	1	1	0	true	false	0	0	true	0.00000000000000
13757	11973	-	94515	1783	21	d61456812546320592a0bc307c569560d014b3d4275401ecdfdf343df583b7c0	1	125	1	1	0	false	false	0	0	true	NA
13759	2331	+	84885	167439	17	924047793282d25bcfd8106187b320c94b4f432c2c34b15b94544a81343b3e77	1	5	1	1	0	true	false	0	0	true	0.00000000000000
13759	2331	-	84885	11427	17	924047793282d25bcfd8106187b320c94b4f432c2c34b15b94544a81343b3e77	1	5	1	1	0	false	false	0	0	true	NA
13759	2630	+	85184	167738	32	19660b20581bf4d3decf16787c9406ced31f96db9f3a487f8b7317fb9b18c828	1	171875	11	11	1	true	false	0	0	true	0.127426358461940
13759	2630	-	85184	11128	19	65de2ab2ad71d027d4c8ed67fc24e6bb006a7ef0cd97bb26a3c1f26fb1b5e861	1	25	1	1	0	false	false	0	0	true	NA
13759	11128	+	93682	176236	21	920437385bf9cf742ce1218737b9d9c657bc42bd581ee269d8a37ce165b926c1	1	125	1	1	0	true	false	0	0	true	0.00000000000000
13759	11128	-	93682	2630	19	65de2ab2ad71d027d4c8ed67fc24e6bb006a7ef0cd97bb26a3c1f26fb1b5e861	1	25	1	1	0	false	false	0	0	true	NA
13759	11427	+	93981	176535	26	06b304ba80f001ff06dbbc01bcfd38b0c9ce9ce1a6cb651eaec3049e47385663	1	3125	1	1	0	true	false	0	0	true	0.00000000000000
13759	11427	-	93981	2331	26	06b304ba80f001ff06dbbc01bcfd38b0c9ce9ce1a6cb651eaec3049e47385663	1	3125	1	1	0	false	false	0	0	true	NA
13789	5611	+	88345	171079	25	5c27e1d005f753429f3116efa68fcdee7b7f3f6a9ebc5a654344c1aecf716360	1	2125	1	1	0	true	false	0	0	true	0.00000000000000
13789	5611	-	88345	8177	19	e8f175f8facb23d8c75f528a649041b2b386bb157c97eae6f449b76b1dd3cf88	1	25	1	1	0	false	false	0	0	true	NA
13789	8177	+	90911	173645	21	85eeeac153792269ae8c52af6a96eedc006b3dcb423e7a036d2a1619c06162f2	1	125	1	1	0	true	false	0	0	true	0.00000000000000
13789	8177	-	90911	5611	24	c2757cbef35c688f3cdd04ac047f5819f73eea78a0932700ee4166fbcb671a70	1	625	1	1	0	false	false	0	0	true	NA
13829	1599	+	84573	167547	21	195a539ab45c7f1d19dd4b9e27f1e347915ce26db678410c6f72dfd1b6c86a15	1	125	1	1	0	true	false	0	0	true	0.00000000000000
13829	1599	-	84573	12229	17	b8b0fbc5abe4eb1be63fea884cdac94f3481dd3b2be6d6ecb8dcf67b36b9f1ac	1	5	1	1	0	true	false	0	0	true	0.00000000000000
13829	12229	+	95203	178177	25	544b54cbfa8111acb80751bfff675fd8811364bb8f666b9b3330b440f9fd5488	1	1375	11	11	1	true	false	0	0	true	0.125956012612383
13829	12229	-	95203	1599	19	ac7b3ce3e2ef9c5e5983ca5f59c9d72c4de529b71a0b8e77ad48f5add1d4b264	1	25	1	1	0	false	false	0	0	true	NA
13873	1104	+	84342	167580	24	34cf9b501025bf0007c74245bc5f6633b5f817f4ae63db68c88179c7b537a98b	1	625	1	1	0	true	false	0	0	true	0.00000000000000
13873	1104	-	84342	12768	27	7700b059bfdda5e3528ca021988adf3c4bbf3810c1f7e5af99ef8ce1bb9e793e	1	8525	341	11*31	2	true	false	0	0	true	0.310314235122459
13873	2596	+	85834	169072	14	d029fa3a95e174a19934857f535eb9427d967218a36ea014b70ad704bc6c8d1c	1	1	1	1	0	true	false	0	0	true	0.00000000000000
13873	2596	-	85834	11276	27	9344e0994b5e58bd5dcfa8b530ea0e0a3fd754ed53aa0da78df9785a6bbba3b0	1	6875	11	11	1	false	false	0	0	true	NA
13873	11276	+	94514	177752	21	4f0b586dc296dc403d6a6a01fff298cbdf47c1213ce1cb12dcff794ca2ac03e4	1	125	1	1	0	true	false	0	0	true	0.00000000000000
13873	11276	-	94514	2596	22	44235ccdb4388a15cb598995573722904a53c1515f92bbf26c0de1e1ebe51d33	1	275	11	11	1	false	false	0	0	true	NA
13873	12768	+	96006	179244	32	89300e7ea0970d544bbe8c01e30071960d1e9d745951fa595f867bd8703441fa	1	265625	1	1	0	true	false	0	0	true	0.00000000000000
13873	12768	-	96006	1104	23	073ac90692a4aef53ec21c7a584f0d7476dd9f39d8f06875a4ea2c8c4a094518	1	425	17	17	1	false	false	0	0	true	NA
13883	5225	+	88523	171821	17	ded4834693ace0ce5bfb20a1eac033f48a85918632585170be0661512bb8b69f	1	5	1	1	0	true	false	0	0	true	0.00000000000000
13883	5225	-	88523	8657	27	4229b068437ade9e8c5e4e470dd6f45ebba1b124b2f7fd9d296fde2795b343aa	1	6875	11	11	1	false	false	0	0	true	NA
13883	8657	+	91955	175253	21	e64fd80fee2ea593100a7526c79cd9fe411a96af27c6fc4078f3fb0e3658e339	1	125	1	1	0	true	false	0	0	true	0.00000000000000
13883	8657	-	91955	5225	21	e64fd80fee2ea593100a7526c79cd9fe411a96af27c6fc4078f3fb0e3658e339	1	125	1	1	0	false	false	0	0	true	NA
13901	6132	+	89538	172944	39	1e89d2d8ca90c7eca280aa275e785e1a5db552cbdb855ab756051f3d554a6e8d	1	22578125	1	1	0	true	false	0	0	true	0.00000000000000
13901	6132	-	89538	7768	19	c2ac5d4e57370f602b697ecdf7ee277df6e74ddeeef0a11ed1f71cd5b575c188	1	25	1	1	0	false	false	0	0	true	NA
13901	7768	+	91174	174580	27	1989776b500b049dc353f733839c106020b5e6b3f440cbf270b2f3025105c7a2	1	9025	361	19^2	1	true	false	0	0	true	0.310750863933881
13901	7768	-	91174	6132	26	a44be484fcf7e73b131061617ca9d9d64747c82443fbda59c7eec8d87d043c4a	1	4675	187	11*17	2	false	false	0	0	true	NA
13903	278	+	83696	167114	21	5a2fc35230f3b99e14a35e74fce6637f186fc0c89bc1a8f8288fa312817fb5c8	1	125	1	1	0	true	false	0	0	true	0.00000000000000
13903	278	-	83696	13624	19	0bb8f11ed15b26d4404ce584fef6581c5f744ea42269a1152d17295b823d63f6	1	25	1	1	0	true	true	0	0	true	0.00000000000000
13903	6159	+	89577	172995	30	6d25e57b9213cfe60b8eeb81b02de0b05ef2f354439ea899bc1d3c8b42296089	1	53125	1	1	0	true	false	0	0	true	0.00000000000000
13903	6159	-	89577	7743	34	14d16f4eda33536cf8179e7e6cd1393247ea775c61843ce5543d5ca443bb4c02	1	648125	1037	17*61	2	false	false	0	0	true	NA
13903	7743	+	91161	174579	24	6e68b41cc1464fe7f7b88e8f7ce0e2410d94befcff0a73e3983600f0a94a1bd4	1	625	1	1	0	true	false	0	0	true	0.00000000000000
13903	7743	-	91161	6159	21	5a2fc35230f3b99e14a35e74fce6637f186fc0c89bc1a8f8288fa312817fb5c8	1	125	1	1	0	false	false	0	0	true	NA
13903	13624	+	97042	180460	28	b4896d95a1557bef105e1320a047eb977f35c143006d604013bdd17b2bcc70f7	1	15625	1	1	0	true	false	0	0	true	0.00000000000000
13903	13624	-	97042	278	29	ff8ebd0c79f7cd8f4c8536cb6333a9dbd6d9fed88146d24af7e31e083c21a521	1	38125	61	61	1	false	false	0	0	true	NA
13921	4663	+	88189	171715	21	407fa9e5baa71e4907d490b0884dd2adb814bf1e035b3e46c6b93b4d6de07223	1	125	1	1	0	true	false	0	0	true	0.00000000000000
13921	4663	-	88189	9257	17	4835e5cb001fac9287b7b9583a62f59edb82a7a2f6940c6ddcadbbe34e06bafb	1	5	1	1	0	false	false	0	0	true	NA
13921	9257	+	92783	176309	32	0f5109e881129bd3b877c5c7f0d5e78758cb6be8ea7f636e898a205e2cee7710	1	296875	19	19	1	true	false	0	0	true	0.155094027900322
13921	9257	-	92783	4663	30	c6fc76dc781ad62f0000deaccdecce1851c9a34c4cadbffa84732c3c4c91c73a	1	59375	19	19	1	false	false	0	0	true	NA
13967	1976	+	85778	169580	31	bb3df55a642a01bbc551b6f949d8e37e74efb5df8b26d232dfb88823cb2a2230	1	116875	11	11	1	true	false	0	0	true	0.127353313908353
13967	1976	-	85778	11990	19	6c7b6543c326f6cbc31cead039c0f8ea6deff00fbd24cac04a64bb6846b70807	1	25	1	1	0	false	false	0	0	true	NA
13967	11990	+	95792	179594	28	570c4591c7146a27db2e40780bee7739d6e4e7dd2bf7d2cbece7f73bbc7c1219	1	15625	1	1	0	true	false	0	0	true	0.00000000000000
13967	11990	-	95792	1976	22	c3ed4d95e23fcc7a3dca1458fb2c1f752e540fa87cfcb3080e59576d78294433	1	275	11	11	1	false	false	0	0	true	NA
13997	6101	+	90083	174065	26	d3a5eaa41e7d1a9f371d347eb71e067b11c63077c89d06db51c74a5dfdb30928	1	3125	1	1	0	true	false	0	0	true	0.00000000000000
13997	6101	-	90083	7895	32	d266dbfcc30fbf019b4a55835ecd3a6f2cf98fc71299c9937437e1bbb4af0ce4	1	161975	6479	11*19*31	3	false	false	0	0	true	NA
13997	7895	+	91877	175859	17	b1fec84989fabe8d2ca358ba61d289fb42a70f483a3bd9d6e7ab95bc44132ad8	1	5	1	1	0	true	false	0	0	true	0.00000000000000
13997	7895	-	91877	6101	17	b1fec84989fabe8d2ca358ba61d289fb42a70f483a3bd9d6e7ab95bc44132ad8	1	5	1	1	0	false	false	0	0	true	NA
14033	4862	+	89060	173258	19	a2d06b4e6b8fccf8e243af28b8d9d0effeb863ad20d07f0c16ad251d49eea4b9	1	25	1	1	0	true	false	0	0	true	0.00000000000000
14033	4862	-	89060	9170	19	a2d06b4e6b8fccf8e243af28b8d9d0effeb863ad20d07f0c16ad251d49eea4b9	1	25	1	1	0	false	false	0	0	true	NA
14033	9170	+	93368	177566	24	c8ce549364915f0c5ccdca3b4b4549f04b82441731dab3524bea974f721f49a7	1	625	1	1	0	true	false	0	0	true	0.00000000000000
14033	9170	-	93368	4862	21	706eca486d2908c2b72c4ff54500670546339000aa1f95396c4f5698b74a41b6	1	125	1	1	0	false	false	0	0	true	NA
14051	496	+	84802	169108	22	cd02e9572e33bf3225547d7b53eebfd55be7d2c7b667dbf3a312fa95ff1caefa	1	275	11	11	1	true	false	0	0	true	0.127513304242215
14051	496	-	84802	13554	19	701801c17202b89b249103ba425951c992a3b1f6b5b3e695479e07db364af8c3	1	25	1	1	0	true	true	0	0	true	0.00000000000000
14051	13554	+	97860	182166	31	69f70ffae1be566f71508b8ad4e1aac95fe8995453a264c330a27953ea670fdb	1	130625	209	11*19	2	true	false	0	0	true	0.279803029525670
14051	13554	-	97860	496	19	701801c17202b89b249103ba425951c992a3b1f6b5b3e695479e07db364af8c3	1	25	1	1	0	false	false	0	0	true	NA
14057	6732	+	91074	175416	30	85b4c0686adacc83a7d2ebe508e7042c84494b424e8a2de80944fef50896f212	1	54575	2183	37*59	2	true	false	0	0	true	0.405712966250933
14057	6732	-	91074	7324	22	0cdf7d0f91d8132f08e4913d3b4cbafe38ac4f14969ec416d67aaa92149b0927	1	275	11	11	1	false	false	0	0	true	NA
14057	7324	+	91666	176008	38	7ee014766c3807dacd66f532a61febff2cd63eb14e679853e27638c8347a33ba	1	10984375	703	19*37	2	true	false	0	0	true	0.345736052510701
14057	7324	-	91666	6732	19	0a3d3a80201e83fa38fc1f6d54bd505ee92943404027ca009bd697469d3c86ae	1	25	1	1	0	false	false	0	0	true	NA
14087	427	+	84949	169471	20	23de856a86a6b7550ed887c834f3ea34f656cb40805eff1d376d64126fa2e6ee	1	55	11	11	1	true	false	0	0	true	0.127486479584245
14087	427	-	84949	13659	17	1baaf919f542e7e6a32795f54fa2bb5479f9249186c6cb10f0e60584fafb78a5	1	5	1	1	0	true	true	0	0	true	0.00000000000000
14087	13659	+	98181	182703	28	742d3b79f583cd8ce3e10376ffc432a04621578c764e35a38d20da6d669d440f	1	15625	1	1	0	true	false	0	0	true	0.00000000000000
14087	13659	-	98181	427	17	1baaf919f542e7e6a32795f54fa2bb5479f9249186c6cb10f0e60584fafb78a5	1	5	1	1	0	false	false	0	0	true	NA
14243	483	+	85941	171399	20	9078b72115f847ae886a0e768f4a6c12205f647ff8504143136faf0d93caf6ff	1	55	11	11	1	true	false	0	0	true	0.127333475361227
14243	483	-	85941	13759	17	02913bcf7d5f0837e5f91b7ed8650f1c271d58c95a5b57c1924090b7f635c4d6	1	5	1	1	0	true	true	0	0	true	0.00000000000000
14243	13759	+	99217	184675	30	09e445323af415c152acdd212c6ca5ebdd3370affbd7df82d999ff4a0653e9c4	1	40375	19	19	1	true	false	0	0	true	0.154007903540506
14243	13759	-	99217	483	26	2d480735294eb593a30176ab9007c6eff909295a8892b141a0b353fb22890945	1	2375	19	19	1	false	false	0	0	true	NA
14251	4671	+	90177	175683	21	12b8714dbe3b8e4f2df77f06eb8cc4052fa4cc4084049df27f84f8c981ca5db3	1	125	1	1	0	true	false	0	0	true	0.00000000000000
14251	4671	-	90177	9579	21	12b8714dbe3b8e4f2df77f06eb8cc4052fa4cc4084049df27f84f8c981ca5db3	1	125	1	1	0	false	false	0	0	true	NA
14251	5328	+	90834	176340	24	a4144ee7582f58203eab86409e65c129e017d334ec09bdfbc78c183e6f636feb	1	625	1	1	0	true	false	0	0	true	0.00000000000000
14251	5328	-	90834	8922	23	a25536a10602aea52a67bf2457bb8e3fc46fdc2441a4865e98dd73fa44fefc93	1	425	17	17	1	false	false	0	0	true	NA
14251	8922	+	94428	179934	28	dde1abf3bdaa81e5ed727de3e5d38ad382175d9bbdb2fed341d92ce83f0371ed	1	11875	19	19	1	true	false	0	0	true	0.154801480087532
14251	8922	-	94428	5328	28	dde1abf3bdaa81e5ed727de3e5d38ad382175d9bbdb2fed341d92ce83f0371ed	1	11875	19	19	1	false	false	0	0	true	NA
14251	9579	+	95085	180591	25	b90e1ee13a85e1cd2cf0f57b7e5dc07a6cebb3bde7397657bba90a45398df368	1	1375	11	11	1	true	false	0	0	true	0.125977418409120
14251	9579	-	95085	4671	25	b90e1ee13a85e1cd2cf0f57b7e5dc07a6cebb3bde7397657bba90a45398df368	1	1375	11	11	1	false	false	0	0	true	NA
14323	505	+	86443	172381	35	ca73bc65bb97a1462898e1693e8a843c4aba9d3171dac127fe568c81f3c40e1e	1	2028125	649	11*59	2	true	false	0	0	true	0.343587277615375
14323	505	-	86443	13817	19	a364b74d66522f1fca45fbc74dd6a03799737c9152f07570d3a196898c671644	1	25	1	1	0	true	true	0	0	true	0.00000000000000
14323	13817	+	99755	185693	42	717cc0e5b00d47cd3c6f7d1ac667766cb765d3bec9b43e1b166abed5d94ae340	1	295746875	5567	19*293	2	true	false	0	0	true	0.450861902002583
14323	13817	-	99755	505	17	5dbbab77bcb554150cc4dc7165217d384a1402d81dd1de225dc731375007840c	1	5	1	1	0	false	false	0	0	true	NA
14369	2948	+	89162	175376	26	13797e220eef2b20633591109423715059b686490c19dc2a0ecefb8c74829dbd	1	3125	1	1	0	true	false	0	0	true	0.00000000000000
14369	2948	-	89162	11420	24	d0983a65a777ea80207a1fc3aff11ff3d5624037cf93b4a96b880df8a35baf90	1	625	1	1	0	false	false	0	0	true	NA
14369	11420	+	97634	183848	30	80e9be2d85c8757bdf18157313f75ab68936cf2c86052092f296fdfedeaa42a7	1	53125	1	1	0	true	false	0	0	true	0.00000000000000
14369	11420	-	97634	2948	27	cf3e1b22917d3e4aac1521e16861e8229ea00522d4db594b1e4541a417acb069	1	8075	323	17*19	2	false	false	0	0	true	NA
14389	2068	+	88402	174736	26	00e996f07f1342671dfec658bdb28cf9e7745d901aeaad0f82352ccf3aecc370	1	3125	1	1	0	true	false	0	0	true	0.00000000000000
14389	2068	-	88402	12320	19	07bcd13e134e4286b5b90a31ca5adc1fb5de050d9d44eda74325221c632e55a1	1	25	1	1	0	false	false	0	0	true	NA
14389	12320	+	98654	184988	28	79fef9aa70b0c14b04beff60e3701bb5ef1aae528b520b2460f3c40d04b2c651	1	10625	1	1	0	true	false	0	0	true	0.00000000000000
14389	12320	-	98654	2068	24	4db9d79841693857c38b220f9ee89aed6166b1c9f4ea9c8301cfba48fb38c858	1	625	1	1	0	false	false	0	0	true	NA
14401	4498	+	90904	177310	26	f3c382247435eddfb3f2ee4da2a163a255838f596ffd07771680a8f482243ccd	1	3125	1	1	0	true	false	0	0	true	0.00000000000000
14401	4498	-	90904	9902	23	f08276dad337010155b6da4b000c664b2b7a9b0081f47887d0ddd2ee8724fd2d	1	475	19	19	1	false	false	0	0	true	NA
14401	4817	+	91223	177629	25	20055cd0d8cec9f690c6cde241e153550e4b4c627779c6d98cd3a79eda6c573b	1	1375	11	11	1	true	false	0	0	true	0.126534805597502
14401	4817	-	91223	9583	27	462f5e16bd5783f3047830e09e4aaba0d60ef51349574bb808119887bf5ee005	1	5125	41	41	1	false	false	0	0	true	NA
14401	9583	+	95989	182395	21	7a00121a933d03601dc3c3b8f3a600ef5cfd0d83945c6461d9f20bfb644e13cd	1	125	1	1	0	true	false	0	0	true	0.00000000000000
14401	9583	-	95989	4817	21	7a00121a933d03601dc3c3b8f3a600ef5cfd0d83945c6461d9f20bfb644e13cd	1	125	1	1	0	false	false	0	0	true	NA
14401	9902	+	96308	182714	30	34aa390d211ff8aba372475d4257487fedb636a4e7265b3a738c96ac8b51198a	1	53125	1	1	0	true	false	0	0	true	0.00000000000000
14401	9902	-	96308	4498	19	c2d7ad903d847b22979846e1d4c3c8b9a1f1396514c3db90e6a42c6236250a11	1	25	1	1	0	false	false	0	0	true	NA
14407	4463	+	90905	177347	24	4481110727328bc715350f290b51c945ed7f255e15bc74f2f22d1849b2598b47	1	625	1	1	0	true	false	0	0	true	0.00000000000000
14407	4463	-	90905	9943	24	4481110727328bc715350f290b51c945ed7f255e15bc74f2f22d1849b2598b47	1	625	1	1	0	false	false	0	0	true	NA
14407	9943	+	96385	182827	21	d0f19c7372e34c240d3e1c6c4417bc5c55c7f618349304e9cd6b01544c4a9b02	1	125	1	1	0	true	false	0	0	true	0.00000000000000
14407	9943	-	96385	4463	21	d0f19c7372e34c240d3e1c6c4417bc5c55c7f618349304e9cd6b01544c4a9b02	1	125	1	1	0	false	false	0	0	true	NA
14411	1086	+	87552	174018	19	14e490a4c03f98e50fce0473c0c7bd6c0c07152e480961e0737130d64132a656	1	25	1	1	0	true	false	0	0	true	0.00000000000000
14411	1086	-	87552	13324	23	2d596a8c8cda6bb19f49b32ae01d2ad9c7b4357ba066af0664e3254d9366c45d	1	425	17	17	1	true	false	0	0	true	0.150153920460549
14411	13324	+	99790	186256	37	21e6b486de31a7380bd8b6003eed57a49842622599cf8bc5490d1f8942ec7eb6	1	5046875	19	19	1	true	false	0	0	true	0.153890239863460
14411	13324	-	99790	1086	30	04e1598b9be6faebab284c25edfcd092206735010f4b8bfd881ac874540be218	1	53125	17	17	1	false	false	0	0	true	NA
14419	541	+	87055	173569	32	07a1af085236cd5ad7e6236c6f7faeeb079d6150230edebd4982d2d743c31aff	1	281875	451	11*41	2	true	false	0	0	true	0.324097785890989
14419	541	-	87055	13877	24	210354deb4ada54cd68a56b46eceba4e0d6d3240b2875e03291dc9ed8437c498	1	1025	41	41	1	true	true	0	0	true	0.196934781404465
14419	3956	+	90470	176984	24	816a165c0a1699b53a4acc11d87695bbadb876fa271f7fb1ca49d819382f5770	1	625	1	1	0	true	false	0	0	true	0.00000000000000
14419	3956	-	90470	10462	28	a2051151e7ad3dad08a62dc638ad2ee3ef7c353224a0a2eb207d631f1de82e57	1	10625	17	17	1	false	false	0	0	true	NA
14419	6220	+	92734	179248	24	816a165c0a1699b53a4acc11d87695bbadb876fa271f7fb1ca49d819382f5770	1	625	1	1	0	true	false	0	0	true	0.00000000000000
14419	6220	-	92734	8198	21	905e9f1dfe1065998975eed86a60c608acbcfcf0f1218171abc438012a0b0d62	1	125	1	1	0	false	false	0	0	true	NA
14419	8198	+	94712	181226	24	816a165c0a1699b53a4acc11d87695bbadb876fa271f7fb1ca49d819382f5770	1	625	1	1	0	true	false	0	0	true	0.00000000000000
14419	8198	-	94712	6220	22	4ee26d35cdca1add588d8b4d3114d17591cd974f1161781e12707620a20dc7f1	1	275	11	11	1	false	false	0	0	true	NA
14419	10462	+	96976	183490	27	53a3c6e25d3eb9ef62b66634b7eb6b2bc9fdc16c2ce6e030e8e8d87359632a53	1	6875	11	11	1	true	false	0	0	true	0.125719470938470
14419	10462	-	96976	3956	24	816a165c0a1699b53a4acc11d87695bbadb876fa271f7fb1ca49d819382f5770	1	625	1	1	0	false	false	0	0	true	NA
14419	13877	+	100391	186905	26	93dec64d84303b4e2888a1be797ac5231ba2875abbb347123ca2500dd72b1bee	1	3125	1	1	0	true	false	0	0	true	0.00000000000000
14419	13877	-	100391	541	31	d3fc9fb1dd6c14088396cc6fc84806e6cebeb22e657bbb8b0300d65c62c4a4eb	1	81125	649	11*59	2	false	false	0	0	true	NA
14437	6690	+	93312	179934	19	60b018e0fed64058251404a2863d1c0648162b2d173affeff551fbdae22fe5fb	1	25	1	1	0	true	false	0	0	true	0.00000000000000
14437	6690	-	93312	7746	25	83bd2b58fbf70c7821bf91707132185cd30d46c9046c4c924ac3d39e723d1cac	1	1525	61	61	1	false	false	0	0	true	NA
14437	7746	+	94368	180990	24	08c6f96b44965d9b1b377b6b5dd28dedea3659d7ec5c01c570a297a316bd0059	1	625	1	1	0	true	false	0	0	true	0.00000000000000
14437	7746	-	94368	6690	21	b376bbcd3568b0a552b963fc9cdb66efcebe74f80da1deee6049620e290296e4	1	125	1	1	0	false	false	0	0	true	NA
14449	4368	+	91062	177756	19	c4d0d1ba1dcb47613ab15a1767f49d8bf10742209917e6a7db365be0075a777d	1	25	1	1	0	true	false	0	0	true	0.00000000000000
14449	4368	-	91062	10080	19	c4d0d1ba1dcb47613ab15a1767f49d8bf10742209917e6a7db365be0075a777d	1	25	1	1	0	false	false	0	0	true	NA
14449	10080	+	96774	183468	19	c4d0d1ba1dcb47613ab15a1767f49d8bf10742209917e6a7db365be0075a777d	1	25	1	1	0	true	false	0	0	true	0.00000000000000
14449	10080	-	96774	4368	19	c4d0d1ba1dcb47613ab15a1767f49d8bf10742209917e6a7db365be0075a777d	1	25	1	1	0	false	false	0	0	true	NA
14461	662	+	87428	174194	24	e20e77064d232a6088bbe70eedde8487e79f8bbd4e485d308ce4aa8b2381af69	1	775	31	31	1	true	false	0	0	true	0.182024448338683
14461	662	-	87428	13798	23	199c68d209b8d7612c1601d56dcc6d29944d8bb9263c69b790a62e81ffa303ba	1	425	17	17	1	true	true	0	0	true	0.150179387769428
14461	13798	+	100564	187330	27	747a10a3461d6c5472fb98492249c0d601d38e86406a4d04c452a5705ed78b0c	1	8075	19	19	1	true	false	0	0	true	0.153791484609424
14461	13798	-	100564	662	19	2f04bbcf2d466598e414934b7b7fb3ac38d9fe3a63f809a22b0ff18a5dddc4fd	1	25	1	1	0	false	false	0	0	true	NA
14479	2616	+	89490	176364	25	c7296504ea6fbbb36fac6caebdf1d45e9ad4c57f6c0653e90cbbc45b6854d496	1	1375	11	11	1	true	false	0	0	true	0.126785597939776
14479	2616	-	89490	11862	23	85859fae6ec63adfdb957f1cb0c926436e2d4be863dabde4a6c82bae47efd7e8	1	425	17	17	1	false	false	0	0	true	NA
14479	11862	+	98736	185610	28	ef71af8a977a1d1e953c4fa4ab1c001e755bdb0fd8996027e8dde51ffd9eac3f	1	10625	1	1	0	true	false	0	0	true	0.00000000000000
14479	11862	-	98736	2616	19	e0c0eb3f80d5d5a5b4adb1714aa1fc8709f7d6ec4c4e5d6b1c7ee0635bbe2435	1	25	1	1	0	false	false	0	0	true	NA
14503	3336	+	90354	177372	19	01d39e64669563b728549ef9afa6e47eeab3cfeffc882081f64eb622eb91c182	1	25	1	1	0	true	false	0	0	true	0.00000000000000
14503	3336	-	90354	11166	19	01d39e64669563b728549ef9afa6e47eeab3cfeffc882081f64eb622eb91c182	1	25	1	1	0	false	false	0	0	true	NA
14503	11166	+	98184	185202	28	7d936080031894c937080821a50e228256647291b38f823416d9cdbe157e78bf	1	15625	1	1	0	true	false	0	0	true	0.00000000000000
14503	11166	-	98184	3336	26	12a680a93ef7f5445966c3e9d2dcac89c376b8bae9f49c62a898079b3cf0819e	1	3125	1	1	0	false	false	0	0	true	NA
14519	3463	+	90577	177691	21	1ab647e0dd464e550fe115a1c60e33141304cdb09491fa3f3ef65c93f0c7d5a9	1	125	1	1	0	true	false	0	0	true	0.00000000000000
14519	3463	-	90577	11055	21	1ab647e0dd464e550fe115a1c60e33141304cdb09491fa3f3ef65c93f0c7d5a9	1	125	1	1	0	false	false	0	0	true	NA
14519	11055	+	98169	185283	26	30bb8a6ae52fea25850fcf90671b7e341bd9c097d7258283c74e56dd110d7f67	1	3125	1	1	0	true	false	0	0	true	0.00000000000000
14519	11055	-	98169	3463	26	30bb8a6ae52fea25850fcf90671b7e341bd9c097d7258283c74e56dd110d7f67	1	3125	1	1	0	false	false	0	0	true	NA
14537	399	+	87621	174843	21	35223402692fb0cba9995af05320af21f562dddf66a43e26f88f938ef2196938	1	125	1	1	0	true	false	0	0	true	0.00000000000000
14537	399	-	87621	14137	21	35223402692fb0cba9995af05320af21f562dddf66a43e26f88f938ef2196938	1	125	1	1	0	true	true	0	0	true	0.00000000000000
14537	3618	+	90840	178062	21	35223402692fb0cba9995af05320af21f562dddf66a43e26f88f938ef2196938	1	125	1	1	0	true	false	0	0	true	0.00000000000000
14537	3618	-	90840	10918	24	e3b1b9abe6bd16011544df5ff4b669136d98609b9b842bf7be81aeab91763a6c	1	625	1	1	0	false	false	0	0	true	NA
14537	6486	+	93708	180930	24	e3b1b9abe6bd16011544df5ff4b669136d98609b9b842bf7be81aeab91763a6c	1	625	1	1	0	true	false	0	0	true	0.00000000000000
14537	6486	-	93708	8050	14	9af31abc5f2d180a410cce358299a609d4bc96b47e10bec5bb5a0f7cb5f598b1	1	1	1	1	0	false	false	0	0	true	NA
14537	8050	+	95272	182494	22	5374ae52b284798de55c9bfc8bafbeb617d13098c1c0e26523125a26c2682b7a	1	275	11	11	1	true	false	0	0	true	0.125956012612383
14537	8050	-	95272	6486	19	995acf5d343a5ab377e3f65c93c078919f1867ac87ecbb3d39db3bb45a0b937e	1	25	1	1	0	false	false	0	0	true	NA
14537	10918	+	98140	185362	24	e3b1b9abe6bd16011544df5ff4b669136d98609b9b842bf7be81aeab91763a6c	1	625	1	1	0	true	false	0	0	true	0.00000000000000
14537	10918	-	98140	3618	24	e3b1b9abe6bd16011544df5ff4b669136d98609b9b842bf7be81aeab91763a6c	1	625	1	1	0	false	false	0	0	true	NA
14537	14137	+	101359	188581	25	e862a56d3f999e37a22b8f16f4d457d953fec38199fc9f2158be62704a62363d	1	1375	11	11	1	true	false	0	0	true	0.125136153760213
14537	14137	-	101359	399	17	a4bc5a0771ebbbb09f8cbc79ba1556b374de75a31802355b5a4aa9a457c762e8	1	5	1	1	0	false	false	0	0	true	NA
14543	3901	+	91159	178417	25	da11057bc416bcec033899302641249a84f690f96757100579b4cce4f5c0f616	1	1375	11	11	1	true	false	0	0	true	0.126534805597502
14543	3901	-	91159	10641	21	543fd92d085705a6aaab77acf4070becaebe3b768537bbceda4bc79903efb7fd	1	125	1	1	0	false	false	0	0	true	NA
14543	5478	+	92736	179994	24	737f908507664feff5087263befa9a1e02d677ab5b78beb6e427bfdc7c46fa43	1	625	1	1	0	true	false	0	0	true	0.00000000000000
14543	5478	-	92736	9064	14	75b7cf6e0c621a4c83bf843eaa4ccf1aa840a7ca6582afb8c16c6e04f5f37c0f	1	1	1	1	0	false	false	0	0	true	NA
14543	9064	+	96322	183580	19	e711cef2db8b1448844a7ab625e5c64fe5e3fa042e4d14f72bdeb20aee2c8d0b	1	25	1	1	0	true	false	0	0	true	0.00000000000000
14543	9064	-	96322	5478	19	e711cef2db8b1448844a7ab625e5c64fe5e3fa042e4d14f72bdeb20aee2c8d0b	1	25	1	1	0	false	false	0	0	true	NA
14543	10641	+	97899	185157	30	c1b25bbcb079bf166e97c167fd41e695c4d11b64c2c1b2e96096636b19f73311	1	53125	1	1	0	true	false	0	0	true	0.00000000000000
14543	10641	-	97899	3901	30	c1b25bbcb079bf166e97c167fd41e695c4d11b64c2c1b2e96096636b19f73311	1	53125	17	17	1	false	false	0	0	true	NA
14549	7180	+	94474	181768	24	ec2b58efeb457622764bf089a918dc6bcb4ee0411cdbd71d189bb14d320bde2f	1	625	1	1	0	true	false	0	0	true	0.00000000000000
14549	7180	-	94474	7368	24	ec2b58efeb457622764bf089a918dc6bcb4ee0411cdbd71d189bb14d320bde2f	1	625	1	1	0	false	false	0	0	true	NA
14549	7368	+	94662	181956	29	4c02341bf4d89bb76b91bf89db3bd2920b16fd66eae12f39a7d9f2ca12dc1c99	1	34375	11	11	1	true	false	0	0	true	0.126030138172601
14549	7368	-	94662	7180	29	4c02341bf4d89bb76b91bf89db3bd2920b16fd66eae12f39a7d9f2ca12dc1c99	1	34375	11	11	1	false	false	0	0	true	NA
14551	1843	+	89149	176455	24	deff73609fe6e1045969f73ad1955f4b1a1b5c149cbf6ae4d5bac0913267bbbd	1	625	1	1	0	true	false	0	0	true	0.00000000000000
14551	1843	-	89149	12707	21	80bfc41eee7041b09bac6a86410e5449ff67b153a475dcacb0423d4ffc708502	1	125	1	1	0	false	false	0	0	true	NA
14551	12707	+	100013	187319	28	04e8f7b9aa3a32de75a63d440fbe69447b31c4934133d93a34f46f1490cadd18	1	10625	1	1	0	true	false	0	0	true	0.00000000000000
14551	12707	-	100013	1843	21	80bfc41eee7041b09bac6a86410e5449ff67b153a475dcacb0423d4ffc708502	1	125	1	1	0	false	false	0	0	true	NA
14557	4259	+	91601	178943	21	ca38c4e696f1da6acfa676893e8cef5accacf2727459b6c3a7cf97ed703c1e9a	1	125	1	1	0	true	false	0	0	true	0.00000000000000
14557	4259	-	91601	10297	21	ca38c4e696f1da6acfa676893e8cef5accacf2727459b6c3a7cf97ed703c1e9a	1	125	1	1	0	false	false	0	0	true	NA
14557	10297	+	97639	184981	26	5b39a9b355c5cc3b2e73d7a8820eb61ceddab097bd693b323a579c79ef34be80	1	3125	1	1	0	true	false	0	0	true	0.00000000000000
14557	10297	-	97639	4259	21	ca38c4e696f1da6acfa676893e8cef5accacf2727459b6c3a7cf97ed703c1e9a	1	125	1	1	0	false	false	0	0	true	NA
14593	526	+	88084	175642	24	41dc0e02e27607a40052ad1ed46a2fc9f0e7fa4c00a6ef20c092cb075015398f	1	625	1	1	0	true	false	0	0	true	0.00000000000000
14593	526	-	88084	14066	21	b52ab8c35fec4f39b1f0b09fcde7aac55b34eb360c327b02703d8cd4dade777b	1	125	1	1	0	true	true	0	0	true	0.00000000000000
14593	14066	+	101624	189182	19	90e63dcd6ffc490832a8ad99c8b023210b2d6a60b947dab839bb26cc4d22c03f	1	25	1	1	0	true	false	0	0	true	0.00000000000000
14593	14066	-	101624	526	23	b3a3f73e6cd34a7f13fa1a0b528254803ad2c1a0a8d6e4771a962629f9a02990	1	425	17	17	1	false	false	0	0	true	NA
14621	3926	+	91652	179378	34	43a703bde00b37fb2fa366c88535ac45f963b38cfde4cc034b13a54512c518aa	1	666875	1067	11*97	2	true	false	0	0	true	0.367742199367980
14621	3926	-	91652	10694	21	757eef107d65481e8001f60a77848e9b02fde6e793c4fdba9d3e10039cf20263	1	125	1	1	0	false	false	0	0	true	NA
14621	10694	+	98420	186146	28	868e58266f3d97de0f39c821f5577c99dbb15a09720581370a4161bef081855c	1	10625	1	1	0	true	false	0	0	true	0.00000000000000
14621	10694	-	98420	3926	28	868e58266f3d97de0f39c821f5577c99dbb15a09720581370a4161bef081855c	1	10625	17	17	1	false	false	0	0	true	NA
14653	4915	+	92833	180751	30	585211543edf54ee29f7ad92d4d2c1154c29bfd9edbba3b0dad92685a56aae51	1	53125	1	1	0	true	false	0	0	true	0.00000000000000
14653	4915	-	92833	9737	21	0f08c425cfa9b529b0f8b9709651496d2473d82690dc7d8539412e665414a8d1	1	85	17	17	1	false	false	0	0	true	NA
14653	5257	+	93175	181093	17	b2214da786a5ff3b6dd1d92d923ee7280a9785e9c71672ce88486f0d893cbb18	1	5	1	1	0	true	false	0	0	true	0.00000000000000
14653	5257	-	93175	9395	17	b2214da786a5ff3b6dd1d92d923ee7280a9785e9c71672ce88486f0d893cbb18	1	5	1	1	0	false	false	0	0	true	NA
14653	9395	+	97313	185231	37	f59306440db3e151885e01101539746dbd67915ad3f1f39a3a0d712cc87bbaf3	1	5046875	19	19	1	true	false	0	0	true	0.154322967154646
14653	9395	-	97313	5257	30	0fa27a995a63ebb39ab4f8eb20f268fb0e6a938ceb450c5d36cdc1bba443726f	1	40375	323	17*19	2	false	false	0	0	true	NA
14653	9737	+	97655	185573	26	dcc9e807d8f2361954a927d507f209b15d3d19b4a2831d1da32514c1ac93626e	1	3125	1	1	0	true	false	0	0	true	0.00000000000000
14653	9737	-	97655	4915	21	758ae1c020613a3745432fc3d265c39edf95e8ccdb3f50c7d3b1bacb8a764d8b	1	125	1	1	0	false	false	0	0	true	NA
14683	4278	+	92376	180474	19	05d02977de998a498ad5300b10e3cc865a0bf867da8a3bb70a89ab55f1043158	1	25	1	1	0	true	false	0	0	true	0.00000000000000
14683	4278	-	92376	10404	19	05d02977de998a498ad5300b10e3cc865a0bf867da8a3bb70a89ab55f1043158	1	25	1	1	0	false	false	0	0	true	NA
14683	10404	+	98502	186600	28	742f409a6c615661d2c560a3198a6e1487272174c63b894bb00dde83e309d700	1	10625	1	1	0	true	false	0	0	true	0.00000000000000
14683	10404	-	98502	4278	28	742f409a6c615661d2c560a3198a6e1487272174c63b894bb00dde83e309d700	1	10625	17	17	1	false	false	0	0	true	NA
14723	3681	+	92019	180357	27	2425072c649388e23ce5f6cc1e4a37157709f8f38c36b0545586ef44c3fffe6f	1	6875	11	11	1	true	false	0	0	true	0.126418610247679
14723	3681	-	92019	11041	24	ec2f664c00aeea8179721cc6c49df49c778ddfa72c031bcc7a9286336f99db60	1	625	1	1	0	false	false	0	0	true	NA
14723	6524	+	94862	183200	27	2425072c649388e23ce5f6cc1e4a37157709f8f38c36b0545586ef44c3fffe6f	1	6875	11	11	1	true	false	0	0	true	0.126014491005884
14723	6524	-	94862	8198	26	fe46db0c588d061a969877214eb779a5cb9f19ced15c8b97b9bd7e7c660ceab6	1	3875	31	31	1	false	false	0	0	true	NA
14723	8198	+	96536	184874	24	ec2f664c00aeea8179721cc6c49df49c778ddfa72c031bcc7a9286336f99db60	1	625	1	1	0	true	false	0	0	true	0.00000000000000
14723	8198	-	96536	6524	21	2dd727a4b3cf6f7cf93a491106207579d527fdfc5ed9ac8c39b84c67ffdc5530	1	97	97	97	1	false	false	0	0	true	NA
14723	11041	+	99379	187717	29	77ad4028c5c3ee248003e8419e1f16f80d71d3ab22dec532626b754025059796	1	36125	1	1	0	true	false	0	0	true	0.00000000000000
14723	11041	-	99379	3681	21	7f050884b97c10bef68d8e21475109358d46cda76eabb08271ba40fe21f7af66	1	125	1	1	0	false	false	0	0	true	NA
14731	418	+	88804	177190	19	be77544edeab0633dadbcd8d715af514bec1438fbde9f996f90d419cc76bea60	1	25	1	1	0	true	false	0	0	true	0.00000000000000
14731	418	-	88804	14312	14	3085e7466bacb95151b3ff307c9af4549a66aee2f9b8e825bf64578a5ae13e32	1	1	1	1	0	true	true	0	0	true	0.00000000000000
14731	14312	+	102698	191084	28	24230e66782394ce79d4bf5ca41ee021467db8671baaf80b7d755b2a14a5c09f	1	10625	1	1	0	true	false	0	0	true	0.00000000000000
14731	14312	-	102698	418	24	2e2715e66ab312dd249cdad92a2416c399501bba5800272e039dc73504547f0b	1	625	1	1	0	false	false	0	0	true	NA
14747	3004	+	91486	179968	30	ca6be7731efc9f82e0a7073e53c0ae90fd133815a0839b38101220efb990f386	1	59375	19	19	1	true	false	0	0	true	0.155300150036224
14747	3004	-	91486	11742	28	75a9be51eebd302b2a695b1885bac8cb9ad2a2c998d859215a9ac2de4145b72c	1	11875	19	19	1	false	false	0	0	true	NA
14747	11742	+	100224	188706	24	c05eb03f68d97ab5c9695dcd8cb27e71e1d8136e19def0f5af056a39102410b3	1	625	1	1	0	true	false	0	0	true	0.00000000000000
14747	11742	-	100224	3004	14	8270b6b8f571a6860d97f5797b1534e6f7c731abdb3f2a9b316b8aeed34f8656	1	1	1	1	0	false	false	0	0	true	NA
14753	2564	+	91082	179600	24	e85cb3c7fba6f97b679ced27ebbbde6438fe58e129a8d5cf3575725691a2a137	1	625	1	1	0	true	false	0	0	true	0.00000000000000
14753	2564	-	91082	12188	21	6c1a5eddc3644bb8192a6cf0a23030aa9faa0e94710d7de3bed95aea5a3bed81	1	125	1	1	0	false	false	0	0	true	NA
14753	12188	+	100706	189224	27	bd69fd3f2419956cb27ad0ece516eaca0706516690b1fbc961dddb2d421b4402	1	5125	41	41	1	true	false	0	0	true	0.193938840615842
14753	12188	-	100706	2564	14	61b53af67a0170ffa7d0d5b95ec2e41bf0b5f339acecfcf1bbc404b1f34d175c	1	1	1	1	0	false	false	0	0	true	NA
14759	5403	+	93957	182511	29	10c83b67eaa41fcaace6055b22610c54a4ab24d83d150bf6a93316d0853ae04f	1	34375	11	11	1	true	false	0	0	true	0.126124493612470
14759	5403	-	93957	9355	20	fa648d5bc52b93f141b0a748f144e4471657007fb258326b885fad633eedf0da	1	55	11	11	1	false	false	0	0	true	NA
14759	9355	+	97909	186463	40	266ec771c89ed99b62e1cfa7b6ce5d9886846bb751b4c79e2f46f4d27bbe31fb	1	41171875	31	31	1	true	false	0	0	true	0.179853969791192
14759	9355	-	97909	5403	26	a521b5a2b0a6b1d3763bf25a32567d6c390913a421d0a9fcbd2b4a408c015bba	1	3125	1	1	0	false	false	0	0	true	NA
14771	3823	+	92449	181075	20	8b67a2baa439e1d629c16f662257b85805e132cf175610db4e2cf1f0a31e7b4a	1	55	11	11	1	true	false	0	0	true	0.126347865132617
14771	3823	-	92449	10947	24	0a4bc09274cb7e2e551f616613d06e6db9340eba3a32b634c432e5f46c8e0a0c	1	935	187	11*17	2	false	false	0	0	true	NA
14771	10947	+	99573	188199	21	aa39d2ccf3f048c7af75439bc76eb4a3d097d8526f5d3b7dd1593c724c51e5be	1	85	1	1	0	true	false	0	0	true	0.00000000000000
14771	10947	-	99573	3823	25	3bfd2f67e4cef503e9bb41ca0e9861fce205110b64db1d873be672be939a2c84	1	2125	17	17	1	false	false	0	0	true	NA
14797	415	+	89197	177979	24	abe36c4eb85f00a6f76058db146fb6fa59a86286497871022110b113a2077984	1	625	1	1	0	true	false	0	0	true	0.00000000000000
14797	415	-	89197	14381	21	abeae8614659324a5ef2d3e11b8b2f63ad5d0fab012063994cf0cf72b4e067a2	1	125	1	1	0	true	true	0	0	true	0.00000000000000
14797	14381	+	103163	191945	19	396ec66b82b78d79571eea5c5051d4a9de400b9d93ebe2b75c0f1ab99231d21a	1	25	1	1	0	true	false	0	0	true	0.00000000000000
14797	14381	-	103163	415	21	abeae8614659324a5ef2d3e11b8b2f63ad5d0fab012063994cf0cf72b4e067a2	1	125	1	1	0	false	false	0	0	true	NA
14813	4416	+	93294	182172	32	6906659270fb64849331c9ce0c7ae2ae85d29c2c0b2ae4635d452a98cf64328f	1	201875	19	19	1	true	false	0	0	true	0.155005594748810
14813	4416	-	93294	10396	24	cf473622fdc3286081de2863e4188ecbfc738e0f0ce37de7946e15573cc30a31	1	625	1	1	0	false	false	0	0	true	NA
14813	10396	+	99274	188152	27	4f249fa18b242c8a58875a03f39554900cd46bacbc7731765862998908f6fd38	1	8075	19	19	1	true	false	0	0	true	0.153985195016220
14813	10396	-	99274	4416	32	6906659270fb64849331c9ce0c7ae2ae85d29c2c0b2ae4635d452a98cf64328f	1	201875	323	17*19	2	false	false	0	0	true	NA
14831	4268	+	93254	182240	19	81b6d8db75a7382b144285207811f44bd9f30a37f912130953d3dc3924da146a	1	25	1	1	0	true	false	0	0	true	0.00000000000000
14831	4268	-	93254	10562	19	81b6d8db75a7382b144285207811f44bd9f30a37f912130953d3dc3924da146a	1	25	1	1	0	false	false	0	0	true	NA
14831	10562	+	99548	188534	24	ede7779db396e93ca441ba222f2bcf4f7d07ae2bb63a43b2322d3db003883fc8	1	625	1	1	0	true	false	0	0	true	0.00000000000000
14831	10562	-	99548	4268	28	7d8ff8520c71b547d038c148ea1208f21b5f679bbaa98d2b225cf0add1d0fb5d	1	10625	17	17	1	false	false	0	0	true	NA
14851	6082	+	95188	184294	29	39c5900957b89d332e26236acf492f197a9b1e03ed3ede4ca53f2ae9fe7565fb	1	34375	11	11	1	true	false	0	0	true	0.125956012612383
14851	6082	-	95188	8768	22	01b7652ade8689a552a92106aa8ba5dc2e60a98c310197cbbb19e1e27f982e72	1	275	11	11	1	false	false	0	0	true	NA
14851	8768	+	97874	186980	32	cbc74e38c8381c08245078dc7307ae7dea183bfffd82cbb1ec4c637a6899b30c	1	213125	341	11*31	2	true	false	0	0	true	0.305442959579225
14851	8768	-	97874	6082	24	ca5150a55f7b0a2294537e257b4b694f9d5a1aba9a7ffdb1f92e25324ee9655d	1	625	1	1	0	false	false	0	0	true	NA
14867	155	+	89357	178559	21	047de958bf2253490f9c403d8a38a2ee6efd345edf3750f9ed0a516d4e9dcc8a	1	125	1	1	0	true	false	0	0	true	0.00000000000000
14867	155	-	89357	14711	21	047de958bf2253490f9c403d8a38a2ee6efd345edf3750f9ed0a516d4e9dcc8a	1	125	1	1	0	true	true	0	0	true	0.00000000000000
14867	14711	+	103913	193115	31	7059af7f707a6338435011fcd7ac9fca1b2a4327f89314dd5585f721557dd93f	1	113125	181	181	1	true	false	0	0	true	0.270590937995698
14867	14711	-	103913	155	21	047de958bf2253490f9c403d8a38a2ee6efd345edf3750f9ed0a516d4e9dcc8a	1	125	1	1	0	false	false	0	0	true	NA
14891	5	+	89351	178697	21	4ac4c8b3b0cbcfa0f22f220cb7ddd3d151e8d7aef35d2555746cd7b6e36d85a3	1	125	1	1	0	true	false	0	0	true	0.00000000000000
14891	5	-	89351	14885	21	110cd2791422af4609fbb74359b5575e6acf75b93063d7a7118129ce79cd6615	1	85	17	17	1	true	true	0	0	true	0.149814866057532
14891	487	+	89833	179179	28	71009f465ffd035b5a103e3061c65a415852f8639ac73a07a76080ca6674f984	1	15625	1	1	0	true	false	0	0	true	0.00000000000000
14891	487	-	89833	14403	21	4ac4c8b3b0cbcfa0f22f220cb7ddd3d151e8d7aef35d2555746cd7b6e36d85a3	1	125	1	1	0	true	true	0	0	true	0.00000000000000
14891	14403	+	103749	193095	21	4ac4c8b3b0cbcfa0f22f220cb7ddd3d151e8d7aef35d2555746cd7b6e36d85a3	1	125	1	1	0	true	false	0	0	true	0.00000000000000
14891	14403	-	103749	487	17	b03b7f8df49d64e089189f90f2d8a40831d4c854ec5aca5a05f3c1e8e7c92d43	1	5	1	1	0	false	false	0	0	true	NA
14891	14885	+	104231	193577	28	edf62858f324e78701e9a1f0647dfdc4f44dcbc232d828646db457eaa34bb4b7	1	10625	1	1	0	false	false	0	0	true	NA
14891	14885	-	104231	5	17	b03b7f8df49d64e089189f90f2d8a40831d4c854ec5aca5a05f3c1e8e7c92d43	1	5	1	1	0	false	false	0	0	true	NA
14897	7288	+	96670	186052	24	1a75665873271cb17a82dae0e1e9924b0e579ec8d7e94476e0c2d9db89782450	1	625	1	1	0	true	false	0	0	true	0.00000000000000
14897	7288	-	96670	7608	19	51bccd9514407c38d17aa90ab6f699d31794cec00c1885346c506ff11f44db06	1	25	1	1	0	false	false	0	0	true	NA
14897	7608	+	96990	186372	24	1a75665873271cb17a82dae0e1e9924b0e579ec8d7e94476e0c2d9db89782450	1	625	1	1	0	true	false	0	0	true	0.00000000000000
14897	7608	-	96990	7288	24	1a75665873271cb17a82dae0e1e9924b0e579ec8d7e94476e0c2d9db89782450	1	625	1	1	0	false	false	0	0	true	NA
14951	5994	+	95700	185406	24	6cb8de2aaba8e988d70f3d10ba6c77de3f0dac80b22e3585cbd6a3c3a5f2c465	1	625	1	1	0	true	false	0	0	true	0.00000000000000
14951	5994	-	95700	8956	24	6cb8de2aaba8e988d70f3d10ba6c77de3f0dac80b22e3585cbd6a3c3a5f2c465	1	625	1	1	0	false	false	0	0	true	NA
14951	6643	+	96349	186055	21	af81966e12c41f1798be6ff3ee286c3a606347cab9d833cd8307a44ef5daa615	1	125	1	1	0	true	false	0	0	true	0.00000000000000
14951	6643	-	96349	8307	26	b9dc94760226d6d26d6cebdbb780103cfd1235fd72de53c8f470ffa3d9bb6ec3	1	3875	31	31	1	false	false	0	0	true	NA
14951	8307	+	98013	187719	21	af81966e12c41f1798be6ff3ee286c3a606347cab9d833cd8307a44ef5daa615	1	125	1	1	0	true	false	0	0	true	0.00000000000000
14951	8307	-	98013	6643	21	af81966e12c41f1798be6ff3ee286c3a606347cab9d833cd8307a44ef5daa615	1	125	1	1	0	false	false	0	0	true	NA
14951	8956	+	98662	188368	28	739489c447ade6a47bb1d3480206f0d2b32585f33bad167f5967a8897cca069b	1	10625	1	1	0	true	false	0	0	true	0.00000000000000
14951	8956	-	98662	5994	23	61963c92504e80ccc859bfe5c7945ae18f468cb5838232c7426e710344bbc414	1	425	17	17	1	false	false	0	0	true	NA
14957	5232	+	94974	184716	24	8c6ec1110ccb0ed37691418fd739289dd1ed5a2ee89f96f6ccc76c54938b6a88	1	625	1	1	0	true	false	0	0	true	0.00000000000000
14957	5232	-	94974	9724	21	1bdf34643f6d7196ea6eb0ae16687f8236392134807f1abf07fafac2d7adc421	1	125	1	1	0	false	false	0	0	true	NA
14957	9724	+	99466	189208	30	7550fffcf46918d7933a9da6dd529ffb9058371f1d92cde7918db788d4b4b4ce	1	59375	19	19	1	true	false	0	0	true	0.153957995794065
14957	9724	-	99466	5232	28	dac8ec5a3195d69001d98f19efd3b38bebb1c1e096b104dc5fa8d77936226ccd	1	10625	17	17	1	false	false	0	0	true	NA
14969	4889	+	94703	184517	30	5f115ede81a36907111fbab7977642c93fa3221011b875f582ffa8070c6a18fb	1	53125	1	1	0	true	false	0	0	true	0.00000000000000
14969	4889	-	94703	10079	21	34cb3e4443f7e0c09a820949d37d77726260df9b00def1bda63469224d3e5e41	1	125	1	1	0	false	false	0	0	true	NA
14969	6653	+	96467	186281	34	c704943753e763c0eb3da7715934d5c47f9ec59910ad2b59a7e05290abf4ac26	1	584375	11	11	1	true	false	0	0	true	0.125786259297596
14969	6653	-	96467	8315	30	5f115ede81a36907111fbab7977642c93fa3221011b875f582ffa8070c6a18fb	1	53125	17	17	1	false	false	0	0	true	NA
14969	8315	+	98129	187943	21	34cb3e4443f7e0c09a820949d37d77726260df9b00def1bda63469224d3e5e41	1	125	1	1	0	true	false	0	0	true	0.00000000000000
14969	8315	-	98129	6653	21	34cb3e4443f7e0c09a820949d37d77726260df9b00def1bda63469224d3e5e41	1	125	1	1	0	false	false	0	0	true	NA
14969	10079	+	99893	189707	28	c39bbde5d019cf05828329e723e7a0e60881538b1ee7d0dc7c14afde6837767b	1	11875	19	19	1	true	false	0	0	true	0.153890239863460
14969	10079	-	99893	4889	21	ea3f8d12218af62a439ad2b46bca90d46efb8b606f434cba66a725cd4699ef16	1	95	19	19	1	false	false	0	0	true	NA
