p,Z,scale,K0,signed_frequency_count,literal_signed_offdiag,signed_total_including_diag,signed_diagonal,task_prediction,literal_over_task_prediction,signed_total_prediction,signed_total_ratio,signed_off_poisson_prediction,signed_off_poisson_ratio,signed_off_fixed_margin_prediction,signed_off_fixed_margin_ratio,signed_total_fixed_margin_prediction,signed_total_fixed_margin_ratio,positive_offdiag,positive_total
7,0,sqrt,2,4,0,0,0,0,nan,0,nan,0,nan,0,nan,0,nan,0,0
7,0,cuberoot,1,2,0,0,0,0,nan,0,nan,0,nan,0,nan,0,nan,0,0
11,1,sqrt,3,6,0,6,6,3.81818181818,0,9.27272727273,0.647058823529,2.72727272727,0,0,nan,6,1,0,3
11,1,cuberoot,2,4,0,4,4,2.36363636364,0,5.45454545455,0.733333333333,1.09090909091,0,0,nan,4,1,0,2
13,0,sqrt,3,6,0,0,0,0,nan,0,nan,0,nan,0,nan,0,nan,0,0
13,0,cuberoot,2,4,0,0,0,0,nan,0,nan,0,nan,0,nan,0,nan,0,0
17,2,sqrt,4,8,8,24,16,11.7647058824,0.68,31.0588235294,0.772727272727,13.1764705882,0.607142857143,7.46666666667,1.07142857143,23.4666666667,1.02272727273,2,10
17,2,cuberoot,2,4,0,8,8,4.94117647059,0,11.7647058824,0.68,2.82352941176,0,1.6,0,9.6,0.833333333333,0,4
19,2,sqrt,4,8,4,20,16,11.3684210526,0.351851851852,29.4736842105,0.678571428571,11.7894736842,0.339285714286,6.58823529412,0.607142857143,22.5882352941,0.885416666667,0,8
19,2,cuberoot,2,4,0,8,8,4.84210526316,0,11.3684210526,0.703703703704,2.52631578947,0,1.41176470588,0,9.41176470588,0.85,0,4
23,0,sqrt,4,8,0,0,0,0,nan,0,nan,0,nan,0,nan,0,nan,0,0
23,0,cuberoot,2,4,0,0,0,0,nan,0,nan,0,nan,0,nan,0,nan,0,0
29,0,sqrt,5,10,0,0,0,0,nan,0,nan,0,nan,0,nan,0,nan,0,0
29,0,cuberoot,3,6,0,0,0,0,nan,0,nan,0,nan,0,nan,0,nan,0,0
31,2,sqrt,5,10,4,24,20,13.2258064516,0.30243902439,32.9032258065,0.729411764706,11.6129032258,0.344444444444,6.20689655172,0.644444444444,26.2068965517,0.915789473684,0,10
31,2,cuberoot,3,6,0,12,12,7.16129032258,0,16.6451612903,0.720930232558,3.87096774194,0,2.06896551724,0,14.0689655172,0.852941176471,0,6
37,2,sqrt,6,12,8,32,24,15.8918918919,0.503401360544,39.5675675676,0.808743169399,14.2702702703,0.560606060606,7.54285714286,1.06060606061,31.5428571429,1.01449275362,0,12
37,2,cuberoot,3,6,4,16,12,6.97297297297,0.573643410853,15.8918918919,1.00680272109,3.24324324324,1.23333333333,1.71428571429,2.33333333333,13.7142857143,1.16666666667,0,6
41,2,sqrt,6,12,8,32,24,15.512195122,0.51572327044,38.0487804878,0.841025641026,12.8780487805,0.621212121212,6.76923076923,1.18181818182,30.7692307692,1.04,4,16
41,2,cuberoot,3,6,4,16,12,6.87804878049,0.581560283688,15.512195122,1.03144654088,2.92682926829,1.36666666667,1.53846153846,2.6,13.5384615385,1.18181818182,2,8
43,0,sqrt,6,12,0,0,0,0,nan,0,nan,0,nan,0,nan,0,nan,0,0
43,0,cuberoot,3,6,0,0,0,0,nan,0,nan,0,nan,0,nan,0,nan,0,0
47,0,sqrt,6,12,0,0,0,0,nan,0,nan,0,nan,0,nan,0,nan,0,0
47,0,cuberoot,3,6,0,0,0,0,nan,0,nan,0,nan,0,nan,0,nan,0,0
53,0,sqrt,7,14,0,0,0,0,nan,0,nan,0,nan,0,nan,0,nan,0,0
53,0,cuberoot,3,6,0,0,0,0,nan,0,nan,0,nan,0,nan,0,nan,0,0
59,2,sqrt,7,14,4,32,28,17.3220338983,0.230919765166,41.2881355932,0.775041050903,12.3389830508,0.324175824176,6.38596491228,0.626373626374,34.3859649123,0.930612244898,2,16
59,2,cuberoot,3,6,0,12,12,6.61016949153,0,14.4406779661,0.830985915493,2.03389830508,0,1.05263157895,0,13.0526315789,0.91935483871,0,6
61,2,sqrt,7,14,4,32,28,17.2131147541,0.232380952381,40.8524590164,0.783306581059,11.9344262295,0.335164835165,6.16949152542,0.648351648352,34.1694915254,0.936507936508,0,14
61,2,cuberoot,3,6,0,12,12,6.59016393443,0,14.3606557377,0.835616438356,1.96721311475,0,1.01694915254,0,13.0169491525,0.921875,0,6
67,0,sqrt,8,16,0,0,0,0,nan,0,nan,0,nan,0,nan,0,nan,0,0
67,0,cuberoot,4,8,0,0,0,0,nan,0,nan,0,nan,0,nan,0,nan,0,0
71,0,sqrt,8,16,0,0,0,0,nan,0,nan,0,nan,0,nan,0,nan,0,0
71,0,cuberoot,4,8,0,0,0,0,nan,0,nan,0,nan,0,nan,0,nan,0,0
73,2,sqrt,8,16,8,40,32,19.5068493151,0.410112359551,46.0273972603,0.869047619048,13.1506849315,0.608333333333,6.76056338028,1.18333333333,38.7605633803,1.03197674419,0,16
73,2,cuberoot,4,8,4,20,16,8.87671232877,0.450617283951,19.5068493151,1.02528089888,3.06849315068,1.30357142857,1.57746478873,2.53571428571,17.5774647887,1.13782051282,0,8
79,0,sqrt,8,16,0,0,0,0,nan,0,nan,0,nan,0,nan,0,nan,0,0
79,0,cuberoot,4,8,0,0,0,0,nan,0,nan,0,nan,0,nan,0,nan,0,0
83,0,sqrt,9,18,0,0,0,0,nan,0,nan,0,nan,0,nan,0,nan,0,0
83,0,cuberoot,4,8,0,0,0,0,nan,0,nan,0,nan,0,nan,0,nan,0,0
89,0,sqrt,9,18,0,0,0,0,nan,0,nan,0,nan,0,nan,0,nan,0,0
89,0,cuberoot,4,8,0,0,0,0,nan,0,nan,0,nan,0,nan,0,nan,0,0
97,2,sqrt,9,18,4,40,36,21.3402061856,0.187439613527,49.3608247423,0.810359231412,12.618556701,0.316993464052,6.44210526316,0.62091503268,42.4421052632,0.94246031746,0,18
97,2,cuberoot,4,8,0,16,16,8.65979381443,0,18.6391752577,0.858407079646,2.30927835052,0,1.17894736842,0,17.1789473684,0.93137254902,0,8
101,0,sqrt,10,20,0,0,0,0,nan,0,nan,0,nan,0,nan,0,nan,0,0
101,0,cuberoot,4,8,0,0,0,0,nan,0,nan,0,nan,0,nan,0,nan,0,0
103,0,sqrt,10,20,0,0,0,0,nan,0,nan,0,nan,0,nan,0,nan,0,0
103,0,cuberoot,4,8,0,0,0,0,nan,0,nan,0,nan,0,nan,0,nan,0,0
107,0,sqrt,10,20,0,0,0,0,nan,0,nan,0,nan,0,nan,0,nan,0,0
107,0,cuberoot,4,8,0,0,0,0,nan,0,nan,0,nan,0,nan,0,nan,0,0
109,0,sqrt,10,20,0,0,0,0,nan,0,nan,0,nan,0,nan,0,nan,0,0
109,0,cuberoot,4,8,0,0,0,0,nan,0,nan,0,nan,0,nan,0,nan,0,0
113,0,sqrt,10,20,0,0,0,0,nan,0,nan,0,nan,0,nan,0,nan,0,0
113,0,cuberoot,4,8,0,0,0,0,nan,0,nan,0,nan,0,nan,0,nan,0,0
127,0,sqrt,11,22,0,0,0,0,nan,0,nan,0,nan,0,nan,0,nan,0,0
127,0,cuberoot,5,10,0,0,0,0,nan,0,nan,0,nan,0,nan,0,nan,0,0
131,0,sqrt,11,22,0,0,0,0,nan,0,nan,0,nan,0,nan,0,nan,0,0
131,0,cuberoot,5,10,0,0,0,0,nan,0,nan,0,nan,0,nan,0,nan,0,0
137,0,sqrt,11,22,0,0,0,0,nan,0,nan,0,nan,0,nan,0,nan,0,0
137,0,cuberoot,5,10,0,0,0,0,nan,0,nan,0,nan,0,nan,0,nan,0,0
139,2,sqrt,11,22,4,48,44,25.4820143885,0.156973461321,57.928057554,0.828614008942,13.2949640288,0.300865800866,6.74452554745,0.593073593074,50.7445255474,0.945914844649,2,24
139,2,cuberoot,5,10,0,20,20,10.7194244604,0,22.8776978417,0.874213836478,2.58992805755,0,1.31386861314,0,21.3138686131,0.938356164384,0,10
149,0,sqrt,12,24,0,0,0,0,nan,0,nan,0,nan,0,nan,0,nan,0,0
149,0,cuberoot,5,10,0,0,0,0,nan,0,nan,0,nan,0,nan,0,nan,0,0
151,2,sqrt,12,24,4,52,48,27.8145695364,0.14380952381,63.2582781457,0.82202680067,14.6225165563,0.273550724638,7.40939597315,0.539855072464,55.4093959732,0.938468992248,0,24
151,2,cuberoot,5,10,0,20,20,10.6622516556,0,22.6490066225,0.883040935673,2.38410596026,0,1.20805369128,0,21.2080536913,0.943037974684,0,10
157,0,sqrt,12,24,0,0,0,0,nan,0,nan,0,nan,0,nan,0,nan,0,0
157,0,cuberoot,5,10,0,0,0,0,nan,0,nan,0,nan,0,nan,0,nan,0,0
163,2,sqrt,12,24,8,56,48,27.5337423313,0.29055258467,62.1349693252,0.901263823065,13.5460122699,0.590579710145,6.85714285714,1.16666666667,54.8571428571,1.02083333333,4,28
163,2,cuberoot,5,10,4,24,20,10.6134969325,0.376878612717,22.4539877301,1.06885245902,2.20858895706,1.81111111111,1.11801242236,3.57777777778,21.1180124224,1.13647058824,2,12
167,0,sqrt,12,24,0,0,0,0,nan,0,nan,0,nan,0,nan,0,nan,0,0
167,0,cuberoot,5,10,0,0,0,0,nan,0,nan,0,nan,0,nan,0,nan,0,0
173,0,sqrt,13,26,0,0,0,0,nan,0,nan,0,nan,0,nan,0,nan,0,0
173,0,cuberoot,5,10,0,0,0,0,nan,0,nan,0,nan,0,nan,0,nan,0,0
179,2,sqrt,13,26,8,60,52,29.7765363128,0.268667917448,67.1061452514,0.894105894106,14.5251396648,0.550769230769,7.34463276836,1.08923076923,59.3446327684,1.01104341203,0,26
179,2,cuberoot,5,10,0,20,20,10.5586592179,0,22.2346368715,0.899497487437,2.01117318436,0,1.01694915254,0,21.0169491525,0.951612903226,0,10
181,4,sqrt,13,26,44,148,104,66.9392265193,0.657312644437,163.756906077,0.903778677463,57.4585635359,0.765769230769,43.5754189944,1.00974358974,147.575418994,1.00287704422,16,68
181,4,cuberoot,5,10,4,44,40,22.2099447514,0.180099502488,48.8397790055,0.900904977376,7.95580110497,0.502777777778,6.03351955307,0.662962962963,46.0335195531,0.955825242718,2,22
191,2,sqrt,13,26,8,60,52,29.5392670157,0.270825948245,66.1570680628,0.906932573599,13.612565445,0.587692307692,6.87830687831,1.16307692308,58.8783068783,1.01905104242,4,30
191,2,cuberoot,5,10,0,20,20,10.5235602094,0,22.0942408377,0.905213270142,1.88481675393,0,0.952380952381,0,20.9523809524,0.954545454545,0,10
193,4,sqrt,13,26,56,160,104,66.0103626943,0.848351648352,160.041450777,0.999740999741,53.8860103627,1.03923076923,40.8376963351,1.37128205128,144.837696335,1.1046847889,18,70
193,4,cuberoot,5,10,8,48,40,22.0725388601,0.362441314554,48.2901554404,0.993991416309,7.46113989637,1.07222222222,5.65445026178,1.41481481481,45.6544502618,1.05137614679,4,24
197,2,sqrt,14,28,4,60,56,31.9796954315,0.125079365079,71.9187817259,0.834274421231,15.3502538071,0.260582010582,7.75384615385,0.515873015873,63.7538461538,0.94111969112,0,28
197,2,cuberoot,5,10,0,20,20,10.5076142132,0,22.0304568528,0.907834101382,1.82741116751,0,0.923076923077,0,20.9230769231,0.955882352941,0,10
199,0,sqrt,14,28,0,0,0,0,nan,0,nan,0,nan,0,nan,0,nan,0,0
199,0,cuberoot,5,10,0,0,0,0,nan,0,nan,0,nan,0,nan,0,nan,0,0
211,2,sqrt,14,28,8,64,56,31.7156398104,0.252241482367,70.8625592417,0.903156768325,14.3317535545,0.558201058201,7.23444976077,1.10582010582,63.2344497608,1.01210653753,2,30
211,2,cuberoot,5,10,0,20,20,10.4739336493,0,21.8957345972,0.91341991342,1.70616113744,0,0.861244019139,0,20.8612440191,0.95871559633,0,10
223,0,sqrt,14,28,0,0,0,0,nan,0,nan,0,nan,0,nan,0,nan,0,0
223,0,cuberoot,6,12,0,0,0,0,nan,0,nan,0,nan,0,nan,0,nan,0,0
227,2,sqrt,15,30,4,64,60,33.9647577093,0.117769130999,75.859030837,0.843670150987,15.3303964758,0.26091954023,7.73333333333,0.51724137931,67.7333333333,0.944881889764,0,30
227,2,cuberoot,6,12,0,24,24,12.6343612335,0,26.5374449339,0.90438247012,2.32599118943,0,1.17333333333,0,25.1733333333,0.953389830508,0,12
229,0,sqrt,15,30,0,0,0,0,nan,0,nan,0,nan,0,nan,0,nan,0,0
229,0,cuberoot,6,12,0,0,0,0,nan,0,nan,0,nan,0,nan,0,nan,0,0
233,2,sqrt,15,30,8,68,60,33.8626609442,0.236248415716,75.4506437768,0.901251422071,14.9356223176,0.535632183908,7.53246753247,1.06206896552,67.5324675325,1.00692307692,0,30
233,2,cuberoot,6,12,0,24,24,12.6180257511,0,26.4721030043,0.906614785992,2.2660944206,0,1.14285714286,0,25.1428571429,0.954545454545,0,12
239,0,sqrt,15,30,0,0,0,0,nan,0,nan,0,nan,0,nan,0,nan,0,0
239,0,cuberoot,6,12,0,0,0,0,nan,0,nan,0,nan,0,nan,0,nan,0,0
241,2,sqrt,15,30,4,64,60,33.734439834,0.118573185732,74.9377593361,0.854042081949,14.4398340249,0.277011494253,7.28033472803,0.549425287356,67.280334728,0.951243781095,0,30
241,2,cuberoot,6,12,0,24,24,12.5975103734,0,26.3900414938,0.909433962264,2.19087136929,0,1.10460251046,0,25.1046025105,0.956,0,12
251,2,sqrt,15,30,4,64,60,33.5856573705,0.119098457888,74.3426294821,0.860878885316,13.8645418327,0.288505747126,6.98795180723,0.572413793103,66.9879518072,0.955395683453,2,32
251,2,cuberoot,6,12,0,24,24,12.5737051793,0,26.2948207171,0.912727272727,2.10358565737,0,1.06024096386,0,25.0602409639,0.957692307692,0,12
257,2,sqrt,16,32,4,68,64,35.9844357977,0.11115916955,79.9377431907,0.850661993769,15.439688716,0.259072580645,7.78039215686,0.514112903226,71.7803921569,0.947333916084,0,32
257,2,cuberoot,6,12,0,24,24,12.560311284,0,26.2412451362,0.914590747331,2.05447470817,0,1.03529411765,0,25.0352941176,0.958646616541,0,12
263,0,sqrt,16,32,0,0,0,0,nan,0,nan,0,nan,0,nan,0,nan,0,0
263,0,cuberoot,6,12,0,0,0,0,nan,0,nan,0,nan,0,nan,0,nan,0,0
269,0,sqrt,16,32,0,0,0,0,nan,0,nan,0,nan,0,nan,0,nan,0,0
269,0,cuberoot,6,12,0,0,0,0,nan,0,nan,0,nan,0,nan,0,nan,0,0
271,4,sqrt,16,32,40,168,128,79.1143911439,0.505597014925,188.457564576,0.891447368421,58.5682656827,0.682963709677,44.2527881041,0.903897849462,172.252788104,0.975310773481,14,78
271,4,cuberoot,6,12,0,48,48,26.1254612546,0,56.5018450185,0.849529780564,7.79335793358,0,5.88847583643,0,53.8884758364,0.890728476821,0,24
277,0,sqrt,16,32,0,0,0,0,nan,0,nan,0,nan,0,nan,0,nan,0,0
277,0,cuberoot,6,12,0,0,0,0,nan,0,nan,0,nan,0,nan,0,nan,0,0
281,0,sqrt,16,32,0,0,0,0,nan,0,nan,0,nan,0,nan,0,nan,0,0
281,0,cuberoot,6,12,0,0,0,0,nan,0,nan,0,nan,0,nan,0,nan,0,0
283,2,sqrt,16,32,20,84,64,35.6183745583,0.561507936508,78.4734982332,1.07042507205,14.0212014134,1.42641129032,7.06049822064,2.83266129032,71.0604982206,1.18209134615,0,32
283,2,cuberoot,6,12,8,32,24,12.5088339223,0.639548022599,26.035335689,1.22909880565,1.86572438163,4.28787878788,0.939501779359,8.51515151515,24.9395017794,1.28310502283,0,12
293,4,sqrt,17,34,48,184,136,83.7815699659,0.572918364022,199.126279863,0.924036747566,61.2696245734,0.783422459893,46.2680412371,1.03743315508,182.268041237,1.00950226244,16,84
293,4,cuberoot,6,12,4,52,48,25.9658703072,0.154048370137,55.8634812287,0.930840664712,7.20819112628,0.554924242424,5.44329896907,0.734848484848,53.4432989691,0.97299382716,2,26
307,2,sqrt,17,34,4,72,68,37.7654723127,0.105916853545,83.0618892508,0.866823529412,14.6188925081,0.273618538324,7.35737704918,0.54367201426,75.3573770492,0.955447267664,0,34
307,2,cuberoot,6,12,0,24,24,12.4690553746,0,25.8762214984,0.92749244713,1.71986970684,0,0.865573770492,0,24.8655737705,0.965189873418,0,12
311,0,sqrt,17,34,0,0,0,0,nan,0,nan,0,nan,0,nan,0,nan,0,0
311,0,cuberoot,6,12,0,0,0,0,nan,0,nan,0,nan,0,nan,0,nan,0,0
313,0,sqrt,17,34,0,0,0,0,nan,0,nan,0,nan,0,nan,0,nan,0,0
313,0,cuberoot,6,12,0,0,0,0,nan,0,nan,0,nan,0,nan,0,nan,0,0
317,0,sqrt,17,34,0,0,0,0,nan,0,nan,0,nan,0,nan,0,nan,0,0
317,0,cuberoot,6,12,0,0,0,0,nan,0,nan,0,nan,0,nan,0,nan,0,0
331,2,sqrt,18,36,16,88,72,39.915407855,0.400847714199,87.6616314199,1.00385993934,15.2265861027,1.05079365079,7.65957446809,2.08888888889,79.6595744681,1.1047008547,0,36
331,2,cuberoot,6,12,4,28,24,12.4350453172,0.321671525753,25.7401812689,1.08779342723,1.59516616314,2.50757575758,0.802431610942,4.98484848485,24.8024316109,1.12892156863,0,12
337,0,sqrt,18,36,0,0,0,0,nan,0,nan,0,nan,0,nan,0,nan,0,0
337,0,cuberoot,6,12,0,0,0,0,nan,0,nan,0,nan,0,nan,0,nan,0,0
347,2,sqrt,18,36,4,76,72,39.734870317,0.100667246881,86.939481268,0.874171307346,14.5244956772,0.275396825397,7.30434782609,0.547619047619,79.3043478261,0.958333333333,0,36
347,2,cuberoot,7,14,0,28,28,14.5648414986,0,30.2593659942,0.925333333333,2.09798270893,0,1.05507246377,0,29.0550724638,0.963687150838,0,14
349,0,sqrt,18,36,0,0,0,0,nan,0,nan,0,nan,0,nan,0,nan,0,0
349,0,cuberoot,7,14,0,0,0,0,nan,0,nan,0,nan,0,nan,0,nan,0,0
353,0,sqrt,18,36,0,0,0,0,nan,0,nan,0,nan,0,nan,0,nan,0,0
353,0,cuberoot,7,14,0,0,0,0,nan,0,nan,0,nan,0,nan,0,nan,0,0
359,0,sqrt,18,36,0,0,0,0,nan,0,nan,0,nan,0,nan,0,nan,0,0
359,0,cuberoot,7,14,0,0,0,0,nan,0,nan,0,nan,0,nan,0,nan,0,0
367,2,sqrt,19,38,24,100,76,41.9346049046,0.572319688109,91.7384196185,1.09005583937,15.3242506812,1.56614509246,7.70410958904,3.11522048364,83.704109589,1.19468447237,0,38
367,2,cuberoot,7,14,8,36,28,14.5340599455,0.5504311961,30.136239782,1.19457504521,1.98365122616,4.03296703297,0.997260273973,8.02197802198,28.997260274,1.24149659864,0,14
373,0,sqrt,19,38,0,0,0,0,nan,0,nan,0,nan,0,nan,0,nan,0,0
373,0,cuberoot,7,14,0,0,0,0,nan,0,nan,0,nan,0,nan,0,nan,0,0
379,6,sqrt,19,38,124,352,228,148.290237467,0.836198000071,365.160949868,0.96395849591,133.551451187,0.928481112692,111.883289125,1.10829777146,339.883289125,1.03564962228,40,154
379,6,cuberoot,7,14,16,100,84,46.654353562,0.342947630359,102.617414248,0.974493469094,17.2875989446,0.925518925519,14.4827586207,1.10476190476,98.4827586207,1.01540616246,6,48
383,0,sqrt,19,38,0,0,0,0,nan,0,nan,0,nan,0,nan,0,nan,0,0
383,0,cuberoot,7,14,0,0,0,0,nan,0,nan,0,nan,0,nan,0,nan,0,0
389,0,sqrt,19,38,0,0,0,0,nan,0,nan,0,nan,0,nan,0,nan,0,0
389,0,cuberoot,7,14,0,0,0,0,nan,0,nan,0,nan,0,nan,0,nan,0,0
397,0,sqrt,19,38,0,0,0,0,nan,0,nan,0,nan,0,nan,0,nan,0,0
397,0,cuberoot,7,14,0,0,0,0,nan,0,nan,0,nan,0,nan,0,nan,0,0
401,0,sqrt,20,40,0,0,0,0,nan,0,nan,0,nan,0,nan,0,nan,0,0
401,0,cuberoot,7,14,0,0,0,0,nan,0,nan,0,nan,0,nan,0,nan,0,0
409,0,sqrt,20,40,0,0,0,0,nan,0,nan,0,nan,0,nan,0,nan,0,0
409,0,cuberoot,7,14,0,0,0,0,nan,0,nan,0,nan,0,nan,0,nan,0,0
419,2,sqrt,20,40,4,84,80,43.8186157518,0.0912854030501,95.2744630072,0.881663326653,14.892601432,0.26858974359,7.48201438849,0.534615384615,87.4820143885,0.960197368421,2,42
419,2,cuberoot,7,14,0,28,28,14.4677804296,0,29.8711217184,0.937360178971,1.73747016706,0,0.872901678657,0,28.8729016787,0.96976744186,0,14
421,0,sqrt,20,40,0,0,0,0,nan,0,nan,0,nan,0,nan,0,nan,0,0
421,0,cuberoot,7,14,0,0,0,0,nan,0,nan,0,nan,0,nan,0,nan,0,0
431,2,sqrt,20,40,4,84,80,43.7122969838,0.0915074309979,94.849187935,0.885616438356,14.4779582367,0.276282051282,7.27272727273,0.55,87.2727272727,0.9625,2,42
431,2,cuberoot,7,14,0,28,28,14.4547563805,0,29.819025522,0.938997821351,1.68909512761,0,0.848484848485,0,28.8484848485,0.970588235294,0,14
433,2,sqrt,20,40,8,88,80,43.6951501155,0.183086680761,94.7806004619,0.928460038986,14.4110854503,0.555128205128,7.23897911833,1.10512820513,87.2389791183,1.00872340426,2,42
433,2,cuberoot,7,14,0,28,28,14.4526558891,0,29.8106235566,0.939262472885,1.68129330254,0,0.844547563805,0,28.8445475638,0.970720720721,0,14
439,2,sqrt,20,40,8,88,80,43.6446469248,0.183298538622,94.5785876993,0.930443159923,14.2141230068,0.562820512821,7.13958810069,1.12051282051,87.1395881007,1.00987394958,2,42
439,2,cuberoot,7,14,0,28,28,14.4464692483,0,29.7858769932,0.940042826552,1.6583143508,0,0.83295194508,0,28.8329519451,0.971111111111,0,14
443,2,sqrt,21,42,4,88,84,45.9819413093,0.0869906725577,99.927765237,0.880636125418,15.5485327314,0.257259001161,7.80952380952,0.512195121951,91.8095238095,0.958506224066,2,44
443,2,cuberoot,7,14,0,28,28,14.4424379233,0,29.769751693,0.940552016985,1.64334085779,0,0.825396825397,0,28.8253968254,0.971365638767,0,14
449,0,sqrt,21,42,0,0,0,0,nan,0,nan,0,nan,0,nan,0,nan,0,0
449,0,cuberoot,7,14,0,0,0,0,nan,0,nan,0,nan,0,nan,0,nan,0,0
457,0,sqrt,21,42,0,0,0,0,nan,0,nan,0,nan,0,nan,0,nan,0,0
457,0,cuberoot,7,14,0,0,0,0,nan,0,nan,0,nan,0,nan,0,nan,0,0
461,0,sqrt,21,42,0,0,0,0,nan,0,nan,0,nan,0,nan,0,nan,0,0
461,0,cuberoot,7,14,0,0,0,0,nan,0,nan,0,nan,0,nan,0,nan,0,0
463,2,sqrt,21,42,4,88,84,45.8099352052,0.0873173031589,99.2397408207,0.886741533908,14.8768898488,0.26887340302,7.47071583514,0.535423925668,91.4707158351,0.962056535762,2,44
463,2,cuberoot,7,14,0,28,28,14.4233261339,0,29.6933045356,0.942973523422,1.57235421166,0,0.789587852495,0,28.7895878525,0.972573839662,0,14
467,0,sqrt,21,42,0,0,0,0,nan,0,nan,0,nan,0,nan,0,nan,0,0
467,0,cuberoot,7,14,0,0,0,0,nan,0,nan,0,nan,0,nan,0,nan,0,0
479,0,sqrt,21,42,0,0,0,0,nan,0,nan,0,nan,0,nan,0,nan,0,0
479,0,cuberoot,7,14,0,0,0,0,nan,0,nan,0,nan,0,nan,0,nan,0,0
487,0,sqrt,22,44,0,0,0,0,nan,0,nan,0,nan,0,nan,0,nan,0,0
487,0,cuberoot,7,14,0,0,0,0,nan,0,nan,0,nan,0,nan,0,nan,0,0
491,0,sqrt,22,44,0,0,0,0,nan,0,nan,0,nan,0,nan,0,nan,0,0
491,0,cuberoot,7,14,0,0,0,0,nan,0,nan,0,nan,0,nan,0,nan,0,0
499,6,sqrt,22,44,120,384,264,166.917835671,0.718916582625,403.671342685,0.951268914572,136.496993988,0.879140239605,114.205231388,1.05073995772,378.205231388,1.01532175689,26,158
499,6,cuberoot,7,14,16,100,84,45.5350701403,0.351377519585,98.1402805611,1.01894960386,13.130260521,1.21855921856,10.985915493,1.45641025641,94.985915493,1.05278766311,4,46
503,2,sqrt,22,44,4,92,88,47.8489065606,0.0835964766495,103.395626243,0.889786186741,15.0457256461,0.265856236786,7.55289421158,0.529598308668,95.5528942116,0.962817513369,0,44
503,2,cuberoot,7,14,0,28,28,14.3896620278,0,29.5586481113,0.947269303202,1.44731610338,0,0.726546906188,0,28.7265469062,0.974708171206,0,14
509,0,sqrt,22,44,0,0,0,0,nan,0,nan,0,nan,0,nan,0,nan,0,0
509,0,cuberoot,7,14,0,0,0,0,nan,0,nan,0,nan,0,nan,0,nan,0,0
521,0,sqrt,22,44,0,0,0,0,nan,0,nan,0,nan,0,nan,0,nan,0,0
521,0,cuberoot,8,16,0,0,0,0,nan,0,nan,0,nan,0,nan,0,nan,0,0
523,0,sqrt,22,44,0,0,0,0,nan,0,nan,0,nan,0,nan,0,nan,0,0
523,0,cuberoot,8,16,0,0,0,0,nan,0,nan,0,nan,0,nan,0,nan,0,0
541,2,sqrt,23,46,16,108,92,49.9112754159,0.320568846752,107.645101664,1.00329692973,15.3049907579,1.04541062802,7.68089053803,2.08309178744,99.680890538,1.08345741513,0,46
541,2,cuberoot,8,16,4,36,32,16.4731977819,0.242818671454,33.8927911275,1.06217277487,1.77449168207,2.25416666667,0.890538033395,4.49166666667,32.8905380334,1.09453971119,0,16
547,0,sqrt,23,46,0,0,0,0,nan,0,nan,0,nan,0,nan,0,nan,0,0
547,0,cuberoot,8,16,0,0,0,0,nan,0,nan,0,nan,0,nan,0,nan,0,0
557,0,sqrt,23,46,0,0,0,0,nan,0,nan,0,nan,0,nan,0,nan,0,0
557,0,cuberoot,8,16,0,0,0,0,nan,0,nan,0,nan,0,nan,0,nan,0,0
563,0,sqrt,23,46,0,0,0,0,nan,0,nan,0,nan,0,nan,0,nan,0,0
563,0,cuberoot,8,16,0,0,0,0,nan,0,nan,0,nan,0,nan,0,nan,0,0
569,0,sqrt,23,46,0,0,0,0,nan,0,nan,0,nan,0,nan,0,nan,0,0
569,0,cuberoot,8,16,0,0,0,0,nan,0,nan,0,nan,0,nan,0,nan,0,0
571,2,sqrt,23,46,8,100,92,49.7057793345,0.160947079135,106.823117338,0.936126959145,14.5008756567,0.551690821256,7.27592267135,1.09951690821,99.2759226714,1.00729358448,0,46
571,2,cuberoot,8,16,0,32,32,16.4483362522,0,33.7933450088,0.946932006633,1.68126094571,0,0.843585237258,0,32.8435852373,0.974315068493,0,16
577,2,sqrt,24,48,8,104,96,51.993067591,0.153866666667,111.972270364,0.928801386825,15.6395147314,0.511524822695,7.84695652174,1.0195035461,103.846956522,1.00147374062,2,50
577,2,cuberoot,8,16,0,32,32,16.4436741768,0,33.7746967071,0.947454844007,1.66377816291,0,0.834782608696,0,32.8347826087,0.974576271186,0,16
587,0,sqrt,24,48,0,0,0,0,nan,0,nan,0,nan,0,nan,0,nan,0,0
587,0,cuberoot,8,16,0,0,0,0,nan,0,nan,0,nan,0,nan,0,nan,0,0
593,2,sqrt,24,48,4,100,96,51.8853288364,0.0770930837233,111.541315346,0.89652878568,15.2175379427,0.262854609929,7.6345177665,0.523936170213,103.634517766,0.964929467085,0,48
593,2,cuberoot,8,16,0,32,32,16.431703204,0,33.7268128162,0.9488,1.61888701518,0,0.812182741117,0,32.8121827411,0.975247524752,0,16
599,4,sqrt,24,48,40,232,192,111.385642738,0.359112709832,253.542570952,0.9150337126,60.2604340568,0.663785460993,45.3467336683,0.882092198582,237.346733668,0.977472899729,14,110
599,4,cuberoot,8,16,4,68,64,33.7095158598,0.118660855784,70.8380634391,0.959935897436,6.41068447412,0.623958333333,4.82412060302,0.829166666667,68.824120603,0.988025700935,2,34
601,0,sqrt,24,48,0,0,0,0,nan,0,nan,0,nan,0,nan,0,nan,0,0
601,0,cuberoot,8,16,0,0,0,0,nan,0,nan,0,nan,0,nan,0,nan,0,0
607,0,sqrt,24,48,0,0,0,0,nan,0,nan,0,nan,0,nan,0,nan,0,0
607,0,cuberoot,8,16,0,0,0,0,nan,0,nan,0,nan,0,nan,0,nan,0,0
613,0,sqrt,24,48,0,0,0,0,nan,0,nan,0,nan,0,nan,0,nan,0,0
613,0,cuberoot,8,16,0,0,0,0,nan,0,nan,0,nan,0,nan,0,nan,0,0
617,2,sqrt,24,48,8,104,96,51.734197731,0.154636591479,110.936790924,0.937470780739,14.6256077796,0.546985815603,7.33658536585,1.09042553191,103.336585366,1.00641993958,2,50
617,2,cuberoot,8,16,0,32,32,16.414910859,0,33.659643436,0.950693374422,1.55591572123,0,0.780487804878,0,32.7804878049,0.97619047619,0,16
619,0,sqrt,24,48,0,0,0,0,nan,0,nan,0,nan,0,nan,0,nan,0,0
619,0,cuberoot,8,16,0,0,0,0,nan,0,nan,0,nan,0,nan,0,nan,0,0
631,2,sqrt,25,50,4,104,100,53.9619651347,0.0741262848752,115.847860539,0.897729138167,15.5309033281,0.257551020408,7.79014308426,0.513469387755,107.790143084,0.964837758112,2,52
631,2,cuberoot,8,16,0,32,32,16.4057052298,0,33.6228209192,0.95173453997,1.52139461173,0,0.763116057234,0,32.7631160572,0.976708074534,0,16
641,0,sqrt,25,50,0,0,0,0,nan,0,nan,0,nan,0,nan,0,nan,0,0
641,0,cuberoot,8,16,0,0,0,0,nan,0,nan,0,nan,0,nan,0,nan,0,0
643,0,sqrt,25,50,0,0,0,0,nan,0,nan,0,nan,0,nan,0,nan,0,0
643,0,cuberoot,8,16,0,0,0,0,nan,0,nan,0,nan,0,nan,0,nan,0,0
647,0,sqrt,25,50,0,0,0,0,nan,0,nan,0,nan,0,nan,0,nan,0,0
647,0,cuberoot,8,16,0,0,0,0,nan,0,nan,0,nan,0,nan,0,nan,0,0
653,0,sqrt,25,50,0,0,0,0,nan,0,nan,0,nan,0,nan,0,nan,0,0
653,0,cuberoot,8,16,0,0,0,0,nan,0,nan,0,nan,0,nan,0,nan,0,0
659,2,sqrt,25,50,4,104,100,53.7936267071,0.0743582510578,115.174506829,0.902977602108,14.871016692,0.268979591837,7.45814307458,0.536326530612,107.458143075,0.967818696884,2,52
659,2,cuberoot,8,16,0,32,32,16.3884673748,0,33.5538694992,0.953690303907,1.45675265554,0,0.730593607306,0,32.7305936073,0.977678571429,0,16
661,0,sqrt,25,50,0,0,0,0,nan,0,nan,0,nan,0,nan,0,nan,0,0
661,0,cuberoot,8,16,0,0,0,0,nan,0,nan,0,nan,0,nan,0,nan,0,0
673,0,sqrt,25,50,0,0,0,0,nan,0,nan,0,nan,0,nan,0,nan,0,0
673,0,cuberoot,8,16,0,0,0,0,nan,0,nan,0,nan,0,nan,0,nan,0,0
677,0,sqrt,26,52,0,0,0,0,nan,0,nan,0,nan,0,nan,0,nan,0,0
677,0,cuberoot,8,16,0,0,0,0,nan,0,nan,0,nan,0,nan,0,nan,0,0
683,0,sqrt,26,52,0,0,0,0,nan,0,nan,0,nan,0,nan,0,nan,0,0
683,0,cuberoot,8,16,0,0,0,0,nan,0,nan,0,nan,0,nan,0,nan,0,0
691,2,sqrt,26,52,8,112,104,55.9131693198,0.143078993685,119.652677279,0.936042573778,15.3516642547,0.521116138763,7.69811320755,1.03921568627,111.698113208,1.0027027027,2,54
691,2,cuberoot,8,16,0,32,32,16.3704775687,0,33.481910275,0.955739972337,1.38929088278,0,0.696661828737,0,32.6966618287,0.978693181818,0,16
701,2,sqrt,26,52,8,112,104,55.8573466476,0.143221983859,119.429386591,0.93779264214,15.1326676177,0.528657616893,7.58798283262,1.05429864253,111.587982833,1.00369230769,0,52
701,2,cuberoot,8,16,0,32,32,16.365192582,0,33.4607703281,0.956343792633,1.3694721826,0,0.68669527897,0,32.686695279,0.978991596639,0,16
709,4,sqrt,26,52,28,236,208,119.25528914,0.234790424827,269.021156559,0.877254424964,59.8476727786,0.467854449472,45.0127298444,0.622046254399,253.012729844,0.932759391771,6,110
709,4,cuberoot,8,16,0,64,64,33.4442877292,0,69.7771509168,0.917205692109,5.41607898449,0,4.07355021216,0,68.0735502122,0.940159574468,0,32
719,0,sqrt,26,52,0,0,0,0,nan,0,nan,0,nan,0,nan,0,nan,0,0
719,0,cuberoot,8,16,0,0,0,0,nan,0,nan,0,nan,0,nan,0,nan,0,0
727,0,sqrt,26,52,0,0,0,0,nan,0,nan,0,nan,0,nan,0,nan,0,0
727,0,cuberoot,8,16,0,0,0,0,nan,0,nan,0,nan,0,nan,0,nan,0,0
733,2,sqrt,27,54,8,116,108,57.9781718963,0.137982963904,123.912687585,0.936143039591,15.6180081855,0.512229210342,7.83036935705,1.02166317261,115.830369357,1.00146447468,2,56
733,2,cuberoot,9,18,0,36,36,18.4420190996,0,37.7680763984,0.953185955787,1.66984993179,0,0.837209302326,0,36.8372093023,0.977272727273,0,18
739,0,sqrt,27,54,0,0,0,0,nan,0,nan,0,nan,0,nan,0,nan,0,0
739,0,cuberoot,9,18,0,0,0,0,nan,0,nan,0,nan,0,nan,0,nan,0,0
743,0,sqrt,27,54,0,0,0,0,nan,0,nan,0,nan,0,nan,0,nan,0,0
743,0,cuberoot,9,18,0,0,0,0,nan,0,nan,0,nan,0,nan,0,nan,0,0
751,2,sqrt,27,54,4,112,108,57.8828229028,0.0691051299747,123.531291611,0.9066528694,15.2436750999,0.262403913347,7.64218958611,0.523410202655,115.642189586,0.968504664265,0,54
751,2,cuberoot,9,18,0,36,36,18.431424767,0,37.7256990679,0.954256670902,1.62982689747,0,0.817089452603,0,36.8170894526,0.977806788512,0,18
757,2,sqrt,27,54,12,120,108,57.8520475561,0.20742567475,123.408190225,0.972382787412,15.1228533686,0.793501048218,7.58145695364,1.58280922432,115.581456954,1.03822882288,6,60
757,2,cuberoot,9,18,4,40,36,18.428005284,0.2170609319,37.7120211361,1.06066974919,1.61690885073,2.47385620915,0.81059602649,4.93464052288,36.8105960265,1.08664363846,2,20
761,4,sqrt,27,54,48,264,216,123.327201051,0.389208541107,277.308804205,0.952007278517,60.173455979,0.797693920335,45.2490118577,1.0607966457,261.249011858,1.01053013798,10,118
761,4,cuberoot,9,18,4,76,72,37.703022339,0.106092290534,78.8120893561,0.964319060958,6.43363994744,0.621732026144,4.83794466403,0.826797385621,76.837944664,0.989094650206,0,36
769,2,sqrt,27,54,8,116,108,57.7919375813,0.138427613519,123.167750325,0.941804974872,14.8868660598,0.537386443047,7.4628422425,1.07197763802,115.462842243,1.00465221319,2,56
769,2,cuberoot,9,18,0,36,36,18.4213263979,0,37.6853055917,0.955279503106,1.59167750325,0,0.797913950456,0,36.7979139505,0.978316326531,0,18
773,0,sqrt,27,54,0,0,0,0,nan,0,nan,0,nan,0,nan,0,nan,0,0
773,0,cuberoot,9,18,0,0,0,0,nan,0,nan,0,nan,0,nan,0,nan,0,0
787,2,sqrt,28,56,8,120,112,59.9847522236,0.133367225894,127.939008895,0.937946925155,15.6543837357,0.511038961039,7.84713375796,1.01948051948,119.847133758,1.0012755102,2,58
787,2,cuberoot,9,18,0,36,36,18.4116899619,0,37.6467598475,0.956257594168,1.55527318933,0,0.779617834395,0,36.7796178344,0.978802992519,0,18
797,0,sqrt,28,56,0,0,0,0,nan,0,nan,0,nan,0,nan,0,nan,0,0
797,0,cuberoot,9,18,0,0,0,0,nan,0,nan,0,nan,0,nan,0,nan,0,0
809,0,sqrt,28,56,0,0,0,0,nan,0,nan,0,nan,0,nan,0,nan,0,0
809,0,cuberoot,9,18,0,0,0,0,nan,0,nan,0,nan,0,nan,0,nan,0,0
811,0,sqrt,28,56,0,0,0,0,nan,0,nan,0,nan,0,nan,0,nan,0,0
811,0,cuberoot,9,18,0,0,0,0,nan,0,nan,0,nan,0,nan,0,nan,0,0
821,4,sqrt,28,56,40,264,224,127.278928136,0.314270402695,285.115712546,0.925939849624,60.0243605359,0.666396103896,45.1282051282,0.886363636364,269.128205128,0.980945121951,4,116
821,4,cuberoot,9,18,0,72,72,37.5785627284,0,78.3142509135,0.919372900336,5.9634591961,0,4.48351648352,0,76.4835164835,0.941379310345,0,36
823,0,sqrt,28,56,0,0,0,0,nan,0,nan,0,nan,0,nan,0,nan,0,0
823,0,cuberoot,9,18,0,0,0,0,nan,0,nan,0,nan,0,nan,0,nan,0,0
827,0,sqrt,28,56,0,0,0,0,nan,0,nan,0,nan,0,nan,0,nan,0,0
827,0,cuberoot,9,18,0,0,0,0,nan,0,nan,0,nan,0,nan,0,nan,0,0
829,0,sqrt,28,56,0,0,0,0,nan,0,nan,0,nan,0,nan,0,nan,0,0
829,0,cuberoot,9,18,0,0,0,0,nan,0,nan,0,nan,0,nan,0,nan,0,0
839,0,sqrt,28,56,0,0,0,0,nan,0,nan,0,nan,0,nan,0,nan,0,0
839,0,cuberoot,9,18,0,0,0,0,nan,0,nan,0,nan,0,nan,0,nan,0,0
853,0,sqrt,29,58,0,0,0,0,nan,0,nan,0,nan,0,nan,0,nan,0,0
853,0,cuberoot,9,18,0,0,0,0,nan,0,nan,0,nan,0,nan,0,nan,0,0
857,2,sqrt,29,58,4,120,116,61.9253208868,0.0645939325419,131.701283547,0.911152851118,15.430571762,0.259225650333,7.73333333333,0.51724137931,123.733333333,0.969827586207,2,60
857,2,cuberoot,9,18,0,36,36,18.3780630105,0,37.512252042,0.959686450168,1.42823803967,0,0.715789473684,0,36.7157894737,0.980504587156,0,18
859,0,sqrt,29,58,0,0,0,0,nan,0,nan,0,nan,0,nan,0,nan,0,0
859,0,cuberoot,9,18,0,0,0,0,nan,0,nan,0,nan,0,nan,0,nan,0,0
863,0,sqrt,29,58,0,0,0,0,nan,0,nan,0,nan,0,nan,0,nan,0,0
863,0,cuberoot,9,18,0,0,0,0,nan,0,nan,0,nan,0,nan,0,nan,0,0
877,0,sqrt,29,58,0,0,0,0,nan,0,nan,0,nan,0,nan,0,nan,0,0
877,0,cuberoot,9,18,0,0,0,0,nan,0,nan,0,nan,0,nan,0,nan,0,0
881,2,sqrt,29,58,8,124,116,61.8183881952,0.129411332672,131.273552781,0.944592397883,15.010215664,0.532970356927,7.52218430034,1.06352087114,123.5221843,1.00386825818,4,62
881,2,cuberoot,9,18,0,36,36,18.3677639047,0,37.4710556186,0.960741548528,1.38933030647,0,0.696245733788,0,36.6962457338,0.981026785714,0,18
883,0,sqrt,29,58,0,0,0,0,nan,0,nan,0,nan,0,nan,0,nan,0,0
883,0,cuberoot,9,18,0,0,0,0,nan,0,nan,0,nan,0,nan,0,nan,0,0
887,2,sqrt,29,58,8,124,116,61.7925591883,0.129465426017,131.170236753,0.945336404579,14.908680947,0.536600120992,7.47118644068,1.07078039927,123.471186441,1.0042828904,2,60
887,2,cuberoot,9,18,0,36,36,18.365276212,0,37.4611048478,0.960996749729,1.37993235626,0,0.691525423729,0,36.6915254237,0.981152993348,0,18
907,4,sqrt,30,60,64,304,240,135.876515987,0.471015903927,303.506063947,1.00162743389,62.447629548,1.02485875706,46.9392265193,1.36346516008,286.939226519,1.05945779421,6,126
907,4,cuberoot,9,18,12,84,72,37.4288864388,0.320607988689,77.7155457552,1.08086482806,5.3980154355,2.22303921569,4.05745856354,2.95751633987,76.0574585635,1.10442817294,0,36
911,2,sqrt,30,60,4,124,120,63.951701427,0.062547202197,135.806805708,0.913061752344,15.5433589462,0.257344632768,7.78877887789,0.513559322034,127.788778878,0.970351239669,0,60
911,2,cuberoot,9,18,0,36,36,18.3556531284,0,37.4226125137,0.961985216473,1.34357848518,0,0.673267326733,0,36.6732673267,0.981641468683,0,18
919,0,sqrt,30,60,0,0,0,0,nan,0,nan,0,nan,0,nan,0,nan,0,0
919,0,cuberoot,9,18,0,0,0,0,nan,0,nan,0,nan,0,nan,0,nan,0,0
929,0,sqrt,30,60,0,0,0,0,nan,0,nan,0,nan,0,nan,0,nan,0,0
929,0,cuberoot,9,18,0,0,0,0,nan,0,nan,0,nan,0,nan,0,nan,0,0
937,2,sqrt,30,60,4,124,120,63.8420490928,0.0626546305583,135.368196371,0.916020182908,15.1120597652,0.264689265537,7.57219251337,0.528248587571,127.572192513,0.971998658618,0,60
937,2,cuberoot,9,18,0,36,36,18.3457844184,0,37.3831376734,0.963001027749,1.30629669157,0,0.654545454545,0,36.6545454545,0.982142857143,0,18
941,0,sqrt,30,60,0,0,0,0,nan,0,nan,0,nan,0,nan,0,nan,0,0
941,0,cuberoot,9,18,0,0,0,0,nan,0,nan,0,nan,0,nan,0,nan,0,0
947,2,sqrt,30,60,4,124,120,63.8014783527,0.0626944720291,135.205913411,0.917119650109,14.9524815206,0.267514124294,7.49206349206,0.533898305085,127.492063492,0.972609561753,2,62
947,2,cuberoot,9,18,0,36,36,18.3421330517,0,37.368532207,0.963377416073,1.29250263992,0,0.647619047619,0,36.6476190476,0.982328482328,0,18
953,2,sqrt,30,60,8,128,120,63.777544596,0.125435998684,135.110178384,0.947374961168,14.8583420776,0.538418079096,7.44479495268,1.07457627119,127.444794953,1.00435643564,2,62
953,2,cuberoot,9,18,0,36,36,18.3399790136,0,37.3599160546,0.963599595551,1.28436516264,0,0.643533123028,0,36.643533123,0.982438016529,0,18
967,0,sqrt,31,62,0,0,0,0,nan,0,nan,0,nan,0,nan,0,nan,0,0
967,0,cuberoot,9,18,0,0,0,0,nan,0,nan,0,nan,0,nan,0,nan,0,0
971,2,sqrt,31,62,4,128,124,65.9588053553,0.0606439121881,139.835221421,0.915363087347,15.5798146241,0.256742464305,7.80598555212,0.51242728715,131.805985552,0.971124334482,0,62
971,2,cuberoot,9,18,0,36,36,18.333676622,0,37.3347064882,0.964250248262,1.2605561277,0,0.631578947368,0,36.6315789474,0.98275862069,0,18
977,2,sqrt,31,62,4,128,124,65.934493347,0.0606662734018,139.737973388,0.916000117196,15.4841351075,0.258328926494,7.75794871795,0.515600211528,131.757948718,0.971478390833,2,64
977,2,cuberoot,9,18,0,36,36,18.3316274309,0,37.3265097236,0.964461994077,1.252814739,0,0.627692307692,0,36.6276923077,0.982862903226,0,18
983,0,sqrt,31,62,0,0,0,0,nan,0,nan,0,nan,0,nan,0,nan,0,0
983,0,cuberoot,9,18,0,0,0,0,nan,0,nan,0,nan,0,nan,0,nan,0,0
991,2,sqrt,31,62,8,132,124,65.8789101917,0.121434917134,139.515640767,0.946130478808,15.2653884965,0.524061343205,7.64812942366,1.04600740349,131.648129424,1.00267281106,2,64
991,2,cuberoot,9,18,0,36,36,18.3269424823,0,37.3077699294,0.964946445959,1.2351160444,0,0.618806875632,0,36.6188068756,0.98310139165,0,18
997,0,sqrt,31,62,0,0,0,0,nan,0,nan,0,nan,0,nan,0,nan,0,0
997,0,cuberoot,9,18,0,0,0,0,nan,0,nan,0,nan,0,nan,0,nan,0,0
1009,2,sqrt,31,62,8,132,124,65.8097125867,0.121562603536,139.238850347,0.948011274663,14.9930624381,0.533580116341,7.51142005958,1.06504494976,131.51142006,1.00371511417,2,64
1009,2,cuberoot,10,20,0,40,40,20.396432111,0,41.585728444,0.961868446139,1.5064420218,0,0.754716981132,0,40.7547169811,0.981481481481,0,20
1013,0,sqrt,31,62,0,0,0,0,nan,0,nan,0,nan,0,nan,0,nan,0,0
1013,0,cuberoot,10,20,0,0,0,0,nan,0,nan,0,nan,0,nan,0,nan,0,0
1019,0,sqrt,31,62,0,0,0,0,nan,0,nan,0,nan,0,nan,0,nan,0,0
1019,0,cuberoot,10,20,0,0,0,0,nan,0,nan,0,nan,0,nan,0,nan,0,0
1021,0,sqrt,31,62,0,0,0,0,nan,0,nan,0,nan,0,nan,0,nan,0,0
1021,0,cuberoot,10,20,0,0,0,0,nan,0,nan,0,nan,0,nan,0,nan,0,0
1031,0,sqrt,32,64,0,0,0,0,nan,0,nan,0,nan,0,nan,0,nan,0,0
1031,0,cuberoot,10,20,0,0,0,0,nan,0,nan,0,nan,0,nan,0,nan,0,0
1033,0,sqrt,32,64,0,0,0,0,nan,0,nan,0,nan,0,nan,0,nan,0,0
1033,0,cuberoot,10,20,0,0,0,0,nan,0,nan,0,nan,0,nan,0,nan,0,0
1039,0,sqrt,32,64,0,0,0,0,nan,0,nan,0,nan,0,nan,0,nan,0,0
1039,0,cuberoot,10,20,0,0,0,0,nan,0,nan,0,nan,0,nan,0,nan,0,0
1049,6,sqrt,32,64,84,468,384,227.142040038,0.369812651088,524.568160153,0.892162421493,138.37178265,0.607060185185,115.53008596,0.727083333333,499.53008596,0.936880506608,22,214
1049,6,cuberoot,10,20,0,120,120,63.4318398475,0,133.72735939,0.897348160821,13.0409914204,0,10.888252149,0,130.888252149,0.916812609457,0,60
1051,0,sqrt,32,64,0,0,0,0,nan,0,nan,0,nan,0,nan,0,nan,0,0
1051,0,cuberoot,10,20,0,0,0,0,nan,0,nan,0,nan,0,nan,0,nan,0,0
1061,0,sqrt,32,64,0,0,0,0,nan,0,nan,0,nan,0,nan,0,nan,0,0
1061,0,cuberoot,10,20,0,0,0,0,nan,0,nan,0,nan,0,nan,0,nan,0,0
1063,0,sqrt,32,64,0,0,0,0,nan,0,nan,0,nan,0,nan,0,nan,0,0
1063,0,cuberoot,10,20,0,0,0,0,nan,0,nan,0,nan,0,nan,0,nan,0,0
1069,6,sqrt,32,64,100,484,384,226.484565014,0.441531192176,521.938260056,0.927312743749,135.782974743,0.736469356261,113.364573571,0.88210978836,497.364573571,0.973129220936,18,210
1069,6,cuberoot,10,20,4,124,120,63.3676333022,0.0631237082964,133.470533209,0.929044014578,12.7970065482,0.312573099415,10.6841611996,0.374385964912,130.6841612,0.948852553069,0,60
1087,2,sqrt,32,64,12,140,128,67.7681692732,0.177074283232,143.072677093,0.978523662551,14.8371665133,0.808779761905,7.43225806452,1.61458333333,135.432258065,1.03372713415,6,70
1087,2,cuberoot,10,20,4,44,40,20.3679852806,0.196386630533,41.4719411224,1.06095829636,1.39834406624,2.86052631579,0.700460829493,5.71052631579,40.7004608295,1.08106884058,2,22
1091,0,sqrt,33,66,0,0,0,0,nan,0,nan,0,nan,0,nan,0,nan,0,0
1091,0,cuberoot,10,20,0,0,0,0,nan,0,nan,0,nan,0,nan,0,nan,0,0
1093,0,sqrt,33,66,0,0,0,0,nan,0,nan,0,nan,0,nan,0,nan,0,0
1093,0,cuberoot,10,20,0,0,0,0,nan,0,nan,0,nan,0,nan,0,nan,0,0
1097,2,sqrt,33,66,4,136,132,69.9708295351,0.0571666796946,147.88331814,0.919643957886,15.6426618049,0.255710955711,7.83561643836,0.51048951049,139.835616438,0.972570532915,0,66
1097,2,cuberoot,10,20,0,40,40,20.3646308113,0,41.4585232452,0.964819700967,1.38559708295,0,0.694063926941,0,40.6940639269,0.982944344704,0,20
1103,0,sqrt,33,66,0,0,0,0,nan,0,nan,0,nan,0,nan,0,nan,0,0
1103,0,cuberoot,10,20,0,0,0,0,nan,0,nan,0,nan,0,nan,0,nan,0,0
1109,0,sqrt,33,66,0,0,0,0,nan,0,nan,0,nan,0,nan,0,nan,0,0
1109,0,cuberoot,10,20,0,0,0,0,nan,0,nan,0,nan,0,nan,0,nan,0,0
1117,2,sqrt,33,66,4,136,132,69.8997314235,0.0572248264556,147.598925694,0.921415920615,15.3625783348,0.260372960373,7.69506726457,0.519813519814,139.695067265,0.97354904982,0,66
1117,2,cuberoot,10,20,0,40,40,20.3581020591,0,41.4324082363,0.965427830596,1.36078782453,0,0.681614349776,0,40.6816143498,0.983245149912,0,20
1123,0,sqrt,33,66,0,0,0,0,nan,0,nan,0,nan,0,nan,0,nan,0,0
1123,0,cuberoot,10,20,0,0,0,0,nan,0,nan,0,nan,0,nan,0,nan,0,0
1129,4,sqrt,33,66,36,300,264,147.433126661,0.24417850191,325.732506643,0.921001109443,60.7971656333,0.592132867133,45.6787932564,0.788111888112,309.678793256,0.968745702104,8,140
1129,4,cuberoot,10,20,0,80,80,41.4171833481,0,85.6687333924,0.933829611249,5.38529672276,0,4.04614019521,0,84.0461401952,0.951858108108,0,40
1151,0,sqrt,33,66,0,0,0,0,nan,0,nan,0,nan,0,nan,0,nan,0,0
1151,0,cuberoot,10,20,0,0,0,0,nan,0,nan,0,nan,0,nan,0,nan,0,0
1153,2,sqrt,33,66,8,140,132,69.7779705117,0.114649364854,147.111882047,0.951656644264,14.882914137,0.537529137529,7.45438748914,1.07319347319,139.454387489,1.00391248006,4,70
1153,2,cuberoot,10,20,0,40,40,20.3469210755,0,41.3876843018,0.966471081308,1.31830008673,0,0.660295395308,0,40.6602953953,0.983760683761,0,20
1163,0,sqrt,34,68,0,0,0,0,nan,0,nan,0,nan,0,nan,0,nan,0,0
1163,0,cuberoot,10,20,0,0,0,0,nan,0,nan,0,nan,0,nan,0,nan,0,0
1171,0,sqrt,34,68,0,0,0,0,nan,0,nan,0,nan,0,nan,0,nan,0,0
1171,0,cuberoot,10,20,0,0,0,0,nan,0,nan,0,nan,0,nan,0,nan,0,0
1181,0,sqrt,34,68,0,0,0,0,nan,0,nan,0,nan,0,nan,0,nan,0,0
1181,0,cuberoot,10,20,0,0,0,0,nan,0,nan,0,nan,0,nan,0,nan,0,0
1187,0,sqrt,34,68,0,0,0,0,nan,0,nan,0,nan,0,nan,0,nan,0,0
1187,0,cuberoot,10,20,0,0,0,0,nan,0,nan,0,nan,0,nan,0,nan,0,0
1193,2,sqrt,34,68,12,148,136,71.8759430008,0.166954331296,151.503772003,0.976873367857,15.2757753562,0.785557506585,7.65071368598,1.56848112379,143.650713686,1.03027681661,0,68
1193,2,cuberoot,10,20,0,40,40,20.3352891869,0,41.3411567477,0.967558799676,1.27409891031,0,0.63811922754,0,40.6381192275,0.984297520661,0,20
1201,2,sqrt,34,68,8,144,136,71.8501248959,0.111342882307,151.400499584,0.951119714902,15.1740216486,0.527216856892,7.59966638866,1.05267778753,143.599666389,1.002787845,4,72
1201,2,cuberoot,10,20,0,40,40,20.3330557868,0,41.3322231474,0.967767929089,1.26561199001,0,0.633861551293,0,40.6338615513,0.984400656814,0,20
1213,2,sqrt,34,68,4,140,136,71.8120362737,0.0557009689122,151.248145095,0.9256311865,15.0239076669,0.266242317823,7.52436003303,0.53160667252,143.524360033,0.975444168278,0,68
1213,2,cuberoot,10,20,0,40,40,20.3297609233,0,41.3190436933,0.968076616121,1.25309150866,0,0.627580511974,0,40.627580512,0.984552845528,0,20
1217,2,sqrt,34,68,8,144,136,71.7995069844,0.11142137789,151.198027938,0.952393374201,14.9745275267,0.534240561896,7.49958847737,1.06672519754,143.499588477,1.00348719831,2,70
1217,2,cuberoot,10,20,0,40,40,20.3286770748,0,41.3147082991,0.968178202068,1.24897288414,0,0.625514403292,0,40.6255144033,0.984602917342,0,20
1223,0,sqrt,34,68,0,0,0,0,nan,0,nan,0,nan,0,nan,0,nan,0,0
1223,0,cuberoot,10,20,0,0,0,0,nan,0,nan,0,nan,0,nan,0,nan,0,0
1229,2,sqrt,35,70,4,144,140,73.9869812856,0.05406356538,155.947925142,0.923385161223,15.7200976404,0.254451345756,7.8728606357,0.508074534161,147.872860636,0.97380952381,0,70
1229,2,cuberoot,10,20,0,40,40,20.32546786,0,41.3018714402,0.968479117415,1.23677786819,0,0.619396903015,0,40.619396903,0.984751203852,0,20
1231,0,sqrt,35,70,0,0,0,0,nan,0,nan,0,nan,0,nan,0,nan,0,0
1231,0,cuberoot,10,20,0,0,0,0,nan,0,nan,0,nan,0,nan,0,nan,0,0
1237,0,sqrt,35,70,0,0,0,0,nan,0,nan,0,nan,0,nan,0,nan,0,0
1237,0,cuberoot,10,20,0,0,0,0,nan,0,nan,0,nan,0,nan,0,nan,0,0
1249,0,sqrt,35,70,0,0,0,0,nan,0,nan,0,nan,0,nan,0,nan,0,0
1249,0,cuberoot,10,20,0,0,0,0,nan,0,nan,0,nan,0,nan,0,nan,0,0
1259,2,sqrt,35,70,8,148,140,73.8919777601,0.108266150704,155.567911041,0.95135300725,15.3455123114,0.52132505176,7.68496420048,1.04099378882,147.6849642,1.00213316096,0,70
1259,2,cuberoot,10,20,0,40,40,20.3177124702,0,41.2708498809,0.969207082371,1.20730738681,0,0.6046141607,0,40.6046141607,0.985109717868,0,20
1277,0,sqrt,35,70,0,0,0,0,nan,0,nan,0,nan,0,nan,0,nan,0,0
1277,0,cuberoot,10,20,0,0,0,0,nan,0,nan,0,nan,0,nan,0,nan,0,0
1279,0,sqrt,35,70,0,0,0,0,nan,0,nan,0,nan,0,nan,0,nan,0,0
1279,0,cuberoot,10,20,0,0,0,0,nan,0,nan,0,nan,0,nan,0,nan,0,0
1283,0,sqrt,35,70,0,0,0,0,nan,0,nan,0,nan,0,nan,0,nan,0,0
1283,0,cuberoot,10,20,0,0,0,0,nan,0,nan,0,nan,0,nan,0,nan,0,0
1289,0,sqrt,35,70,0,0,0,0,nan,0,nan,0,nan,0,nan,0,nan,0,0
1289,0,cuberoot,10,20,0,0,0,0,nan,0,nan,0,nan,0,nan,0,nan,0,0
1291,0,sqrt,35,70,0,0,0,0,nan,0,nan,0,nan,0,nan,0,nan,0,0
1291,0,cuberoot,10,20,0,0,0,0,nan,0,nan,0,nan,0,nan,0,nan,0,0
1297,4,sqrt,36,72,32,320,288,159.98766384,0.200015421389,351.950655359,0.909218366632,63.0624518119,0.507433489828,47.3698841699,0.675534689619,335.36988417,0.954170350722,12,156
1297,4,cuberoot,10,20,0,80,80,41.233616037,0,84.934464148,0.941902687001,4.68774094063,0,3.52123552124,0,83.5212355212,0.957840236686,0,40
1301,0,sqrt,36,72,0,0,0,0,nan,0,nan,0,nan,0,nan,0,nan,0,0
1301,0,cuberoot,10,20,0,0,0,0,nan,0,nan,0,nan,0,nan,0,nan,0,0
1303,0,sqrt,36,72,0,0,0,0,nan,0,nan,0,nan,0,nan,0,nan,0,0
1303,0,cuberoot,10,20,0,0,0,0,nan,0,nan,0,nan,0,nan,0,nan,0,0
1307,0,sqrt,36,72,0,0,0,0,nan,0,nan,0,nan,0,nan,0,nan,0,0
1307,0,cuberoot,10,20,0,0,0,0,nan,0,nan,0,nan,0,nan,0,nan,0,0
1319,0,sqrt,36,72,0,0,0,0,nan,0,nan,0,nan,0,nan,0,nan,0,0
1319,0,cuberoot,10,20,0,0,0,0,nan,0,nan,0,nan,0,nan,0,nan,0,0
1321,0,sqrt,36,72,0,0,0,0,nan,0,nan,0,nan,0,nan,0,nan,0,0
1321,0,cuberoot,10,20,0,0,0,0,nan,0,nan,0,nan,0,nan,0,nan,0,0
1327,0,sqrt,36,72,0,0,0,0,nan,0,nan,0,nan,0,nan,0,nan,0,0
1327,0,cuberoot,10,20,0,0,0,0,nan,0,nan,0,nan,0,nan,0,nan,0,0
1361,0,sqrt,36,72,0,0,0,0,nan,0,nan,0,nan,0,nan,0,nan,0,0
1361,0,cuberoot,11,22,0,0,0,0,nan,0,nan,0,nan,0,nan,0,nan,0,0
1367,0,sqrt,36,72,0,0,0,0,nan,0,nan,0,nan,0,nan,0,nan,0,0
1367,0,cuberoot,11,22,0,0,0,0,nan,0,nan,0,nan,0,nan,0,nan,0,0
1373,0,sqrt,37,74,0,0,0,0,nan,0,nan,0,nan,0,nan,0,nan,0,0
1373,0,cuberoot,11,22,0,0,0,0,nan,0,nan,0,nan,0,nan,0,nan,0,0
1381,2,sqrt,37,74,16,164,148,77.9652425778,0.205219652642,163.860970311,1.00084846128,15.6466328747,1.02258422806,7.83466279913,2.04220659015,155.834662799,1.05239743876,0,74
1381,2,cuberoot,11,22,4,48,44,22.3504706734,0.178967148319,45.4018826937,1.05722488038,1.33816075308,2.98917748918,0.670050761421,5.9696969697,44.6700507614,1.07454545455,0,22
1399,0,sqrt,37,74,0,0,0,0,nan,0,nan,0,nan,0,nan,0,nan,0,0
1399,0,cuberoot,11,22,0,0,0,0,nan,0,nan,0,nan,0,nan,0,nan,0,0
1409,0,sqrt,37,74,0,0,0,0,nan,0,nan,0,nan,0,nan,0,nan,0,0
1409,0,cuberoot,11,22,0,0,0,0,nan,0,nan,0,nan,0,nan,0,nan,0,0
1423,0,sqrt,37,74,0,0,0,0,nan,0,nan,0,nan,0,nan,0,nan,0,0
1423,0,cuberoot,11,22,0,0,0,0,nan,0,nan,0,nan,0,nan,0,nan,0,0
1427,2,sqrt,37,74,4,152,148,77.8374211633,0.0513891639808,163.349684653,0.930519090519,15.1422564821,0.264161421696,7.58175438596,0.527582376897,155.581754386,0.976978313427,0,74
1427,2,cuberoot,11,22,0,44,44,22.3391730904,0,45.3566923616,0.970088375255,1.29502452698,0,0.648421052632,0,44.6484210526,0.985477178423,0,22
1429,0,sqrt,37,74,0,0,0,0,nan,0,nan,0,nan,0,nan,0,nan,0,0
1429,0,cuberoot,11,22,0,0,0,0,nan,0,nan,0,nan,0,nan,0,nan,0,0
1433,2,sqrt,37,74,4,152,148,77.8213538032,0.0513997740275,163.285415213,0.930885344548,15.0788555478,0.265272121437,7.5499650594,0.529803776379,155.549965059,0.977177975848,2,76
1433,2,cuberoot,11,22,0,44,44,22.3377529658,0,45.3510118632,0.970209884902,1.28960223308,0,0.64570230608,0,44.6457023061,0.985537190083,0,22
1439,0,sqrt,37,74,0,0,0,0,nan,0,nan,0,nan,0,nan,0,nan,0,0
1439,0,cuberoot,11,22,0,0,0,0,nan,0,nan,0,nan,0,nan,0,nan,0,0
1447,2,sqrt,38,76,8,160,152,79.99170698,0.10001036735,167.96682792,0.95256903986,15.7567380788,0.507719298246,7.8892733564,1.01403508772,159.889273356,1.00069252078,4,80
1447,2,cuberoot,11,22,0,44,44,22.3344851417,0,45.3379405667,0.970489604292,1.27712508639,0,0.639446366782,0,44.6394463668,0.985675306958,0,22
1451,0,sqrt,38,76,0,0,0,0,nan,0,nan,0,nan,0,nan,0,nan,0,0
1451,0,cuberoot,11,22,0,0,0,0,nan,0,nan,0,nan,0,nan,0,nan,0,0
1453,2,sqrt,38,76,16,168,152,79.9752236752,0.200061960001,167.900894701,1.0005902607,15.6916724019,1.01964912281,7.8566505858,2.03649122807,159.856650586,1.05094157412,8,84
1453,2,cuberoot,11,22,4,48,44,22.3331039229,0.179106317411,45.3324156917,1.05884496265,1.27185134205,3.14502164502,0.636802205376,6.28138528139,44.6368022054,1.0753458498,2,24
1459,0,sqrt,38,76,0,0,0,0,nan,0,nan,0,nan,0,nan,0,nan,0,0
1459,0,cuberoot,11,22,0,0,0,0,nan,0,nan,0,nan,0,nan,0,nan,0,0
1471,2,sqrt,38,76,4,156,152,79.9265805574,0.0500459293029,167.70632223,0.930197490028,15.4996600952,0.258070175439,7.76038121171,0.515438596491,159.760381212,0.976462367058,0,76
1471,2,cuberoot,11,22,0,44,44,22.3290278722,0,45.3161114888,0.97095709571,1.25628823929,0,0.628999319265,0,44.6289993193,0.985906040268,0,22
1481,0,sqrt,38,76,0,0,0,0,nan,0,nan,0,nan,0,nan,0,nan,0,0
1481,0,cuberoot,11,22,0,0,0,0,nan,0,nan,0,nan,0,nan,0,nan,0,0
1483,0,sqrt,38,76,0,0,0,0,nan,0,nan,0,nan,0,nan,0,nan,0,0
1483,0,cuberoot,11,22,0,0,0,0,nan,0,nan,0,nan,0,nan,0,nan,0,0
1487,2,sqrt,38,76,8,160,152,79.8843308675,0.100144795771,167.53732347,0.955011078642,15.3328850034,0.521754385965,7.67676767677,1.04210526316,159.676767677,1.0020242915,2,78
1487,2,cuberoot,11,22,0,44,44,22.3254875588,0,45.3019502354,0.971260613978,1.24277067922,0,0.622222222222,0,44.6222222222,0.986055776892,0,22
1489,2,sqrt,38,76,8,160,152,79.879113499,0.100151336808,167.516453996,0.955130055486,15.3122901276,0.522456140351,7.66644250168,1.04350877193,159.666442502,1.00208908956,4,80
1489,2,cuberoot,11,22,0,44,44,22.3250503694,0,45.3002014775,0.971298108284,1.24110141034,0,0.62138533961,0,44.6213853396,0.986074270557,0,22
1493,0,sqrt,38,76,0,0,0,0,nan,0,nan,0,nan,0,nan,0,nan,0,0
1493,0,cuberoot,11,22,0,0,0,0,nan,0,nan,0,nan,0,nan,0,nan,0,0
1499,2,sqrt,38,76,16,168,152,79.8532354903,0.200367585631,167.412941961,1.00350664669,15.2101400934,1.05192982456,7.61523046092,2.10105263158,159.615230461,1.052531137,8,84
1499,2,cuberoot,11,22,4,48,44,22.3228819213,0.179188333034,45.2915276851,1.05980086019,1.23282188125,3.24458874459,0.617234468938,6.48051948052,44.6172344689,1.07581746317,2,24
1511,0,sqrt,38,76,0,0,0,0,nan,0,nan,0,nan,0,nan,0,nan,0,0
1511,0,cuberoot,11,22,0,0,0,0,nan,0,nan,0,nan,0,nan,0,nan,0,0
1523,2,sqrt,39,78,4,160,156,81.9947472095,0.0487836128061,171.978988838,0.930346207297,15.7741300066,0.25357975358,7.89743589744,0.506493506494,163.897435897,0.976220275344,2,80
1523,2,cuberoot,11,22,0,44,44,22.317793828,0,45.2711753119,0.9719208679,1.21339461589,0,0.607495069034,0,44.607495069,0.986381322957,0,22
1531,2,sqrt,39,78,8,164,156,81.9738732854,0.0975920702459,171.895493142,0.954068061952,15.6917047681,0.509823509824,7.85611510791,1.01831501832,163.856115108,1.00087811732,4,82
1531,2,cuberoot,11,22,0,44,44,22.3161332462,0,45.264532985,0.972063492063,1.20705421293,0,0.604316546763,0,44.6043165468,0.986451612903,0,22
1543,0,sqrt,39,78,0,0,0,0,nan,0,nan,0,nan,0,nan,0,nan,0,0
1543,0,cuberoot,11,22,0,0,0,0,nan,0,nan,0,nan,0,nan,0,nan,0,0
1549,0,sqrt,39,78,0,0,0,0,nan,0,nan,0,nan,0,nan,0,nan,0,0
1549,0,cuberoot,11,22,0,0,0,0,nan,0,nan,0,nan,0,nan,0,nan,0,0
1553,0,sqrt,39,78,0,0,0,0,nan,0,nan,0,nan,0,nan,0,nan,0,0
1553,0,cuberoot,11,22,0,0,0,0,nan,0,nan,0,nan,0,nan,0,nan,0,0
1559,2,sqrt,39,78,4,160,156,81.9025016036,0.0488385570854,171.610006414,0.932346565,15.409878127,0.259573759574,7.71483622351,0.518481518482,163.714836224,0.977309104604,2,80
1559,2,cuberoot,11,22,0,44,44,22.3104554201,0,45.2418216806,0.972551466001,1.18537524054,0,0.59344894027,0,44.5934489403,0.986692015209,0,22
1567,0,sqrt,39,78,0,0,0,0,nan,0,nan,0,nan,0,nan,0,nan,0,0
1567,0,cuberoot,11,22,0,0,0,0,nan,0,nan,0,nan,0,nan,0,nan,0,0
1571,0,sqrt,39,78,0,0,0,0,nan,0,nan,0,nan,0,nan,0,nan,0,0
1571,0,cuberoot,11,22,0,0,0,0,nan,0,nan,0,nan,0,nan,0,nan,0,0
1579,0,sqrt,39,78,0,0,0,0,nan,0,nan,0,nan,0,nan,0,nan,0,0
1579,0,cuberoot,11,22,0,0,0,0,nan,0,nan,0,nan,0,nan,0,nan,0,0
1583,0,sqrt,39,78,0,0,0,0,nan,0,nan,0,nan,0,nan,0,nan,0,0
1583,0,cuberoot,11,22,0,0,0,0,nan,0,nan,0,nan,0,nan,0,nan,0,0
1597,0,sqrt,39,78,0,0,0,0,nan,0,nan,0,nan,0,nan,0,nan,0,0
1597,0,cuberoot,11,22,0,0,0,0,nan,0,nan,0,nan,0,nan,0,nan,0,0
1601,0,sqrt,40,80,0,0,0,0,nan,0,nan,0,nan,0,nan,0,nan,0,0
1601,0,cuberoot,11,22,0,0,0,0,nan,0,nan,0,nan,0,nan,0,nan,0,0
1607,0,sqrt,40,80,0,0,0,0,nan,0,nan,0,nan,0,nan,0,nan,0,0
1607,0,cuberoot,11,22,0,0,0,0,nan,0,nan,0,nan,0,nan,0,nan,0,0
1609,0,sqrt,40,80,0,0,0,0,nan,0,nan,0,nan,0,nan,0,nan,0,0
1609,0,cuberoot,11,22,0,0,0,0,nan,0,nan,0,nan,0,nan,0,nan,0,0
1613,0,sqrt,40,80,0,0,0,0,nan,0,nan,0,nan,0,nan,0,nan,0,0
1613,0,cuberoot,11,22,0,0,0,0,nan,0,nan,0,nan,0,nan,0,nan,0,0
1619,2,sqrt,40,80,8,168,160,83.9530574429,0.0952913478517,175.812229771,0.955564924115,15.6145768993,0.512341772152,7.8169449598,1.02341772152,167.81694496,1.00109080189,2,82
1619,2,cuberoot,11,22,0,44,44,22.2989499691,0,45.1957998765,0.973541791942,1.14144533663,0,0.571428571429,0,44.5714285714,0.987179487179,0,22
1621,4,sqrt,40,80,40,360,320,175.792720543,0.227540707468,383.170882171,0.939528593509,62.3812461444,0.64121835443,46.843730698,0.853902953586,366.843730698,0.981344288793,10,170
1621,4,cuberoot,11,22,4,92,88,45.1943244911,0.0885066885067,92.7772979642,0.991621894782,4.56014805676,0.877164502165,3.42433600988,1.16810966811,91.4243360099,1.00629661658,0,44
1627,0,sqrt,40,80,0,0,0,0,nan,0,nan,0,nan,0,nan,0,nan,0,0
1627,0,cuberoot,11,22,0,0,0,0,nan,0,nan,0,nan,0,nan,0,nan,0,0
1637,2,sqrt,40,80,4,164,160,83.9095907147,0.0476703552708,175.638362859,0.933736783528,15.4428833232,0.259018987342,7.73088685015,0.517405063291,167.73088685,0.977756709452,2,82
1637,2,cuberoot,11,22,0,44,44,22.2956627978,0,45.1826511912,0.973825104105,1.12889431888,0,0.565137614679,0,44.5651376147,0.98731884058,0,22
1657,2,sqrt,40,80,4,164,160,83.8624019312,0.0476971790443,175.449607725,0.934741331866,15.2564876282,0.262183544304,7.63746223565,0.523734177215,167.637462236,0.978301614764,0,80
1657,2,cuberoot,11,22,0,44,44,22.292094146,0,45.1683765842,0.974132863022,1.11526855763,0,0.5583081571,0,44.5583081571,0.987470167064,0,22
1663,0,sqrt,40,80,0,0,0,0,nan,0,nan,0,nan,0,nan,0,nan,0,0
1663,0,cuberoot,11,22,0,0,0,0,nan,0,nan,0,nan,0,nan,0,nan,0,0
1667,0,sqrt,40,80,0,0,0,0,nan,0,nan,0,nan,0,nan,0,nan,0,0
1667,0,cuberoot,11,22,0,0,0,0,nan,0,nan,0,nan,0,nan,0,nan,0,0
1669,2,sqrt,40,80,4,164,160,83.8346315159,0.0477129788451,175.338526064,0.935333515582,15.1467944877,0.264082278481,7.5824835033,0.52753164557,167.582483503,0.978622565865,2,82
1669,2,cuberoot,11,22,0,44,44,22.2899940084,0,45.1599760336,0.974314068885,1.10724985021,0,0.554289142172,0,44.5542891422,0.987559241706,0,22
1693,0,sqrt,41,82,0,0,0,0,nan,0,nan,0,nan,0,nan,0,nan,0,0
1693,0,cuberoot,11,22,0,0,0,0,nan,0,nan,0,nan,0,nan,0,nan,0,0
1697,0,sqrt,41,82,0,0,0,0,nan,0,nan,0,nan,0,nan,0,nan,0,0
1697,0,cuberoot,11,22,0,0,0,0,nan,0,nan,0,nan,0,nan,0,nan,0,0
1699,0,sqrt,41,82,0,0,0,0,nan,0,nan,0,nan,0,nan,0,nan,0,0
1699,0,cuberoot,11,22,0,0,0,0,nan,0,nan,0,nan,0,nan,0,nan,0,0
1709,4,sqrt,41,82,80,408,328,179.737858397,0.445092651674,390.951433587,1.04360788821,62.1837331773,1.28651008732,46.6924428822,1.71333935562,374.692442882,1.08889305816,8,172
1709,4,cuberoot,11,22,12,100,88,45.1328262142,0.265881864855,92.5313048566,1.08071533364,4.32533645407,2.77435064935,3.24780316344,3.69480519481,91.2478031634,1.09591679507,0,44
1721,0,sqrt,41,82,0,0,0,0,nan,0,nan,0,nan,0,nan,0,nan,0,0
1721,0,cuberoot,11,22,0,0,0,0,nan,0,nan,0,nan,0,nan,0,nan,0,0
1723,2,sqrt,41,82,8,172,164,85.9024956471,0.0931288426458,179.609982589,0.957630514302,15.4196169472,0.518819632641,7.71876815805,1.03643480879,171.718768158,1.00163774668,2,84
1723,2,cuberoot,11,22,0,44,44,22.2809053976,0,45.1236215902,0.975099037917,1.0725478816,0,0.536897152818,0,44.5368971528,0.98794489093,0,22
1733,0,sqrt,41,82,0,0,0,0,nan,0,nan,0,nan,0,nan,0,nan,0,0
1733,0,cuberoot,12,24,0,0,0,0,nan,0,nan,0,nan,0,nan,0,nan,0,0
1741,2,sqrt,41,82,4,168,164,85.8621481907,0.0465863023962,179.448592763,0.936201267524,15.2601952901,0.262119843421,7.63887291547,0.523637458597,171.638872915,0.978799249531,2,84
1741,2,cuberoot,12,24,0,48,48,24.3308443423,0,49.3233773693,0.973169368362,1.26823664561,0,0.634847613571,0,48.6348476136,0.986946651532,0,24
1747,0,sqrt,41,82,0,0,0,0,nan,0,nan,0,nan,0,nan,0,nan,0,0
1747,0,cuberoot,12,24,0,0,0,0,nan,0,nan,0,nan,0,nan,0,nan,0,0
1753,0,sqrt,41,82,0,0,0,0,nan,0,nan,0,nan,0,nan,0,nan,0,0
1753,0,cuberoot,12,24,0,0,0,0,nan,0,nan,0,nan,0,nan,0,nan,0,0
1759,2,sqrt,41,82,4,168,164,85.8226264923,0.0466077555941,179.290505969,0.937026749363,15.1040363843,0.264829870521,7.56061468412,0.529057512797,171.560614684,0.979245733698,2,84
1759,2,cuberoot,12,24,0,48,48,24.3274587834,0,49.3098351336,0.973436635307,1.2552586697,0,0.628343767786,0,48.6283437678,0.987078651685,0,24
1777,0,sqrt,42,84,0,0,0,0,nan,0,nan,0,nan,0,nan,0,nan,0,0
1777,0,cuberoot,12,24,0,0,0,0,nan,0,nan,0,nan,0,nan,0,nan,0,0
1783,0,sqrt,42,84,0,0,0,0,nan,0,nan,0,nan,0,nan,0,nan,0,0
1783,0,cuberoot,12,24,0,0,0,0,nan,0,nan,0,nan,0,nan,0,nan,0,0
1787,0,sqrt,42,84,0,0,0,0,nan,0,nan,0,nan,0,nan,0,nan,0,0
1787,0,cuberoot,12,24,0,0,0,0,nan,0,nan,0,nan,0,nan,0,nan,0,0
1789,0,sqrt,42,84,0,0,0,0,nan,0,nan,0,nan,0,nan,0,nan,0,0
1789,0,cuberoot,12,24,0,0,0,0,nan,0,nan,0,nan,0,nan,0,nan,0,0
1801,0,sqrt,42,84,0,0,0,0,nan,0,nan,0,nan,0,nan,0,nan,0,0
1801,0,cuberoot,12,24,0,0,0,0,nan,0,nan,0,nan,0,nan,0,nan,0,0
1811,0,sqrt,42,84,0,0,0,0,nan,0,nan,0,nan,0,nan,0,nan,0,0
1811,0,cuberoot,12,24,0,0,0,0,nan,0,nan,0,nan,0,nan,0,nan,0,0
1823,2,sqrt,42,84,4,172,168,87.8705430609,0.0455215122231,183.482172244,0.937420774437,15.2978606692,0.261474469306,7.65733113674,0.522375215146,175.657331137,0.979179171669,2,86
1823,2,cuberoot,12,24,0,48,48,24.3159626988,0,49.2638507954,0.974345269909,1.21119034558,0,0.60626029654,0,48.6062602965,0.987527114967,0,24
1831,4,sqrt,42,84,64,400,336,183.414527581,0.348936372948,397.658110322,1.00588920386,60.9240851993,1.05048766495,45.7430289776,1.39912029069,381.743028978,1.04782528988,4,172
1831,4,cuberoot,12,24,12,108,96,49.2583287821,0.243613624268,101.033315128,1.06895433316,4.82359366466,2.48777173913,3.62165117551,3.3134057971,99.6216511755,1.08410168599,0,48
1847,4,sqrt,42,84,60,396,336,183.28099621,0.327366182205,397.12398484,0.997169687848,60.3963183541,0.993438037866,45.3463414634,1.32314974182,381.346341463,1.03842611543,28,196
1847,4,cuberoot,12,24,8,104,96,49.247428262,0.162445030783,100.989713048,1.02980785727,4.78180833785,1.67300724638,3.59024390244,2.22826086957,99.5902439024,1.04427899687,4,52
1861,0,sqrt,43,86,0,0,0,0,nan,0,nan,0,nan,0,nan,0,nan,0,0
1861,0,cuberoot,12,24,0,0,0,0,nan,0,nan,0,nan,0,nan,0,nan,0,0
1867,2,sqrt,43,86,12,184,172,89.961435458,0.13339049048,187.845741832,0.979527127981,15.6614890198,0.766210670315,7.83914209115,1.53077975376,179.839142091,1.02313655337,0,86
1867,2,cuberoot,12,24,0,48,48,24.3085163364,0,49.2340653455,0.974934725849,1.18264595608,0,0.591957104558,0,48.5919571046,0.98781779661,0,24
1871,0,sqrt,43,86,0,0,0,0,nan,0,nan,0,nan,0,nan,0,nan,0,0
1871,0,cuberoot,12,24,0,0,0,0,nan,0,nan,0,nan,0,nan,0,nan,0,0
1873,4,sqrt,43,86,56,400,344,187.794981313,0.298197532268,407.179925254,0.982366701283,62.44527496,0.896785225718,46.884019241,1.19443684451,390.884019241,1.02332144654,20,192
1873,4,cuberoot,12,24,8,104,96,49.2301121196,0.162502169009,100.920448478,1.03051464364,4.71542979178,1.69655797101,3.54035275254,2.25966183575,99.5403527525,1.0448024055,4,52
1877,0,sqrt,43,86,0,0,0,0,nan,0,nan,0,nan,0,nan,0,nan,0,0
1877,0,cuberoot,12,24,0,0,0,0,nan,0,nan,0,nan,0,nan,0,nan,0,0
1879,0,sqrt,43,86,0,0,0,0,nan,0,nan,0,nan,0,nan,0,nan,0,0
1879,0,cuberoot,12,24,0,0,0,0,nan,0,nan,0,nan,0,nan,0,nan,0,0
1889,0,sqrt,43,86,0,0,0,0,nan,0,nan,0,nan,0,nan,0,nan,0,0
1889,0,cuberoot,12,24,0,0,0,0,nan,0,nan,0,nan,0,nan,0,nan,0,0
1901,0,sqrt,43,86,0,0,0,0,nan,0,nan,0,nan,0,nan,0,nan,0,0
1901,0,cuberoot,12,24,0,0,0,0,nan,0,nan,0,nan,0,nan,0,nan,0,0
1907,2,sqrt,43,86,4,176,172,89.878342947,0.0445046033209,187.513371788,0.938599729297,15.3329837441,0.260875512996,7.67454068241,0.521203830369,179.674540682,0.979548907327,2,88
1907,2,cuberoot,12,24,0,48,48,24.302045097,0,49.208180388,0.975447570332,1.15783953854,0,0.579527559055,0,48.5795275591,0.988070539419,0,24
1913,0,sqrt,43,86,0,0,0,0,nan,0,nan,0,nan,0,nan,0,nan,0,0
1913,0,cuberoot,12,24,0,0,0,0,nan,0,nan,0,nan,0,nan,0,nan,0,0
1931,2,sqrt,43,86,4,176,172,89.8301398239,0.0445284846249,187.320559296,0.939565847239,15.1424132574,0.264158686731,7.57905650596,0.527770177839,179.579056506,0.980069744348,2,88
1931,2,cuberoot,12,24,0,48,48,24.2982910409,0,49.1931641636,0.975745325922,1.14344899016,0,0.57231726283,0,48.5723172628,0.988217213115,0,24
1933,2,sqrt,43,86,8,180,172,89.8261769271,0.0890608982112,187.304707708,0.961000939071,15.1267459907,0.528864569083,7.57120662869,1.05663474692,179.571206629,1.00238787375,4,90
1933,2,cuberoot,12,24,0,48,48,24.2979824108,0,49.191929643,0.975769813226,1.14226590792,0,0.57172449508,0,48.5717244951,0.988229273286,0,24
1949,2,sqrt,44,88,8,184,176,91.9733196511,0.0869817467756,191.893278604,0.95886631016,15.7126731657,0.509143155695,7.86440677966,1.01724137931,183.86440678,1.00073746313,2,90
1949,2,cuberoot,12,24,0,48,48,24.2955361724,0,49.1821446896,0.975963945919,1.13288866085,0,0.567026194145,0,48.5670261941,0.988324873096,0,24
1951,2,sqrt,44,88,4,180,176,91.9692465402,0.0434927995006,191.876986161,0.938101038595,15.6965658637,0.254832810867,7.85633658286,0.509143155695,183.856336583,0.97902527237,0,88
1951,2,cuberoot,12,24,0,48,48,24.2952332137,0,49.1809328549,0.975987993997,1.13172731932,0,0.566444330426,0,48.5664443304,0.988336713996,0,24
1973,4,sqrt,44,88,32,384,352,191.699949316,0.166927535006,414.799797263,0.925747800587,62.0861632032,0.515412748171,46.6118721461,0.686520376176,398.611872146,0.963343108504,10,186
1973,4,cuberoot,12,24,0,96,96,49.1677648251,0,100.671059301,0.95360077332,4.4764318297,0,3.36073059361,0,99.3607305936,0.966176470588,0,48
1979,0,sqrt,44,88,0,0,0,0,nan,0,nan,0,nan,0,nan,0,nan,0,0
1979,0,cuberoot,12,24,0,0,0,0,nan,0,nan,0,nan,0,nan,0,nan,0,0
1987,0,sqrt,44,88,0,0,0,0,nan,0,nan,0,nan,0,nan,0,nan,0,0
1987,0,cuberoot,12,24,0,0,0,0,nan,0,nan,0,nan,0,nan,0,nan,0,0
1993,0,sqrt,44,88,0,0,0,0,nan,0,nan,0,nan,0,nan,0,nan,0,0
1993,0,cuberoot,12,24,0,0,0,0,nan,0,nan,0,nan,0,nan,0,nan,0,0
1997,0,sqrt,44,88,0,0,0,0,nan,0,nan,0,nan,0,nan,0,nan,0,0
1997,0,cuberoot,12,24,0,0,0,0,nan,0,nan,0,nan,0,nan,0,nan,0,0
1999,0,sqrt,44,88,0,0,0,0,nan,0,nan,0,nan,0,nan,0,nan,0,0
1999,0,cuberoot,12,24,0,0,0,0,nan,0,nan,0,nan,0,nan,0,nan,0,0
2003,0,sqrt,44,88,0,0,0,0,nan,0,nan,0,nan,0,nan,0,nan,0,0
2003,0,cuberoot,12,24,0,0,0,0,nan,0,nan,0,nan,0,nan,0,nan,0,0
2011,4,sqrt,44,88,32,384,352,191.403281949,0.167186265952,413.613127797,0.928403801023,60.9129786176,0.525339602926,45.7302140368,0.699756182515,397.730214037,0.965478574289,6,182
2011,4,cuberoot,12,24,0,96,96,49.1456986574,0,100.58279463,0.954437588989,4.39184485331,0,3.29716276755,0,99.2971627675,0.966794995188,0,48
2017,0,sqrt,44,88,0,0,0,0,nan,0,nan,0,nan,0,nan,0,nan,0,0
2017,0,cuberoot,12,24,0,0,0,0,nan,0,nan,0,nan,0,nan,0,nan,0,0
2027,0,sqrt,45,90,0,0,0,0,nan,0,nan,0,nan,0,nan,0,nan,0,0
2027,0,cuberoot,12,24,0,0,0,0,nan,0,nan,0,nan,0,nan,0,nan,0,0
2029,0,sqrt,45,90,0,0,0,0,nan,0,nan,0,nan,0,nan,0,nan,0,0
2029,0,cuberoot,12,24,0,0,0,0,nan,0,nan,0,nan,0,nan,0,nan,0,0
2039,0,sqrt,45,90,0,0,0,0,nan,0,nan,0,nan,0,nan,0,nan,0,0
2039,0,cuberoot,12,24,0,0,0,0,nan,0,nan,0,nan,0,nan,0,nan,0,0
2053,0,sqrt,45,90,0,0,0,0,nan,0,nan,0,nan,0,nan,0,nan,0,0
2053,0,cuberoot,12,24,0,0,0,0,nan,0,nan,0,nan,0,nan,0,nan,0,0
2063,0,sqrt,45,90,0,0,0,0,nan,0,nan,0,nan,0,nan,0,nan,0,0
2063,0,cuberoot,12,24,0,0,0,0,nan,0,nan,0,nan,0,nan,0,nan,0,0
2069,2,sqrt,45,90,4,184,180,93.9149347511,0.0425917348567,195.659739004,0.940408082605,15.4857419043,0.258302122347,7.7503628447,0.516104868914,187.750362845,0.980024737168,2,92
2069,2,cuberoot,12,24,0,48,48,24.2783953601,0,49.1135814403,0.977326405291,1.06718221363,0,0.534107402032,0,48.534107402,0.988995215311,0,24
2081,0,sqrt,45,90,0,0,0,0,nan,0,nan,0,nan,0,nan,0,nan,0,0
2081,0,cuberoot,12,24,0,0,0,0,nan,0,nan,0,nan,0,nan,0,nan,0,0
2083,2,sqrt,45,90,12,192,180,93.8886221795,0.127811013959,195.554488718,0.981823538076,15.3816610658,0.780149812734,7.69822200865,1.55880149813,187.698222009,1.02291858679,6,96
2083,2,cuberoot,12,24,0,48,48,24.2765242439,0,49.1060969755,0.977475363679,1.06000960154,0,0.530514175877,0,48.5305141759,0.989068441065,0,24
2087,2,sqrt,45,90,4,184,180,93.8811691423,0.0426070535395,195.524676569,0.941057687595,15.3521801629,0.260549313358,7.68345323741,0.520599250936,187.683453237,0.980374118369,0,90
2087,2,cuberoot,12,24,0,48,48,24.2759942501,0,49.1039770005,0.977517564403,1.05797795879,0,0.529496402878,0,48.5294964029,0.989089184061,0,24
2089,0,sqrt,45,90,0,0,0,0,nan,0,nan,0,nan,0,nan,0,nan,0,0
2089,0,cuberoot,12,24,0,0,0,0,nan,0,nan,0,nan,0,nan,0,nan,0,0
2099,0,sqrt,45,90,0,0,0,0,nan,0,nan,0,nan,0,nan,0,nan,0,0
2099,0,cuberoot,12,24,0,0,0,0,nan,0,nan,0,nan,0,nan,0,nan,0,0
2111,0,sqrt,45,90,0,0,0,0,nan,0,nan,0,nan,0,nan,0,nan,0,0
2111,0,cuberoot,12,24,0,0,0,0,nan,0,nan,0,nan,0,nan,0,nan,0,0
2113,0,sqrt,45,90,0,0,0,0,nan,0,nan,0,nan,0,nan,0,nan,0,0
2113,0,cuberoot,12,24,0,0,0,0,nan,0,nan,0,nan,0,nan,0,nan,0,0
2129,0,sqrt,46,92,0,0,0,0,nan,0,nan,0,nan,0,nan,0,nan,0,0
2129,0,cuberoot,12,24,0,0,0,0,nan,0,nan,0,nan,0,nan,0,nan,0,0
2131,0,sqrt,46,92,0,0,0,0,nan,0,nan,0,nan,0,nan,0,nan,0,0
2131,0,cuberoot,12,24,0,0,0,0,nan,0,nan,0,nan,0,nan,0,nan,0,0
2137,4,sqrt,46,92,32,400,368,199.842770239,0.160125882772,431.371080955,0.927275883017,62.6822648573,0.510511227903,47.0557377049,0.680044593088,415.055737705,0.963725985844,8,192
2137,4,cuberoot,12,24,0,96,96,49.078146935,0,100.31258774,0.957008508733,4.132896584,0,3.10257611241,0,99.1025761124,0.968693284936,0,48
2141,0,sqrt,46,92,0,0,0,0,nan,0,nan,0,nan,0,nan,0,nan,0,0
2141,0,cuberoot,12,24,0,0,0,0,nan,0,nan,0,nan,0,nan,0,nan,0,0
2143,0,sqrt,46,92,0,0,0,0,nan,0,nan,0,nan,0,nan,0,nan,0,0
2143,0,cuberoot,12,24,0,0,0,0,nan,0,nan,0,nan,0,nan,0,nan,0,0
2153,0,sqrt,46,92,0,0,0,0,nan,0,nan,0,nan,0,nan,0,nan,0,0
2153,0,cuberoot,12,24,0,0,0,0,nan,0,nan,0,nan,0,nan,0,nan,0,0
2161,0,sqrt,46,92,0,0,0,0,nan,0,nan,0,nan,0,nan,0,nan,0,0
2161,0,cuberoot,12,24,0,0,0,0,nan,0,nan,0,nan,0,nan,0,nan,0,0
2179,2,sqrt,46,92,4,188,184,95.8843506196,0.0417169222522,199.537402478,0.942179248928,15.3685176687,0.260272336359,7.69131832797,0.520066889632,191.691318328,0.980743424584,2,94
2179,2,cuberoot,12,24,0,48,48,24.264341441,0,49.0573657641,0.978446340368,1.01330885727,0,0.507119889757,0,48.5071198898,0.989545454545,0,24
2203,0,sqrt,46,92,0,0,0,0,nan,0,nan,0,nan,0,nan,0,nan,0,0
2203,0,cuberoot,13,26,0,0,0,0,nan,0,nan,0,nan,0,nan,0,nan,0,0
2207,0,sqrt,46,92,0,0,0,0,nan,0,nan,0,nan,0,nan,0,nan,0,0
2207,0,cuberoot,13,26,0,0,0,0,nan,0,nan,0,nan,0,nan,0,nan,0,0
2213,0,sqrt,47,94,0,0,0,0,nan,0,nan,0,nan,0,nan,0,nan,0,0
2213,0,cuberoot,13,26,0,0,0,0,nan,0,nan,0,nan,0,nan,0,nan,0,0
2221,0,sqrt,47,94,0,0,0,0,nan,0,nan,0,nan,0,nan,0,nan,0,0
2221,0,cuberoot,13,26,0,0,0,0,nan,0,nan,0,nan,0,nan,0,nan,0,0
2237,4,sqrt,47,94,48,424,376,203.799731784,0.235525334503,439.198927135,0.965393979367,62.5265981225,0.767673301304,46.9369127517,1.02264927934,422.936912752,1.00251358351,6,194
2237,4,cuberoot,13,26,4,108,104,53.2087617345,0.0751755889371,108.835046938,0.992327407748,4.6490835941,0.860384615385,3.48993288591,1.14615384615,107.489932886,1.00474525475,0,52
2239,0,sqrt,47,94,0,0,0,0,nan,0,nan,0,nan,0,nan,0,nan,0,0
2239,0,cuberoot,13,26,0,0,0,0,nan,0,nan,0,nan,0,nan,0,nan,0,0
2243,0,sqrt,47,94,0,0,0,0,nan,0,nan,0,nan,0,nan,0,nan,0,0
2243,0,cuberoot,13,26,0,0,0,0,nan,0,nan,0,nan,0,nan,0,nan,0,0
2251,0,sqrt,47,94,0,0,0,0,nan,0,nan,0,nan,0,nan,0,nan,0,0
2251,0,cuberoot,13,26,0,0,0,0,nan,0,nan,0,nan,0,nan,0,nan,0,0
2267,0,sqrt,47,94,0,0,0,0,nan,0,nan,0,nan,0,nan,0,nan,0,0
2267,0,cuberoot,13,26,0,0,0,0,nan,0,nan,0,nan,0,nan,0,nan,0,0
2269,4,sqrt,47,94,48,424,376,203.576906126,0.2357831294,438.307624504,0.967357117001,61.644777435,0.778654770075,46.274371416,1.0372912377,422.274371416,1.00408651034,10,198
2269,4,cuberoot,13,26,0,104,104,53.1917144116,0,108.766857647,0.95617361989,4.58351696783,0,3.44067048963,0,107.44067049,0.967976088813,0,52
2273,0,sqrt,47,94,0,0,0,0,nan,0,nan,0,nan,0,nan,0,nan,0,0
2273,0,cuberoot,13,26,0,0,0,0,nan,0,nan,0,nan,0,nan,0,nan,0,0
2281,0,sqrt,47,94,0,0,0,0,nan,0,nan,0,nan,0,nan,0,nan,0,0
2281,0,cuberoot,13,26,0,0,0,0,nan,0,nan,0,nan,0,nan,0,nan,0,0
2287,0,sqrt,47,94,0,0,0,0,nan,0,nan,0,nan,0,nan,0,nan,0,0
2287,0,cuberoot,13,26,0,0,0,0,nan,0,nan,0,nan,0,nan,0,nan,0,0
2293,4,sqrt,47,94,68,444,376,203.413868295,0.334293824556,437.655473179,1.01449662396,60.9995638901,1.11476206818,45.7896115234,1.48505300084,421.789611523,1.05265750476,6,194
2293,4,cuberoot,13,26,8,112,104,53.1792411688,0.150434639987,108.716964675,1.03019800392,4.53554295683,1.76384615385,3.40462680052,2.34974358974,107.404626801,1.04278561675,0,52
2297,2,sqrt,47,94,8,196,188,97.8467566391,0.0817605025939,203.387026556,0.963679952053,15.2233347845,0.525509036834,7.61830065359,1.05010295127,195.618300654,1.00195124559,0,94
2297,2,cuberoot,13,26,0,52,52,26.294296909,0,53.177187636,0.977862920392,1.13191118851,0,0.566448801743,0,52.5664488017,0.989224137931,0,26
2309,0,sqrt,48,96,0,0,0,0,nan,0,nan,0,nan,0,nan,0,nan,0,0
2309,0,cuberoot,13,26,0,0,0,0,nan,0,nan,0,nan,0,nan,0,nan,0,0
2311,0,sqrt,48,96,0,0,0,0,nan,0,nan,0,nan,0,nan,0,nan,0,0
2311,0,cuberoot,13,26,0,0,0,0,nan,0,nan,0,nan,0,nan,0,nan,0,0
2333,2,sqrt,48,96,4,196,192,99.9502786112,0.0400198984493,207.801114445,0.943209570957,15.6365195028,0.255811403509,7.82496782497,0.511184210526,199.824967825,0.980858408904,2,98
2333,2,cuberoot,13,26,0,52,52,26.2897556794,0,53.1590227175,0.97819706499,1.1144449207,0,0.557700557701,0,52.5577005577,0.989388794567,0,26
2339,0,sqrt,48,96,0,0,0,0,nan,0,nan,0,nan,0,nan,0,nan,0,0
2339,0,cuberoot,13,26,0,0,0,0,nan,0,nan,0,nan,0,nan,0,nan,0,0
2341,4,sqrt,48,96,56,440,384,207.747116617,0.269558494539,446.988466467,0.984365443425,62.3323366083,0.898410087719,46.789226165,1.19685672515,430.789226165,1.02138116108,24,216
2341,4,cuberoot,13,26,4,108,104,53.1550619393,0.0752515349256,108.620247757,0.99428975932,4.44254592055,0.900384615385,3.33475844378,1.19948717949,107.334758444,1.00619782041,2,54
2347,0,sqrt,48,96,0,0,0,0,nan,0,nan,0,nan,0,nan,0,nan,0,0
2347,0,cuberoot,13,26,0,0,0,0,nan,0,nan,0,nan,0,nan,0,nan,0,0
2351,0,sqrt,48,96,0,0,0,0,nan,0,nan,0,nan,0,nan,0,nan,0,0
2351,0,cuberoot,13,26,0,0,0,0,nan,0,nan,0,nan,0,nan,0,nan,0,0
2357,0,sqrt,48,96,0,0,0,0,nan,0,nan,0,nan,0,nan,0,nan,0,0
2357,0,cuberoot,13,26,0,0,0,0,nan,0,nan,0,nan,0,nan,0,nan,0,0
2371,2,sqrt,48,96,4,196,192,99.8869675243,0.0400452641535,207.547870097,0.944360449993,15.3859131168,0.259978070175,7.69945124525,0.51951754386,199.699451245,0.981474905303,0,96
2371,2,cuberoot,13,26,0,52,52,26.2851117672,0,53.1404470687,0.978539001238,1.09658371995,0,0.548754748839,0,52.5487547488,0.989557226399,0,26
2377,2,sqrt,48,96,4,196,192,99.8771560791,0.0400491980051,207.508624316,0.944539055404,15.3470761464,0.260635964912,7.68,0.520833333333,199.68,0.981570512821,2,98
2377,2,cuberoot,13,26,0,52,52,26.2843920909,0,53.1375683635,0.978592013174,1.09381573412,0,0.547368421053,0,52.5473684211,0.989583333333,0,26
2381,2,sqrt,48,96,24,216,192,99.8706425871,0.240310859911,207.482570349,1.04105130198,15.3212935741,1.56644736842,7.66708701135,3.13026315789,199.667087011,1.08180072757,12,108
2381,2,cuberoot,13,26,4,56,52,26.2839143217,0.152184334154,53.1356572869,1.0539062253,1.09197816044,3.66307692308,0.546448087432,7.32,52.5464480874,1.06572379368,2,28
2383,2,sqrt,48,96,8,200,192,99.8673940411,0.0801062256286,207.469576164,0.963996763754,15.3084347461,0.522587719298,7.66064678706,1.04429824561,199.660646787,1.00169964997,2,98
2383,2,cuberoot,13,26,0,52,52,26.2836760386,0,53.1347041544,0.97864476386,1.09106168695,0,0.545989080218,0,52.5459890802,0.989609310058,0,26
2389,0,sqrt,48,96,0,0,0,0,nan,0,nan,0,nan,0,nan,0,nan,0,0
2389,0,cuberoot,13,26,0,0,0,0,nan,0,nan,0,nan,0,nan,0,nan,0,0
2393,0,sqrt,48,96,0,0,0,0,nan,0,nan,0,nan,0,nan,0,nan,0,0
2393,0,cuberoot,13,26,0,0,0,0,nan,0,nan,0,nan,0,nan,0,nan,0,0
2399,2,sqrt,48,96,8,200,192,99.8416006669,0.0801269205077,207.366402668,0.964476392641,15.2063359733,0.526096491228,7.60951188986,1.05131578947,199.60951189,1.00195626003,2,98
2399,2,cuberoot,13,26,0,52,52,26.2817840767,0,53.1271363068,0.978784169727,1.08378491038,0,0.542344597413,0,52.5423445974,0.989677952106,0,26
2411,4,sqrt,49,98,56,448,392,211.933637495,0.264233656639,455.734549979,0.983028387952,63.0841974285,0.887702503682,47.3524283935,1.18262150221,439.352428394,1.01968253968,6,202
2411,4,cuberoot,13,26,4,108,104,53.1215263376,0.0752990411943,108.48610535,0.995519192537,4.313562837,0.927307692308,3.23785803238,1.23538461538,107.237858032,1.00710702341,0,52
2417,0,sqrt,49,98,0,0,0,0,nan,0,nan,0,nan,0,nan,0,nan,0,0
2417,0,cuberoot,13,26,0,0,0,0,nan,0,nan,0,nan,0,nan,0,nan,0,0
2423,2,sqrt,49,98,4,200,196,101.963681387,0.039229654575,211.854725547,0.944043138447,15.6929426331,0.254891647381,7.85295332507,0.50936250789,203.852953325,0.981099349986,2,100
2423,2,cuberoot,13,26,0,52,52,26.2789929839,0,53.1159719356,0.97898989899,1.07304993809,0,0.536968194961,0,52.536968195,0.989779231398,0,26
2437,0,sqrt,49,98,0,0,0,0,nan,0,nan,0,nan,0,nan,0,nan,0,0
2437,0,cuberoot,13,26,0,0,0,0,nan,0,nan,0,nan,0,nan,0,nan,0,0
2441,2,sqrt,49,98,8,204,196,101.934453093,0.0784818062711,211.737812372,0.963455689443,15.5772224498,0.513570376604,7.79499794998,1.02629917947,203.79499795,1.00100592287,2,100
2441,2,cuberoot,13,26,0,52,52,26.2769356821,0,53.1077427284,0.97914159647,1.06513723884,0,0.533005330053,0,52.5330053301,0.989853896104,0,26
2447,0,sqrt,49,98,0,0,0,0,nan,0,nan,0,nan,0,nan,0,nan,0,0
2447,0,cuberoot,13,26,0,0,0,0,nan,0,nan,0,nan,0,nan,0,nan,0,0
2459,2,sqrt,49,98,4,200,196,101.905652704,0.0392519933276,211.622610817,0.94507859641,15.4631964213,0.258678729224,7.73789173789,0.516936671576,203.737891738,0.981653428795,2,100
2459,2,cuberoot,13,26,0,52,52,26.2749084994,0,53.0996339976,0.979291119076,1.05734038227,0,0.529100529101,0,52.5291005291,0.98992747784,0,26
2467,0,sqrt,49,98,0,0,0,0,nan,0,nan,0,nan,0,nan,0,nan,0,0
2467,0,cuberoot,13,26,0,0,0,0,nan,0,nan,0,nan,0,nan,0,nan,0,0
2473,0,sqrt,49,98,0,0,0,0,nan,0,nan,0,nan,0,nan,0,nan,0,0
2473,0,cuberoot,13,26,0,0,0,0,nan,0,nan,0,nan,0,nan,0,nan,0,0
2477,2,sqrt,49,98,4,200,196,101.877270892,0.0392629284724,211.509083569,0.945585866221,15.350827614,0.260572270145,7.68161616162,0.520723753419,203.681616162,0.981924651665,2,100
2477,2,cuberoot,13,26,0,52,52,26.2729107792,0,53.0916431167,0.979438513246,1.04965684296,0,0.525252525253,0,52.5252525253,0.99,0,26
2503,0,sqrt,50,100,0,0,0,0,nan,0,nan,0,nan,0,nan,0,nan,0,0
2503,0,cuberoot,13,26,0,0,0,0,nan,0,nan,0,nan,0,nan,0,nan,0,0
2521,2,sqrt,50,100,8,208,200,103.966679889,0.0769477298741,215.866719556,0.963557515619,15.7080523602,0.509292929293,7.86026200873,1.01777777778,207.860262009,1.00067226891,4,104
2521,2,cuberoot,13,26,0,52,52,26.2681475605,0,53.072590242,0.979790128255,1.03133677112,0,0.516077808654,0,52.5160778087,0.990172955975,0,26
2531,0,sqrt,50,100,0,0,0,0,nan,0,nan,0,nan,0,nan,0,nan,0,0
2531,0,cuberoot,13,26,0,0,0,0,nan,0,nan,0,nan,0,nan,0,nan,0,0
2539,2,sqrt,50,100,8,208,200,103.938558488,0.0769685486927,215.75423395,0.964059875867,15.5966916109,0.512929292929,7.80449349626,1.02505050505,207.804493496,1.00094081942,2,102
2539,2,cuberoot,13,26,0,52,52,26.2662465538,0,53.064986215,0.979930528753,1.02402520677,0,0.512416239653,0,52.5124162397,0.990241998439,0,26
2543,2,sqrt,50,100,8,208,200,103.93236335,0.0769731365872,215.729453401,0.964170616114,15.5721588675,0.513737373737,7.79220779221,1.02666666667,207.792207792,1.001,0,100
2543,2,cuberoot,13,26,0,52,52,26.2658277625,0,53.0633110499,0.979961464355,1.0224144711,0,0.511609602519,0,52.5116096025,0.990257209665,0,26
2549,0,sqrt,50,100,0,0,0,0,nan,0,nan,0,nan,0,nan,0,nan,0,0
2549,0,cuberoot,13,26,0,0,0,0,nan,0,nan,0,nan,0,nan,0,nan,0,0
2551,0,sqrt,50,100,0,0,0,0,nan,0,nan,0,nan,0,nan,0,nan,0,0
2551,0,cuberoot,13,26,0,0,0,0,nan,0,nan,0,nan,0,nan,0,nan,0,0
2557,4,sqrt,50,100,36,436,400,215.64333203,0.166942328618,462.573328119,0.942553263443,61.9475948377,0.581136363636,46.4970645793,0.774242424242,446.497064579,0.976490182328,6,206
2557,4,cuberoot,13,26,0,104,104,53.0574892452,0,108.229956981,0.960916948516,4.06726632773,0,3.05283757339,0,107.052837573,0.971482889734,0,52
2579,2,sqrt,50,100,8,208,200,103.877471888,0.0770138111236,215.509887553,0.96515293271,15.3547886778,0.52101010101,7.68335273574,1.04121212121,207.683352736,1.00152466368,2,102
2579,2,cuberoot,13,26,0,52,52,26.2621170997,0,53.0484683986,0.980235651843,1.00814269097,0,0.504462553357,0,52.5044625534,0.990392006149,0,26
2591,2,sqrt,50,100,8,208,200,103.859513701,0.0770271274619,215.438054805,0.965474740236,15.283674257,0.523434343434,7.64774044032,1.04606060606,207.64774044,1.00169642857,0,100
2591,2,cuberoot,13,26,0,52,52,26.2609031262,0,53.0436125048,0.980325387817,1.00347356233,0,0.502124372345,0,52.5021243723,0.990436113236,0,26
2593,0,sqrt,50,100,0,0,0,0,nan,0,nan,0,nan,0,nan,0,nan,0,0
2593,0,cuberoot,13,26,0,0,0,0,nan,0,nan,0,nan,0,nan,0,nan,0,0
2609,0,sqrt,51,102,0,0,0,0,nan,0,nan,0,nan,0,nan,0,nan,0,0
2609,0,cuberoot,13,26,0,0,0,0,nan,0,nan,0,nan,0,nan,0,nan,0,0
2617,0,sqrt,51,102,0,0,0,0,nan,0,nan,0,nan,0,nan,0,nan,0,0
2617,0,cuberoot,13,26,0,0,0,0,nan,0,nan,0,nan,0,nan,0,nan,0,0
2621,0,sqrt,51,102,0,0,0,0,nan,0,nan,0,nan,0,nan,0,nan,0,0
2621,0,cuberoot,13,26,0,0,0,0,nan,0,nan,0,nan,0,nan,0,nan,0,0
2633,0,sqrt,51,102,0,0,0,0,nan,0,nan,0,nan,0,nan,0,nan,0,0
2633,0,cuberoot,13,26,0,0,0,0,nan,0,nan,0,nan,0,nan,0,nan,0,0
2647,0,sqrt,51,102,0,0,0,0,nan,0,nan,0,nan,0,nan,0,nan,0,0
2647,0,cuberoot,13,26,0,0,0,0,nan,0,nan,0,nan,0,nan,0,nan,0,0
2657,0,sqrt,51,102,0,0,0,0,nan,0,nan,0,nan,0,nan,0,nan,0,0
2657,0,cuberoot,13,26,0,0,0,0,nan,0,nan,0,nan,0,nan,0,nan,0,0
2659,0,sqrt,51,102,0,0,0,0,nan,0,nan,0,nan,0,nan,0,nan,0,0
2659,0,cuberoot,13,26,0,0,0,0,nan,0,nan,0,nan,0,nan,0,nan,0,0
2663,2,sqrt,51,102,12,216,204,105.906871949,0.11330709499,219.627487796,0.983483452677,15.4742771311,0.775480489225,7.74295377678,1.54979615609,211.742953777,1.02010478341,0,102
2663,2,cuberoot,13,26,4,56,52,26.2538490424,0.152358612009,53.0153961697,1.05629692591,0.976342470897,4.09692307692,0.488538143555,8.18769230769,52.4885381436,1.06689959333,0,26
2671,0,sqrt,51,102,0,0,0,0,nan,0,nan,0,nan,0,nan,0,nan,0,0
2671,0,cuberoot,13,26,0,0,0,0,nan,0,nan,0,nan,0,nan,0,nan,0,0
2677,0,sqrt,51,102,0,0,0,0,nan,0,nan,0,nan,0,nan,0,nan,0,0
2677,0,cuberoot,13,26,0,0,0,0,nan,0,nan,0,nan,0,nan,0,nan,0,0
2683,2,sqrt,51,102,8,212,204,105.877748789,0.0755588411307,219.510995155,0.965783057248,15.3589265747,0.520869734032,7.6851920925,1.04096291982,211.685192093,1.00148715129,2,104
2683,2,cuberoot,13,26,0,52,52,26.2519567648,0,53.0078270593,0.980987202925,0.96906448006,0,0.484893696382,0,52.4848936964,0.990761271249,0,26
2687,0,sqrt,51,102,0,0,0,0,nan,0,nan,0,nan,0,nan,0,nan,0,0
2687,0,cuberoot,13,26,0,0,0,0,nan,0,nan,0,nan,0,nan,0,nan,0,0
2689,0,sqrt,51,102,0,0,0,0,nan,0,nan,0,nan,0,nan,0,nan,0,0
2689,0,cuberoot,13,26,0,0,0,0,nan,0,nan,0,nan,0,nan,0,nan,0,0
2693,6,sqrt,51,102,136,748,612,340.77014482,0.399095994961,751.08057928,0.995898470331,137.717044189,0.987532086542,114.849498328,1.18415841584,726.849498328,1.02909887359,46,352
2693,6,cuberoot,13,26,12,168,156,80.2591904939,0.149515587264,165.036761975,1.01795501796,8.6891942072,1.38102564103,7.24637681159,1.656,163.246376812,1.02911931818,6,84
2699,0,sqrt,51,102,0,0,0,0,nan,0,nan,0,nan,0,nan,0,nan,0,0
2699,0,cuberoot,13,26,0,0,0,0,nan,0,nan,0,nan,0,nan,0,nan,0,0
2707,0,sqrt,52,104,0,0,0,0,nan,0,nan,0,nan,0,nan,0,nan,0,0
2707,0,cuberoot,13,26,0,0,0,0,nan,0,nan,0,nan,0,nan,0,nan,0,0
2711,0,sqrt,52,104,0,0,0,0,nan,0,nan,0,nan,0,nan,0,nan,0,0
2711,0,cuberoot,13,26,0,0,0,0,nan,0,nan,0,nan,0,nan,0,nan,0,0
2713,2,sqrt,52,104,4,212,208,107.986730557,0.0370415881598,223.946922226,0.946652884945,15.7935864357,0.253267363704,7.90261895979,0.506161314414,215.90261896,0.981924170357,0,104
2713,2,cuberoot,13,26,0,52,52,26.2491706598,0,52.9966826391,0.981193490054,0.958348691485,0,0.479527849502,0,52.4795278495,0.990862573099,0,26
2719,0,sqrt,52,104,0,0,0,0,nan,0,nan,0,nan,0,nan,0,nan,0,0
2719,0,cuberoot,13,26,0,0,0,0,nan,0,nan,0,nan,0,nan,0,nan,0,0
2729,0,sqrt,52,104,0,0,0,0,nan,0,nan,0,nan,0,nan,0,nan,0,0
2729,0,cuberoot,13,26,0,0,0,0,nan,0,nan,0,nan,0,nan,0,nan,0,0
2731,2,sqrt,52,104,8,216,208,107.960454046,0.0741012074345,223.841816185,0.964967152616,15.6894910289,0.509895444361,7.8504946867,1.01904406273,215.850494687,1.00069263364,2,106
2731,2,cuberoot,13,26,0,52,52,26.2475283779,0,52.9901135115,0.98131512756,0.952032222629,0,0.476364968853,0,52.4763649689,0.990922294844,0,26
2741,0,sqrt,52,104,0,0,0,0,nan,0,nan,0,nan,0,nan,0,nan,0,0
2741,0,cuberoot,13,26,0,0,0,0,nan,0,nan,0,nan,0,nan,0,nan,0,0
2749,0,sqrt,52,104,0,0,0,0,nan,0,nan,0,nan,0,nan,0,nan,0,0
2749,0,cuberoot,14,28,0,0,0,0,nan,0,nan,0,nan,0,nan,0,nan,0,0
2753,0,sqrt,52,104,0,0,0,0,nan,0,nan,0,nan,0,nan,0,nan,0,0
2753,0,cuberoot,14,28,0,0,0,0,nan,0,nan,0,nan,0,nan,0,nan,0,0
2767,2,sqrt,52,104,8,216,208,107.908926635,0.074136591378,223.635706541,0.965856496445,15.4853632093,0.516616878267,7.74828209765,1.03248693055,215.748282098,1.00116672031,2,106
2767,2,cuberoot,14,28,0,56,56,28.2833393567,0,57.1333574268,0.980162947219,1.09288037586,0,0.546835443038,0,56.546835443,0.990329512894,0,28
2777,0,sqrt,52,104,0,0,0,0,nan,0,nan,0,nan,0,nan,0,nan,0,0
2777,0,cuberoot,14,28,0,0,0,0,nan,0,nan,0,nan,0,nan,0,nan,0,0
2789,0,sqrt,52,104,0,0,0,0,nan,0,nan,0,nan,0,nan,0,nan,0,0
2789,0,cuberoot,14,28,0,0,0,0,nan,0,nan,0,nan,0,nan,0,nan,0,0
2791,0,sqrt,52,104,0,0,0,0,nan,0,nan,0,nan,0,nan,0,nan,0,0
2791,0,cuberoot,14,28,0,0,0,0,nan,0,nan,0,nan,0,nan,0,nan,0,0
2797,2,sqrt,52,104,4,212,208,107.867000358,0.037082703577,223.46800143,0.948681684372,15.3192706471,0.261109036594,7.66511627907,0.521844660194,215.665116279,0.983005521049,0,104
2797,2,cuberoot,14,28,0,56,56,28.2803003218,0,57.1212012871,0.980371538731,1.08115838398,0,0.540966010733,0,56.5409660107,0.990432317505,0,28
2801,0,sqrt,52,104,0,0,0,0,nan,0,nan,0,nan,0,nan,0,nan,0,0
2801,0,cuberoot,14,28,0,0,0,0,nan,0,nan,0,nan,0,nan,0,nan,0,0
2803,0,sqrt,52,104,0,0,0,0,nan,0,nan,0,nan,0,nan,0,nan,0,0
2803,0,cuberoot,14,28,0,0,0,0,nan,0,nan,0,nan,0,nan,0,nan,0,0
2819,0,sqrt,53,106,0,0,0,0,nan,0,nan,0,nan,0,nan,0,nan,0,0
2819,0,cuberoot,14,28,0,0,0,0,nan,0,nan,0,nan,0,nan,0,nan,0,0
2833,0,sqrt,53,106,0,0,0,0,nan,0,nan,0,nan,0,nan,0,nan,0,0
2833,0,cuberoot,14,28,0,0,0,0,nan,0,nan,0,nan,0,nan,0,nan,0,0
2837,0,sqrt,53,106,0,0,0,0,nan,0,nan,0,nan,0,nan,0,nan,0,0
2837,0,cuberoot,14,28,0,0,0,0,nan,0,nan,0,nan,0,nan,0,nan,0,0
2843,2,sqrt,53,106,8,220,212,109.952163208,0.0727589141186,227.808652832,0.965722755767,15.6595145973,0.510871518419,7.83526927138,1.02102425876,219.835269271,1.00074933712,0,106
2843,2,cuberoot,14,28,0,56,56,28.2757650369,0,57.1030601477,0.980682994136,1.06366514246,0,0.532206969377,0,56.5322069694,0.990585774059,0,28
2851,0,sqrt,53,106,0,0,0,0,nan,0,nan,0,nan,0,nan,0,nan,0,0
2851,0,cuberoot,14,28,0,0,0,0,nan,0,nan,0,nan,0,nan,0,nan,0,0
2857,2,sqrt,53,106,4,216,212,109.93279664,0.0363858659314,227.731186559,0.948486692857,15.582779139,0.256693620845,7.79684763573,0.51302785265,219.796847636,0.982725650178,2,108
2857,2,cuberoot,14,28,0,56,56,28.2744137207,0,57.0976548827,0.980775832475,1.05845292265,0,0.529597197898,0,56.5295971979,0.990631505899,0,28
2861,0,sqrt,53,106,0,0,0,0,nan,0,nan,0,nan,0,nan,0,nan,0,0
2861,0,cuberoot,14,28,0,0,0,0,nan,0,nan,0,nan,0,nan,0,nan,0,0
2879,2,sqrt,53,106,8,220,212,109.902744008,0.0727916311115,227.610976033,0.966561471832,15.4637026745,0.517340521114,7.73722627737,1.03396226415,219.737226277,1.00119585437,4,110
2879,2,cuberoot,14,28,0,56,56,28.2723167767,0,57.0892671066,0.980919931857,1.05036470997,0,0.525547445255,0,56.5255474453,0.990702479339,0,28
2887,0,sqrt,53,106,0,0,0,0,nan,0,nan,0,nan,0,nan,0,nan,0,0
2887,0,cuberoot,14,28,0,0,0,0,nan,0,nan,0,nan,0,nan,0,nan,0,0
2897,2,sqrt,53,106,8,220,212,109.878494995,0.0728076954492,227.513979979,0.966973546065,15.3676216776,0.520575022462,7.68911917098,1.04043126685,219.689119171,1.00141509434,2,108
2897,2,cuberoot,14,28,0,56,56,28.2706247843,0,57.082499137,0.981036234338,1.04383845357,0,0.522279792746,0,56.5222797927,0.990759753593,0,28
2903,0,sqrt,53,106,0,0,0,0,nan,0,nan,0,nan,0,nan,0,nan,0,0
2903,0,cuberoot,14,28,0,0,0,0,nan,0,nan,0,nan,0,nan,0,nan,0,0
2909,0,sqrt,53,106,0,0,0,0,nan,0,nan,0,nan,0,nan,0,nan,0,0
2909,0,cuberoot,14,28,0,0,0,0,nan,0,nan,0,nan,0,nan,0,nan,0,0
2917,4,sqrt,54,108,28,460,432,231.994514913,0.120692508659,495.97805965,0.927460380655,63.3856702091,0.44174022153,47.5718696398,0.588583131418,479.57186964,0.959188870576,10,226
2917,4,cuberoot,14,28,0,112,112,57.075077134,0,116.300308536,0.963024100363,4.14672608845,0,3.11217838765,0,115.112178388,0.972963951936,0,56
2927,0,sqrt,54,108,0,0,0,0,nan,0,nan,0,nan,0,nan,0,nan,0,0
2927,0,cuberoot,14,28,0,0,0,0,nan,0,nan,0,nan,0,nan,0,nan,0,0
2939,2,sqrt,54,108,4,220,216,111.968696836,0.0357242703813,231.874787343,0.948787932148,15.7277985709,0.254326756663,7.86925434116,0.508307372793,223.869254341,0.982716454957,0,108
2939,2,cuberoot,14,28,0,56,56,28.2667574005,0,57.0670296019,0.981302170284,1.02892140184,0,0.514811031665,0,56.5148110317,0.990890688259,0,28
2953,0,sqrt,54,108,0,0,0,0,nan,0,nan,0,nan,0,nan,0,nan,0,0
2953,0,cuberoot,14,28,0,0,0,0,nan,0,nan,0,nan,0,nan,0,nan,0,0
2957,2,sqrt,54,108,8,224,216,111.944538383,0.0714639598816,231.778153534,0.966441386233,15.6320595198,0.511768778124,7.82131979695,1.02284527518,223.821319797,1.00079831628,4,112
2957,2,cuberoot,14,28,0,56,56,28.2651335813,0,57.0605343253,0.981413873216,1.02265809943,0,0.511675126904,0,56.5116751269,0.990945674044,0,28
2963,0,sqrt,54,108,0,0,0,0,nan,0,nan,0,nan,0,nan,0,nan,0,0
2963,0,cuberoot,14,28,0,0,0,0,nan,0,nan,0,nan,0,nan,0,nan,0,0
2969,2,sqrt,54,108,4,220,216,111.928595487,0.0357370695362,231.714381947,0.949444735159,15.5688784102,0.256922810661,7.78968655207,0.513499480789,223.789686552,0.983065857009,2,110
2969,2,cuberoot,14,28,0,56,56,28.2640619737,0,57.0562478949,0.981487603306,1.01852475581,0,0.509605662285,0,56.5096056623,0.990981963928,0,28
2971,2,sqrt,54,108,4,220,216,111.925950858,0.0357379139451,231.703803433,0.949488082372,15.5583978458,0.257095880928,7.78443920512,0.513845621322,223.784439205,0.983088908154,0,108
2971,2,cuberoot,14,28,0,56,56,28.2638842141,0,57.0555368563,0.98149983482,1.01783911141,0,0.509262377905,0,56.5092623779,0.990987983979,0,28
2999,0,sqrt,54,108,0,0,0,0,nan,0,nan,0,nan,0,nan,0,nan,0,0
2999,0,cuberoot,14,28,0,0,0,0,nan,0,nan,0,nan,0,nan,0,nan,0,0
3001,0,sqrt,54,108,0,0,0,0,nan,0,nan,0,nan,0,nan,0,nan,0,0
3001,0,cuberoot,14,28,0,0,0,0,nan,0,nan,0,nan,0,nan,0,nan,0,0
3011,0,sqrt,54,108,0,0,0,0,nan,0,nan,0,nan,0,nan,0,nan,0,0
3011,0,cuberoot,14,28,0,0,0,0,nan,0,nan,0,nan,0,nan,0,nan,0,0
3019,4,sqrt,54,108,32,464,432,231.454123882,0.138256339802,493.816495528,0.939620292561,61.2441205697,0.522499134649,45.9635399403,0.696203992154,477.96353994,0.970785344961,8,224
3019,4,cuberoot,14,28,0,112,112,57.0387545545,0,116.155018218,0.964228680933,4.00662471017,0,3.00696055684,0,115.006960557,0.973854099419,0,56
3023,0,sqrt,54,108,0,0,0,0,nan,0,nan,0,nan,0,nan,0,nan,0,0
3023,0,cuberoot,14,28,0,0,0,0,nan,0,nan,0,nan,0,nan,0,nan,0,0
3037,2,sqrt,55,110,4,224,220,113.984194929,0.0350925845683,235.936779717,0.949406871912,15.7918999012,0.25329441201,7.90115321252,0.506255212677,227.901153213,0.982882257691,2,112
3037,2,cuberoot,14,28,0,56,56,28.2581494896,0,57.0325979585,0.981894600711,0.995719459993,0,0.498187808896,0,56.4981878089,0.991182233834,0,28
3041,2,sqrt,55,110,12,232,220,113.978954291,0.10528259427,235.915817165,0.983401633632,15.7711279184,0.760884070058,7.89075353735,1.52076730609,227.890753537,1.01803165069,0,110
3041,2,cuberoot,14,28,0,56,56,28.2578099309,0,57.0312397238,0.981917985147,0.99440973364,0,0.497532082922,0,56.4975320829,0.991193737769,0,28
3049,2,sqrt,55,110,8,228,220,113.968514267,0.0701948257504,235.874057068,0.966617536639,15.7297474582,0.508590492077,7.87003610108,1.01651376147,227.870036101,1.00057034221,2,112
3049,2,cuberoot,14,28,0,56,56,28.2571334864,0,57.0285339456,0.981964573269,0.991800590357,0,0.496225795865,0,56.4962257959,0.991216655823,0,28
3061,0,sqrt,55,110,0,0,0,0,nan,0,nan,0,nan,0,nan,0,nan,0,0
3061,0,cuberoot,14,28,0,0,0,0,nan,0,nan,0,nan,0,nan,0,nan,0,0
3067,0,sqrt,55,110,0,0,0,0,nan,0,nan,0,nan,0,nan,0,nan,0,0
3067,0,cuberoot,14,28,0,0,0,0,nan,0,nan,0,nan,0,nan,0,nan,0,0
3079,2,sqrt,55,110,8,228,220,113.929847353,0.0702186493344,235.719389412,0.967251784287,15.576485872,0.513594662219,7.79330516737,1.02652210175,227.793305167,1.00090737887,2,112
3079,2,cuberoot,14,28,0,56,56,28.254628126,0,57.0185125041,0.982137161085,0.982137057486,0,0.491387715307,0,56.4913877153,0.991301546392,0,28
3083,0,sqrt,55,110,0,0,0,0,nan,0,nan,0,nan,0,nan,0,nan,0,0
3083,0,cuberoot,14,28,0,0,0,0,nan,0,nan,0,nan,0,nan,0,nan,0,0
3089,2,sqrt,55,110,8,228,220,113.917125283,0.0702264912331,235.668501133,0.967460644523,15.5260602137,0.515262718932,7.76805960479,1.02985821518,227.768059605,1.00101831835,0,110
3089,2,cuberoot,14,28,0,56,56,28.25380382,0,57.01521528,0.982193958665,0.978957591454,0,0.489795918367,0,56.4897959184,0.991329479769,0,28
3109,2,sqrt,55,110,8,228,220,113.891926665,0.0702420288627,235.567706658,0.967874600617,15.4261820521,0.51859883236,7.71805600257,1.03653044204,227.718056003,1.00123812754,2,112
3109,2,cuberoot,14,28,0,56,56,28.2521711161,0,57.0086844645,0.982306477093,0.972660019299,0,0.486643064049,0,56.486643064,0.991384811742,0,28
3119,0,sqrt,55,110,0,0,0,0,nan,0,nan,0,nan,0,nan,0,nan,0,0
3119,0,cuberoot,14,28,0,0,0,0,nan,0,nan,0,nan,0,nan,0,nan,0,0
3121,0,sqrt,55,110,0,0,0,0,nan,0,nan,0,nan,0,nan,0,nan,0,0
3121,0,cuberoot,14,28,0,0,0,0,nan,0,nan,0,nan,0,nan,0,nan,0,0
3137,1,sqrt,56,112,0,112,112,56.9996812241,0,115.998724896,0.965527854725,3.96302199554,0,0,nan,112,1,0,56
3137,1,cuberoot,14,28,0,28,28,14.0624800765,0,28.249920306,0.991153238547,0.24099458081,0,0,nan,28,1,0,14
3163,0,sqrt,56,112,0,0,0,0,nan,0,nan,0,nan,0,nan,0,nan,0,0
3163,0,cuberoot,14,28,0,0,0,0,nan,0,nan,0,nan,0,nan,0,nan,0,0
3167,0,sqrt,56,112,0,0,0,0,nan,0,nan,0,nan,0,nan,0,nan,0,0
3167,0,cuberoot,14,28,0,0,0,0,nan,0,nan,0,nan,0,nan,0,nan,0,0
3169,0,sqrt,56,112,0,0,0,0,nan,0,nan,0,nan,0,nan,0,nan,0,0
3169,0,cuberoot,14,28,0,0,0,0,nan,0,nan,0,nan,0,nan,0,nan,0,0
3181,0,sqrt,56,112,0,0,0,0,nan,0,nan,0,nan,0,nan,0,nan,0,0
3181,0,cuberoot,14,28,0,0,0,0,nan,0,nan,0,nan,0,nan,0,nan,0,0
3187,0,sqrt,56,112,0,0,0,0,nan,0,nan,0,nan,0,nan,0,nan,0,0
3187,0,cuberoot,14,28,0,0,0,0,nan,0,nan,0,nan,0,nan,0,nan,0,0
3191,0,sqrt,56,112,0,0,0,0,nan,0,nan,0,nan,0,nan,0,nan,0,0
3191,0,cuberoot,14,28,0,0,0,0,nan,0,nan,0,nan,0,nan,0,nan,0,0
3203,2,sqrt,56,112,4,228,224,115.916328442,0.0345076492135,239.665313768,0.951326649714,15.5254448954,0.257641570142,7.76757263355,0.514961389961,231.767572634,0.983744177019,0,112
3203,2,cuberoot,14,28,0,56,56,28.2447705276,0,56.9790821105,0.982816814974,0.944114892288,0,0.472352389878,0,56.4723523899,0.991635687732,0,28
3209,2,sqrt,56,112,8,232,224,115.909005921,0.0690196584506,239.636023683,0.968134909076,15.4964163291,0.516248391248,7.75304022451,1.03185328185,231.753040225,1.00106561612,0,112
3209,2,cuberoot,14,28,0,56,56,28.2443128701,0,56.9772514802,0.982848392037,0.942349641633,0,0.471468662301,0,56.4714686623,0.991651205937,0,28
3217,0,sqrt,56,112,0,0,0,0,nan,0,nan,0,nan,0,nan,0,nan,0,0
3217,0,cuberoot,14,28,0,0,0,0,nan,0,nan,0,nan,0,nan,0,nan,0,0
3221,0,sqrt,56,112,0,0,0,0,nan,0,nan,0,nan,0,nan,0,nan,0,0
3221,0,cuberoot,14,28,0,0,0,0,nan,0,nan,0,nan,0,nan,0,nan,0,0
3229,0,sqrt,56,112,0,0,0,0,nan,0,nan,0,nan,0,nan,0,nan,0,0
3229,0,cuberoot,14,28,0,0,0,0,nan,0,nan,0,nan,0,nan,0,nan,0,0
3251,0,sqrt,57,114,0,0,0,0,nan,0,nan,0,nan,0,nan,0,nan,0,0
3251,0,cuberoot,14,28,0,0,0,0,nan,0,nan,0,nan,0,nan,0,nan,0,0
3253,0,sqrt,57,114,0,0,0,0,nan,0,nan,0,nan,0,nan,0,nan,0,0
3253,0,cuberoot,14,28,0,0,0,0,nan,0,nan,0,nan,0,nan,0,nan,0,0
3257,0,sqrt,57,114,0,0,0,0,nan,0,nan,0,nan,0,nan,0,nan,0,0
3257,0,cuberoot,14,28,0,0,0,0,nan,0,nan,0,nan,0,nan,0,nan,0,0
3259,2,sqrt,57,114,8,236,228,117.987726296,0.0678036627293,243.950905186,0.967407765183,15.8109849647,0.505977332712,7.91034694504,1.01133364384,235.910346945,1.00038003019,2,116
3259,2,cuberoot,14,28,0,56,56,28.2405645904,0,56.9622583615,0.983107088989,0.927891991408,0,0.46423088732,0,56.4642308873,0.991778319123,0,28
3271,0,sqrt,57,114,0,0,0,0,nan,0,nan,0,nan,0,nan,0,nan,0,0
3271,0,cuberoot,14,28,0,0,0,0,nan,0,nan,0,nan,0,nan,0,nan,0,0
3299,0,sqrt,57,114,0,0,0,0,nan,0,nan,0,nan,0,nan,0,nan,0,0
3299,0,cuberoot,14,28,0,0,0,0,nan,0,nan,0,nan,0,nan,0,nan,0,0
3301,0,sqrt,57,114,0,0,0,0,nan,0,nan,0,nan,0,nan,0,nan,0,0
3301,0,cuberoot,14,28,0,0,0,0,nan,0,nan,0,nan,0,nan,0,nan,0,0
3307,0,sqrt,57,114,0,0,0,0,nan,0,nan,0,nan,0,nan,0,nan,0,0
3307,0,cuberoot,14,28,0,0,0,0,nan,0,nan,0,nan,0,nan,0,nan,0,0
3313,2,sqrt,57,114,4,232,228,117.922728645,0.0339205176642,243.690914579,0.952025644456,15.5532749774,0.257180562025,7.78133494413,0.514050613259,235.781334944,0.983962534842,0,114
3313,2,cuberoot,14,28,0,56,56,28.2366435255,0,56.946574102,0.983377856931,0.912767884093,0,0.45665961945,0,56.4566596195,0.991911324146,0,28
3319,2,sqrt,57,114,8,236,228,117.91563724,0.0678451152641,243.662548961,0.968552619214,15.5251581802,0.51529265642,7.7672595719,1.02996429126,235.767259572,1.00098716178,2,116
3319,2,cuberoot,14,28,0,56,56,28.2362157276,0,56.9448629105,0.983407407407,0.911117806568,0,0.455833584564,0,56.4558335846,0.991925837321,0,28
3323,0,sqrt,57,114,0,0,0,0,nan,0,nan,0,nan,0,nan,0,nan,0,0
3323,0,cuberoot,14,28,0,0,0,0,nan,0,nan,0,nan,0,nan,0,nan,0,0
3329,0,sqrt,57,114,0,0,0,0,nan,0,nan,0,nan,0,nan,0,nan,0,0
3329,0,cuberoot,14,28,0,0,0,0,nan,0,nan,0,nan,0,nan,0,nan,0,0
3331,4,sqrt,57,114,60,516,456,243.606124287,0.246299226572,518.424497148,0.995323336067,61.8769138397,0.969666977177,46.4355662361,1.29211302593,502.435566236,1.02699735981,8,236
3331,4,cuberoot,14,28,4,116,112,56.9414590213,0.0702475853052,115.765836085,1.00202273765,3.63134193936,1.10152116402,2.72514268549,1.46781305115,114.725142685,1.01111227482,0,56
3343,4,sqrt,57,114,44,500,456,243.550104696,0.180660977563,518.200418786,0.964877645548,61.6548010769,0.713650830616,46.2687818019,0.95096517104,502.268781802,0.995482932876,4,232
3343,4,cuberoot,14,28,0,112,112,56.9380795692,0,115.752318277,0.967583212735,3.61830690996,0,2.71535468423,0,114.715354684,0.976329631794,0,56
3347,2,sqrt,57,114,76,304,228,117.882880191,0.644707695271,243.531520765,1.2482983683,15.3952793546,4.93657817109,7.70224215247,9.86725663717,235.702242152,1.28976286871,0,114
3347,2,cuberoot,14,28,16,72,56,28.2342396176,0.566687830688,56.9369584703,1.26455648377,0.903495667762,17.708994709,0.45201793722,35.3968253968,56.4520179372,1.27541942044,0,28
3359,0,sqrt,57,114,0,0,0,0,nan,0,nan,0,nan,0,nan,0,nan,0,0
3359,0,cuberoot,14,28,0,0,0,0,nan,0,nan,0,nan,0,nan,0,nan,0,0
3361,0,sqrt,57,114,0,0,0,0,nan,0,nan,0,nan,0,nan,0,nan,0,0
3361,0,cuberoot,14,28,0,0,0,0,nan,0,nan,0,nan,0,nan,0,nan,0,0
3371,0,sqrt,58,116,0,0,0,0,nan,0,nan,0,nan,0,nan,0,nan,0,0
3371,0,cuberoot,14,28,0,0,0,0,nan,0,nan,0,nan,0,nan,0,nan,0,0
3373,0,sqrt,58,116,0,0,0,0,nan,0,nan,0,nan,0,nan,0,nan,0,0
3373,0,cuberoot,14,28,0,0,0,0,nan,0,nan,0,nan,0,nan,0,nan,0,0
3389,0,sqrt,58,116,0,0,0,0,nan,0,nan,0,nan,0,nan,0,nan,0,0
3389,0,cuberoot,15,30,0,0,0,0,nan,0,nan,0,nan,0,nan,0,nan,0,0
3391,0,sqrt,58,116,0,0,0,0,nan,0,nan,0,nan,0,nan,0,nan,0,0
3391,0,cuberoot,15,30,0,0,0,0,nan,0,nan,0,nan,0,nan,0,nan,0,0
3407,2,sqrt,58,116,8,240,232,119.949515703,0.0666947253027,247.798062812,0.968530573955,15.6618726152,0.510794602699,7.83553597651,1.02098950525,239.835535977,1.00068573668,2,118
3407,2,cuberoot,15,30,0,60,60,30.2641620194,0,61.0566480775,0.982693971733,1.0214264749,0,0.511013215859,0,60.5110132159,0.991555037857,0,30
3413,4,sqrt,58,116,32,496,464,247.770290067,0.129151884963,527.08116027,0.941031547677,62.5373571638,0.511694152924,46.9305189094,0.681859070465,510.930518909,0.970777790019,6,238
3413,4,cuberoot,15,30,0,120,120,61.0547905069,0,124.219162028,0.96603453156,4.07852329329,0,3.06068601583,0,123.060686016,0.97512864494,0,60
3433,0,sqrt,58,116,0,0,0,0,nan,0,nan,0,nan,0,nan,0,nan,0,0
3433,0,cuberoot,15,30,0,0,0,0,nan,0,nan,0,nan,0,nan,0,nan,0,0
3449,2,sqrt,58,116,8,240,232,119.901420702,0.0667214779707,247.605682807,0.969283084619,15.4711510583,0.517091454273,7.74006382361,1.0335832084,239.740063824,1.00108424171,0,116
3449,2,cuberoot,15,30,0,60,60,30.2609452015,0,61.043780806,0.982901111428,1.0089881125,0,0.504786771105,0,60.5047867711,0.9916570771,0,30
3457,2,sqrt,58,116,4,236,232,119.892392248,0.033363251204,247.56956899,0.953267402623,15.4353485681,0.259145427286,7.72214182344,0.517991004498,239.722141823,0.984473099585,2,118
3457,2,cuberoot,15,30,0,60,60,30.2603413364,0,61.0413653457,0.982940005687,1.00665316749,0,0.503617945007,0,60.503617945,0.991676234214,0,30
3461,0,sqrt,58,116,0,0,0,0,nan,0,nan,0,nan,0,nan,0,nan,0,0
3461,0,cuberoot,15,30,0,0,0,0,nan,0,nan,0,nan,0,nan,0,nan,0,0
3463,0,sqrt,58,116,0,0,0,0,nan,0,nan,0,nan,0,nan,0,nan,0,0
3463,0,cuberoot,15,30,0,0,0,0,nan,0,nan,0,nan,0,nan,0,nan,0,0
3467,0,sqrt,58,116,0,0,0,0,nan,0,nan,0,nan,0,nan,0,nan,0,0
3467,0,cuberoot,15,30,0,0,0,0,nan,0,nan,0,nan,0,nan,0,nan,0,0
3469,2,sqrt,58,116,16,248,232,119.878927645,0.133467994036,247.515710579,1.00195660073,15.3819544537,1.04017991004,7.69541390251,2.07916041979,239.695413903,1.03464641214,8,124
3469,2,cuberoot,15,30,4,64,60,30.259440761,0.132190149567,61.0377630441,1.04853121753,1.00317094263,3.98735632184,0.501874819729,7.97011494253,60.5018748197,1.05781845919,2,32
3491,0,sqrt,59,118,0,0,0,0,nan,0,nan,0,nan,0,nan,0,nan,0,0
3491,0,cuberoot,15,30,0,0,0,0,nan,0,nan,0,nan,0,nan,0,nan,0,0
3499,0,sqrt,59,118,0,0,0,0,nan,0,nan,0,nan,0,nan,0,nan,0,0
3499,0,cuberoot,15,30,0,0,0,0,nan,0,nan,0,nan,0,nan,0,nan,0,0
3511,0,sqrt,59,118,0,0,0,0,nan,0,nan,0,nan,0,nan,0,nan,0,0
3511,0,cuberoot,15,30,0,0,0,0,nan,0,nan,0,nan,0,nan,0,nan,0,0
3517,0,sqrt,59,118,0,0,0,0,nan,0,nan,0,nan,0,nan,0,nan,0,0
3517,0,cuberoot,15,30,0,0,0,0,nan,0,nan,0,nan,0,nan,0,nan,0,0
3527,0,sqrt,59,118,0,0,0,0,nan,0,nan,0,nan,0,nan,0,nan,0,0
3527,0,cuberoot,15,30,0,0,0,0,nan,0,nan,0,nan,0,nan,0,nan,0,0
3529,2,sqrt,59,118,8,244,236,121.945593653,0.065603026402,251.78237461,0.969090868166,15.648625673,0.511227002752,7.82874964559,1.0218745473,243.828749646,1.00070233865,2,120
3529,2,cuberoot,15,30,0,60,60,30.2550297535,0,61.0201190139,0.983282251323,0.986115046755,0,0.493337113694,0,60.4933371137,0.991844769404,0,30
3533,0,sqrt,59,118,0,0,0,0,nan,0,nan,0,nan,0,nan,0,nan,0,0
3533,0,cuberoot,15,30,0,0,0,0,nan,0,nan,0,nan,0,nan,0,nan,0,0
3539,0,sqrt,59,118,0,0,0,0,nan,0,nan,0,nan,0,nan,0,nan,0,0
3539,0,cuberoot,15,30,0,0,0,0,nan,0,nan,0,nan,0,nan,0,nan,0,0
3541,0,sqrt,59,118,0,0,0,0,nan,0,nan,0,nan,0,nan,0,nan,0,0
3541,0,cuberoot,15,30,0,0,0,0,nan,0,nan,0,nan,0,nan,0,nan,0,0
3547,0,sqrt,59,118,0,0,0,0,nan,0,nan,0,nan,0,nan,0,nan,0,0
3547,0,cuberoot,15,30,0,0,0,0,nan,0,nan,0,nan,0,nan,0,nan,0,0
3557,0,sqrt,59,118,0,0,0,0,nan,0,nan,0,nan,0,nan,0,nan,0,0
3557,0,cuberoot,15,30,0,0,0,0,nan,0,nan,0,nan,0,nan,0,nan,0,0
3559,0,sqrt,59,118,0,0,0,0,nan,0,nan,0,nan,0,nan,0,nan,0,0
3559,0,cuberoot,15,30,0,0,0,0,nan,0,nan,0,nan,0,nan,0,nan,0,0
3571,0,sqrt,59,118,0,0,0,0,nan,0,nan,0,nan,0,nan,0,nan,0,0
3571,0,cuberoot,15,30,0,0,0,0,nan,0,nan,0,nan,0,nan,0,nan,0,0
3581,4,sqrt,59,118,28,500,472,251.553197431,0.111308463919,534.212789724,0.935956625559,61.685562692,0.453914964508,46.2900251467,0.60488193539,518.290025147,0.964710829344,4,240
3581,4,cuberoot,15,30,0,120,120,61.0053057805,0,124.021223122,0.967576330721,3.8871823513,0,2.91701592624,0,122.917015926,0.976268412439,0,60
3583,0,sqrt,59,118,0,0,0,0,nan,0,nan,0,nan,0,nan,0,nan,0,0
3583,0,cuberoot,15,30,0,0,0,0,nan,0,nan,0,nan,0,nan,0,nan,0,0
3593,0,sqrt,59,118,0,0,0,0,nan,0,nan,0,nan,0,nan,0,nan,0,0
3593,0,cuberoot,15,30,0,0,0,0,nan,0,nan,0,nan,0,nan,0,nan,0,0
3607,2,sqrt,60,120,8,248,240,123.992237316,0.0645201681424,255.968949265,0.968867515813,15.8358746881,0.505182072829,7.92233009709,1.00980392157,247.922330097,1.00031328321,0,120
3607,2,cuberoot,15,30,0,60,60,30.2495148323,0,60.9980593291,0.983637851104,0.96479068478,0,0.4826629681,0,60.4826629681,0.992019812878,0,30
3613,4,sqrt,60,120,60,540,480,255.942430113,0.234427718661,543.769720454,0.993067432201,63.2383061168,0.948792016807,47.4549986153,1.2643557423,527.454998615,1.02378402218,6,246
3613,4,cuberoot,15,30,8,128,120,60.9964018821,0.131155277248,123.985607528,1.03237789088,3.85275394409,2.07643678161,2.89116588203,2.76704980843,122.891165882,1.04157202091,0,60
3617,0,sqrt,60,120,0,0,0,0,nan,0,nan,0,nan,0,nan,0,nan,0,0
3617,0,cuberoot,15,30,0,0,0,0,nan,0,nan,0,nan,0,nan,0,nan,0,0
3623,2,sqrt,60,120,16,256,240,123.97460668,0.129058687327,255.898426718,1.00039692812,15.7659398289,1.01484593838,7.88732394366,2.02857142857,247.887323944,1.03272727273,0,120
3623,2,cuberoot,15,30,4,64,60,30.2484129175,0.132238342914,60.9936516699,1.04928952846,0.960529947557,4.16436781609,0.480530240265,8.32413793103,60.4805302403,1.05819178082,0,30
3631,2,sqrt,60,120,4,244,240,123.965849628,0.0322669510353,255.863398513,0.953633858607,15.7312035252,0.254271708683,7.86993662166,0.508263305322,247.869936622,0.984387228744,2,122
3631,2,cuberoot,15,30,0,60,60,30.2478656018,0,60.9914624071,0.983744242753,0.958413660149,0,0.47947092863,0,60.4794709286,0.992072170585,0,30
3637,0,sqrt,60,120,0,0,0,0,nan,0,nan,0,nan,0,nan,0,nan,0,0
3637,0,cuberoot,15,30,0,0,0,0,nan,0,nan,0,nan,0,nan,0,nan,0,0
3643,0,sqrt,60,120,0,0,0,0,nan,0,nan,0,nan,0,nan,0,nan,0,0
3643,0,cuberoot,15,30,0,0,0,0,nan,0,nan,0,nan,0,nan,0,nan,0,0
3659,0,sqrt,60,120,0,0,0,0,nan,0,nan,0,nan,0,nan,0,nan,0,0
3659,0,cuberoot,15,30,0,0,0,0,nan,0,nan,0,nan,0,nan,0,nan,0,0
3671,0,sqrt,60,120,0,0,0,0,nan,0,nan,0,nan,0,nan,0,nan,0,0
3671,0,cuberoot,15,30,0,0,0,0,nan,0,nan,0,nan,0,nan,0,nan,0,0
3673,0,sqrt,60,120,0,0,0,0,nan,0,nan,0,nan,0,nan,0,nan,0,0
3673,0,cuberoot,15,30,0,0,0,0,nan,0,nan,0,nan,0,nan,0,nan,0,0
3677,0,sqrt,60,120,0,0,0,0,nan,0,nan,0,nan,0,nan,0,nan,0,0
3677,0,cuberoot,15,30,0,0,0,0,nan,0,nan,0,nan,0,nan,0,nan,0,0
3691,0,sqrt,60,120,0,0,0,0,nan,0,nan,0,nan,0,nan,0,nan,0,0
3691,0,cuberoot,15,30,0,0,0,0,nan,0,nan,0,nan,0,nan,0,nan,0,0
3697,2,sqrt,60,120,4,244,240,123.895050041,0.0322853899223,255.580200162,0.954690542714,15.4503651609,0.258893557423,7.72936400541,0.517507002801,247.729364005,0.984945813669,0,120
3697,2,cuberoot,15,30,0,60,60,30.2434406275,0,60.9737625101,0.984029811019,0.941303759805,0,0.470906630582,0,60.4709066306,0.992212674544,0,30
3701,0,sqrt,60,120,0,0,0,0,nan,0,nan,0,nan,0,nan,0,nan,0,0
3701,0,cuberoot,15,30,0,0,0,0,nan,0,nan,0,nan,0,nan,0,nan,0,0
3709,0,sqrt,60,120,0,0,0,0,nan,0,nan,0,nan,0,nan,0,nan,0,0
3709,0,cuberoot,15,30,0,0,0,0,nan,0,nan,0,nan,0,nan,0,nan,0,0
3719,0,sqrt,60,120,0,0,0,0,nan,0,nan,0,nan,0,nan,0,nan,0,0
3719,0,cuberoot,15,30,0,0,0,0,nan,0,nan,0,nan,0,nan,0,nan,0,0
3727,8,sqrt,61,122,184,1160,976,551.896968071,0.333395562297,1231.58787228,0.941873516381,253.492889724,0.725858623493,221.925369128,0.829107554145,1197.92536913,0.968340791417,42,530
3727,8,cuberoot,15,30,0,240,240,123.863697344,0,255.454789375,0.939500882279,14.939629729,0,13.0791946309,0,253.079194631,0.948319755601,0,120
3733,4,sqrt,61,122,40,528,488,259.948566836,0.153876593692,551.794267345,0.956878371608,63.2713635146,0.632197534209,47.4789600643,0.842478435623,535.478960064,0.98603313926,16,260
3733,4,cuberoot,15,30,0,120,120,60.9643718189,0,123.857487276,0.968855437322,3.72890436646,0,2.79817743232,0,122.798177432,0.977213200629,0,60
3739,0,sqrt,61,122,0,0,0,0,nan,0,nan,0,nan,0,nan,0,nan,0,0
3739,0,cuberoot,15,30,0,0,0,0,nan,0,nan,0,nan,0,nan,0,nan,0,0
3761,0,sqrt,61,122,0,0,0,0,nan,0,nan,0,nan,0,nan,0,nan,0,0
3761,0,cuberoot,15,30,0,0,0,0,nan,0,nan,0,nan,0,nan,0,nan,0,0
3767,0,sqrt,61,122,0,0,0,0,nan,0,nan,0,nan,0,nan,0,nan,0,0
3767,0,cuberoot,15,30,0,0,0,0,nan,0,nan,0,nan,0,nan,0,nan,0,0
3769,0,sqrt,61,122,0,0,0,0,nan,0,nan,0,nan,0,nan,0,nan,0,0
3769,0,cuberoot,15,30,0,0,0,0,nan,0,nan,0,nan,0,nan,0,nan,0,0
3779,2,sqrt,61,122,8,252,244,125.938608097,0.0635230142754,259.75443239,0.970147064217,15.6252976978,0.511990245224,7.81678580884,1.02343855846,251.816785809,1.00072756941,2,124
3779,2,cuberoot,15,30,0,60,60,30.2381582429,0,60.9526329717,0.98437092993,0.920878539296,0,0.460683081811,0,60.4606830818,0.992380451918,0,30
3793,0,sqrt,61,122,0,0,0,0,nan,0,nan,0,nan,0,nan,0,nan,0,0
3793,0,cuberoot,15,30,0,0,0,0,nan,0,nan,0,nan,0,nan,0,nan,0,0
3797,2,sqrt,61,122,40,284,244,125.919936792,0.31766216708,259.679747169,1.09365479248,15.551224651,2.57214469584,7.77971014493,5.14157973174,251.779710145,1.12797016025,20,142
3797,2,cuberoot,15,30,8,68,60,30.2370292336,0.264576256424,60.9481169344,1.11570305073,0.916513036608,8.72873563218,0.458498023715,17.4482758621,60.4584980237,1.12473849372,4,34
3803,0,sqrt,61,122,0,0,0,0,nan,0,nan,0,nan,0,nan,0,nan,0,0
3803,0,cuberoot,15,30,0,0,0,0,nan,0,nan,0,nan,0,nan,0,nan,0,0
3821,2,sqrt,61,122,4,248,244,125.895315362,0.0317724292479,259.58126145,0.955384832537,15.4535461921,0.258840265547,7.73081958628,0.5174095651,251.730819586,0.985179329284,0,122
3821,2,cuberoot,15,30,0,60,60,30.2355404344,0,60.9421617378,0.984540066993,0.910756346506,0,0.455616653574,0,60.4556166536,0.992463617464,0,30
3823,0,sqrt,61,122,0,0,0,0,nan,0,nan,0,nan,0,nan,0,nan,0,0
3823,0,cuberoot,15,30,0,0,0,0,nan,0,nan,0,nan,0,nan,0,nan,0,0
3833,2,sqrt,61,122,4,248,244,125.883120271,0.0317755072434,259.532481085,0.955564401661,15.4051656666,0.259653163528,7.70660401984,0.519035361062,251.70660402,0.98527410898,2,124
3833,2,cuberoot,15,30,0,60,60,30.2348030264,0,60.9392121054,0.984587721552,0.90790503522,0,0.454189506656,0,60.4541895067,0.992487046632,0,30
3847,2,sqrt,62,124,8,256,248,127.996880686,0.0625015231395,263.987522745,0.969742802001,15.85859111,0.504458431681,7.93342002601,1.00839234199,255.933420026,1.00026014568,2,126
3847,2,cuberoot,15,30,0,60,60,30.2339485313,0,60.9357941253,0.984642948554,0.904600987783,0,0.452535760728,0,60.4525357607,0.992514197212,0,30
3851,2,sqrt,62,124,16,264,248,127.992729161,0.125007100832,263.970916645,1.00011017636,15.8421189301,1.00996590611,7.92517537023,2.01888276947,255.92517537,1.0315515057,0,124
3851,2,cuberoot,15,30,4,64,60,30.233705531,0.132302671133,60.9348221241,1.05030256541,0.903661386653,4.42643678161,0.452065471551,8.84827586207,60.4520654716,1.05869004642,0,30
3853,0,sqrt,62,124,0,0,0,0,nan,0,nan,0,nan,0,nan,0,nan,0,0
3853,0,cuberoot,15,30,0,0,0,0,nan,0,nan,0,nan,0,nan,0,nan,0,0
3863,2,sqrt,62,124,8,256,248,127.980326171,0.0625096078384,263.921304685,0.96998611122,15.792907067,0.506556517178,7.90054390054,1.01258851298,255.900543901,1.00038865138,2,126
3863,2,cuberoot,15,30,0,60,60,30.2329795496,0,60.9319181983,0.984705582462,0.900854258348,0,0.45066045066,0,60.4506604507,0.992544987147,0,30
3877,4,sqrt,62,124,84,580,496,263.863812226,0.318346041056,559.455248904,1.03672277834,62.9435130255,1.33452989772,47.232,1.77845528455,543.232,1.06768378888,8,256
3877,4,cuberoot,15,30,12,132,120,60.9285530049,0.196951993904,123.71421202,1.06697523142,3.59040495228,3.34224137931,2.69419354839,4.45402298851,122.694193548,1.07584553256,0,60
3881,0,sqrt,62,124,0,0,0,0,nan,0,nan,0,nan,0,nan,0,nan,0,0
3881,0,cuberoot,15,30,0,0,0,0,nan,0,nan,0,nan,0,nan,0,nan,0,0
3889,0,sqrt,62,124,0,0,0,0,nan,0,nan,0,nan,0,nan,0,nan,0,0
3889,0,cuberoot,15,30,0,0,0,0,nan,0,nan,0,nan,0,nan,0,nan,0,0
3907,2,sqrt,62,124,4,252,248,127.935500384,0.0312657549155,263.742001536,0.955479212763,15.6150499104,0.256163126147,7.81152368758,0.512063991608,255.811523688,0.985100265881,0,124
3907,2,cuberoot,15,30,0,60,60,30.2303557717,0,60.9214230868,0.98487522057,0.890708983875,0,0.445582586428,0,60.4455825864,0.992628368073,0,30
3911,0,sqrt,62,124,0,0,0,0,nan,0,nan,0,nan,0,nan,0,nan,0,0
3911,0,cuberoot,15,30,0,0,0,0,nan,0,nan,0,nan,0,nan,0,nan,0,0
3917,2,sqrt,62,124,4,252,248,127.925453153,0.0312682105196,263.701812612,0.955624830577,15.5751850906,0.256818777865,7.79157088123,0.513375295043,255.791570881,0.985177107798,0,124
3917,2,cuberoot,15,30,0,60,60,30.2297676793,0,60.9190707174,0.984913251194,0.888435026806,0,0.444444444444,0,60.4444444444,0.992647058824,0,30
3919,0,sqrt,62,124,0,0,0,0,nan,0,nan,0,nan,0,nan,0,nan,0,0
3919,0,cuberoot,15,30,0,0,0,0,nan,0,nan,0,nan,0,nan,0,nan,0,0
3923,2,sqrt,62,124,4,252,248,127.919449401,0.031269678057,263.677797604,0.955711866111,15.5513637522,0.257212168896,7.77964804897,0.514162077105,255.779648049,0.985223030535,0,124
3923,2,cuberoot,15,30,0,60,60,30.2294162631,0,60.9176650523,0.984935977906,0.887076217181,0,0.44376434583,0,60.4437643458,0.992658227848,0,30
3929,2,sqrt,62,124,4,252,248,127.913463986,0.0312711412494,263.653855943,0.955798651602,15.5276151693,0.257605559927,7.76776165011,0.514948859166,255.76776165,0.985268817204,0,124
3929,2,cuberoot,15,30,0,60,60,30.2290659201,0,60.9162636803,0.98495863625,0.885721557648,0,0.443086325439,0,60.4430863254,0.992669362993,0,30
3931,0,sqrt,62,124,0,0,0,0,nan,0,nan,0,nan,0,nan,0,nan,0,0
3931,0,cuberoot,15,30,0,0,0,0,nan,0,nan,0,nan,0,nan,0,nan,0,0
3943,2,sqrt,62,124,60,308,248,127.899568856,0.469118078634,263.598275425,1.16844467022,15.4724828811,3.87785208497,7.74016747019,7.75177025964,255.74016747,1.20434737744,0,124
3943,2,cuberoot,15,30,12,72,60,30.2282525995,0.396979612384,60.9130103982,1.18201348988,0.882576718235,13.5965517241,0.441512306521,27.1793103448,60.4415123065,1.19123425693,0,30
3947,0,sqrt,62,124,0,0,0,0,nan,0,nan,0,nan,0,nan,0,nan,0,0
3947,0,cuberoot,15,30,0,0,0,0,nan,0,nan,0,nan,0,nan,0,nan,0,0
3967,0,sqrt,62,124,0,0,0,0,nan,0,nan,0,nan,0,nan,0,nan,0,0
3967,0,cuberoot,15,30,0,0,0,0,nan,0,nan,0,nan,0,nan,0,nan,0,0
3989,0,sqrt,63,126,0,0,0,0,nan,0,nan,0,nan,0,nan,0,nan,0,0
3989,0,cuberoot,15,30,0,0,0,0,nan,0,nan,0,nan,0,nan,0,nan,0,0
4001,2,sqrt,63,126,4,256,252,129.968007998,0.0307768047046,267.872031992,0.955680210794,15.7460634841,0.254031746032,7.87696924231,0.50780952381,259.876969242,0.985081520484,0,126
4001,2,cuberoot,15,30,0,60,60,30.2249437641,0,60.8997750562,0.985225313962,0.869782554361,0,0.435108777194,0,60.4351087772,0.992800397219,0,30
4003,0,sqrt,63,126,0,0,0,0,nan,0,nan,0,nan,0,nan,0,nan,0,0
4003,0,cuberoot,15,30,0,0,0,0,nan,0,nan,0,nan,0,nan,0,nan,0,0
4007,0,sqrt,63,126,0,0,0,0,nan,0,nan,0,nan,0,nan,0,nan,0,0
4007,0,cuberoot,15,30,0,0,0,0,nan,0,nan,0,nan,0,nan,0,nan,0,0
4013,2,sqrt,63,126,8,260,252,129.956142537,0.0615592294742,267.824570147,0.970784718733,15.6989783205,0.509587301587,7.85340314136,1.01866666667,259.853403141,1.00056415216,4,130
4013,2,cuberoot,15,30,0,60,60,30.2242711189,0,60.8970844755,0.985268843604,0.867181659606,0,0.433807030666,0,60.4338070307,0.992821782178,0,30
4019,2,sqrt,63,126,8,260,252,129.950236377,0.0615620273039,267.800945509,0.970870358602,15.6755411794,0.510349206349,7.84167289022,1.02019047619,259.84167289,1.00060932147,0,126
4019,2,cuberoot,15,30,0,60,60,30.2239363026,0,60.8957452103,0.98529051238,0.865887036576,0,0.433159073936,0,60.4331590739,0.992832427088,0,30
4021,2,sqrt,63,126,4,256,252,129.948271574,0.0307814790573,267.793086297,0.955961946367,15.6677443422,0.255301587302,7.8377705897,0.510349206349,259.83777059,0.985230128087,2,128
4021,2,cuberoot,15,30,0,60,60,30.2238249192,0,60.8952996767,0.985297721147,0.865456354141,0,0.432943518288,0,60.4329435183,0.992835968379,0,30
4027,2,sqrt,63,126,4,256,252,129.942388875,0.030782872584,267.7695555,0.956045953475,15.644400298,0.255682539683,7.82608695652,0.511111111111,259.826086957,0.985274431058,2,128
4027,2,cuberoot,15,30,0,60,60,30.2234914328,0,60.8939657313,0.985319305114,0.864166873603,0,0.432298136646,0,60.4322981366,0.992846571288,0,30
4049,2,sqrt,63,126,4,256,252,129.92096814,0.0307879479137,267.683872561,0.956351974255,15.5593973821,0.257079365079,7.78354336546,0.513904761905,259.783543365,0.985435785052,0,126
4049,2,cuberoot,15,30,0,60,60,30.2222771055,0,60.8891084218,0.985397907033,0.859471474438,0,0.429948109711,0,60.4299481097,0.992885181551,0,30
4051,0,sqrt,63,126,0,0,0,0,nan,0,nan,0,nan,0,nan,0,nan,0,0
4051,0,cuberoot,15,30,0,0,0,0,nan,0,nan,0,nan,0,nan,0,nan,0,0
4057,4,sqrt,63,126,48,552,504,267.652945526,0.17933671496,566.611782105,0.974212004469,62.1148631994,0.772761904762,46.6091245376,1.02984126984,550.609124538,1.00252606686,8,260
4057,4,cuberoot,15,30,4,124,120,60.8873551886,0.0656950854182,123.549420754,1.00364695555,3.43110672911,1.1658045977,2.57459926017,1.55363984674,122.57459926,1.01162884275,0,60
4073,0,sqrt,63,126,0,0,0,0,nan,0,nan,0,nan,0,nan,0,nan,0,0
4073,0,cuberoot,15,30,0,0,0,0,nan,0,nan,0,nan,0,nan,0,nan,0,0
4079,0,sqrt,63,126,0,0,0,0,nan,0,nan,0,nan,0,nan,0,nan,0,0
4079,0,cuberoot,15,30,0,0,0,0,nan,0,nan,0,nan,0,nan,0,nan,0,0
4091,2,sqrt,63,126,4,256,252,129.880713762,0.0307974901288,267.522855048,0.956927586446,15.3996577854,0.259746031746,7.70359501101,0.519238095238,259.703595011,0.985739146157,0,126
4091,2,cuberoot,15,30,0,60,60,30.2199951112,0,60.8799804449,0.98554565165,0.850647763383,0,0.425531914894,0,60.4255319149,0.992957746479,0,30
4093,0,sqrt,63,126,0,0,0,0,nan,0,nan,0,nan,0,nan,0,nan,0,0
4093,0,cuberoot,15,30,0,0,0,0,nan,0,nan,0,nan,0,nan,0,nan,0,0
4099,0,sqrt,64,128,0,0,0,0,nan,0,nan,0,nan,0,nan,0,nan,0,0
4099,0,cuberoot,16,32,0,0,0,0,nan,0,nan,0,nan,0,nan,0,nan,0,0
4111,2,sqrt,64,128,4,260,256,131.985405011,0.030306381222,271.941620044,0.95608756011,15.8170761372,0.252891240157,7.9123874422,0.505536417323,263.912387442,0.985175430831,0,128
4111,2,cuberoot,16,32,0,64,64,32.2490878132,0,64.9963512527,0.984670658683,0.965215276089,0,0.482842540764,0,64.4828425408,0.992512077295,0,32
4127,0,sqrt,64,128,0,0,0,0,nan,0,nan,0,nan,0,nan,0,nan,0,0
4127,0,cuberoot,16,32,0,0,0,0,nan,0,nan,0,nan,0,nan,0,nan,0,0
4129,0,sqrt,64,128,0,0,0,0,nan,0,nan,0,nan,0,nan,0,nan,0,0
4129,0,cuberoot,16,32,0,0,0,0,nan,0,nan,0,nan,0,nan,0,nan,0,0
4133,0,sqrt,64,128,0,0,0,0,nan,0,nan,0,nan,0,nan,0,nan,0,0
4133,0,cuberoot,16,32,0,0,0,0,nan,0,nan,0,nan,0,nan,0,nan,0,0
4139,0,sqrt,64,128,0,0,0,0,nan,0,nan,0,nan,0,nan,0,nan,0,0
4139,0,cuberoot,16,32,0,0,0,0,nan,0,nan,0,nan,0,nan,0,nan,0,0
4153,4,sqrt,64,128,40,552,512,271.780399711,0.147177647993,575.121598844,0.959797025723,62.6284613532,0.638687253937,46.9939773549,0.851172900262,558.993977355,0.987488277802,10,266
4153,4,cuberoot,16,32,0,128,128,64.9862749819,0,131.945099928,0.970100443822,3.82181555502,0,2.8677427126,0,130.867742713,0.97808671065,0,64
4157,2,sqrt,64,128,4,260,256,131.941303825,0.0303165110852,271.765215299,0.956708163381,15.642049555,0.255720964567,7.82478941035,0.511195866142,263.82478941,0.985502539701,2,130
4157,2,cuberoot,16,32,0,64,64,32.2463314891,0,64.9853259562,0.984837716181,0.954534520087,0,0.477496991576,0,64.4774969916,0.99259436216,0,32
4159,2,sqrt,64,128,8,264,256,131.939408512,0.0606338931654,271.757634047,0.97145385051,15.6345275307,0.511687992126,7.82102477748,1.02288385827,263.821024777,1.00067839636,2,130
4159,2,cuberoot,16,32,0,64,64,32.246213032,0,64.9848521279,0.984844896993,0.954075498918,0,0.477267260043,0,64.47726726,0.992597898758,0,32
4177,2,sqrt,64,128,12,268,256,131.922432368,0.090962543554,271.689729471,0.986419326641,15.5671534594,0.770853838583,7.78730538922,1.54096948819,263.787305389,1.015970043,0,128
4177,2,cuberoot,16,32,0,64,64,32.245152023,0,64.9806080919,0.984909219524,0.949964089059,0,0.475209580838,0,64.4752095808,0.992629576795,0,32
4201,2,sqrt,64,128,8,264,256,131.900023804,0.060651998152,271.600095215,0.972017332286,15.4782194716,0.516855314961,7.74279590379,1.03321850394,263.742795904,1.00097520804,2,130
4201,2,cuberoot,16,32,0,64,64,32.2437514877,0,64.975005951,0.984994138335,0.944537014996,0,0.472493450822,0,64.4724934508,0.992671394799,0,32
4211,0,sqrt,64,128,0,0,0,0,nan,0,nan,0,nan,0,nan,0,nan,0,0
4211,0,cuberoot,16,32,0,0,0,0,nan,0,nan,0,nan,0,nan,0,nan,0,0
4217,0,sqrt,64,128,0,0,0,0,nan,0,nan,0,nan,0,nan,0,nan,0,0
4217,0,cuberoot,16,32,0,0,0,0,nan,0,nan,0,nan,0,nan,0,nan,0,0
4219,0,sqrt,64,128,0,0,0,0,nan,0,nan,0,nan,0,nan,0,nan,0,0
4219,0,cuberoot,16,32,0,0,0,0,nan,0,nan,0,nan,0,nan,0,nan,0,0
4229,2,sqrt,65,130,8,268,260,133.9962166,0.0597031782166,275.984866399,0.971067738232,15.8619058879,0.50435301133,7.93470546487,1.00822898032,267.934705465,1.0002436957,4,134
4229,2,cuberoot,16,32,0,64,64,32.2421376212,0,64.9685504847,0.985092010249,0.9382832821,0,0.469363614857,0,64.4693636149,0.99271958666,0,32
4231,0,sqrt,65,130,0,0,0,0,nan,0,nan,0,nan,0,nan,0,nan,0,0
4231,0,cuberoot,16,32,0,0,0,0,nan,0,nan,0,nan,0,nan,0,nan,0,0
4241,0,sqrt,65,130,0,0,0,0,nan,0,nan,0,nan,0,nan,0,nan,0,0
4241,0,cuberoot,16,32,0,0,0,0,nan,0,nan,0,nan,0,nan,0,nan,0,0
4243,0,sqrt,65,130,0,0,0,0,nan,0,nan,0,nan,0,nan,0,nan,0,0
4243,0,cuberoot,16,32,0,0,0,0,nan,0,nan,0,nan,0,nan,0,nan,0,0
4253,0,sqrt,65,130,0,0,0,0,nan,0,nan,0,nan,0,nan,0,nan,0,0
4253,0,cuberoot,16,32,0,0,0,0,nan,0,nan,0,nan,0,nan,0,nan,0,0
4259,0,sqrt,65,130,0,0,0,0,nan,0,nan,0,nan,0,nan,0,nan,0,0
4259,0,cuberoot,16,32,0,0,0,0,nan,0,nan,0,nan,0,nan,0,nan,0,0
4261,0,sqrt,65,130,0,0,0,0,nan,0,nan,0,nan,0,nan,0,nan,0,0
4261,0,cuberoot,16,32,0,0,0,0,nan,0,nan,0,nan,0,nan,0,nan,0,0
4271,0,sqrt,65,130,0,0,0,0,nan,0,nan,0,nan,0,nan,0,nan,0,0
4271,0,cuberoot,16,32,0,0,0,0,nan,0,nan,0,nan,0,nan,0,nan,0,0
4273,2,sqrt,65,130,8,268,260,133.955066698,0.059721518545,275.820266791,0.971647236505,15.6985724315,0.509600477042,7.85296183564,1.01872391175,267.852961836,1.00054895105,2,132
4273,2,cuberoot,16,32,0,64,64,32.239644278,0,64.9585771121,0.985243255707,0.928621577346,0,0.464528213533,0,64.4645282135,0.992794049279,0,32
4283,2,sqrt,65,130,12,272,260,133.94583236,0.0895884536945,275.783329442,0.986281515095,15.6619192155,0.766189624329,7.83461807989,1.53166368515,267.83461808,1.01555206698,0,130
4283,2,cuberoot,16,32,0,64,64,32.2390847537,0,64.9563390147,0.985277202669,0.9264534205,0,0.463443120766,0,64.4634431208,0.992810760668,0,32
4289,0,sqrt,65,130,0,0,0,0,nan,0,nan,0,nan,0,nan,0,nan,0,0
4289,0,cuberoot,16,32,0,0,0,0,nan,0,nan,0,nan,0,nan,0,nan,0,0
4297,4,sqrt,65,130,44,564,520,275.731905981,0.159575294138,582.927623924,0.9675300618,62.4435652781,0.704636255218,46.8544819558,0.939077718147,566.854481956,0.994964347912,16,276
4297,4,cuberoot,16,32,4,132,128,64.953223179,0.0615827791791,131.812892716,1.00141949153,3.69373981848,1.08291330645,2.77159487776,1.44321236559,130.771594878,1.00939351641,2,66
4327,0,sqrt,65,130,0,0,0,0,nan,0,nan,0,nan,0,nan,0,nan,0,0
4327,0,cuberoot,16,32,0,0,0,0,nan,0,nan,0,nan,0,nan,0,nan,0,0
4337,0,sqrt,65,130,0,0,0,0,nan,0,nan,0,nan,0,nan,0,nan,0,0
4337,0,cuberoot,16,32,0,0,0,0,nan,0,nan,0,nan,0,nan,0,nan,0,0
4339,2,sqrt,65,130,4,264,260,133.894906661,0.0298741759471,275.579626642,0.957980831953,15.4597833602,0.258735837806,7.7334563062,0.517233154442,267.733456306,0.986055323986,2,132
4339,2,cuberoot,16,32,0,64,64,32.2359990781,0,64.9439963125,0.985464456053,0.914496427748,0,0.457459073092,0,64.4574590731,0.992902930403,0,32
4349,2,sqrt,65,130,4,264,260,133.885950793,0.0298761742834,275.543803173,0.958105379108,15.4242354564,0.259332140727,7.71566597654,0.518425760286,267.715665977,0.98612084966,0,130
4349,2,cuberoot,16,32,0,64,64,32.2354564268,0,64.9418257071,0.985497394063,0.912393653713,0,0.456406717276,0,64.4564067173,0.99291914116,0,32
4357,2,sqrt,66,132,4,268,264,135.999081937,0.0294119632502,279.996327748,0.957155410412,15.8751434473,0.251966227157,7.94121699196,0.503701133472,271.941216992,0.985507099528,2,134
4357,2,cuberoot,16,32,0,64,64,32.2350240992,0,64.9400963966,0.985523637186,0.910718384209,0,0.455568312285,0,64.4555683123,0.992932056544,0,32
4363,0,sqrt,66,132,0,0,0,0,nan,0,nan,0,nan,0,nan,0,nan,0,0
4363,0,cuberoot,16,32,0,0,0,0,nan,0,nan,0,nan,0,nan,0,nan,0,0
4373,4,sqrt,66,132,36,564,528,279.937800137,0.128599996079,591.751200549,0.953103262785,63.2682369083,0.569005898681,47.472889499,0.758327550312,575.472889499,0.980063544768,2,266
4373,4,cuberoot,16,32,0,128,128,64.9366567574,0,131.746627029,0.971561875139,3.62954493483,0,2.72340425532,0,130.723404255,0.979166666667,0,64
4391,0,sqrt,66,132,0,0,0,0,nan,0,nan,0,nan,0,nan,0,nan,0,0
4391,0,cuberoot,16,32,0,0,0,0,nan,0,nan,0,nan,0,nan,0,nan,0,0
4397,0,sqrt,66,132,0,0,0,0,nan,0,nan,0,nan,0,nan,0,nan,0,0
4397,0,cuberoot,16,32,0,0,0,0,nan,0,nan,0,nan,0,nan,0,nan,0,0
4409,0,sqrt,66,132,0,0,0,0,nan,0,nan,0,nan,0,nan,0,nan,0,0
4409,0,cuberoot,16,32,0,0,0,0,nan,0,nan,0,nan,0,nan,0,nan,0,0
4421,0,sqrt,66,132,0,0,0,0,nan,0,nan,0,nan,0,nan,0,nan,0,0
4421,0,cuberoot,16,32,0,0,0,0,nan,0,nan,0,nan,0,nan,0,nan,0,0
4423,0,sqrt,66,132,0,0,0,0,nan,0,nan,0,nan,0,nan,0,nan,0,0
4423,0,cuberoot,16,32,0,0,0,0,nan,0,nan,0,nan,0,nan,0,nan,0,0
4441,2,sqrt,66,132,4,268,264,135.923440667,0.0294283309809,279.693762666,0.958190835024,15.5748705247,0.256823964839,7.79094390629,0.513416608836,271.790943906,0.986051985943,0,132
4441,2,cuberoot,16,32,0,64,64,32.2305786985,0,64.922314794,0.985793562708,0.893492456654,0,0.446947510701,0,64.4469475107,0.993064876957,0,32
4447,2,sqrt,66,132,4,268,264,135.918147065,0.0294294771255,279.672588262,0.958263380997,15.5538565325,0.257170946102,7.78042744657,0.514110571362,271.780427447,0.98609014092,2,134
4447,2,cuberoot,16,32,0,64,64,32.2302675961,0,64.9210703845,0.985812458435,0.892286935012,0,0.446344206974,0,64.446344207,0.993074173369,0,32
4451,2,sqrt,66,132,4,268,264,135.914625927,0.0294302395546,279.658503707,0.958311642405,15.5398786789,0.257402266944,7.77343223196,0.514573213046,271.773432232,0.986115522033,2,134
4451,2,cuberoot,16,32,0,64,64,32.2300606605,0,64.9202426421,0.985825027685,0.891485059537,0,0.445942908519,0,64.4459429085,0.993080357143,0,32
4457,0,sqrt,66,132,0,0,0,0,nan,0,nan,0,nan,0,nan,0,nan,0,0
4457,0,cuberoot,16,32,0,0,0,0,nan,0,nan,0,nan,0,nan,0,nan,0,0
4463,0,sqrt,66,132,0,0,0,0,nan,0,nan,0,nan,0,nan,0,nan,0,0
4463,0,cuberoot,16,32,0,0,0,0,nan,0,nan,0,nan,0,nan,0,nan,0,0
4481,2,sqrt,66,132,4,268,264,135.888417764,0.0294359156271,279.553671056,0.958671009356,15.4358402142,0.259137173259,7.72136637642,0.518043025677,271.721366376,0.986304476435,2,134
4481,2,cuberoot,16,32,0,64,64,32.2285204195,0,64.9140816782,0.985918591859,0.885516625753,0,0.442956016968,0,64.442956017,0.993126385809,0,32
4483,2,sqrt,66,132,8,272,264,135.886683025,0.0588725828162,279.546732099,0.973003683347,15.4289538256,0.518505667361,7.71792010712,1.03654869304,271.717920107,1.00103813504,2,134
4483,2,cuberoot,16,32,0,64,64,32.2284184698,0,64.9136738791,0.985924785573,0.885121570377,0,0.442758312877,0,64.4427583129,0.993129432624,0,32
4493,0,sqrt,67,134,0,0,0,0,nan,0,nan,0,nan,0,nan,0,nan,0,0
4493,0,cuberoot,16,32,0,0,0,0,nan,0,nan,0,nan,0,nan,0,nan,0,0
4507,0,sqrt,67,134,0,0,0,0,nan,0,nan,0,nan,0,nan,0,nan,0,0
4507,0,cuberoot,16,32,0,0,0,0,nan,0,nan,0,nan,0,nan,0,nan,0,0
4513,4,sqrt,67,134,60,596,536,283.914912475,0.211330921215,599.6596499,0.993897121641,63.1845778861,0.949598810459,47.4094435824,1.26557064303,583.409443582,1.02158099523,14,282
4513,4,cuberoot,16,32,4,132,128,64.9076002659,0.0616260651081,131.630401064,1.00280785391,3.51695103036,1.13734879032,2.6388827311,1.51579301075,130.638882731,1.01041892919,0,64
4517,0,sqrt,67,134,0,0,0,0,nan,0,nan,0,nan,0,nan,0,nan,0,0
4517,0,cuberoot,16,32,0,0,0,0,nan,0,nan,0,nan,0,nan,0,nan,0,0
4519,0,sqrt,67,134,0,0,0,0,nan,0,nan,0,nan,0,nan,0,nan,0,0
4519,0,cuberoot,16,32,0,0,0,0,nan,0,nan,0,nan,0,nan,0,nan,0,0
4523,2,sqrt,67,134,4,272,268,137.969931461,0.0289918242158,283.879725846,0.958152256875,15.7612204289,0.253787453709,7.88409643884,0.507350465717,275.884096439,0.98592127459,2,136
4523,2,cuberoot,16,32,0,64,64,32.2263984081,0,64.9055936325,0.986047525616,0.877293831528,0,0.438840964388,0,64.4388409644,0.993189806678,0,32
4547,0,sqrt,67,134,0,0,0,0,nan,0,nan,0,nan,0,nan,0,nan,0,0
4547,0,cuberoot,16,32,0,0,0,0,nan,0,nan,0,nan,0,nan,0,nan,0,0
4549,2,sqrt,67,134,8,276,268,137.947241152,0.0579931858963,283.788964608,0.972553673402,15.6711365135,0.510492649534,7.83901473499,1.02053641567,275.839014735,1.00058362036,2,136
4549,2,cuberoot,16,32,0,64,64,32.2251044186,0,64.9004176742,0.986126165185,0.872279621895,0,0.43633164724,0,64.4363316472,0.993228484054,0,32
4561,0,sqrt,67,134,0,0,0,0,nan,0,nan,0,nan,0,nan,0,nan,0,0
4561,0,cuberoot,16,32,0,0,0,0,nan,0,nan,0,nan,0,nan,0,nan,0,0
4567,2,sqrt,67,134,8,276,268,137.931683819,0.0579997269555,283.726735275,0.972766982049,15.6093715787,0.512512624846,7.80810514786,1.02457636629,275.808105148,1.00069575494,4,138
4567,2,cuberoot,16,32,0,64,64,32.2242172104,0,64.8968688417,0.986180090693,0.868841690388,0,0.434611171961,0,64.434611172,0.993255004352,0,32
4583,2,sqrt,67,134,4,272,268,137.91795767,0.0290027496606,283.671830679,0.958854459921,15.5548767183,0.257154079228,7.78083387907,0.514083716755,275.780833879,0.986290440036,2,136
4583,2,cuberoot,16,32,0,64,64,32.2234344316,0,64.8937377264,0.986227673768,0.865808422431,0,0.433093211089,0,64.4330932111,0.993278404163,0,32
4591,0,sqrt,67,134,0,0,0,0,nan,0,nan,0,nan,0,nan,0,nan,0,0
4591,0,cuberoot,16,32,0,0,0,0,nan,0,nan,0,nan,0,nan,0,nan,0,0
4597,0,sqrt,67,134,0,0,0,0,nan,0,nan,0,nan,0,nan,0,nan,0,0
4597,0,cuberoot,16,32,0,0,0,0,nan,0,nan,0,nan,0,nan,0,nan,0,0
4603,0,sqrt,67,134,0,0,0,0,nan,0,nan,0,nan,0,nan,0,nan,0,0
4603,0,cuberoot,16,32,0,0,0,0,nan,0,nan,0,nan,0,nan,0,nan,0,0
4621,0,sqrt,67,134,0,0,0,0,nan,0,nan,0,nan,0,nan,0,nan,0,0
4621,0,cuberoot,16,32,0,0,0,0,nan,0,nan,0,nan,0,nan,0,nan,0,0
4637,0,sqrt,68,136,0,0,0,0,nan,0,nan,0,nan,0,nan,0,nan,0,0
4637,0,cuberoot,16,32,0,0,0,0,nan,0,nan,0,nan,0,nan,0,nan,0,0
4639,4,sqrt,68,136,32,576,544,287.948264712,0.111131074299,607.793058849,0.947690980695,63.3239922397,0.505337690632,47.5134785422,0.673493100944,591.513478542,0.973773245911,12,284
4639,4,cuberoot,16,32,0,128,128,64.8829489114,0,131.531795646,0.973148730858,3.42142703169,0,2.56717705413,0,130.567177054,0.980338266385,0,64
4643,0,sqrt,68,136,0,0,0,0,nan,0,nan,0,nan,0,nan,0,nan,0,0
4643,0,cuberoot,16,32,0,0,0,0,nan,0,nan,0,nan,0,nan,0,nan,0,0
4649,0,sqrt,68,136,0,0,0,0,nan,0,nan,0,nan,0,nan,0,nan,0,0
4649,0,cuberoot,16,32,0,0,0,0,nan,0,nan,0,nan,0,nan,0,nan,0,0
4651,0,sqrt,68,136,0,0,0,0,nan,0,nan,0,nan,0,nan,0,nan,0,0
4651,0,cuberoot,16,32,0,0,0,0,nan,0,nan,0,nan,0,nan,0,nan,0,0
4657,0,sqrt,68,136,0,0,0,0,nan,0,nan,0,nan,0,nan,0,nan,0,0
4657,0,cuberoot,16,32,0,0,0,0,nan,0,nan,0,nan,0,nan,0,nan,0,0
4663,2,sqrt,68,136,16,288,272,139.966545143,0.114313030901,287.86618057,1.0004648668,15.749517478,1.01590413943,7.87813773868,2.03093681917,279.878137739,1.02901928077,8,144
4663,2,cuberoot,16,32,4,68,64,32.2196011152,0.124148029819,64.8784044606,1.04811455469,0.850954321252,4.70060483871,0.425659729672,9.39717741935,64.4256597297,1.05548007246,2,34
4673,0,sqrt,68,136,0,0,0,0,nan,0,nan,0,nan,0,nan,0,nan,0,0
4673,0,cuberoot,16,32,0,0,0,0,nan,0,nan,0,nan,0,nan,0,nan,0,0
4679,6,sqrt,68,136,80,896,816,443.576832657,0.180352070059,958.307330626,0.934981890846,141.260953195,0.566327765674,117.767799872,0.679302832244,933.767799872,0.959553328058,24,432
4679,6,cuberoot,16,32,0,192,192,97.969651635,0,199.87860654,0.960583042496,7.63240008549,0,6.36305323926,0,198.363053239,0.96792218543,0,96
4691,0,sqrt,68,136,0,0,0,0,nan,0,nan,0,nan,0,nan,0,nan,0,0
4691,0,cuberoot,16,32,0,0,0,0,nan,0,nan,0,nan,0,nan,0,nan,0,0
4703,2,sqrt,68,136,8,280,272,139.932808845,0.0571702952725,287.731235382,0.973130357671,15.6155645333,0.512309368192,7.81110402042,1.02418300654,279.81110402,1.00067508393,2,138
4703,2,cuberoot,16,32,0,64,64,32.2177333617,0,64.8709334467,0.986574365429,0.843716776526,0,0.422037864284,0,64.4220378643,0.993448858833,0,32
4721,0,sqrt,68,136,0,0,0,0,nan,0,nan,0,nan,0,nan,0,nan,0,0
4721,0,cuberoot,16,32,0,0,0,0,nan,0,nan,0,nan,0,nan,0,nan,0,0
4723,4,sqrt,68,136,44,588,544,287.664619945,0.152955897074,606.65847978,0.969243849049,62.1977556638,0.707421023965,46.6680787969,0.942828612927,590.668078797,0.995482947373,6,278
4723,4,cuberoot,16,32,4,132,128,64.8672453949,0.0616644035931,131.46898158,1.00403911565,3.36057590515,1.19027217742,2.52149968227,1.58635752688,130.521499682,1.01132763814,0,64
4729,0,sqrt,68,136,0,0,0,0,nan,0,nan,0,nan,0,nan,0,nan,0,0
4729,0,cuberoot,16,32,0,0,0,0,nan,0,nan,0,nan,0,nan,0,nan,0,0
4733,0,sqrt,68,136,0,0,0,0,nan,0,nan,0,nan,0,nan,0,nan,0,0
4733,0,cuberoot,16,32,0,0,0,0,nan,0,nan,0,nan,0,nan,0,nan,0,0
4751,0,sqrt,68,136,0,0,0,0,nan,0,nan,0,nan,0,nan,0,nan,0,0
4751,0,cuberoot,16,32,0,0,0,0,nan,0,nan,0,nan,0,nan,0,nan,0,0
4759,0,sqrt,68,136,0,0,0,0,nan,0,nan,0,nan,0,nan,0,nan,0,0
4759,0,cuberoot,16,32,0,0,0,0,nan,0,nan,0,nan,0,nan,0,nan,0,0
4783,0,sqrt,69,138,0,0,0,0,nan,0,nan,0,nan,0,nan,0,nan,0,0
4783,0,cuberoot,16,32,0,0,0,0,nan,0,nan,0,nan,0,nan,0,nan,0,0
4787,0,sqrt,69,138,0,0,0,0,nan,0,nan,0,nan,0,nan,0,nan,0,0
4787,0,cuberoot,16,32,0,0,0,0,nan,0,nan,0,nan,0,nan,0,nan,0,0
4789,2,sqrt,69,138,8,284,276,141.976613072,0.0563473083836,291.906452286,0.972914431235,15.7911881395,0.506611657675,7.89889283476,1.01280016926,283.898892835,1.00035613793,4,142
4789,2,cuberoot,16,32,0,64,64,32.2138233452,0,64.8552933807,0.986812281063,0.828565462518,0,0.41445581784,0,64.4144558178,0.993565794936,0,32
4793,0,sqrt,69,138,0,0,0,0,nan,0,nan,0,nan,0,nan,0,nan,0,0
4793,0,cuberoot,16,32,0,0,0,0,nan,0,nan,0,nan,0,nan,0,nan,0,0
4799,0,sqrt,69,138,0,0,0,0,nan,0,nan,0,nan,0,nan,0,nan,0,0
4799,0,cuberoot,16,32,0,0,0,0,nan,0,nan,0,nan,0,nan,0,nan,0,0
4801,0,sqrt,69,138,0,0,0,0,nan,0,nan,0,nan,0,nan,0,nan,0,0
4801,0,cuberoot,16,32,0,0,0,0,nan,0,nan,0,nan,0,nan,0,nan,0,0
4813,0,sqrt,69,138,0,0,0,0,nan,0,nan,0,nan,0,nan,0,nan,0,0
4813,0,cuberoot,16,32,0,0,0,0,nan,0,nan,0,nan,0,nan,0,nan,0,0
4817,0,sqrt,69,138,0,0,0,0,nan,0,nan,0,nan,0,nan,0,nan,0,0
4817,0,cuberoot,16,32,0,0,0,0,nan,0,nan,0,nan,0,nan,0,nan,0,0
4831,0,sqrt,69,138,0,0,0,0,nan,0,nan,0,nan,0,nan,0,nan,0,0
4831,0,cuberoot,16,32,0,0,0,0,nan,0,nan,0,nan,0,nan,0,nan,0,0
4861,2,sqrt,69,138,12,288,276,141.917712405,0.0845560416431,291.670849619,0.987414410373,15.5572927381,0.771342430974,7.7818481169,1.54205014281,283.781848117,1.01486406517,0,138
4861,2,cuberoot,16,32,0,64,64,32.2106562436,0,64.8426249743,0.987005076142,0.816292943839,0,0.408314467998,0,64.408314468,0.993660531697,0,32
4871,2,sqrt,69,138,4,280,276,141.909669472,0.028186944659,291.63867789,0.960092131902,15.5253541367,0.257643076272,7.76586568084,0.515074579499,283.765865681,0.986728968716,2,140
4871,2,cuberoot,16,32,0,64,64,32.2102237734,0,64.8408950934,0.987031408308,0.814617121741,0,0.407475867735,0,64.4074758677,0.993673469388,0,32
4877,2,sqrt,69,138,8,284,276,141.904859545,0.0563758001358,291.619438179,0.973871981145,15.5062538446,0.515920871681,7.75630769231,1.03141859727,283.756307692,1.00085880842,4,142
4877,2,cuberoot,16,32,0,64,64,32.2099651425,0,64.83986057,0.987047156446,0.813614927209,0,0.406974358974,0,64.406974359,0.993681206686,0,32
4889,0,sqrt,69,138,0,0,0,0,nan,0,nan,0,nan,0,nan,0,nan,0,0
4889,0,cuberoot,16,32,0,0,0,0,nan,0,nan,0,nan,0,nan,0,nan,0,0
4903,0,sqrt,70,140,0,0,0,0,nan,0,nan,0,nan,0,nan,0,nan,0,0
4903,0,cuberoot,16,32,0,0,0,0,nan,0,nan,0,nan,0,nan,0,nan,0,0
4909,0,sqrt,70,140,0,0,0,0,nan,0,nan,0,nan,0,nan,0,nan,0,0
4909,0,cuberoot,16,32,0,0,0,0,nan,0,nan,0,nan,0,nan,0,nan,0,0
4919,0,sqrt,70,140,0,0,0,0,nan,0,nan,0,nan,0,nan,0,nan,0,0
4919,0,cuberoot,17,34,0,0,0,0,nan,0,nan,0,nan,0,nan,0,nan,0,0
4931,0,sqrt,70,140,0,0,0,0,nan,0,nan,0,nan,0,nan,0,nan,0,0
4931,0,cuberoot,17,34,0,0,0,0,nan,0,nan,0,nan,0,nan,0,nan,0,0
4933,2,sqrt,70,140,4,284,280,143.973241435,0.0277829404973,295.892965741,0.959806527637,15.7794445571,0.253494347379,7.89292232813,0.506783144913,287.892922328,0.986477881093,2,142
4933,2,cuberoot,17,34,0,68,68,34.2343401581,0,68.9373606325,0.986402719456,0.909791202108,0,0.455080105455,0,68.4550801055,0.993352135375,0,34
4937,0,sqrt,70,140,0,0,0,0,nan,0,nan,0,nan,0,nan,0,nan,0,0
4937,0,cuberoot,17,34,0,0,0,0,nan,0,nan,0,nan,0,nan,0,nan,0,0
4943,2,sqrt,70,140,12,292,280,143.965203318,0.0833534751693,295.860813271,0.98695057575,15.7475217479,0.762024665982,7.87694798624,1.52343268243,287.876947986,1.01432227222,6,146
4943,2,cuberoot,17,34,0,68,68,34.2338660732,0,68.9354642929,0.98642985432,0.907950637265,0,0.45415907711,0,68.4541590771,0.993365500603,0,34
4951,2,sqrt,70,140,4,284,280,143.958796203,0.0277857283161,295.835184811,0.959993991862,15.7220763482,0.254419321686,7.86421499293,0.508633093525,287.864214993,0.986576257862,0,140
4951,2,cuberoot,17,34,0,68,68,34.2334881842,0,68.9339527368,0.986451484359,0.906483538679,0,0.45342493433,0,68.4534249343,0.993376154155,0,34
4957,0,sqrt,70,140,0,0,0,0,nan,0,nan,0,nan,0,nan,0,nan,0,0
4957,0,cuberoot,17,34,0,0,0,0,nan,0,nan,0,nan,0,nan,0,nan,0,0
4967,0,sqrt,70,140,0,0,0,0,nan,0,nan,0,nan,0,nan,0,nan,0,0
4967,0,cuberoot,17,34,0,0,0,0,nan,0,nan,0,nan,0,nan,0,nan,0,0
4969,0,sqrt,70,140,0,0,0,0,nan,0,nan,0,nan,0,nan,0,nan,0,0
4969,0,cuberoot,17,34,0,0,0,0,nan,0,nan,0,nan,0,nan,0,nan,0,0
4973,2,sqrt,70,140,4,284,280,143.941282928,0.0277891089939,295.765131711,0.960221370101,15.6525236276,0.255549845838,7.82941058137,0.510894141829,287.829410581,0.986695554934,0,140
4973,2,cuberoot,17,34,0,68,68,34.2324552584,0,68.9298210336,0.986510612974,0.902473356123,0,0.451418225709,0,68.4514182257,0.993405275779,0,34
4987,0,sqrt,70,140,0,0,0,0,nan,0,nan,0,nan,0,nan,0,nan,0,0
4987,0,cuberoot,17,34,0,0,0,0,nan,0,nan,0,nan,0,nan,0,nan,0,0
4993,0,sqrt,70,140,0,0,0,0,nan,0,nan,0,nan,0,nan,0,nan,0,0
4993,0,cuberoot,17,34,0,0,0,0,nan,0,nan,0,nan,0,nan,0,nan,0,0
4999,0,sqrt,70,140,0,0,0,0,nan,0,nan,0,nan,0,nan,0,nan,0,0
4999,0,cuberoot,17,34,0,0,0,0,nan,0,nan,0,nan,0,nan,0,nan,0,0
5003,0,sqrt,70,140,0,0,0,0,nan,0,nan,0,nan,0,nan,0,nan,0,0
5003,0,cuberoot,17,34,0,0,0,0,nan,0,nan,0,nan,0,nan,0,nan,0,0
5009,2,sqrt,70,140,8,288,280,143.912956678,0.0555891573953,295.651826712,0.974118791022,15.5400279497,0.5147995889,7.77311763531,1.02918807811,287.773117635,1.00078840708,2,142
5009,2,cuberoot,17,34,0,68,68,34.2307845877,0,68.923138351,0.986606263541,0.895987222999,0,0.448172558418,0,68.4481725584,0.993452380952,0,34
5011,2,sqrt,70,140,4,284,280,143.911394931,0.0277948803284,295.645579725,0.96060966061,15.5338255837,0.257502569373,7.77001397485,0.5147995889,287.770013975,0.986899211899,0,140
5011,2,cuberoot,17,34,0,68,68,34.2306924766,0,68.9227699062,0.986611537704,0.895629614847,0,0.447993611499,0,68.4479936115,0.993454978183,0,34
5021,2,sqrt,70,140,24,304,280,143.90360486,0.166778309851,295.614419438,1.02836661546,15.5028878709,1.54809866393,7.75453277545,3.09496402878,287.754532775,1.05645599069,0,140
5021,2,cuberoot,17,34,4,72,68,34.2302330213,0.116855763077,68.9209320852,1.04467536671,0.893845847441,4.47504456328,0.447101016139,8.94652406417,68.4471010161,1.0519072237,0,34
5023,2,sqrt,70,140,4,284,280,143.902050567,0.0277966852052,295.60820227,0.960731122545,15.4967151105,0.258119218911,7.75144393547,0.516032887975,287.751443935,0.98696290144,2,142
5023,2,cuberoot,17,34,0,68,68,34.2301413498,0,68.9205653992,0.986643095659,0.893489946247,0,0.44692292372,0,68.4469229237,0.993470518401,0,34
5039,0,sqrt,70,140,0,0,0,0,nan,0,nan,0,nan,0,nan,0,nan,0,0
5039,0,cuberoot,17,34,0,0,0,0,nan,0,nan,0,nan,0,nan,0,nan,0,0
5051,0,sqrt,71,142,0,0,0,0,nan,0,nan,0,nan,0,nan,0,nan,0,0
5051,0,cuberoot,17,34,0,0,0,0,nan,0,nan,0,nan,0,nan,0,nan,0,0
5059,0,sqrt,71,142,0,0,0,0,nan,0,nan,0,nan,0,nan,0,nan,0,0
5059,0,cuberoot,17,34,0,0,0,0,nan,0,nan,0,nan,0,nan,0,nan,0,0
5077,0,sqrt,71,142,0,0,0,0,nan,0,nan,0,nan,0,nan,0,nan,0,0
5077,0,cuberoot,17,34,0,0,0,0,nan,0,nan,0,nan,0,nan,0,nan,0,0
5081,0,sqrt,71,142,0,0,0,0,nan,0,nan,0,nan,0,nan,0,nan,0,0
5081,0,cuberoot,17,34,0,0,0,0,nan,0,nan,0,nan,0,nan,0,nan,0,0
5087,0,sqrt,71,142,0,0,0,0,nan,0,nan,0,nan,0,nan,0,nan,0,0
5087,0,cuberoot,17,34,0,0,0,0,nan,0,nan,0,nan,0,nan,0,nan,0,0
5099,4,sqrt,71,142,100,668,568,299.81800353,0.333535674384,631.27201412,1.05818091894,62.8264365562,1.59168664469,47.1383166569,2.12141644191,615.138316657,1.08593462952,8,292
5099,4,cuberoot,17,34,12,148,136,68.9068444793,0.174148157424,139.627377917,1.05996404292,3.52069033144,3.40842245989,2.64155385521,4.54278074866,138.641553855,1.06750101888,0,68
5101,2,sqrt,71,142,4,288,284,145.952950402,0.0274060920933,299.811801608,0.960602612892,15.700450892,0.254769753271,7.85330456952,0.509339726301,291.85330457,0.986797118589,0,142
5101,2,cuberoot,17,34,0,68,68,34.2266222309,0,68.9064889237,0.986844650803,0.879827484807,0,0.44008629143,0,68.4400862914,0.993569758379,0,34
5107,0,sqrt,71,142,0,0,0,0,nan,0,nan,0,nan,0,nan,0,nan,0,0
5107,0,cuberoot,17,34,0,0,0,0,nan,0,nan,0,nan,0,nan,0,nan,0,0
5113,0,sqrt,71,142,0,0,0,0,nan,0,nan,0,nan,0,nan,0,nan,0,0
5113,0,cuberoot,17,34,0,0,0,0,nan,0,nan,0,nan,0,nan,0,nan,0,0
5119,0,sqrt,71,142,0,0,0,0,nan,0,nan,0,nan,0,nan,0,nan,0,0
5119,0,cuberoot,17,34,0,0,0,0,nan,0,nan,0,nan,0,nan,0,nan,0,0
5147,0,sqrt,71,142,0,0,0,0,nan,0,nan,0,nan,0,nan,0,nan,0,0
5147,0,cuberoot,17,34,0,0,0,0,nan,0,nan,0,nan,0,nan,0,nan,0,0
5153,0,sqrt,71,142,0,0,0,0,nan,0,nan,0,nan,0,nan,0,nan,0,0
5153,0,cuberoot,17,34,0,0,0,0,nan,0,nan,0,nan,0,nan,0,nan,0,0
5167,0,sqrt,71,142,0,0,0,0,nan,0,nan,0,nan,0,nan,0,nan,0,0
5167,0,cuberoot,17,34,0,0,0,0,nan,0,nan,0,nan,0,nan,0,nan,0,0
5171,0,sqrt,71,142,0,0,0,0,nan,0,nan,0,nan,0,nan,0,nan,0,0
5171,0,cuberoot,17,34,0,0,0,0,nan,0,nan,0,nan,0,nan,0,nan,0,0
5179,0,sqrt,71,142,0,0,0,0,nan,0,nan,0,nan,0,nan,0,nan,0,0
5179,0,cuberoot,17,34,0,0,0,0,nan,0,nan,0,nan,0,nan,0,nan,0,0
5189,0,sqrt,72,144,0,0,0,0,nan,0,nan,0,nan,0,nan,0,nan,0,0
5189,0,cuberoot,17,34,0,0,0,0,nan,0,nan,0,nan,0,nan,0,nan,0,0
5197,0,sqrt,72,144,0,0,0,0,nan,0,nan,0,nan,0,nan,0,nan,0,0
5197,0,cuberoot,17,34,0,0,0,0,nan,0,nan,0,nan,0,nan,0,nan,0,0
5209,2,sqrt,72,144,8,296,288,147.980802457,0.054061066484,303.923209829,0.973930224567,15.8126319831,0.505924630925,7.90935279432,1.01146076146,295.909352794,1.00030633437,2,146
5209,2,cuberoot,17,34,0,68,68,34.2219235938,0,68.8876943751,0.987113890468,0.861585717028,0,0.430958325331,0,68.4309583253,0.993702290076,0,34
5227,2,sqrt,72,144,4,292,288,147.967093935,0.0270330375059,303.868375741,0.960942379369,15.7581786876,0.253836441336,7.88210526316,0.507478632479,295.882105263,0.986879553734,2,146
5227,2,cuberoot,17,34,0,68,68,34.2211593648,0,68.8846374593,0.98715769594,0.858618710541,0,0.429473684211,0,68.4294736842,0.993723849372,0,34
5231,0,sqrt,72,144,0,0,0,0,nan,0,nan,0,nan,0,nan,0,nan,0,0
5231,0,cuberoot,17,34,0,0,0,0,nan,0,nan,0,nan,0,nan,0,nan,0,0
5233,4,sqrt,72,144,56,632,576,303.85018154,0.184301354425,639.400726161,0.988425527438,62.9604433403,0.889447358197,47.2383865418,1.18547656048,623.238386542,1.01405820573,4,292
5233,4,cuberoot,17,34,4,140,136,68.8836231607,0.0580689548032,139.534492643,1.00333614541,3.43053697688,1.16599821747,2.57388644619,1.55407011289,138.573886446,1.01029135857,0,68
5237,2,sqrt,72,144,4,292,288,147.959518808,0.0270344215243,303.838075234,0.961038210156,15.7280886003,0.254322066822,7.8670487106,0.50844988345,295.867048711,0.986929775629,2,146
5237,2,cuberoot,17,34,0,68,68,34.2207370632,0,68.8829482528,0.987181903864,0.856979186557,0,0.428653295129,0,68.4286532951,0.993735763098,0,34
5261,0,sqrt,72,144,0,0,0,0,nan,0,nan,0,nan,0,nan,0,nan,0,0
5261,0,cuberoot,17,34,0,0,0,0,nan,0,nan,0,nan,0,nan,0,nan,0,0
5273,2,sqrt,72,144,4,292,288,147.932486251,0.0270393616803,303.729945003,0.96138034726,15.6207092737,0.25607031857,7.81331815595,0.511946386946,295.813318156,0.987109038296,0,144
5273,2,cuberoot,17,34,0,68,68,34.2192300398,0,68.8769201593,0.987268301816,0.851128389911,0,0.425725668754,0,68.4257256688,0.993778280543,0,34
5279,0,sqrt,72,144,0,0,0,0,nan,0,nan,0,nan,0,nan,0,nan,0,0
5279,0,cuberoot,17,34,0,0,0,0,nan,0,nan,0,nan,0,nan,0,nan,0,0
5281,0,sqrt,72,144,0,0,0,0,nan,0,nan,0,nan,0,nan,0,nan,0,0
5281,0,cuberoot,17,34,0,0,0,0,nan,0,nan,0,nan,0,nan,0,nan,0,0
5297,2,sqrt,72,144,8,296,288,147.91466868,0.0540852375993,303.658674722,0.974778673033,15.5499339249,0.514471639472,7.77790368272,1.02855477855,295.777903683,1.00075088881,0,144
5297,2,cuberoot,17,34,0,68,68,34.2182367378,0,68.8729469511,0.987325256291,0.847272040778,0,0.423796033994,0,68.423796034,0.993806306306,0,34
5303,0,sqrt,72,144,0,0,0,0,nan,0,nan,0,nan,0,nan,0,nan,0,0
5303,0,cuberoot,17,34,0,0,0,0,nan,0,nan,0,nan,0,nan,0,nan,0,0
5309,0,sqrt,72,144,0,0,0,0,nan,0,nan,0,nan,0,nan,0,nan,0,0
5309,0,cuberoot,17,34,0,0,0,0,nan,0,nan,0,nan,0,nan,0,nan,0,0
5323,0,sqrt,72,144,0,0,0,0,nan,0,nan,0,nan,0,nan,0,nan,0,0
5323,0,cuberoot,17,34,0,0,0,0,nan,0,nan,0,nan,0,nan,0,nan,0,0
5333,0,sqrt,73,146,0,0,0,0,nan,0,nan,0,nan,0,nan,0,nan,0,0
5333,0,cuberoot,17,34,0,0,0,0,nan,0,nan,0,nan,0,nan,0,nan,0,0
5347,4,sqrt,73,146,36,620,584,307.946138021,0.116903560575,647.784552085,0.957108344131,63.3476715915,0.568292394898,47.5285313377,0.757439773264,631.528531338,0.981745034839,4,296
5347,4,cuberoot,17,34,0,136,136,68.864783991,0,139.459135964,0.975196060551,3.35739667103,0,2.51898971001,0,138.51898971,0.981814842028,0,68
5351,0,sqrt,73,146,0,0,0,0,nan,0,nan,0,nan,0,nan,0,nan,0,0
5351,0,cuberoot,17,34,0,0,0,0,nan,0,nan,0,nan,0,nan,0,nan,0,0
5381,0,sqrt,73,146,0,0,0,0,nan,0,nan,0,nan,0,nan,0,nan,0,0
5381,0,cuberoot,17,34,0,0,0,0,nan,0,nan,0,nan,0,nan,0,nan,0,0
5387,0,sqrt,73,146,0,0,0,0,nan,0,nan,0,nan,0,nan,0,nan,0,0
5387,0,cuberoot,17,34,0,0,0,0,nan,0,nan,0,nan,0,nan,0,nan,0,0
5393,4,sqrt,73,146,84,668,584,307.810124235,0.272895507283,647.24049694,1.03207386305,62.8073428518,1.33742324043,47.122982749,1.78256967407,631.122982749,1.05843079441,36,328
5393,4,cuberoot,17,34,12,148,136,68.8574077508,0.174273188492,139.429631003,1.06146734331,3.32875950306,3.60494652406,2.49749582638,4.80481283422,138.497495826,1.06861137898,6,74
5399,0,sqrt,73,146,0,0,0,0,nan,0,nan,0,nan,0,nan,0,nan,0,0
5399,0,cuberoot,17,34,0,0,0,0,nan,0,nan,0,nan,0,nan,0,nan,0,0
5407,4,sqrt,73,146,40,624,584,307.76918809,0.129967526146,647.076752358,0.964336916333,62.6447198077,0.638521492678,47.0009250694,0.8510470792,631.000925069,0.988905047851,10,302
5407,4,cuberoot,17,34,0,136,136,68.8551877196,0,139.420750878,0.975464549883,3.32014055854,0,2.49102682701,0,138.491026827,0.982013081395,0,68
5413,0,sqrt,73,146,0,0,0,0,nan,0,nan,0,nan,0,nan,0,nan,0,0
5413,0,cuberoot,17,34,0,0,0,0,nan,0,nan,0,nan,0,nan,0,nan,0,0
5417,0,sqrt,73,146,0,0,0,0,nan,0,nan,0,nan,0,nan,0,nan,0,0
5417,0,cuberoot,17,34,0,0,0,0,nan,0,nan,0,nan,0,nan,0,nan,0,0
5419,0,sqrt,73,146,0,0,0,0,nan,0,nan,0,nan,0,nan,0,nan,0,0
5419,0,cuberoot,17,34,0,0,0,0,nan,0,nan,0,nan,0,nan,0,nan,0,0
5431,0,sqrt,73,146,0,0,0,0,nan,0,nan,0,nan,0,nan,0,nan,0,0
5431,0,cuberoot,17,34,0,0,0,0,nan,0,nan,0,nan,0,nan,0,nan,0,0
5437,0,sqrt,73,146,0,0,0,0,nan,0,nan,0,nan,0,nan,0,nan,0,0
5437,0,cuberoot,17,34,0,0,0,0,nan,0,nan,0,nan,0,nan,0,nan,0,0
5441,0,sqrt,73,146,0,0,0,0,nan,0,nan,0,nan,0,nan,0,nan,0,0
5441,0,cuberoot,17,34,0,0,0,0,nan,0,nan,0,nan,0,nan,0,nan,0,0
5443,2,sqrt,73,146,4,296,292,149.916222671,0.026681568737,307.664890685,0.962085726911,15.5575969135,0.257109116675,7.7816577835,0.514029286726,299.781657783,0.987385292978,0,146
5443,2,cuberoot,17,34,0,68,68,34.2123828771,0,68.8495315084,0.987661041553,0.824545287525,0,0.41242418673,0,68.4124241867,0.993971501644,0,34
5449,4,sqrt,73,146,36,620,584,307.647641769,0.117016986683,646.590567077,0.958875726881,62.1618645623,0.579133207369,46.6385166147,0.771894189891,630.638516615,0.983130563176,10,302
5449,4,cuberoot,17,34,0,136,136,68.8485960727,0,139.394384291,0.975649059982,3.29454945862,0,2.4718193501,0,138.47181935,0.98214929679,0,68
5471,0,sqrt,73,146,0,0,0,0,nan,0,nan,0,nan,0,nan,0,nan,0,0
5471,0,cuberoot,17,34,0,0,0,0,nan,0,nan,0,nan,0,nan,0,nan,0,0
5477,2,sqrt,74,148,8,304,296,151.999269673,0.0526318318318,311.997078693,0.974368097528,15.8889903232,0.503493289208,7.94739726027,1.00661886376,303.94739726,1.00017306527,4,152
5477,2,cuberoot,17,34,0,68,68,34.2110644513,0,68.8442578054,0.987736699729,0.819426693445,0,0.409863013699,0,68.4098630137,0.994008714597,0,34
5479,2,sqrt,74,148,4,300,296,151.997809819,0.0263161686656,311.991239277,0.961565461565,15.8831903632,0.251838573267,7.94449516158,0.503493289208,303.944495162,0.987022317481,2,150
5479,2,cuberoot,17,34,0,68,68,34.2109874065,0,68.8439496258,0.987741121327,0.819127578025,0,0.409713346723,0,68.4097133467,0.994010889292,0,34
5483,0,sqrt,74,148,0,0,0,0,nan,0,nan,0,nan,0,nan,0,nan,0,0
5483,0,cuberoot,17,34,0,0,0,0,nan,0,nan,0,nan,0,nan,0,nan,0,0
5501,2,sqrt,74,148,12,308,296,151.981821487,0.0789568112988,311.927285948,0.987409610749,15.8196691511,0.758549365692,7.91271140207,1.5165471594,303.912711402,1.01344888991,0,148
5501,2,cuberoot,17,34,0,68,68,34.2101436103,0,68.840574441,0.987789549291,0.815851663334,0,0.408074195308,0,68.4080741953,0.994034707158,0,34
5503,0,sqrt,74,148,0,0,0,0,nan,0,nan,0,nan,0,nan,0,nan,0,0
5503,0,cuberoot,17,34,0,0,0,0,nan,0,nan,0,nan,0,nan,0,nan,0,0
5507,0,sqrt,74,148,0,0,0,0,nan,0,nan,0,nan,0,nan,0,nan,0,0
5507,0,cuberoot,17,34,0,0,0,0,nan,0,nan,0,nan,0,nan,0,nan,0,0
5519,2,sqrt,74,148,4,300,296,151.968834934,0.0263211861941,311.875339735,0.961922799842,15.7680739264,0.253677146534,7.88689505166,0.507170435742,303.886895052,0.987209402199,0,148
5519,2,cuberoot,17,34,0,68,68,34.2094582352,0,68.8378329408,0.987828888491,0.813190795434,0,0.406742794997,0,68.406742795,0.994054054054,0,34
5521,0,sqrt,74,148,0,0,0,0,nan,0,nan,0,nan,0,nan,0,nan,0,0
5521,0,cuberoot,17,34,0,0,0,0,nan,0,nan,0,nan,0,nan,0,nan,0,0
5527,2,sqrt,74,148,16,312,296,151.963090284,0.105288724848,311.852361136,1.00047342551,15.745250588,1.01617944475,7.87547511312,2.03162346019,303.875475113,1.0267363626,8,156
5527,2,cuberoot,17,34,4,72,68,34.209155057,0.116927763733,68.836620228,1.0459548967,0.812013750678,4.92602495544,0.406153846154,9.84848484848,68.4061538462,1.05253688377,2,36
5531,0,sqrt,74,148,0,0,0,0,nan,0,nan,0,nan,0,nan,0,nan,0,0
5531,0,cuberoot,17,34,0,0,0,0,nan,0,nan,0,nan,0,nan,0,nan,0,0
5557,0,sqrt,74,148,0,0,0,0,nan,0,nan,0,nan,0,nan,0,nan,0,0
5557,0,cuberoot,17,34,0,0,0,0,nan,0,nan,0,nan,0,nan,0,nan,0,0
5563,0,sqrt,74,148,0,0,0,0,nan,0,nan,0,nan,0,nan,0,nan,0,0
5563,0,cuberoot,17,34,0,0,0,0,nan,0,nan,0,nan,0,nan,0,nan,0,0
5569,2,sqrt,74,148,4,300,296,151.933201652,0.0263273593692,311.732806608,0.962362618373,15.6265038607,0.255975363118,7.81605891863,0.51176686891,303.816058919,0.987439574681,0,148
5569,2,cuberoot,17,34,0,68,68,34.2075776621,0,68.8303106482,0.98793684584,0.805889746813,0,0.403089635351,0,68.4030896354,0.994107142857,0,34
5573,2,sqrt,74,148,8,304,296,151.930378611,0.0526556971234,311.721514445,0.975229446519,15.6152879957,0.51231844089,7.81044695746,1.02426916713,303.810446957,1.00062391878,4,152
5573,2,cuberoot,17,34,0,68,68,34.207428674,0,68.8297146959,0.987945399752,0.805311322448,0,0.402800215401,0,68.4028002154,0.994111349036,0,34
5581,2,sqrt,74,148,8,304,296,151.924744669,0.052657649795,311.698978678,0.975299955392,15.5929044974,0.513053870197,7.79924717691,1.02574002574,303.799247177,1.00066080751,0,148
5581,2,cuberoot,17,34,0,68,68,34.2071313385,0,68.8285253539,0.987962471234,0.804156961118,0,0.402222620541,0,68.4022226205,0.994119743407,0,34
5591,0,sqrt,74,148,0,0,0,0,nan,0,nan,0,nan,0,nan,0,nan,0,0
5591,0,cuberoot,17,34,0,0,0,0,nan,0,nan,0,nan,0,nan,0,nan,0,0
5623,2,sqrt,74,148,8,304,296,151.895429486,0.0526678125015,311.581717944,0.975666999995,15.4764360662,0.516914874058,7.74097135741,1.03346203346,303.740971357,1.00085279454,2,150
5623,2,cuberoot,17,34,0,68,68,34.2055842077,0,68.8223368309,0.988051309085,0.798150453495,0,0.399217221135,0,68.3992172211,0.994163424125,0,34
5639,2,sqrt,75,150,8,308,300,153.990069161,0.0519514020844,315.960276645,0.974806084077,15.8538748005,0.504608501119,7.92974986695,1.0088590604,307.929749867,1.00022813688,0,150
5639,2,cuberoot,17,34,0,68,68,34.2050008867,0,68.8200035467,0.98808480813,0.795885795354,0,0.39808408728,0,68.3980840873,0.99417989418,0,34
5641,2,sqrt,75,150,8,308,300,153.988654494,0.051951879353,315.954617976,0.974823542613,15.8482538557,0.504787472036,7.92693740025,1.00921700224,307.9269374,1.00023727252,2,152
5641,2,cuberoot,17,34,0,68,68,34.2049282042,0,68.8197128169,0.988088982309,0.79560361638,0,0.397942897677,0,68.3979428977,0.994181946403,0,34
5647,6,sqrt,75,150,108,1008,900,485.859748539,0.222286370346,1043.43899416,0.966036352528,142.482734195,0.757986577181,118.777679362,0.909261744966,1018.77767936,0.989420970266,18,468
5647,6,cuberoot,17,34,0,204,204,103.842394192,0,211.369576766,0.9651341651,7.15282450859,0,5.96279893711,0,209.962798937,0.971600688468,0,102
5651,0,sqrt,75,150,0,0,0,0,nan,0,nan,0,nan,0,nan,0,nan,0,0
5651,0,cuberoot,17,34,0,0,0,0,nan,0,nan,0,nan,0,nan,0,nan,0,0
5653,0,sqrt,75,150,0,0,0,0,nan,0,nan,0,nan,0,nan,0,nan,0,0
5653,0,cuberoot,17,34,0,0,0,0,nan,0,nan,0,nan,0,nan,0,nan,0,0
5657,0,sqrt,75,150,0,0,0,0,nan,0,nan,0,nan,0,nan,0,nan,0,0
5657,0,cuberoot,17,34,0,0,0,0,nan,0,nan,0,nan,0,nan,0,nan,0,0
5659,0,sqrt,75,150,0,0,0,0,nan,0,nan,0,nan,0,nan,0,nan,0,0
5659,0,cuberoot,17,34,0,0,0,0,nan,0,nan,0,nan,0,nan,0,nan,0,0
5669,0,sqrt,75,150,0,0,0,0,nan,0,nan,0,nan,0,nan,0,nan,0,0
5669,0,cuberoot,17,34,0,0,0,0,nan,0,nan,0,nan,0,nan,0,nan,0,0
5683,2,sqrt,75,150,8,308,300,153.959176491,0.0519618263901,315.836705965,0.975187475625,15.7311279254,0.508545861298,7.86833303996,1.01673378076,307.86833304,1.00042767296,2,152
5683,2,cuberoot,17,34,0,68,68,34.20341369,0,68.8136547598,0.988175969397,0.789723737463,0,0.395000880127,0,68.3950008801,0.994224711236,0,34
5689,0,sqrt,75,150,0,0,0,0,nan,0,nan,0,nan,0,nan,0,nan,0,0
5689,0,cuberoot,17,34,0,0,0,0,nan,0,nan,0,nan,0,nan,0,nan,0,0
5693,0,sqrt,75,150,0,0,0,0,nan,0,nan,0,nan,0,nan,0,nan,0,0
5693,0,cuberoot,17,34,0,0,0,0,nan,0,nan,0,nan,0,nan,0,nan,0,0
5701,0,sqrt,75,150,0,0,0,0,nan,0,nan,0,nan,0,nan,0,nan,0,0
5701,0,cuberoot,17,34,0,0,0,0,nan,0,nan,0,nan,0,nan,0,nan,0,0
5711,0,sqrt,75,150,0,0,0,0,nan,0,nan,0,nan,0,nan,0,nan,0,0
5711,0,cuberoot,17,34,0,0,0,0,nan,0,nan,0,nan,0,nan,0,nan,0,0
5717,2,sqrt,75,150,8,308,300,153.935630575,0.0519697744446,315.742522302,0.975478366849,15.6375721532,0.51158836689,7.82152230971,1.02281879195,307.82152231,1.000579809,2,152
5717,2,cuberoot,17,34,0,68,68,34.2022039531,0,68.8088158125,0.988245462403,0.785027112122,0,0.392650918635,0,68.3926509186,0.994258872651,0,34
5737,0,sqrt,75,150,0,0,0,0,nan,0,nan,0,nan,0,nan,0,nan,0,0
5737,0,cuberoot,17,34,0,0,0,0,nan,0,nan,0,nan,0,nan,0,nan,0,0
5741,2,sqrt,75,150,4,304,300,153.919177844,0.0259876647994,315.676711374,0.963010539094,15.5721999652,0.256868008949,7.78881338212,0.51355704698,307.788813382,0.987690217391,0,150
5741,2,cuberoot,17,34,0,68,68,34.2013586483,0,68.8054345933,0.988294026511,0.781745340533,0,0.391008886566,0,68.3910088866,0.994282744283,0,34
5743,2,sqrt,75,150,4,304,300,153.91781299,0.0259878952429,315.671251959,0.963027193999,15.5667769458,0.256957494407,7.78609998258,0.513736017897,307.786099983,0.987698924731,2,152
5743,2,cuberoot,17,34,0,68,68,34.2012885252,0,68.8051541006,0.988298055412,0.781473097684,0,0.390872670267,0,68.3908726703,0.994284724628,0,34
5749,2,sqrt,75,150,4,304,300,153.913724126,0.025988585636,315.654896504,0.963077092632,15.550530527,0.257225950783,7.77797111536,0.514272930649,307.777971115,0.987725011307,0,150
5749,2,cuberoot,17,34,0,68,68,34.2010784484,0,68.8043137937,0.988310125494,0.780657505653,0,0.390464590221,0,68.3904645902,0.994290657439,0,34
5779,0,sqrt,76,152,0,0,0,0,nan,0,nan,0,nan,0,nan,0,nan,0,0
5779,0,cuberoot,17,34,0,0,0,0,nan,0,nan,0,nan,0,nan,0,nan,0,0
5783,2,sqrt,76,152,12,316,304,155.995158222,0.0769254644615,319.98063289,0.98755976931,15.8754971468,0.755881840362,7.9404947241,1.51124085047,311.940494724,1.01301371686,0,152
5783,2,cuberoot,17,34,0,68,68,34.1998962476,0,68.7995849905,0.988378055033,0.776067784887,0,0.388168137001,0,68.388168137,0.994324045408,0,34
5791,0,sqrt,76,152,0,0,0,0,nan,0,nan,0,nan,0,nan,0,nan,0,0
5791,0,cuberoot,17,34,0,0,0,0,nan,0,nan,0,nan,0,nan,0,nan,0,0
5801,4,sqrt,76,152,28,636,608,319.931046371,0.0875188585715,671.724185485,0.946817181431,63.3049474229,0.442303502963,47.4950853595,0.589534681074,655.49508536,0.970258990807,12,316
5801,4,cuberoot,17,34,0,136,136,68.7971039476,0,139.18841579,0.977092807815,3.09463885537,0,2.32177961718,0,138.321779617,0.983214649034,0,68
5807,2,sqrt,76,152,8,312,304,155.978646461,0.0512890718153,319.914585845,0.975260315738,15.809884622,0.506012547926,7.90766580534,1.01167654235,311.907665805,1.00029603054,2,154
5807,2,cuberoot,17,34,0,68,68,34.1990700878,0,68.7962803513,0.988425531915,0.772860340968,0,0.386563307494,0,68.3865633075,0.994347379239,0,34
5813,2,sqrt,76,152,4,308,304,155.974539825,0.0256452110998,319.898159298,0.962806415253,15.7935661448,0.25326768909,7.89950094648,0.506361101429,311.899500946,0.987497572344,0,152
5813,2,cuberoot,17,34,0,68,68,34.1988646138,0,68.7954584552,0.988437340588,0.772062618269,0,0.386164171399,0,68.3861641714,0.994353182752,0,34
5821,0,sqrt,76,152,0,0,0,0,nan,0,nan,0,nan,0,nan,0,nan,0,0
5821,0,cuberoot,17,34,0,0,0,0,nan,0,nan,0,nan,0,nan,0,nan,0,0
5827,2,sqrt,76,152,8,312,304,155.964990561,0.0512935625567,319.859962245,0.975426864339,15.7556203878,0.507755315441,7.88051502146,1.01516207738,311.880515021,1.00038311139,2,154
5827,2,cuberoot,17,34,0,68,68,34.19838682,0,68.7935472799,0.988464800679,0.770207654024,0,0.385236051502,0,68.3852360515,0.994366678047,0,34
5839,4,sqrt,76,152,40,648,608,319.8273677,0.125067470891,671.3094708,0.9652776077,62.8929611235,0.636001219937,47.1858831592,0.847711165331,655.185883159,0.989032298552,16,320
5839,4,cuberoot,18,36,0,144,144,72.8878232574,0,147.55129303,0.975931806786,3.45264600103,0,2.59037176632,0,146.590371766,0.982329182094,0,72
5843,0,sqrt,76,152,0,0,0,0,nan,0,nan,0,nan,0,nan,0,nan,0,0
5843,0,cuberoot,18,36,0,0,0,0,nan,0,nan,0,nan,0,nan,0,nan,0,0
5849,0,sqrt,76,152,0,0,0,0,nan,0,nan,0,nan,0,nan,0,nan,0,0
5849,0,cuberoot,18,36,0,0,0,0,nan,0,nan,0,nan,0,nan,0,nan,0,0
5851,0,sqrt,76,152,0,0,0,0,nan,0,nan,0,nan,0,nan,0,nan,0,0
5851,0,cuberoot,18,36,0,0,0,0,nan,0,nan,0,nan,0,nan,0,nan,0,0
5857,2,sqrt,76,152,4,308,304,155.944681578,0.0256501213093,319.77872631,0.963166010302,15.6749189005,0.255184733357,7.84013663535,0.510195189962,311.840136635,0.987685560054,2,154
5857,2,cuberoot,18,36,0,72,72,36.2212736896,0,72.8850947584,0.987856299545,0.860508792897,0,0.430401366354,0,72.4304013664,0.994057724958,0,36
5861,0,sqrt,76,152,0,0,0,0,nan,0,nan,0,nan,0,nan,0,nan,0,0
5861,0,cuberoot,18,36,0,0,0,0,nan,0,nan,0,nan,0,nan,0,nan,0,0
5867,2,sqrt,76,152,4,308,304,155.937958071,0.025651227254,319.751832282,0.963247021297,15.6482018067,0.255620425235,7.82676896846,0.511066573719,311.826768968,0.987727901036,0,152
5867,2,cuberoot,18,36,0,72,72,36.22089654,0,72.8835861599,0.987876746927,0.859042099881,0,0.429667519182,0,72.4296675192,0.99406779661,0,36
5869,0,sqrt,76,152,0,0,0,0,nan,0,nan,0,nan,0,nan,0,nan,0,0
5869,0,cuberoot,18,36,0,0,0,0,nan,0,nan,0,nan,0,nan,0,nan,0,0
5879,0,sqrt,76,152,0,0,0,0,nan,0,nan,0,nan,0,nan,0,nan,0,0
5879,0,cuberoot,18,36,0,0,0,0,nan,0,nan,0,nan,0,nan,0,nan,0,0
5881,2,sqrt,76,152,4,308,304,155.928583574,0.0256527694173,319.714334297,0.963359996596,15.6109505186,0.256230393865,7.80813063446,0.512286510979,311.808130634,0.987786942481,0,152
5881,2,cuberoot,18,36,0,72,72,36.2203706853,0,72.881482741,0.987905257853,0.856997109335,0,0.428644327267,0,72.4286443273,0.994081839702,0,36
5897,6,sqrt,76,152,80,992,912,491.261319315,0.162846120496,1053.04527726,0.94202976968,140.117347804,0.570950001936,116.804071247,0.684907633322,1028.80407125,0.964226355362,16,472
5897,6,cuberoot,18,36,4,220,216,109.977954892,0.0363709254633,223.911819569,0.982529642353,7.69204680346,0.520017636684,6.41221374046,0.62380952381,222.41221374,0.989154310818,0,108
5903,2,sqrt,76,152,8,312,304,155.913942063,0.0513103568169,319.655768253,0.976049960571,15.5527697781,0.514377831997,7.779020505,1.02840711049,311.779020505,1.00070876961,4,156
5903,2,cuberoot,18,36,0,72,72,36.2195493817,0,72.8781975267,0.987949790795,0.85380315094,0,0.427046263345,0,72.4270462633,0.994103773585,0,36
5923,0,sqrt,76,152,0,0,0,0,nan,0,nan,0,nan,0,nan,0,nan,0,0
5923,0,cuberoot,18,36,0,0,0,0,nan,0,nan,0,nan,0,nan,0,nan,0,0
5927,0,sqrt,76,152,0,0,0,0,nan,0,nan,0,nan,0,nan,0,nan,0,0
5927,0,cuberoot,18,36,0,0,0,0,nan,0,nan,0,nan,0,nan,0,nan,0,0
5939,0,sqrt,77,154,0,0,0,0,nan,0,nan,0,nan,0,nan,0,nan,0,0
5939,0,cuberoot,18,36,0,0,0,0,nan,0,nan,0,nan,0,nan,0,nan,0,0
5953,2,sqrt,77,154,4,312,308,157.983873677,0.0253190398925,323.935494709,0.963154717826,15.8320174702,0.252652576182,7.91866913124,0.505135387488,315.918669131,0.987595955814,2,156
5953,2,cuberoot,18,36,0,72,72,36.2177053586,0,72.8708214346,0.988049792531,0.846631950277,0,0.423458242312,0,72.4234582423,0.994153023722,0,36
5981,0,sqrt,77,154,0,0,0,0,nan,0,nan,0,nan,0,nan,0,nan,0,0
5981,0,cuberoot,18,36,0,0,0,0,nan,0,nan,0,nan,0,nan,0,nan,0,0
5987,0,sqrt,77,154,0,0,0,0,nan,0,nan,0,nan,0,nan,0,nan,0,0
5987,0,cuberoot,18,36,0,0,0,0,nan,0,nan,0,nan,0,nan,0,nan,0,0
6007,0,sqrt,77,154,0,0,0,0,nan,0,nan,0,nan,0,nan,0,nan,0,0
6007,0,cuberoot,18,36,0,0,0,0,nan,0,nan,0,nan,0,nan,0,nan,0,0
6011,0,sqrt,77,154,0,0,0,0,nan,0,nan,0,nan,0,nan,0,nan,0,0
6011,0,cuberoot,18,36,0,0,0,0,nan,0,nan,0,nan,0,nan,0,nan,0,0
6029,0,sqrt,77,154,0,0,0,0,nan,0,nan,0,nan,0,nan,0,nan,0,0
6029,0,cuberoot,18,36,0,0,0,0,nan,0,nan,0,nan,0,nan,0,nan,0,0
6037,2,sqrt,77,154,4,312,308,157.928441279,0.0253279267978,323.713765115,0.963814436155,15.6117276793,0.256217638571,7.80845070423,0.512265512266,315.808450704,0.987940630798,0,154
6037,2,cuberoot,18,36,0,72,72,36.2146761637,0,72.8587046546,0.988214110329,0.834851747557,0,0.417564208782,0,72.4175642088,0.994233937397,0,36
6043,4,sqrt,77,154,56,672,616,323.698163164,0.173000672764,678.792652656,0.989993037448,62.3849081582,0.897653000594,46.8041714948,1.19647454942,662.804171495,1.01387412587,6,314
6043,4,cuberoot,18,36,4,148,144,72.8578520602,0.054901426365,147.431408241,1.00385665284,3.33609134536,1.19900793651,2.50289687138,1.59814814815,146.502896871,1.01021893192,0,72
6047,0,sqrt,77,154,0,0,0,0,nan,0,nan,0,nan,0,nan,0,nan,0,0
6047,0,cuberoot,18,36,0,0,0,0,nan,0,nan,0,nan,0,nan,0,nan,0,0
6053,0,sqrt,77,154,0,0,0,0,nan,0,nan,0,nan,0,nan,0,nan,0,0
6053,0,cuberoot,18,36,0,0,0,0,nan,0,nan,0,nan,0,nan,0,nan,0,0
6067,0,sqrt,77,154,0,0,0,0,nan,0,nan,0,nan,0,nan,0,nan,0,0
6067,0,cuberoot,18,36,0,0,0,0,nan,0,nan,0,nan,0,nan,0,nan,0,0
6073,0,sqrt,77,154,0,0,0,0,nan,0,nan,0,nan,0,nan,0,nan,0,0
6073,0,cuberoot,18,36,0,0,0,0,nan,0,nan,0,nan,0,nan,0,nan,0,0
6079,0,sqrt,77,154,0,0,0,0,nan,0,nan,0,nan,0,nan,0,nan,0,0
6079,0,cuberoot,18,36,0,0,0,0,nan,0,nan,0,nan,0,nan,0,nan,0,0
6089,2,sqrt,78,156,8,320,312,159.996715388,0.0500010264622,327.986861554,0.975648836921,15.8843816719,0.503639371381,7.94480039428,1.00694789082,319.944800394,1.00017252853,4,160
6089,2,cuberoot,18,36,0,72,72,36.2128428313,0,72.8513713253,0.988313585457,0.827722121859,0,0.413997042878,0,72.4139970429,0.99428291408,0,36
6091,2,sqrt,78,156,8,320,312,159.995403054,0.050001436587,327.981612215,0.97566445216,15.8791659826,0.503804797353,7.94219083593,1.00727874276,319.942190836,1.00018068628,2,158
6091,2,cuberoot,18,36,0,72,72,36.2127729437,0,72.8510917747,0.9883173779,0.827450336562,0,0.41386106093,0,72.4138610609,0.994284781189,0,36
6101,0,sqrt,78,156,0,0,0,0,nan,0,nan,0,nan,0,nan,0,nan,0,0
6101,0,cuberoot,18,36,0,0,0,0,nan,0,nan,0,nan,0,nan,0,nan,0,0
6113,0,sqrt,78,156,0,0,0,0,nan,0,nan,0,nan,0,nan,0,nan,0,0
6113,0,cuberoot,18,36,0,0,0,0,nan,0,nan,0,nan,0,nan,0,nan,0,0
6121,2,sqrt,78,156,8,320,312,159.975820944,0.0500075570969,327.903283777,0.975897515615,15.8013396504,0.506286186931,7.90325216539,1.01224152192,319.903252165,1.00030242842,4,160
6121,2,cuberoot,18,36,0,72,72,36.2117301095,0,72.8469204378,0.988373970612,0.823394870119,0,0.411831998693,0,72.4118319987,0.994312642184,0,36
6131,4,sqrt,78,156,48,672,624,327.877344642,0.146396208169,687.509378568,0.977441211638,63.1022671669,0.760669975186,47.342143906,1.01389578164,671.342143906,1.00097991181,16,328
6131,4,cuberoot,18,36,4,148,144,72.8455390638,0.0549107062891,147.382156255,1.00419212041,3.28820747023,1.21646825397,2.46696035242,1.62142857143,146.466960352,1.010466795,2,74
6133,2,sqrt,78,156,8,320,312,159.968041741,0.050009988951,327.872166966,0.975990133477,15.7704223056,0.507278742763,7.88778339586,1.01422663358,319.887783396,1.00035079991,2,158
6133,2,cuberoot,18,36,0,72,72,36.2113158324,0,72.8452633295,0.988396454472,0.821783792597,0,0.411025933779,0,72.4110259338,0.994323710671,0,36
6143,2,sqrt,78,156,8,320,312,159.961582289,0.0500120084181,327.846329155,0.976067051977,15.7447501221,0.508105872622,7.87493893503,1.0158808933,319.874938935,1.00039096862,2,158
6143,2,cuberoot,18,36,0,72,72,36.2109718379,0,72.8438873515,0.988415124698,0.820446036139,0,0.410356619443,0,72.4103566194,0.994332901554,0,36
6151,2,sqrt,78,156,104,416,312,159.956429849,0.650177051953,327.825719395,1.26896694002,15.724272476,6.61397849462,7.86469344609,13.223655914,319.864693446,1.3005499154,52,208
6151,2,cuberoot,18,36,24,96,72,36.2106974476,0.662787565325,72.8427897903,1.31790669024,0.81937896277,29.2904761905,0.409822735404,58.5619047619,72.4098227354,1.32578697715,12,48
6163,0,sqrt,78,156,0,0,0,0,nan,0,nan,0,nan,0,nan,0,nan,0,0
6163,0,cuberoot,18,36,0,0,0,0,nan,0,nan,0,nan,0,nan,0,nan,0,0
6173,2,sqrt,78,156,4,316,312,159.942329499,0.0250090142648,327.769317998,0.964092679359,15.668232626,0.2552936311,7.83665532329,0.510421836228,319.836655323,0.988004328899,0,156
6173,2,cuberoot,18,36,0,72,72,36.2099465414,0,72.8397861656,0.988470776621,0.816458772072,0,0.408361691784,0,72.4083616918,0.994360296487,0,36
6197,0,sqrt,78,156,0,0,0,0,nan,0,nan,0,nan,0,nan,0,nan,0,0
6197,0,cuberoot,18,36,0,0,0,0,nan,0,nan,0,nan,0,nan,0,nan,0,0
6199,2,sqrt,78,156,8,320,312,159.925794483,0.0500231999839,327.703177932,0.976493429266,15.6025165349,0.512737799835,7.80377602066,1.02514474773,319.803776021,1.00061357618,2,158
6199,2,cuberoot,18,36,0,72,72,36.2090659784,0,72.8362639135,0.988518577579,0.813034360381,0,0.406648378248,0,72.4066483782,0.994383825417,0,36
6203,4,sqrt,78,156,76,700,624,327.693051749,0.231924356023,686.772206997,1.01926081584,62.3698210543,1.21853804797,46.7924528302,1.62419354839,670.79245283,1.04354185419,2,314
6203,4,cuberoot,18,36,12,156,144,72.8357246494,0.164754316069,147.342898597,1.05875479229,3.25004030308,3.69226190476,2.43831640058,4.92142857143,146.438316401,1.06529495718,0,72
6211,0,sqrt,78,156,0,0,0,0,nan,0,nan,0,nan,0,nan,0,nan,0,0
6211,0,cuberoot,18,36,0,0,0,0,nan,0,nan,0,nan,0,nan,0,nan,0,0
6217,0,sqrt,78,156,0,0,0,0,nan,0,nan,0,nan,0,nan,0,nan,0,0
6217,0,cuberoot,18,36,0,0,0,0,nan,0,nan,0,nan,0,nan,0,nan,0,0
6221,0,sqrt,78,156,0,0,0,0,nan,0,nan,0,nan,0,nan,0,nan,0,0
6221,0,cuberoot,18,36,0,0,0,0,nan,0,nan,0,nan,0,nan,0,nan,0,0
6229,0,sqrt,78,156,0,0,0,0,nan,0,nan,0,nan,0,nan,0,nan,0,0
6229,0,cuberoot,18,36,0,0,0,0,nan,0,nan,0,nan,0,nan,0,nan,0,0
6247,6,sqrt,79,158,124,1072,948,509.965423403,0.243153740057,1091.86169361,0.981809331961,142.951176565,0.867429027028,119.164131305,1.04058157973,1067.16413131,1.00453151353,28,502
6247,6,cuberoot,18,36,8,224,216,109.867136225,0.0728152227759,223.468544902,1.00237820987,7.26108532095,1.10176366843,6.05284227382,1.32169312169,222.052842274,1.0087688935,2,110
6257,2,sqrt,79,158,4,320,316,161.989771456,0.0246929171148,331.959085824,0.963974217503,15.8580789516,0.252237361929,7.93157474021,0.504313472547,323.93157474,0.987862946848,0,158
6257,2,cuberoot,18,36,0,72,72,36.2071280166,0,72.8285120665,0.988623795228,0.805497842416,0,0.402877697842,0,72.4028776978,0.994435612083,0,36
6263,2,sqrt,79,158,4,320,316,161.985949226,0.0246934997703,331.943796902,0.964018616965,15.8428867955,0.252479238894,7.9239738061,0.504797226477,323.923973806,0.987886127229,2,160
6263,2,cuberoot,18,36,0,72,72,36.2069295865,0,72.8277183458,0.98863456985,0.804726169567,0,0.402491614758,0,72.4024916148,0.994440914867,0,36
6269,4,sqrt,79,158,52,684,632,331.928537247,0.156660227022,695.714148987,0.983162410878,63.3108948796,0.821343626542,47.4983245572,1.09477545755,679.498324557,1.00662499859,10,326
6269,4,cuberoot,18,36,4,148,144,72.8269261445,0.0549247402267,147.307704578,1.00469965521,3.21582389536,1.24384920635,2.41263762566,1.65793650794,146.412637626,1.01084170329,0,72
6271,0,sqrt,79,158,0,0,0,0,nan,0,nan,0,nan,0,nan,0,nan,0,0
6271,0,cuberoot,18,36,0,0,0,0,nan,0,nan,0,nan,0,nan,0,nan,0,0
6277,0,sqrt,79,158,0,0,0,0,nan,0,nan,0,nan,0,nan,0,nan,0,0
6277,0,cuberoot,18,36,0,0,0,0,nan,0,nan,0,nan,0,nan,0,nan,0,0
6287,0,sqrt,79,158,0,0,0,0,nan,0,nan,0,nan,0,nan,0,nan,0,0
6287,0,cuberoot,18,36,0,0,0,0,nan,0,nan,0,nan,0,nan,0,nan,0,0
6299,0,sqrt,79,158,0,0,0,0,nan,0,nan,0,nan,0,nan,0,nan,0,0
6299,0,cuberoot,18,36,0,0,0,0,nan,0,nan,0,nan,0,nan,0,nan,0,0
6301,0,sqrt,79,158,0,0,0,0,nan,0,nan,0,nan,0,nan,0,nan,0,0
6301,0,cuberoot,18,36,0,0,0,0,nan,0,nan,0,nan,0,nan,0,nan,0,0
6311,2,sqrt,79,158,12,328,316,161.955633022,0.0740943663157,331.822532087,0.988480191316,15.7223894787,0.763242763847,7.86368679664,1.52600177376,323.863686797,1.01277177211,0,158
6311,2,cuberoot,18,36,0,72,72,36.2053557281,0,72.8214229124,0.9887200376,0.798605609254,0,0.399429386591,0,72.3994293866,0.99448297604,0,36
6317,0,sqrt,79,158,0,0,0,0,nan,0,nan,0,nan,0,nan,0,nan,0,0
6317,0,cuberoot,18,36,0,0,0,0,nan,0,nan,0,nan,0,nan,0,nan,0,0
6323,0,sqrt,79,158,0,0,0,0,nan,0,nan,0,nan,0,nan,0,nan,0,0
6323,0,cuberoot,18,36,0,0,0,0,nan,0,nan,0,nan,0,nan,0,nan,0,0
6329,0,sqrt,79,158,0,0,0,0,nan,0,nan,0,nan,0,nan,0,nan,0,0
6329,0,cuberoot,18,36,0,0,0,0,nan,0,nan,0,nan,0,nan,0,nan,0,0
6337,0,sqrt,79,158,0,0,0,0,nan,0,nan,0,nan,0,nan,0,nan,0,0
6337,0,cuberoot,18,36,0,0,0,0,nan,0,nan,0,nan,0,nan,0,nan,0,0
6343,0,sqrt,79,158,0,0,0,0,nan,0,nan,0,nan,0,nan,0,nan,0,0
6343,0,cuberoot,18,36,0,0,0,0,nan,0,nan,0,nan,0,nan,0,nan,0,0
6353,0,sqrt,79,158,0,0,0,0,nan,0,nan,0,nan,0,nan,0,nan,0,0
6353,0,cuberoot,18,36,0,0,0,0,nan,0,nan,0,nan,0,nan,0,nan,0,0
6359,0,sqrt,79,158,0,0,0,0,nan,0,nan,0,nan,0,nan,0,nan,0,0
6359,0,cuberoot,18,36,0,0,0,0,nan,0,nan,0,nan,0,nan,0,nan,0,0
6361,0,sqrt,79,158,0,0,0,0,nan,0,nan,0,nan,0,nan,0,nan,0,0
6361,0,cuberoot,18,36,0,0,0,0,nan,0,nan,0,nan,0,nan,0,nan,0,0
6367,2,sqrt,79,158,4,320,316,161.920841841,0.0247034288763,331.683367363,0.964775540432,15.5841055442,0.256671772958,7.79450117832,0.513182294606,323.794501178,0.98828114386,0,158
6367,2,cuberoot,18,36,0,72,72,36.2035495524,0,72.8141982095,0.988818139463,0.791581592587,0,0.395915161037,0,72.395915161,0.99453125,0,36
6373,0,sqrt,79,158,0,0,0,0,nan,0,nan,0,nan,0,nan,0,nan,0,0
6373,0,cuberoot,18,36,0,0,0,0,nan,0,nan,0,nan,0,nan,0,nan,0,0
6379,2,sqrt,79,158,8,324,316,161.913466061,0.0494091084247,331.653864242,0.976922131574,15.5547891519,0.514311053777,7.77983377764,1.02829960493,323.779833778,1.00067998745,2,160
6379,2,cuberoot,18,36,0,72,72,36.2031666405,0,72.8126665622,0.988838939699,0.790092490986,0,0.3951701427,0,72.3951701427,0.994541484716,0,36
6389,2,sqrt,79,158,8,324,316,161.907340742,0.0494109776823,331.629362968,0.976994308045,15.5304429488,0.515117310328,7.76765304525,1.02991211804,323.767653045,1.00071763486,2,160
6389,2,cuberoot,18,36,0,72,72,36.2028486461,0,72.8113945844,0.988856214208,0.788855845985,0,0.394551432597,0,72.3945514326,0.994549984429,0,36
6397,4,sqrt,79,158,100,732,632,331.609817102,0.301559226666,694.439268407,1.05408785664,62.044083164,1.61175723615,46.5476153245,2.14833776774,678.547615324,1.07877469977,6,322
6397,4,cuberoot,18,36,16,160,144,72.8103798656,0.219748887858,147.241519462,1.08665001953,3.15147725496,5.07698412698,2.36434714621,6.7671957672,146.364347146,1.09316239316,0,72
6421,0,sqrt,80,160,0,0,0,0,nan,0,nan,0,nan,0,nan,0,nan,0,0
6421,0,cuberoot,18,36,0,0,0,0,nan,0,nan,0,nan,0,nan,0,nan,0,0
6427,2,sqrt,80,160,12,332,320,163.983195892,0.0731782298467,335.932783569,0.988292945013,15.833203672,0.757900943396,7.91906614786,1.51533018868,327.919066148,1.01244494228,6,166
6427,2,cuberoot,18,36,0,72,72,36.201649292,0,72.8065971682,0.988921372519,0.784191691302,0,0.392217898833,0,72.3922178988,0.994582043344,0,36
6449,0,sqrt,80,160,0,0,0,0,nan,0,nan,0,nan,0,nan,0,nan,0,0
6449,0,cuberoot,18,36,0,0,0,0,nan,0,nan,0,nan,0,nan,0,nan,0,0
6451,0,sqrt,80,160,0,0,0,0,nan,0,nan,0,nan,0,nan,0,nan,0,0
6451,0,cuberoot,18,36,0,0,0,0,nan,0,nan,0,nan,0,nan,0,nan,0,0
6469,0,sqrt,80,160,0,0,0,0,nan,0,nan,0,nan,0,nan,0,nan,0,0
6469,0,cuberoot,18,36,0,0,0,0,nan,0,nan,0,nan,0,nan,0,nan,0,0
6473,0,sqrt,80,160,0,0,0,0,nan,0,nan,0,nan,0,nan,0,nan,0,0
6473,0,cuberoot,18,36,0,0,0,0,nan,0,nan,0,nan,0,nan,0,nan,0,0
6481,0,sqrt,80,160,0,0,0,0,nan,0,nan,0,nan,0,nan,0,nan,0,0
6481,0,cuberoot,18,36,0,0,0,0,nan,0,nan,0,nan,0,nan,0,nan,0,0
6491,0,sqrt,80,160,0,0,0,0,nan,0,nan,0,nan,0,nan,0,nan,0,0
6491,0,cuberoot,18,36,0,0,0,0,nan,0,nan,0,nan,0,nan,0,nan,0,0
6521,2,sqrt,80,160,12,332,320,163.925778255,0.0732038616974,335.703113019,0.988969083467,15.6049685631,0.768985849057,7.80487804878,1.5375,327.804878049,1.01279761905,0,160
6521,2,cuberoot,18,36,0,72,72,36.1987425242,0,72.7949700966,0.989079326558,0.772887593927,0,0.38656235619,0,72.3865623562,0.994659749771,0,36
6529,0,sqrt,80,160,0,0,0,0,nan,0,nan,0,nan,0,nan,0,nan,0,0
6529,0,cuberoot,18,36,0,0,0,0,nan,0,nan,0,nan,0,nan,0,nan,0,0
6547,4,sqrt,80,160,56,696,640,335.640751489,0.166845056065,702.563005957,0.99065848059,62.1719871697,0.900727201258,46.6432391138,1.20060272537,686.643239114,1.01362681572,6,326
6547,4,cuberoot,18,36,4,148,144,72.7918130441,0.0549512346612,147.167252177,1.00565851309,3.07927294944,1.29900793651,2.31016042781,1.73148148148,146.310160428,1.0115497076,0,72
6551,0,sqrt,80,160,0,0,0,0,nan,0,nan,0,nan,0,nan,0,nan,0,0
6551,0,cuberoot,18,36,0,0,0,0,nan,0,nan,0,nan,0,nan,0,nan,0,0
6553,2,sqrt,80,160,4,324,320,163.906607661,0.0244041412185,335.626430642,0.965359013531,15.5287654509,0.257586477987,7.76675316746,0.51501572327,327.766753167,0.988507824143,2,162
6553,2,cuberoot,18,36,0,72,72,36.1977720128,0,72.7910880513,0.989132075472,0.769113383183,0,0.384674095558,0,72.3846740956,0.994685696933,0,36
6563,0,sqrt,81,162,0,0,0,0,nan,0,nan,0,nan,0,nan,0,nan,0,0
6563,0,cuberoot,18,36,0,0,0,0,nan,0,nan,0,nan,0,nan,0,nan,0,0
6569,0,sqrt,81,162,0,0,0,0,nan,0,nan,0,nan,0,nan,0,nan,0,0
6569,0,cuberoot,18,36,0,0,0,0,nan,0,nan,0,nan,0,nan,0,nan,0,0
6571,0,sqrt,81,162,0,0,0,0,nan,0,nan,0,nan,0,nan,0,nan,0,0
6571,0,cuberoot,18,36,0,0,0,0,nan,0,nan,0,nan,0,nan,0,nan,0,0
6577,2,sqrt,81,162,4,328,324,165.99026912,0.0240977981493,339.961076479,0.964816335439,15.8625513152,0.25216624492,7.93368821293,0.504179127368,331.933688213,0.988149174511,2,164
6577,2,cuberoot,18,36,0,72,72,36.1970503269,0,72.7882013076,0.989171303955,0.766306826821,0,0.383269961977,0,72.383269962,0.994704992436,0,36
6581,2,sqrt,81,162,4,328,324,165.987843793,0.0240981502537,339.951375171,0.96484386873,15.8529098921,0.252319607392,7.92886456908,0.504485852312,331.928864569,0.988163534454,2,164
6581,2,cuberoot,18,36,0,72,72,36.1969305577,0,72.7877222307,0.98917781452,0.76584105759,0,0.383036935705,0,72.3830369357,0.994708194738,0,36
6599,0,sqrt,81,162,0,0,0,0,nan,0,nan,0,nan,0,nan,0,nan,0,0
6599,0,cuberoot,18,36,0,0,0,0,nan,0,nan,0,nan,0,nan,0,nan,0,0
6607,0,sqrt,81,162,0,0,0,0,nan,0,nan,0,nan,0,nan,0,nan,0,0
6607,0,cuberoot,18,36,0,0,0,0,nan,0,nan,0,nan,0,nan,0,nan,0,0
6619,0,sqrt,81,162,0,0,0,0,nan,0,nan,0,nan,0,nan,0,nan,0,0
6619,0,cuberoot,18,36,0,0,0,0,nan,0,nan,0,nan,0,nan,0,nan,0,0
6637,2,sqrt,81,162,4,328,324,165.954196173,0.0241030362127,339.816784692,0.965226012298,15.7191502185,0.254466682003,7.86194423512,0.508780001534,331.861944235,0.988362798741,2,164
6637,2,cuberoot,18,36,0,72,72,36.1952689468,0,72.7810757873,0.989268147265,0.759379237607,0,0.379804069329,0,72.3798040693,0.994752623688,0,36
6653,0,sqrt,81,162,0,0,0,0,nan,0,nan,0,nan,0,nan,0,nan,0,0
6653,0,cuberoot,18,36,0,0,0,0,nan,0,nan,0,nan,0,nan,0,nan,0,0
6659,2,sqrt,81,162,8,332,324,165.941132302,0.0482098674935,339.764529209,0.97714732251,15.6672172999,0.5106203512,7.83596214511,1.02093397746,331.835962145,1.00049433417,2,164
6659,2,cuberoot,18,36,0,72,72,36.1946238174,0,72.7784952696,0.989303223889,0.756870400961,0,0.378548895899,0,72.3785488959,0.994769874477,0,36
6661,0,sqrt,81,162,0,0,0,0,nan,0,nan,0,nan,0,nan,0,nan,0,0
6661,0,cuberoot,18,36,0,0,0,0,nan,0,nan,0,nan,0,nan,0,nan,0,0
6673,0,sqrt,81,162,0,0,0,0,nan,0,nan,0,nan,0,nan,0,nan,0,0
6673,0,cuberoot,18,36,0,0,0,0,nan,0,nan,0,nan,0,nan,0,nan,0,0
6679,2,sqrt,81,162,8,332,324,165.929330738,0.0482132963739,339.717322953,0.977283104419,15.6203024405,0.512153975922,7.81249063951,1.0240012269,331.81249064,1.0005651064,4,166
6679,2,cuberoot,18,36,0,72,72,36.1940410241,0,72.7761640964,0.989334913346,0.754603982632,0,0.37741500674,0,72.3774150067,0.99478545888,0,36
6689,2,sqrt,81,162,4,328,324,165.923456421,0.0241075016534,339.693825684,0.965575395254,15.5969502168,0.256460394142,7.80080753701,0.512767425811,331.800807537,0.988544911734,0,162
6689,2,cuberoot,18,36,0,72,72,36.1937509344,0,72.7750037375,0.989350687768,0.753475855883,0,0.376850605653,0,72.3768506057,0.994793216305,0,36
6691,0,sqrt,81,162,0,0,0,0,nan,0,nan,0,nan,0,nan,0,nan,0,0
6691,0,cuberoot,18,36,0,0,0,0,nan,0,nan,0,nan,0,nan,0,nan,0,0
6701,0,sqrt,81,162,0,0,0,0,nan,0,nan,0,nan,0,nan,0,nan,0,0
6701,0,cuberoot,18,36,0,0,0,0,nan,0,nan,0,nan,0,nan,0,nan,0,0
6703,2,sqrt,81,162,4,328,324,165.915261823,0.0241086923291,339.661047292,0.965668576408,15.5643741608,0.256997162794,7.78450977466,0.513840963116,331.784509775,0.988593470572,2,164
6703,2,cuberoot,18,36,0,72,72,36.1933462629,0,72.7733850515,0.989372693727,0.751902133373,0,0.376063274138,0,72.3760632741,0.994804038005,0,36
6709,0,sqrt,81,162,0,0,0,0,nan,0,nan,0,nan,0,nan,0,nan,0,0
6709,0,cuberoot,18,36,0,0,0,0,nan,0,nan,0,nan,0,nan,0,nan,0,0
6719,2,sqrt,81,162,8,332,324,165.905938384,0.0482200943374,339.623753535,0.977552354759,15.5273106117,0.515221225366,7.76596694953,1.03013572579,331.76596695,1.00070541609,2,164
6719,2,cuberoot,18,36,0,72,72,36.1928858461,0,72.7715433844,0.989397732293,0.750111623754,0,0.375167485485,0,72.3751674855,0.994816350711,0,36
6733,2,sqrt,82,164,4,332,328,167.994653201,0.0238102816,343.978612803,0.965176286092,15.8811822367,0.251870417477,7.94295052741,0.503591201556,335.942950527,0.988263035372,0,164
6733,2,cuberoot,18,36,0,72,72,36.1924847765,0,72.7699391059,0.989419544453,0.74855190851,0,0.374387163869,0,72.3743871639,0.994827076559,0,36
6737,0,sqrt,82,164,0,0,0,0,nan,0,nan,0,nan,0,nan,0,nan,0,0
6737,0,cuberoot,18,36,0,0,0,0,nan,0,nan,0,nan,0,nan,0,nan,0,0
6761,0,sqrt,82,164,0,0,0,0,nan,0,nan,0,nan,0,nan,0,nan,0,0
6761,0,cuberoot,18,36,0,0,0,0,nan,0,nan,0,nan,0,nan,0,nan,0,0
6763,0,sqrt,82,164,0,0,0,0,nan,0,nan,0,nan,0,nan,0,nan,0,0
6763,0,cuberoot,18,36,0,0,0,0,nan,0,nan,0,nan,0,nan,0,nan,0,0
6779,4,sqrt,82,164,32,688,656,343.870187343,0.0930583725424,719.480749373,0.95624518182,63.093671633,0.507182403112,47.3342186808,0.676043692952,703.334218681,0.978197820789,8,336
6779,4,cuberoot,18,36,0,144,144,72.7647145597,0,147.058858239,0.979199768886,2.97388995427,0,2.23107569721,0,146.231075697,0.984742807323,0,72
6781,6,sqrt,82,164,120,1104,984,527.697389766,0.227403057751,1126.78955906,0.979774786801,141.918891019,0.845553394184,118.300634312,1.01436480622,1102.30063431,1.00154165355,32,524
6781,6,cuberoot,18,36,4,220,216,109.72010028,0.0364564012408,222.880401121,0.987076471927,6.68927886742,0.597971781305,5.57604366426,0.717354497354,221.576043664,0.992887120655,2,110
6791,0,sqrt,82,164,0,0,0,0,nan,0,nan,0,nan,0,nan,0,nan,0,0
6791,0,cuberoot,18,36,0,0,0,0,nan,0,nan,0,nan,0,nan,0,nan,0,0
6793,0,sqrt,82,164,0,0,0,0,nan,0,nan,0,nan,0,nan,0,nan,0,0
6793,0,cuberoot,18,36,0,0,0,0,nan,0,nan,0,nan,0,nan,0,nan,0,0
6803,0,sqrt,82,164,0,0,0,0,nan,0,nan,0,nan,0,nan,0,nan,0,0
6803,0,cuberoot,18,36,0,0,0,0,nan,0,nan,0,nan,0,nan,0,nan,0,0
6823,0,sqrt,82,164,0,0,0,0,nan,0,nan,0,nan,0,nan,0,nan,0,0
6823,0,cuberoot,18,36,0,0,0,0,nan,0,nan,0,nan,0,nan,0,nan,0,0
6827,4,sqrt,82,164,36,692,656,343.758605537,0.10472465102,719.034422147,0.962401769213,62.6500659148,0.574620305252,47.0013186813,0.765935956906,703.001318681,0.98435092739,6,334
6827,4,cuberoot,18,36,0,144,144,72.759337923,0,147.037351692,0.979342992397,2.95298081148,0,2.21538461538,0,146.215384615,0.984848484848,0,72
6829,0,sqrt,82,164,0,0,0,0,nan,0,nan,0,nan,0,nan,0,nan,0,0
6829,0,cuberoot,18,36,0,0,0,0,nan,0,nan,0,nan,0,nan,0,nan,0,0
6833,2,sqrt,82,164,8,336,328,167.936192009,0.0476371406561,343.744768037,0.977469422788,15.6487633543,0.511222504863,7.82667252232,1.02214574293,335.826672522,1.00051612183,2,166
6833,2,cuberoot,18,36,0,72,72,36.1896677887,0,72.7586711547,0.989572773353,0.737596955949,0,0.368906455863,0,72.3689064559,0.99490241771,0,36
6841,8,sqrt,82,164,192,1504,1312,718.905423184,0.267072682732,1563.62169273,0.961869489908,250.087414121,0.767731557684,218.890481064,0.877150980099,1530.89048106,0.9824347454,42,698
6841,8,cuberoot,18,36,8,296,288,147.031135799,0.054410244174,300.124543195,0.986257227911,11.7877503289,0.678670634921,10.3172978506,0.775396825397,298.317297851,0.992232103645,2,146
6857,0,sqrt,82,164,0,0,0,0,nan,0,nan,0,nan,0,nan,0,nan,0,0
6857,0,cuberoot,18,36,0,0,0,0,nan,0,nan,0,nan,0,nan,0,nan,0,0
6863,0,sqrt,82,164,0,0,0,0,nan,0,nan,0,nan,0,nan,0,nan,0,0
6863,0,cuberoot,19,38,0,0,0,0,nan,0,nan,0,nan,0,nan,0,nan,0,0
6869,0,sqrt,82,164,0,0,0,0,nan,0,nan,0,nan,0,nan,0,nan,0,0
6869,0,cuberoot,19,38,0,0,0,0,nan,0,nan,0,nan,0,nan,0,nan,0,0
6871,0,sqrt,82,164,0,0,0,0,nan,0,nan,0,nan,0,nan,0,nan,0,0
6871,0,cuberoot,19,38,0,0,0,0,nan,0,nan,0,nan,0,nan,0,nan,0,0
6883,2,sqrt,82,164,4,332,328,167.907598431,0.0238226264766,343.630393724,0.966154350907,15.5350864449,0.257481669909,7.76980090103,0.514813706419,335.769800901,0.988772662428,0,164
6883,2,cuberoot,19,38,0,76,76,38.2097922418,0,76.839168967,0.989078890645,0.817085573151,0,0.408661531754,0,76.4086615318,0.99465163342,0,38
6899,2,sqrt,83,166,4,336,332,169.994202058,0.0235302142754,347.976808233,0.965581590641,15.8805624003,0.251880248266,7.94258373206,0.503614457831,339.942583732,0.988402206959,2,168
6899,2,cuberoot,19,38,0,76,76,38.2093056965,0,76.8372227859,0.989103942652,0.815190607334,0,0.407713498623,0,76.4077134986,0.994663974618,0,38
6907,0,sqrt,83,166,0,0,0,0,nan,0,nan,0,nan,0,nan,0,nan,0,0
6907,0,cuberoot,19,38,0,0,0,0,nan,0,nan,0,nan,0,nan,0,nan,0,0
6911,0,sqrt,83,166,0,0,0,0,nan,0,nan,0,nan,0,nan,0,nan,0,0
6911,0,cuberoot,19,38,0,0,0,0,nan,0,nan,0,nan,0,nan,0,nan,0,0
6917,0,sqrt,83,166,0,0,0,0,nan,0,nan,0,nan,0,nan,0,nan,0,0
6917,0,cuberoot,19,38,0,0,0,0,nan,0,nan,0,nan,0,nan,0,nan,0,0
6947,2,sqrt,83,166,4,336,332,169.96660429,0.0235340349166,347.866417158,0.965888005932,15.7708363322,0.253632712669,7.88768898488,0.507119386637,339.887688985,0.988561842306,0,166
6947,2,cuberoot,19,38,0,76,76,38.2078595077,0,76.8314380308,0.989178413783,0.809558082626,0,0.404895608351,0,76.4048956084,0.994700658837,0,38
6949,4,sqrt,83,166,76,740,664,347.861850626,0.21847753602,727.447402504,1.01725567712,63.0651892359,1.20510222709,47.3125089967,1.60634051357,711.312508997,1.04033036203,8,340
6949,4,cuberoot,19,38,8,160,152,76.8311987336,0.104124367859,155.324794935,1.03009954121,3.23730033098,2.47119487909,2.42867424788,3.29397818872,154.428674248,1.036077016,0,76
6959,0,sqrt,83,166,0,0,0,0,nan,0,nan,0,nan,0,nan,0,nan,0,0
6959,0,cuberoot,19,38,0,0,0,0,nan,0,nan,0,nan,0,nan,0,nan,0,0
6961,0,sqrt,83,166,0,0,0,0,nan,0,nan,0,nan,0,nan,0,nan,0,0
6961,0,cuberoot,19,38,0,0,0,0,nan,0,nan,0,nan,0,nan,0,nan,0,0
6967,0,sqrt,83,166,0,0,0,0,nan,0,nan,0,nan,0,nan,0,nan,0,0
6967,0,cuberoot,19,38,0,0,0,0,nan,0,nan,0,nan,0,nan,0,nan,0,0
6971,0,sqrt,83,166,0,0,0,0,nan,0,nan,0,nan,0,nan,0,nan,0,0
6971,0,cuberoot,19,38,0,0,0,0,nan,0,nan,0,nan,0,nan,0,nan,0,0
6977,0,sqrt,83,166,0,0,0,0,nan,0,nan,0,nan,0,nan,0,nan,0,0
6977,0,cuberoot,19,38,0,0,0,0,nan,0,nan,0,nan,0,nan,0,nan,0,0
6983,0,sqrt,83,166,0,0,0,0,nan,0,nan,0,nan,0,nan,0,nan,0,0
6983,0,cuberoot,19,38,0,0,0,0,nan,0,nan,0,nan,0,nan,0,nan,0,0
6991,0,sqrt,83,166,0,0,0,0,nan,0,nan,0,nan,0,nan,0,nan,0,0
6991,0,cuberoot,19,38,0,0,0,0,nan,0,nan,0,nan,0,nan,0,nan,0,0
6997,0,sqrt,83,166,0,0,0,0,nan,0,nan,0,nan,0,nan,0,nan,0,0
6997,0,cuberoot,19,38,0,0,0,0,nan,0,nan,0,nan,0,nan,0,nan,0,0
7001,2,sqrt,83,166,20,352,332,169.936009142,0.11769135983,347.744036566,1.01223878194,15.6491929724,1.27802117561,7.82683240463,2.55531215772,339.826832405,1.03582167867,0,166
7001,2,cuberoot,19,38,4,80,76,38.2062562491,0.104694895357,76.8250249964,1.04132735399,0.803313812313,4.97937411095,0.401771681669,9.95590327169,76.4017716817,1.04709613716,0,38
7013,0,sqrt,83,166,0,0,0,0,nan,0,nan,0,nan,0,nan,0,nan,0,0
7013,0,cuberoot,19,38,0,0,0,0,nan,0,nan,0,nan,0,nan,0,nan,0,0
7019,0,sqrt,83,166,0,0,0,0,nan,0,nan,0,nan,0,nan,0,nan,0,0
7019,0,cuberoot,19,38,0,0,0,0,nan,0,nan,0,nan,0,nan,0,nan,0,0
7027,0,sqrt,83,166,0,0,0,0,nan,0,nan,0,nan,0,nan,0,nan,0,0
7027,0,cuberoot,19,38,0,0,0,0,nan,0,nan,0,nan,0,nan,0,nan,0,0
7039,0,sqrt,83,166,0,0,0,0,nan,0,nan,0,nan,0,nan,0,nan,0,0
7039,0,cuberoot,19,38,0,0,0,0,nan,0,nan,0,nan,0,nan,0,nan,0,0
7043,0,sqrt,83,166,0,0,0,0,nan,0,nan,0,nan,0,nan,0,nan,0,0
7043,0,cuberoot,19,38,0,0,0,0,nan,0,nan,0,nan,0,nan,0,nan,0,0
7057,0,sqrt,84,168,0,0,0,0,nan,0,nan,0,nan,0,nan,0,nan,0,0
7057,0,cuberoot,19,38,0,0,0,0,nan,0,nan,0,nan,0,nan,0,nan,0,0
7069,2,sqrt,84,168,4,340,336,171.992643938,0.023256808596,351.970575753,0.965989839555,15.8755128024,0.251960364984,7.94000283006,0.50377815797,343.94000283,0.988544505444,0,168
7069,2,cuberoot,19,38,0,76,76,38.2042721743,0,76.8170886971,0.989363191043,0.795586362993,0,0.397905759162,0,76.3979057592,0.994791666667,0,38
7079,0,sqrt,84,168,0,0,0,0,nan,0,nan,0,nan,0,nan,0,nan,0,0
7079,0,cuberoot,19,38,0,0,0,0,nan,0,nan,0,nan,0,nan,0,nan,0,0
7103,0,sqrt,84,168,0,0,0,0,nan,0,nan,0,nan,0,nan,0,nan,0,0
7103,0,cuberoot,19,38,0,0,0,0,nan,0,nan,0,nan,0,nan,0,nan,0,0
7109,2,sqrt,84,168,16,352,336,171.970178647,0.0930393869792,351.880714587,1.00033899389,15.7861865241,1.01354433989,7.89531447868,2.02651839179,343.895314479,1.02356730429,0,168
7109,2,cuberoot,19,38,4,80,76,38.2031228021,0.104703482506,76.8124912083,1.04149727136,0.79110986074,5.05618776671,0.395666244548,10.1095305832,76.3956662445,1.04717981965,0,38
7121,0,sqrt,84,168,0,0,0,0,nan,0,nan,0,nan,0,nan,0,nan,0,0
7121,0,cuberoot,19,38,0,0,0,0,nan,0,nan,0,nan,0,nan,0,nan,0,0
7127,0,sqrt,84,168,0,0,0,0,nan,0,nan,0,nan,0,nan,0,nan,0,0
7127,0,cuberoot,19,38,0,0,0,0,nan,0,nan,0,nan,0,nan,0,nan,0,0
7129,0,sqrt,84,168,0,0,0,0,nan,0,nan,0,nan,0,nan,0,nan,0,0
7129,0,cuberoot,19,38,0,0,0,0,nan,0,nan,0,nan,0,nan,0,nan,0,0
7151,0,sqrt,84,168,0,0,0,0,nan,0,nan,0,nan,0,nan,0,nan,0,0
7151,0,cuberoot,19,38,0,0,0,0,nan,0,nan,0,nan,0,nan,0,nan,0,0
7159,0,sqrt,84,168,0,0,0,0,nan,0,nan,0,nan,0,nan,0,nan,0,0
7159,0,cuberoot,19,38,0,0,0,0,nan,0,nan,0,nan,0,nan,0,nan,0,0
7177,0,sqrt,84,168,0,0,0,0,nan,0,nan,0,nan,0,nan,0,nan,0,0
7177,0,cuberoot,19,38,0,0,0,0,nan,0,nan,0,nan,0,nan,0,nan,0,0
7187,0,sqrt,84,168,0,0,0,0,nan,0,nan,0,nan,0,nan,0,nan,0,0
7187,0,cuberoot,19,38,0,0,0,0,nan,0,nan,0,nan,0,nan,0,nan,0,0
7193,0,sqrt,84,168,0,0,0,0,nan,0,nan,0,nan,0,nan,0,nan,0,0
7193,0,cuberoot,19,38,0,0,0,0,nan,0,nan,0,nan,0,nan,0,nan,0,0
7207,0,sqrt,84,168,0,0,0,0,nan,0,nan,0,nan,0,nan,0,nan,0,0
7207,0,cuberoot,19,38,0,0,0,0,nan,0,nan,0,nan,0,nan,0,nan,0,0
7211,2,sqrt,84,168,4,340,336,171.914020247,0.023267444937,351.656080987,0.966853748257,15.5628900291,0.257021670944,7.78360382855,0.513900769889,343.783603829,0.988994228385,0,168
7211,2,cuberoot,19,38,0,76,76,38.2002496186,0,76.8009984746,0.989570467957,0.779919567328,0,0.390067970592,0,76.3900679706,0.994893734474,0,38
7213,0,sqrt,84,168,0,0,0,0,nan,0,nan,0,nan,0,nan,0,nan,0,0
7213,0,cuberoot,19,38,0,0,0,0,nan,0,nan,0,nan,0,nan,0,nan,0,0
7219,0,sqrt,84,168,0,0,0,0,nan,0,nan,0,nan,0,nan,0,nan,0,0
7219,0,cuberoot,19,38,0,0,0,0,nan,0,nan,0,nan,0,nan,0,nan,0,0
7229,2,sqrt,85,170,4,344,340,173.997786692,0.0229887981683,355.99114677,0.966316165785,15.8970812007,0.251618517229,7.95074027951,0.50309780717,347.95074028,0.988645690834,0,170
7229,2,cuberoot,19,38,0,76,76,38.1997510029,0,76.7990040116,0.989596167009,0.777977590261,0,0.389096443891,0,76.3890964439,0.994906387665,0,38
7237,4,sqrt,85,170,48,728,680,355.97346967,0.134841509522,743.893878679,0.978634212306,63.5180323338,0.755690915419,47.6516931583,1.00730943265,727.651693158,1.00047867248,18,358
7237,4,cuberoot,19,38,0,152,152,76.7981207683,0,155.192483073,0.979428880769,3.10847036065,0,2.33199723566,0,154.331997236,0.984889735911,0,76
7243,0,sqrt,85,170,0,0,0,0,nan,0,nan,0,nan,0,nan,0,nan,0,0
7243,0,cuberoot,19,38,0,0,0,0,nan,0,nan,0,nan,0,nan,0,nan,0,0
7247,2,sqrt,85,170,8,348,340,173.987857044,0.0459802203206,355.951428177,0.977661479776,15.8575962467,0.504490080056,7.93098688751,1.00870170553,347.930986888,1.00019835288,2,172
7247,2,cuberoot,19,38,0,76,76,38.1992548641,0,76.7970194563,0.989621739724,0.776045260108,0,0.388129744651,0,76.3881297447,0.994918978303,0,38
7253,2,sqrt,85,170,8,348,340,173.984558114,0.045981092154,355.938232456,0.977697724685,15.844478147,0.504907761921,7.92442421735,1.00953706927,347.924424217,1.00021721896,2,172
7253,2,cuberoot,19,38,0,76,76,38.1990900317,0,76.7963601268,0.989630236049,0.775403281401,0,0.387808578127,0,76.3878085781,0.994923161361,0,38
7283,2,sqrt,85,170,4,344,340,173.968144995,0.0229927151325,355.872579981,0.966638115301,15.7792118632,0.253498085625,7.89177310809,0.506856943961,347.891773108,0.988813264903,2,172
7283,2,cuberoot,19,38,0,76,76,38.1982699437,0,76.7930797748,0.989672509852,0.772209254428,0,0.386210685345,0,76.3862106853,0.994943973763,0,38
7297,4,sqrt,85,170,36,716,680,355.842126901,0.101168460051,743.368507606,0.963183122064,62.9957516788,0.571467107553,47.2597669637,0.761747302471,727.259766964,0.984517544521,8,348
7297,4,cuberoot,19,38,0,152,152,76.7915581746,0,155.166232698,0.979594576453,3.08291078525,0,2.31281699794,0,154.312816998,0.985012152309,0,76
7307,2,sqrt,85,170,8,348,340,173.955111537,0.0459888756894,355.820446148,0.978021369395,15.7273846996,0.508666898712,7.86584531143,1.01705534285,347.865845311,1.00038565065,2,172
7307,2,cuberoot,19,38,0,76,76,38.1976187218,0,76.7904748871,0.989706081539,0.769672916382,0,0.384941820671,0,76.3849418207,0.994960501226,0,38
7309,0,sqrt,85,170,0,0,0,0,nan,0,nan,0,nan,0,nan,0,nan,0,0
7309,0,cuberoot,19,38,0,0,0,0,nan,0,nan,0,nan,0,nan,0,nan,0,0
7321,0,sqrt,85,170,0,0,0,0,nan,0,nan,0,nan,0,nan,0,nan,0,0
7321,0,cuberoot,19,38,0,0,0,0,nan,0,nan,0,nan,0,nan,0,nan,0,0
7331,0,sqrt,85,170,0,0,0,0,nan,0,nan,0,nan,0,nan,0,nan,0,0
7331,0,cuberoot,19,38,0,0,0,0,nan,0,nan,0,nan,0,nan,0,nan,0,0
7333,4,sqrt,85,170,36,716,680,355.764352925,0.101190576583,743.057411701,0.963586378018,62.6864857494,0.574286460146,47.0276906288,0.765506439262,727.027690629,0.984831814839,10,350
7333,4,cuberoot,19,38,0,152,152,76.7876721669,0,155.150688668,0.979692718771,3.06777580799,0,2.30145955531,0,154.301459555,0.985084654663,0,76
7349,0,sqrt,85,170,0,0,0,0,nan,0,nan,0,nan,0,nan,0,nan,0,0
7349,0,cuberoot,19,38,0,0,0,0,nan,0,nan,0,nan,0,nan,0,nan,0,0
7351,2,sqrt,85,170,8,348,340,173.9314379,0.0459951351901,355.725751598,0.978281719657,15.6332471773,0.51172989906,7.81875085046,1.02318134354,347.81875085,1.0005211023,2,172
7351,2,cuberoot,19,38,0,76,76,38.1964358591,0,76.7857434363,0.98976706611,0.765065977418,0,0.382637093482,0,76.3826370935,0.99499052261,0,38
7369,0,sqrt,85,170,0,0,0,0,nan,0,nan,0,nan,0,nan,0,nan,0,0
7369,0,cuberoot,19,38,0,0,0,0,nan,0,nan,0,nan,0,nan,0,nan,0,0
7393,2,sqrt,85,170,12,352,340,173.909103206,0.0690015633385,355.636412823,0.989774914233,15.544433924,0.77198050818,7.77432011906,1.54354333449,347.774320119,1.01215063803,6,176
7393,2,cuberoot,19,38,0,76,76,38.1953198972,0,76.7812795888,0.989824608381,0.760719599621,0,0.380462724936,0,76.3804627249,0.995018847604,0,38
7411,0,sqrt,86,172,0,0,0,0,nan,0,nan,0,nan,0,nan,0,nan,0,0
7411,0,cuberoot,19,38,0,0,0,0,nan,0,nan,0,nan,0,nan,0,nan,0,0
7417,0,sqrt,86,172,0,0,0,0,nan,0,nan,0,nan,0,nan,0,nan,0,0
7417,0,cuberoot,19,38,0,0,0,0,nan,0,nan,0,nan,0,nan,0,nan,0,0
7433,2,sqrt,86,172,8,352,344,175.980088793,0.0454596883935,359.920355173,0.977994144929,15.8277949684,0.50543995648,7.91602745256,1.01060791514,351.916027453,1.0002386153,4,176
7433,2,cuberoot,19,38,0,76,76,38.1942688013,0,76.7770752052,0.989878812092,0.756625857662,0,0.378414749024,0,76.378414749,0.995045527584,0,38
7451,2,sqrt,86,172,4,348,344,175.970473762,0.022731086156,359.881895048,0.966983904411,15.7895584485,0.253331973344,7.89689891261,0.506527947776,351.896898913,0.988926020875,0,172
7451,2,cuberoot,19,38,0,76,76,38.19379949,0,76.77519796,0.98990301581,0.754798013689,0,0.377500335616,0,76.3775003356,0.995057440556,0,38
7457,0,sqrt,86,172,0,0,0,0,nan,0,nan,0,nan,0,nan,0,nan,0,0
7457,0,cuberoot,19,38,0,0,0,0,nan,0,nan,0,nan,0,nan,0,nan,0,0
7459,2,sqrt,86,172,4,348,344,175.96621531,0.0227316362572,359.864861241,0.967029675527,15.7726236761,0.253603971168,7.88842698136,0.507071943424,351.888426981,0.98894982988,2,174
7459,2,cuberoot,19,38,0,76,76,38.1935916343,0,76.7743665371,0.989913735899,0.753988470304,0,0.377095346654,0,76.3770953467,0.99506271684,0,38
7477,4,sqrt,86,172,40,728,688,359.82666845,0.111164634273,751.3066738,0.968978481608,62.9386117427,0.635539915681,47.2165886288,0.847159889388,735.216588629,0.990184404514,16,360
7477,4,cuberoot,19,38,0,152,152,76.7725023405,0,155.090009362,0.980076025691,3.0086933262,0,2.25712374582,0,154.257123746,0.985367782758,0,76
7481,2,sqrt,86,172,4,348,344,175.954551531,0.0227331431055,359.818206122,0.967155063526,15.7262398075,0.254351965184,7.86522262335,0.508567931457,351.865222623,0.98901504788,2,174
7481,2,cuberoot,19,38,0,76,76,38.1930223232,0,76.7720892929,0.989943099113,0.751771153589,0,0.375986094398,0,76.3759860944,0.995077168707,0,38
7487,0,sqrt,86,172,0,0,0,0,nan,0,nan,0,nan,0,nan,0,nan,0,0
7487,0,cuberoot,19,38,0,0,0,0,nan,0,nan,0,nan,0,nan,0,nan,0,0
7489,6,sqrt,86,172,104,1136,1032,551.552944318,0.188558507522,1174.21177727,0.967457508081,141.384964615,0.73558033758,117.852277281,0.882460673648,1149.85227728,0.987952994003,20,536
7489,6,cuberoot,19,38,4,232,228,115.735345173,0.034561611183,234.941380692,0.987480363472,6.75871277874,0.591828670776,5.633765193,0.710004741584,233.633765193,0.993007152919,2,116
7499,0,sqrt,86,172,0,0,0,0,nan,0,nan,0,nan,0,nan,0,nan,0,0
7499,0,cuberoot,19,38,0,0,0,0,nan,0,nan,0,nan,0,nan,0,nan,0,0
7507,2,sqrt,86,172,4,348,344,175.940855202,0.0227349127945,359.763420807,0.967302343354,15.6717730119,0.255235958112,7.83797468354,0.510335917313,351.837974684,0.989091641722,2,174
7507,2,cuberoot,19,38,0,76,76,38.1923538031,0,76.7694152125,0.989977581432,0.749167443719,0,0.374683544304,0,76.3746835443,0.995094139486,0,38
7517,0,sqrt,86,172,0,0,0,0,nan,0,nan,0,nan,0,nan,0,nan,0,0
7517,0,cuberoot,19,38,0,0,0,0,nan,0,nan,0,nan,0,nan,0,nan,0,0
7523,0,sqrt,86,172,0,0,0,0,nan,0,nan,0,nan,0,nan,0,nan,0,0
7523,0,cuberoot,19,38,0,0,0,0,nan,0,nan,0,nan,0,nan,0,nan,0,0
7529,4,sqrt,86,172,48,736,688,359.717359543,0.133438097235,750.869438172,0.980197039037,62.503918183,0.767951856385,46.8903945795,1.02366381069,734.89039458,1.0015098924,12,356
7529,4,cuberoot,19,38,0,152,152,76.7671669544,0,155.068667818,0.980210910038,2.98791340151,0,2.24153049024,0,154.24153049,0.985467399843,0,76
7537,4,sqrt,86,172,32,720,688,359.700676662,0.0889628573874,750.802706647,0.958973633986,62.4375746318,0.512511899905,46.8406104844,0.68316786799,734.840610484,0.979804313653,2,346
7537,4,cuberoot,19,38,0,152,152,76.7663526602,0,155.065410641,0.980231499545,2.98474193976,0,2.23915063039,0,154.23915063,0.985482605284,0,76
7541,0,sqrt,86,172,0,0,0,0,nan,0,nan,0,nan,0,nan,0,nan,0,0
7541,0,cuberoot,19,38,0,0,0,0,nan,0,nan,0,nan,0,nan,0,nan,0,0
7547,2,sqrt,86,172,8,352,344,175.919968199,0.0454752242277,359.679872797,0.978648032937,15.588710746,0.513191894465,7.79642147117,1.02611179111,351.796421471,1.00057868277,2,174
7547,2,cuberoot,19,38,0,76,76,38.191334305,0,76.7653372201,0.990030171848,0.745196766927,0,0.372697150431,0,76.3726971504,0.995120021103,0,38
7549,4,sqrt,86,172,48,736,688,359.675718638,0.133453545827,750.702874553,0.980414522108,62.3383229567,0.769991840065,46.766132238,1.02638378893,734.766132238,1.00167926597,18,362
7549,4,cuberoot,19,38,4,156,152,76.7651344549,0.0521069887834,155.06053782,1.00605868001,2.97999735064,1.34228307255,2.23559030078,1.78923660503,154.235590301,1.0114397053,2,78
7559,2,sqrt,86,172,24,368,344,175.913745204,0.136430498777,359.654980818,1.02320284614,15.5639634872,1.54202366381,7.78404128622,3.08323133415,351.784041286,1.04609634551,12,184
7559,2,cuberoot,19,38,4,80,76,38.1910305596,0.104736634267,76.7641222384,1.04215351739,0.744013758434,5.37624466572,0.372105332804,10.7496443812,76.3721053328,1.04750287623,2,40
7561,4,sqrt,86,172,32,720,688,359.650839836,0.0889751849727,750.603359344,0.959228320839,62.2393863246,0.514143886849,46.6918904617,0.685343850583,734.691890462,0.980002650564,12,356
7561,4,cuberoot,19,38,0,152,152,76.7639201164,0,155.055680466,0.980293011798,2.97526782172,0,2.2320412753,0,154.232041275,0.985528031291,0,76
7573,0,sqrt,87,174,0,0,0,0,nan,0,nan,0,nan,0,nan,0,nan,0,0
7573,0,cuberoot,19,38,0,0,0,0,nan,0,nan,0,nan,0,nan,0,nan,0,0
7577,0,sqrt,87,174,0,0,0,0,nan,0,nan,0,nan,0,nan,0,nan,0,0
7577,0,cuberoot,19,38,0,0,0,0,nan,0,nan,0,nan,0,nan,0,nan,0,0
7583,0,sqrt,87,174,0,0,0,0,nan,0,nan,0,nan,0,nan,0,nan,0,0
7583,0,cuberoot,19,38,0,0,0,0,nan,0,nan,0,nan,0,nan,0,nan,0,0
7589,0,sqrt,87,174,0,0,0,0,nan,0,nan,0,nan,0,nan,0,nan,0,0
7589,0,cuberoot,19,38,0,0,0,0,nan,0,nan,0,nan,0,nan,0,nan,0,0
7591,0,sqrt,87,174,0,0,0,0,nan,0,nan,0,nan,0,nan,0,nan,0,0
7591,0,cuberoot,19,38,0,0,0,0,nan,0,nan,0,nan,0,nan,0,nan,0,0
7603,0,sqrt,87,174,0,0,0,0,nan,0,nan,0,nan,0,nan,0,nan,0,0
7603,0,cuberoot,19,38,0,0,0,0,nan,0,nan,0,nan,0,nan,0,nan,0,0
7607,0,sqrt,87,174,0,0,0,0,nan,0,nan,0,nan,0,nan,0,nan,0,0
7607,0,cuberoot,19,38,0,0,0,0,nan,0,nan,0,nan,0,nan,0,nan,0,0
7621,0,sqrt,87,174,0,0,0,0,nan,0,nan,0,nan,0,nan,0,nan,0,0
7621,0,cuberoot,19,38,0,0,0,0,nan,0,nan,0,nan,0,nan,0,nan,0,0
7639,4,sqrt,87,174,36,732,696,363.853383951,0.0989409514599,759.413535803,0.963901702418,63.0490901951,0.570983655571,47.299201257,0.761112218457,743.299201257,0.984798582808,6,354
7639,4,cuberoot,19,38,0,152,152,76.756119911,0,155.024479644,0.980490309331,2.94488807436,0,2.20924446772,0,154.209244468,0.985673722251,0,76
7643,0,sqrt,87,174,0,0,0,0,nan,0,nan,0,nan,0,nan,0,nan,0,0
7643,0,cuberoot,19,38,0,0,0,0,nan,0,nan,0,nan,0,nan,0,nan,0,0
7649,0,sqrt,87,174,0,0,0,0,nan,0,nan,0,nan,0,nan,0,nan,0,0
7649,0,cuberoot,19,38,0,0,0,0,nan,0,nan,0,nan,0,nan,0,nan,0,0
7669,0,sqrt,87,174,0,0,0,0,nan,0,nan,0,nan,0,nan,0,nan,0,0
7669,0,cuberoot,19,38,0,0,0,0,nan,0,nan,0,nan,0,nan,0,nan,0,0
7673,0,sqrt,87,174,0,0,0,0,nan,0,nan,0,nan,0,nan,0,nan,0,0
7673,0,cuberoot,19,38,0,0,0,0,nan,0,nan,0,nan,0,nan,0,nan,0,0
7681,0,sqrt,87,174,0,0,0,0,nan,0,nan,0,nan,0,nan,0,nan,0,0
7681,0,cuberoot,19,38,0,0,0,0,nan,0,nan,0,nan,0,nan,0,nan,0,0
7687,2,sqrt,87,174,20,368,348,177.938597632,0.112398323164,363.754390529,1.01167163773,15.6638480552,1.2768254601,7.83396226415,2.55298651252,355.833962264,1.03419020955,10,184
7687,2,cuberoot,19,38,4,80,76,38.1878496162,0.104745358542,76.7513984649,1.0423262846,0.731624821127,5.46728307255,0.365907612232,10.9317211949,76.3659076122,1.04758788969,2,40
7691,0,sqrt,87,174,0,0,0,0,nan,0,nan,0,nan,0,nan,0,nan,0,0
7691,0,cuberoot,19,38,0,0,0,0,nan,0,nan,0,nan,0,nan,0,nan,0,0
7699,0,sqrt,87,174,0,0,0,0,nan,0,nan,0,nan,0,nan,0,nan,0,0
7699,0,cuberoot,19,38,0,0,0,0,nan,0,nan,0,nan,0,nan,0,nan,0,0
7703,0,sqrt,87,174,0,0,0,0,nan,0,nan,0,nan,0,nan,0,nan,0,0
7703,0,cuberoot,19,38,0,0,0,0,nan,0,nan,0,nan,0,nan,0,nan,0,0
7717,0,sqrt,87,174,0,0,0,0,nan,0,nan,0,nan,0,nan,0,nan,0,0
7717,0,cuberoot,19,38,0,0,0,0,nan,0,nan,0,nan,0,nan,0,nan,0,0
7723,2,sqrt,87,174,4,352,348,177.920238249,0.0224819842833,363.680952998,0.967881317673,15.590832578,0.256561025845,7.79743556534,0.512989170155,355.797435565,0.989326973199,2,176
7723,2,cuberoot,19,38,0,76,76,38.1869739738,0,76.7478958954,0.990255160918,0.728214424446,0,0.364201528299,0,76.3642015283,0.995230729569,0,38
7727,6,sqrt,87,174,84,1128,1044,557.263879902,0.150736487739,1185.05551961,0.951854137918,140.244855701,0.598952450557,116.900970874,0.718556906518,1160.90097087,0.971659106419,24,546
7727,6,cuberoot,19,38,0,228,228,115.681894655,0,234.72757862,0.971338780641,6.55053707778,0,5.46019417476,0,233.460194175,0.976611883692,0,114
7741,0,sqrt,87,174,0,0,0,0,nan,0,nan,0,nan,0,nan,0,nan,0,0
7741,0,cuberoot,19,38,0,0,0,0,nan,0,nan,0,nan,0,nan,0,nan,0,0
7753,2,sqrt,88,176,8,360,352,179.995356636,0.0444455909836,367.981426545,0.9783102462,15.8906229847,0.503441558442,7.94736163076,1.00662337662,359.947361631,1.00014623908,4,180
7753,2,cuberoot,19,38,0,76,76,38.1862504837,0,76.7450019347,0.990292502235,0.725396620663,0,0.36279189782,0,76.3627918978,0.995249101181,0,38
7757,0,sqrt,88,176,0,0,0,0,nan,0,nan,0,nan,0,nan,0,nan,0,0
7757,0,cuberoot,19,38,0,0,0,0,nan,0,nan,0,nan,0,nan,0,nan,0,0
7759,0,sqrt,88,176,0,0,0,0,nan,0,nan,0,nan,0,nan,0,nan,0,0
7759,0,cuberoot,19,38,0,0,0,0,nan,0,nan,0,nan,0,nan,0,nan,0,0
7789,0,sqrt,88,176,0,0,0,0,nan,0,nan,0,nan,0,nan,0,nan,0,0
7789,0,cuberoot,19,38,0,0,0,0,nan,0,nan,0,nan,0,nan,0,nan,0,0
7793,0,sqrt,88,176,0,0,0,0,nan,0,nan,0,nan,0,nan,0,nan,0,0
7793,0,cuberoot,19,38,0,0,0,0,nan,0,nan,0,nan,0,nan,0,nan,0,0
7817,0,sqrt,88,176,0,0,0,0,nan,0,nan,0,nan,0,nan,0,nan,0,0
7817,0,cuberoot,19,38,0,0,0,0,nan,0,nan,0,nan,0,nan,0,nan,0,0
7823,2,sqrt,88,176,4,356,352,179.959606289,0.0222272102195,367.838425157,0.967816235752,15.7484341046,0.253993506494,7.87623066104,0.507857142857,359.876230661,0.989228989495,0,176
7823,2,cuberoot,19,38,0,76,76,38.1845839192,0,76.7383356769,0.990378528928,0.718905790617,0,0.359544815241,0,76.3595448152,0.995291422754,0,38
7829,0,sqrt,88,176,0,0,0,0,nan,0,nan,0,nan,0,nan,0,nan,0,0
7829,0,cuberoot,19,38,0,0,0,0,nan,0,nan,0,nan,0,nan,0,nan,0,0
7841,2,sqrt,88,176,12,364,352,179.950516516,0.0666849989227,367.802066063,0.989662738702,15.7122815967,0.763733766234,7.85814517158,1.52707792208,359.858145172,1.01150968759,6,182
7841,2,cuberoot,19,38,0,76,76,38.1841601837,0,76.7366407346,0.990400404194,0.717255452111,0,0.358719224391,0,76.3587192244,0.99530218385,0,38
7853,0,sqrt,88,176,0,0,0,0,nan,0,nan,0,nan,0,nan,0,nan,0,0
7853,0,cuberoot,19,38,0,0,0,0,nan,0,nan,0,nan,0,nan,0,nan,0,0
7867,0,sqrt,88,176,0,0,0,0,nan,0,nan,0,nan,0,nan,0,nan,0,0
7867,0,cuberoot,19,38,0,0,0,0,nan,0,nan,0,nan,0,nan,0,nan,0,0
7873,2,sqrt,88,176,8,360,352,179.934459545,0.0444606331673,367.737838181,0.978958275767,15.648418646,0.511233766234,7.82619743362,1.02220779221,359.826197434,1.0004830181,0,176
7873,2,cuberoot,19,38,0,76,76,38.1834116601,0,76.7336466404,0.990439048937,0.714340149879,0,0.357260830898,0,76.3572608309,0.995321193728,0,38
7877,2,sqrt,88,176,20,372,352,179.932461597,0.111152817132,367.729846388,1.01161220296,15.640472261,1.27873376623,7.82222222222,2.55681818182,359.822222222,1.03384387352,10,186
7877,2,cuberoot,19,38,4,80,76,38.1833185223,0.104757788343,76.7332740891,1.04257248175,0.713977402564,5.60241820768,0.357079365079,11.2019914651,76.3570793651,1.04770900963,2,40
7879,2,sqrt,88,176,8,360,352,179.931463384,0.0444613735117,367.725853535,0.978990181244,15.6365020942,0.511623376623,7.82023613051,1.02298701299,359.820236131,1.00049959355,4,180
7879,2,cuberoot,19,38,0,76,76,38.1832719888,0,76.7330879553,0.990446260214,0.713796167026,0,0.356988701282,0,76.3569887013,0.995324740965,0,38
7883,2,sqrt,88,176,8,360,352,179.929468476,0.0444618664621,367.717873906,0.979011425733,15.6285678041,0.511883116883,7.8162669712,1.02350649351,359.816266971,1.00051063013,2,178
7883,2,cuberoot,19,38,0,76,76,38.1831789928,0,76.7327159711,0.990451061691,0.713433971838,0,0.356807511737,0,76.3568075117,0.995327102804,0,38
7901,0,sqrt,88,176,0,0,0,0,nan,0,nan,0,nan,0,nan,0,nan,0,0
7901,0,cuberoot,19,38,0,0,0,0,nan,0,nan,0,nan,0,nan,0,nan,0,0
7907,0,sqrt,88,176,0,0,0,0,nan,0,nan,0,nan,0,nan,0,nan,0,0
7907,0,cuberoot,19,38,0,0,0,0,nan,0,nan,0,nan,0,nan,0,nan,0,0
7919,0,sqrt,88,176,0,0,0,0,nan,0,nan,0,nan,0,nan,0,nan,0,0
7919,0,cuberoot,19,38,0,0,0,0,nan,0,nan,0,nan,0,nan,0,nan,0,0
7927,2,sqrt,89,178,4,360,356,181.996972373,0.0219783875954,371.987889492,0.967773441474,15.8980698877,0.251602869295,7.95104100946,0.503078778645,363.951041009,0.989144031575,0,178
7927,2,cuberoot,19,38,0,76,76,38.1821622304,0,76.7286489214,0.990503561165,0.709473949792,0,0.354826498423,0,76.3548264984,0.9953529264,0,38
7933,2,sqrt,89,178,8,364,356,181.993949326,0.0439575053437,371.975797302,0.978558289652,15.8860456322,0.503586618422,7.94502584794,1.00691931696,363.945025848,1.0001510507,2,180
7933,2,cuberoot,19,38,0,76,76,38.1820244548,0,76.7280978192,0.99051067549,0.708937350309,0,0.354558063296,0,76.3545580633,0.995356425703,0,38
7937,2,sqrt,89,178,8,364,356,181.9919365,0.0439579915125,371.967746,0.978579470706,15.8780395615,0.50384053831,7.94102079395,1.00742715673,363.941020794,1.00016205704,2,180
7937,2,cuberoot,19,38,0,76,76,38.1819327202,0,76.7277308807,0.990515412455,0.708580068036,0,0.354379332073,0,76.3543793321,0.995358755645,0,38
7949,0,sqrt,89,178,0,0,0,0,nan,0,nan,0,nan,0,nan,0,nan,0,0
7949,0,cuberoot,19,38,0,0,0,0,nan,0,nan,0,nan,0,nan,0,nan,0,0
7951,0,sqrt,89,178,0,0,0,0,nan,0,nan,0,nan,0,nan,0,nan,0,0
7951,0,cuberoot,19,38,0,0,0,0,nan,0,nan,0,nan,0,nan,0,nan,0,0
7963,0,sqrt,89,178,0,0,0,0,nan,0,nan,0,nan,0,nan,0,nan,0,0
7963,0,cuberoot,19,38,0,0,0,0,nan,0,nan,0,nan,0,nan,0,nan,0,0
7993,0,sqrt,89,178,0,0,0,0,nan,0,nan,0,nan,0,nan,0,nan,0,0
7993,0,cuberoot,19,38,0,0,0,0,nan,0,nan,0,nan,0,nan,0,nan,0,0
8009,2,sqrt,89,178,4,360,356,181.956049444,0.0219833306571,371.824197778,0.96819949361,15.73529779,0.25420554815,7.86961408767,0.508284136355,363.869614088,0.989365382714,2,180
8009,2,cuberoot,20,40,0,80,80,40.1997752528,0,80.7991010114,0.990110025961,0.779123486078,0,0.389659048333,0,80.3896590483,0.995152870992,0,40
8011,4,sqrt,89,178,52,764,712,371.82024716,0.139852523893,775.280988641,0.985449161264,62.9254774685,0.826374341395,47.20589337,1.10155737531,759.20589337,1.00631463306,8,364
8011,4,cuberoot,20,40,4,164,160,80.7989015104,0.0495056235323,163.195606042,1.00492901726,3.11571589065,1.28381410256,2.33737045823,1.71132478632,162.337370458,1.01024181639,0,80
8017,2,sqrt,89,178,4,360,356,181.952101784,0.0219838076108,371.808407135,0.968240612885,15.7195958588,0.254459468038,7.8617592015,0.508791976132,363.861759201,0.989386740695,2,180
8017,2,cuberoot,20,40,0,80,80,40.1995759012,0,80.7983036048,0.990119797456,0.778346014719,0,0.389270118528,0,80.3892701185,0.995157685622,0,40
8039,2,sqrt,89,178,4,360,356,181.94128623,0.0219851144448,371.765144919,0.968353286801,15.6765766886,0.255157747731,7.84023889511,0.510188535517,363.840238895,0.989445260627,2,180
8039,2,cuberoot,20,40,0,80,80,40.1990297301,0,80.7961189203,0.990146569775,0.776215947257,0,0.388204553938,0,80.3882045539,0.995170876672,0,40
8053,2,sqrt,89,178,8,364,356,181.934434372,0.0439718848584,371.737737489,0.979184955659,15.6493232336,0.51120421507,7.82660539063,1.02215451025,363.826605391,1.00047658584,2,180
8053,2,cuberoot,20,40,0,80,80,40.1986837204,0,80.7947348814,0.990163531292,0.774866509375,0,0.387529499441,0,80.3875294994,0.995179233622,0,40
8059,2,sqrt,89,178,12,368,356,181.93150515,0.0659588892542,371.726020598,0.989976433202,15.6376721678,0.767377642354,7.82077696413,1.53437440488,363.820776964,1.01148703785,6,184
8059,2,cuberoot,20,40,0,80,80,40.1985357985,0,80.7941431939,0.990170782651,0.774289614096,0,0.387240908527,0,80.3872409085,0.995182806324,0,40
8069,0,sqrt,89,178,0,0,0,0,nan,0,nan,0,nan,0,nan,0,nan,0,0
8069,0,cuberoot,20,40,0,0,0,0,nan,0,nan,0,nan,0,nan,0,nan,0,0
8081,0,sqrt,89,178,0,0,0,0,nan,0,nan,0,nan,0,nan,0,nan,0,0
8081,0,cuberoot,20,40,0,0,0,0,nan,0,nan,0,nan,0,nan,0,nan,0,0
8087,2,sqrt,89,178,8,364,356,181.917892915,0.0439758831406,371.671571658,0.979359272424,15.5835291208,0.51336253412,7.79369202226,1.02647114835,363.793692022,1.00056710158,2,180
8087,2,cuberoot,20,40,0,80,80,40.1978483987,0,80.7913935947,0.99020448145,0.771608754792,0,0.385899814471,0,80.3858998145,0.995199409158,0,40
8089,4,sqrt,89,178,44,756,712,371.667696872,0.118385322077,774.670787489,0.975898423187,62.3187044134,0.706048054339,46.7505873624,0.941164645888,758.750587362,0.99637484648,8,364
8089,4,cuberoot,20,40,0,160,160,80.7911979231,0,163.164791692,0.980603709541,3.08567190011,0,2.31482626437,0,162.314826264,0.985738664066,0,80
8093,4,sqrt,89,178,136,848,712,371.659953046,0.365925892433,774.639812183,1.09470232057,62.2879031262,2.1834095093,46.7274749722,2.91049323938,758.727474972,1.11766085712,62,418
8093,4,cuberoot,20,40,24,184,160,80.7908068701,0.297063501774,163.163227481,1.12770507694,3.08414679353,7.78173076923,2.31368186874,10.3730769231,162.313681869,1.13360745614,12,92
8101,0,sqrt,90,180,0,0,0,0,nan,0,nan,0,nan,0,nan,0,nan,0,0
8101,0,cuberoot,20,40,0,0,0,0,nan,0,nan,0,nan,0,nan,0,nan,0,0
8111,2,sqrt,90,180,8,368,360,183.994575268,0.0434795427438,375.978301073,0.978779889558,15.8895327333,0.5034761018,7.94672586016,1.00670391061,367.94672586,1.00014478764,2,182
8111,2,cuberoot,20,40,0,80,80,40.1972629762,0,80.7890519048,0.990233182762,0.7693256072,0,0.384757676656,0,80.3847576767,0.995213549337,0,40
8117,0,sqrt,90,180,0,0,0,0,nan,0,nan,0,nan,0,nan,0,nan,0,0
8117,0,cuberoot,20,40,0,0,0,0,nan,0,nan,0,nan,0,nan,0,nan,0,0
8123,0,sqrt,90,180,0,0,0,0,nan,0,nan,0,nan,0,nan,0,nan,0,0
8123,0,cuberoot,20,40,0,0,0,0,nan,0,nan,0,nan,0,nan,0,nan,0,0
8147,0,sqrt,90,180,0,0,0,0,nan,0,nan,0,nan,0,nan,0,nan,0,0
8147,0,cuberoot,20,40,0,0,0,0,nan,0,nan,0,nan,0,nan,0,nan,0,0
8161,0,sqrt,90,180,0,0,0,0,nan,0,nan,0,nan,0,nan,0,nan,0,0
8161,0,cuberoot,20,40,0,0,0,0,nan,0,nan,0,nan,0,nan,0,nan,0,0
8167,0,sqrt,90,180,0,0,0,0,nan,0,nan,0,nan,0,nan,0,nan,0,0
8167,0,cuberoot,20,40,0,0,0,0,nan,0,nan,0,nan,0,nan,0,nan,0,0
8171,0,sqrt,90,180,0,0,0,0,nan,0,nan,0,nan,0,nan,0,nan,0,0
8171,0,cuberoot,20,40,0,0,0,0,nan,0,nan,0,nan,0,nan,0,nan,0,0
8179,0,sqrt,90,180,0,0,0,0,nan,0,nan,0,nan,0,nan,0,nan,0,0
8179,0,cuberoot,20,40,0,0,0,0,nan,0,nan,0,nan,0,nan,0,nan,0,0
8191,0,sqrt,90,180,0,0,0,0,nan,0,nan,0,nan,0,nan,0,nan,0,0
8191,0,cuberoot,20,40,0,0,0,0,nan,0,nan,0,nan,0,nan,0,nan,0,0
8209,0,sqrt,90,180,0,0,0,0,nan,0,nan,0,nan,0,nan,0,nan,0,0
8209,0,cuberoot,20,40,0,0,0,0,nan,0,nan,0,nan,0,nan,0,nan,0,0
8219,0,sqrt,90,180,0,0,0,0,nan,0,nan,0,nan,0,nan,0,nan,0,0
8219,0,cuberoot,20,40,0,0,0,0,nan,0,nan,0,nan,0,nan,0,nan,0,0
8221,0,sqrt,90,180,0,0,0,0,nan,0,nan,0,nan,0,nan,0,nan,0,0
8221,0,cuberoot,20,40,0,0,0,0,nan,0,nan,0,nan,0,nan,0,nan,0,0
8231,2,sqrt,90,180,16,376,360,183.936338234,0.0869866180531,375.745352934,1.00067771182,15.6578787511,1.02184978274,7.83084214364,2.04320297952,367.830842144,1.02220900729,8,188
8231,2,cuberoot,20,40,0,80,80,40.1943870733,0,80.777548293,0.990374202864,0.758109585713,0,0.379146919431,0,80.3791469194,0.995283018868,0,40
8233,2,sqrt,90,180,8,368,360,183.935381999,0.0434935351374,375.741527997,0.979396666537,15.6540750638,0.511049037865,7.82893937553,1.02184978274,367.828939376,1.00046505483,2,182
8233,2,cuberoot,20,40,0,80,80,40.1943398518,0,80.7773594073,0.990376518706,0.757925422082,0,0.379054792856,0,80.3790547929,0.995284159613,0,40
8237,4,sqrt,90,180,32,752,720,375.733883696,0.0851666602045,782.935534782,0.96048776252,62.5858929222,0.51129733085,46.9508196721,0.68156424581,766.950819672,0.980506155951,6,366
8237,4,cuberoot,20,40,0,160,160,80.7769819109,0,163.107927644,0.980945575801,3.03022945247,0,2.27322404372,0,162.273224044,0.98599137931,0,80
8243,2,sqrt,90,180,8,368,360,183.930607788,0.0434946640812,375.722431154,0.97944644633,15.635084314,0.511669770329,7.81943938842,1.02309124767,367.819439388,1.0004908947,4,184
8243,2,cuberoot,20,40,0,80,80,40.1941040883,0,80.7764163533,0.990388081221,0.757005944438,0,0.378594830724,0,80.3785948307,0.995289855072,0,40
8263,0,sqrt,90,180,0,0,0,0,nan,0,nan,0,nan,0,nan,0,nan,0,0
8263,0,cuberoot,20,40,0,0,0,0,nan,0,nan,0,nan,0,nan,0,nan,0,0
8269,0,sqrt,90,180,0,0,0,0,nan,0,nan,0,nan,0,nan,0,nan,0,0
8269,0,cuberoot,20,40,0,0,0,0,nan,0,nan,0,nan,0,nan,0,nan,0,0
8273,2,sqrt,90,180,8,368,360,183.916354406,0.0434980348857,375.665417624,0.979595093762,15.5783875257,0.513531967722,7.79107725789,1.02681564246,367.791077258,1.00056804734,2,182
8273,2,cuberoot,20,40,0,80,80,40.1934002176,0,80.7736008703,0.990422602658,0.754260848543,0,0.3772216177,0,80.3772216177,0.995306859206,0,40
8287,0,sqrt,91,182,0,0,0,0,nan,0,nan,0,nan,0,nan,0,nan,0,0
8287,0,cuberoot,20,40,0,0,0,0,nan,0,nan,0,nan,0,nan,0,nan,0,0
8291,0,sqrt,91,182,0,0,0,0,nan,0,nan,0,nan,0,nan,0,nan,0,0
8291,0,cuberoot,20,40,0,0,0,0,nan,0,nan,0,nan,0,nan,0,nan,0,0
8293,2,sqrt,91,182,8,372,364,185.994211986,0.0430120911537,379.976847944,0.979007015856,15.8890630652,0.503490984154,7.94644795561,1.00673911724,371.946447956,1.00014397784,2,184
8293,2,cuberoot,20,40,0,80,80,40.1929337996,0,80.7717351984,0.990445479517,0.752441818401,0,0.376311663249,0,80.3763116632,0.995318127251,0,40
8297,0,sqrt,91,182,0,0,0,0,nan,0,nan,0,nan,0,nan,0,nan,0,0
8297,0,cuberoot,20,40,0,0,0,0,nan,0,nan,0,nan,0,nan,0,nan,0,0
8311,2,sqrt,91,182,8,372,364,185.985561304,0.0430140917601,379.942245217,0.979096177598,15.8546504632,0.504583813976,7.92923336142,1.00892477688,371.929233361,1.00019026909,4,186
8311,2,cuberoot,20,40,0,80,80,40.1925159427,0,80.7700637709,0.99046597545,0.750812176633,0,0.375496449633,0,80.3754964496,0.995328222329,0,40
8317,0,sqrt,91,182,0,0,0,0,nan,0,nan,0,nan,0,nan,0,nan,0,0
8317,0,cuberoot,20,40,0,0,0,0,nan,0,nan,0,nan,0,nan,0,nan,0,0
8329,2,sqrt,91,182,16,380,364,185.976948013,0.0860321678087,379.907792052,1.00024271139,15.820386601,1.0113532876,7.91209319083,2.02222087305,371.912093191,1.02174682393,0,182
8329,2,cuberoot,20,40,0,80,80,40.1920998919,0,80.7683995678,0.990486383637,0.749189578581,0,0.374684760418,0,80.3746847604,0.995338273966,0,40
8353,0,sqrt,91,182,0,0,0,0,nan,0,nan,0,nan,0,nan,0,nan,0,0
8353,0,cuberoot,20,40,0,0,0,0,nan,0,nan,0,nan,0,nan,0,nan,0,0
8363,0,sqrt,91,182,0,0,0,0,nan,0,nan,0,nan,0,nan,0,nan,0,0
8363,0,cuberoot,20,40,0,0,0,0,nan,0,nan,0,nan,0,nan,0,nan,0,0
8369,2,sqrt,91,182,8,372,364,185.957940017,0.043020480864,379.831760067,0.979380976289,15.7447723742,0.508105154514,7.87426795745,1.01596745796,371.874267957,1.00033810364,2,184
8369,2,cuberoot,20,40,0,80,80,40.1911817421,0,80.7647269686,0.990531423837,0.74560879436,0,0.372893510219,0,80.3728935102,0.995360456817,0,40
8377,0,sqrt,91,182,0,0,0,0,nan,0,nan,0,nan,0,nan,0,nan,0,0
8377,0,cuberoot,20,40,0,0,0,0,nan,0,nan,0,nan,0,nan,0,nan,0,0
8387,0,sqrt,91,182,0,0,0,0,nan,0,nan,0,nan,0,nan,0,nan,0,0
8387,0,cuberoot,20,40,0,0,0,0,nan,0,nan,0,nan,0,nan,0,nan,0,0
8389,2,sqrt,91,182,8,372,364,185.948503993,0.0430226639537,379.794015973,0.979478307594,15.7072356658,0.509319409872,7.85549064028,1.01839596867,371.85549064,1.00038861699,4,186
8389,2,cuberoot,20,40,0,80,80,40.1907259506,0,80.7629038026,0.99055378439,0.743831207534,0,0.372004292357,0,80.3720042924,0.995371469262,0,40
8419,0,sqrt,91,182,0,0,0,0,nan,0,nan,0,nan,0,nan,0,nan,0,0
8419,0,cuberoot,20,40,0,0,0,0,nan,0,nan,0,nan,0,nan,0,nan,0,0
8423,0,sqrt,91,182,0,0,0,0,nan,0,nan,0,nan,0,nan,0,nan,0,0
8423,0,cuberoot,20,40,0,0,0,0,nan,0,nan,0,nan,0,nan,0,nan,0,0
8429,2,sqrt,91,182,8,372,364,185.929766283,0.0430269997103,379.719065132,0.979671641903,15.6326966425,0.511747920588,7.81820339385,1.0232529901,371.818203394,1.0004889395,4,186
8429,2,cuberoot,20,40,0,80,80,40.1898208566,0,80.7592834263,0.990598190152,0.74030134061,0,0.370238519046,0,80.370238519,0.995393338058,0,40
8431,0,sqrt,91,182,0,0,0,0,nan,0,nan,0,nan,0,nan,0,nan,0,0
8431,0,cuberoot,20,40,0,0,0,0,nan,0,nan,0,nan,0,nan,0,nan,0,0
8443,0,sqrt,91,182,0,0,0,0,nan,0,nan,0,nan,0,nan,0,nan,0,0
8443,0,cuberoot,20,40,0,0,0,0,nan,0,nan,0,nan,0,nan,0,nan,0,0
8447,0,sqrt,91,182,0,0,0,0,nan,0,nan,0,nan,0,nan,0,nan,0,0
8447,0,cuberoot,20,40,0,0,0,0,nan,0,nan,0,nan,0,nan,0,nan,0,0
8461,2,sqrt,91,182,8,372,364,185.914903676,0.0430304394206,379.659614703,0.979825047474,15.5735728637,0.51369072916,7.78862749734,1.02713860725,371.788627497,1.00056852869,4,186
8461,2,cuberoot,20,40,0,80,80,40.1891029429,0,80.7564117717,0.990633415291,0.737501477367,0,0.368837924105,0,80.3688379241,0.995410684867,0,40
8467,0,sqrt,92,184,0,0,0,0,nan,0,nan,0,nan,0,nan,0,nan,0,0
8467,0,cuberoot,20,40,0,0,0,0,nan,0,nan,0,nan,0,nan,0,nan,0,0
8501,2,sqrt,92,184,4,372,368,187.982590283,0.0212785662436,383.930361134,0.968925715854,15.8437830843,0.252464956047,7.92375573597,0.504811119031,375.923755736,0.98956236291,0,184
8501,2,cuberoot,20,40,0,80,80,40.1882131514,0,80.7528526056,0.990677077264,0.734031290436,0,0.367102012001,0,80.367102012,0.995432185524,0,40
8513,0,sqrt,92,184,0,0,0,0,nan,0,nan,0,nan,0,nan,0,nan,0,0
8513,0,cuberoot,20,40,0,0,0,0,nan,0,nan,0,nan,0,nan,0,nan,0,0
8521,0,sqrt,92,184,0,0,0,0,nan,0,nan,0,nan,0,nan,0,nan,0,0
8521,0,cuberoot,20,40,0,0,0,0,nan,0,nan,0,nan,0,nan,0,nan,0,0
8527,2,sqrt,92,184,4,372,368,187.970446816,0.0212799409043,383.881787264,0.969048317325,15.7954732028,0.253237110953,7.89958944282,0.506355428843,375.899589443,0.989625981107,0,184
8527,2,cuberoot,20,40,0,80,80,40.1876392635,0,80.7505570541,0.990705239921,0.731793127712,0,0.365982404692,0,80.3659824047,0.995446053246,0,40
8537,4,sqrt,92,184,28,764,736,383.863183788,0.0729426555672,799.452735153,0.955653744626,63.1078833314,0.443684663816,47.3420035149,0.591440959848,783.342003515,0.975308353914,6,374
8537,4,cuberoot,20,40,0,160,160,80.7496778728,0,162.998711491,0.981602851558,2.92374370388,0,2.19332161687,0,162.193321617,0.986477115118,0,80
8539,0,sqrt,92,184,0,0,0,0,nan,0,nan,0,nan,0,nan,0,nan,0,0
8539,0,cuberoot,20,40,0,0,0,0,nan,0,nan,0,nan,0,nan,0,nan,0,0
8543,0,sqrt,92,184,0,0,0,0,nan,0,nan,0,nan,0,nan,0,nan,0,0
8543,0,cuberoot,20,40,0,0,0,0,nan,0,nan,0,nan,0,nan,0,nan,0,0
8563,2,sqrt,92,184,4,372,368,187.953754525,0.0212818307892,383.815018101,0.969216894744,15.7290669158,0.254306248515,7.86637075108,0.508493703968,375.866370751,0.989713443255,2,186
8563,2,cuberoot,20,40,0,80,80,40.1868504029,0,80.7474016116,0.990743954645,0.728716571295,0,0.364443406144,0,80.3644434061,0.995465116279,0,40
8573,4,sqrt,92,184,56,792,736,383.796570629,0.145910631531,799.186282515,0.991008000673,62.8428788056,0.8911113091,47.1431571579,1.18787122832,783.143157158,1.01130935355,24,392
8573,4,cuberoot,20,40,4,164,160,80.7465298029,0.0495377325783,162.986119211,1.00622065728,2.91146623119,1.37387820513,2.18410920546,1.83141025641,162.184109205,1.0111964779,2,82
8581,2,sqrt,92,184,4,372,368,187.945460902,0.02128276991,383.781843608,0.969300674839,15.6960727188,0.254840817296,7.84986595174,0.50956284153,375.849865952,0.989756904816,2,186
8581,2,cuberoot,20,40,0,80,80,40.1864584547,0,80.7458338189,0.990763191317,0.72718797343,0,0.363678750437,0,80.3636787504,0.995474588071,0,40
8597,0,sqrt,92,184,0,0,0,0,nan,0,nan,0,nan,0,nan,0,nan,0,0
8597,0,cuberoot,20,40,0,0,0,0,nan,0,nan,0,nan,0,nan,0,nan,0,0
8599,0,sqrt,92,184,0,0,0,0,nan,0,nan,0,nan,0,nan,0,nan,0,0
8599,0,cuberoot,20,40,0,0,0,0,nan,0,nan,0,nan,0,nan,0,nan,0,0
8609,4,sqrt,92,184,48,784,736,383.730514578,0.125087784725,798.922058311,0.981322260218,62.5800906029,0.767017106201,46.945974207,1.02245188881,782.945974207,1.00134623055,20,388
8609,4,cuberoot,20,40,4,164,160,80.7434080613,0.0495396478306,162.973632245,1.00629775345,2.89929143919,1.3796474359,2.17497385849,1.8391025641,162.174973858,1.01125343879,2,82
8623,0,sqrt,92,184,0,0,0,0,nan,0,nan,0,nan,0,nan,0,nan,0,0
8623,0,cuberoot,20,40,0,0,0,0,nan,0,nan,0,nan,0,nan,0,nan,0,0
8627,0,sqrt,92,184,0,0,0,0,nan,0,nan,0,nan,0,nan,0,nan,0,0
8627,0,cuberoot,20,40,0,0,0,0,nan,0,nan,0,nan,0,nan,0,nan,0,0
8629,0,sqrt,92,184,0,0,0,0,nan,0,nan,0,nan,0,nan,0,nan,0,0
8629,0,cuberoot,20,40,0,0,0,0,nan,0,nan,0,nan,0,nan,0,nan,0,0
8641,0,sqrt,92,184,0,0,0,0,nan,0,nan,0,nan,0,nan,0,nan,0,0
8641,0,cuberoot,20,40,0,0,0,0,nan,0,nan,0,nan,0,nan,0,nan,0,0
8647,4,sqrt,92,184,36,772,736,383.661385452,0.0938327425306,798.645541806,0.966636586055,62.3050769053,0.577802031361,46.7396182765,0.770224518888,782.739618276,0.986279449736,6,374
8647,4,cuberoot,20,40,0,160,160,80.7401410894,0,162.960564358,0.981832633133,2.88655024864,0,2.16541353383,0,162.165413534,0.986646884273,0,80
8663,4,sqrt,93,186,32,776,744,387.974142907,0.0824797234173,807.896571626,0.960518991234,63.5530416715,0.503516419645,47.6757880152,0.671200232491,791.675788015,0.980199232751,2,374
8663,4,cuberoot,20,40,0,160,160,80.7387740967,0,162.955096387,0.981865578601,2.88121897726,0,2.16141323173,0,162.161413232,0.986671223513,0,80
8669,2,sqrt,93,186,4,376,372,189.990771715,0.0210536541532,387.963086861,0.969164368296,15.8772638136,0.251932577739,7.94046382831,0.503748910201,379.940463828,0.989628733437,2,188
8669,2,cuberoot,20,40,0,80,80,40.1845656939,0,80.7382627754,0.99085609784,0.719806206021,0,0.359986154379,0,80.3599861544,0.995520330806,0,40
8677,0,sqrt,93,186,0,0,0,0,nan,0,nan,0,nan,0,nan,0,nan,0,0
8677,0,cuberoot,20,40,0,0,0,0,nan,0,nan,0,nan,0,nan,0,nan,0,0
8681,2,sqrt,93,186,40,412,372,189.985255155,0.210542654836,387.94102062,1.06201710596,15.8553162078,2.52281313572,7.92948496371,5.04446381866,379.929484964,1.08441175614,20,206
8681,2,cuberoot,20,40,8,88,80,40.1843105633,0.199082674005,80.7372422532,1.08995548453,0.718811196867,11.1294871795,0.359488420325,22.2538461538,80.3594884203,1.09507914659,4,44
8689,0,sqrt,93,186,0,0,0,0,nan,0,nan,0,nan,0,nan,0,nan,0,0
8689,0,cuberoot,20,40,0,0,0,0,nan,0,nan,0,nan,0,nan,0,nan,0,0
8693,0,sqrt,93,186,0,0,0,0,nan,0,nan,0,nan,0,nan,0,nan,0,0
8693,0,cuberoot,20,40,0,0,0,0,nan,0,nan,0,nan,0,nan,0,nan,0,0
8699,2,sqrt,93,186,4,376,372,189.977008852,0.0210551793829,387.908035406,0.96930191097,15.8225083343,0.252804417321,7.91307347361,0.505492589364,379.913073474,0.98970008208,2,188
8699,2,cuberoot,20,40,0,80,80,40.1839291873,0,80.7357167491,0.9908873448,0.717323830325,0,0.358744394619,0,80.3587443946,0.995535714286,0,40
8707,0,sqrt,93,186,0,0,0,0,nan,0,nan,0,nan,0,nan,0,nan,0,0
8707,0,cuberoot,20,40,0,0,0,0,nan,0,nan,0,nan,0,nan,0,nan,0,0
8713,0,sqrt,93,186,0,0,0,0,nan,0,nan,0,nan,0,nan,0,nan,0,0
8713,0,cuberoot,20,40,0,0,0,0,nan,0,nan,0,nan,0,nan,0,nan,0,0
8719,0,sqrt,93,186,0,0,0,0,nan,0,nan,0,nan,0,nan,0,nan,0,0
8719,0,cuberoot,20,40,0,0,0,0,nan,0,nan,0,nan,0,nan,0,nan,0,0
8731,2,sqrt,93,186,4,376,372,189.962432711,0.0210567949826,387.849730844,0.969447623908,15.7645172374,0.253734379541,7.88406461221,0.507352513804,379.884064612,0.98977565796,2,188
8731,2,cuberoot,20,40,0,80,80,40.1832550681,0,80.7330202726,0.990920440359,0.714694765777,0,0.357429258793,0,80.3574292588,0.995552007299,0,40
8737,2,sqrt,93,186,4,376,372,189.959711571,0.0210570966175,387.838846286,0.969474831108,15.7536911984,0.253908747457,7.87864911276,0.507701249637,379.878649113,0.98978976807,2,188
8737,2,cuberoot,20,40,0,80,80,40.1831292206,0,80.7325168822,0.990926619031,0.714203960169,0,0.35718374356,0,80.3571837436,0.995555049008,0,40
8741,0,sqrt,93,186,0,0,0,0,nan,0,nan,0,nan,0,nan,0,nan,0,0
8741,0,cuberoot,20,40,0,0,0,0,nan,0,nan,0,nan,0,nan,0,nan,0,0
8747,0,sqrt,93,186,0,0,0,0,nan,0,nan,0,nan,0,nan,0,nan,0,0
8747,0,cuberoot,20,40,0,0,0,0,nan,0,nan,0,nan,0,nan,0,nan,0,0
8753,6,sqrt,93,186,88,1204,1116,593.572260939,0.148254906422,1258.28904376,0.956854870488,141.524048898,0.621802447609,117.963661296,0.745992444057,1233.9636613,0.975717549685,14,572
8753,6,cuberoot,20,40,0,240,240,121.645150234,0,246.580600937,0.973312576448,6.4160859134,0,5.34796023312,0,245.347960233,0.978202548625,0,120
8761,2,sqrt,93,186,4,376,372,189.948864285,0.0210582991115,387.79545714,0.969583302428,15.710535327,0.254606219122,7.85706130837,0.509096192967,379.857061308,0.989846019197,2,188
8761,2,cuberoot,20,40,0,80,80,40.1826275539,0,80.7305102157,0.990951249859,0.712247460336,0,0.356205046238,0,80.3562050462,0.995567174358,0,40
8779,2,sqrt,93,186,8,380,372,189.940767741,0.0421183935136,387.763070965,0.979979860007,15.6783232714,0.510258645743,7.8409479321,1.02028480093,379.840947932,1.00041873334,2,188
8779,2,cuberoot,20,40,0,80,80,40.182253104,0,80.729012416,0.990969635399,0.710787105593,0,0.355474535718,0,80.3554745357,0.995576225045,0,40
8783,2,sqrt,93,186,4,376,372,189.938973016,0.0210593957442,387.755892064,0.969682234868,15.6711829671,0.255245568149,7.83737615306,0.51037489102,379.837376153,0.989897318184,0,186
8783,2,cuberoot,20,40,0,80,80,40.1821701013,0,80.7286804053,0.990973710933,0.710463395195,0,0.355312606765,0,80.3553126068,0.995578231293,0,40
8803,0,sqrt,93,186,0,0,0,0,nan,0,nan,0,nan,0,nan,0,nan,0,0
8803,0,cuberoot,20,40,0,0,0,0,nan,0,nan,0,nan,0,nan,0,nan,0,0
8807,0,sqrt,93,186,0,0,0,0,nan,0,nan,0,nan,0,nan,0,nan,0,0
8807,0,cuberoot,20,40,0,0,0,0,nan,0,nan,0,nan,0,nan,0,nan,0,0
8819,0,sqrt,93,186,0,0,0,0,nan,0,nan,0,nan,0,nan,0,nan,0,0
8819,0,cuberoot,20,40,0,0,0,0,nan,0,nan,0,nan,0,nan,0,nan,0,0
8821,0,sqrt,93,186,0,0,0,0,nan,0,nan,0,nan,0,nan,0,nan,0,0
8821,0,cuberoot,20,40,0,0,0,0,nan,0,nan,0,nan,0,nan,0,nan,0,0
8831,0,sqrt,93,186,0,0,0,0,nan,0,nan,0,nan,0,nan,0,nan,0,0
8831,0,cuberoot,20,40,0,0,0,0,nan,0,nan,0,nan,0,nan,0,nan,0,0
8837,0,sqrt,94,188,0,0,0,0,nan,0,nan,0,nan,0,nan,0,nan,0,0
8837,0,cuberoot,20,40,0,0,0,0,nan,0,nan,0,nan,0,nan,0,nan,0,0
8839,0,sqrt,94,188,0,0,0,0,nan,0,nan,0,nan,0,nan,0,nan,0,0
8839,0,cuberoot,20,40,0,0,0,0,nan,0,nan,0,nan,0,nan,0,nan,0,0
8849,0,sqrt,94,188,0,0,0,0,nan,0,nan,0,nan,0,nan,0,nan,0,0
8849,0,cuberoot,20,40,0,0,0,0,nan,0,nan,0,nan,0,nan,0,nan,0,0
8861,0,sqrt,94,188,0,0,0,0,nan,0,nan,0,nan,0,nan,0,nan,0,0
8861,0,cuberoot,20,40,0,0,0,0,nan,0,nan,0,nan,0,nan,0,nan,0,0
8863,2,sqrt,94,188,8,384,376,191.98781451,0.0416693112551,391.951258039,0.979713656033,15.8664109218,0.504209807714,7.93499605011,1.00819205825,383.93499605,1.00016930978,2,190
8863,2,cuberoot,20,40,0,80,80,40.1805257813,0,80.7221031254,0.991054455999,0.704050547219,0,0.352104728586,0,80.3521047286,0.995617977528,0,40
8867,0,sqrt,94,188,0,0,0,0,nan,0,nan,0,nan,0,nan,0,nan,0,0
8867,0,cuberoot,20,40,0,0,0,0,nan,0,nan,0,nan,0,nan,0,nan,0,0
8887,0,sqrt,94,188,0,0,0,0,nan,0,nan,0,nan,0,nan,0,nan,0,0
8887,0,cuberoot,20,40,0,0,0,0,nan,0,nan,0,nan,0,nan,0,nan,0,0
8893,2,sqrt,94,188,8,384,376,191.974361858,0.0416722312427,391.897447431,0.97984817844,15.81288654,0.505916486517,7.90822179732,1.01160541586,383.908221797,1.00023906287,2,190
8893,2,cuberoot,20,40,0,80,80,40.1799167885,0,80.7196671539,0.991084364204,0.701675475093,0,0.350916657294,0,80.3509166573,0.995632698768,0,40
8923,0,sqrt,94,188,0,0,0,0,nan,0,nan,0,nan,0,nan,0,nan,0,0
8923,0,cuberoot,20,40,0,0,0,0,nan,0,nan,0,nan,0,nan,0,nan,0,0
8929,2,sqrt,94,188,8,384,376,191.958338,0.0416757098616,391.833351999,0.980008460334,15.7491320417,0.507964501081,7.87633023412,1.01570144499,383.876330234,1.00032216044,2,190
8929,2,cuberoot,20,40,0,80,80,40.1791913988,0,80.7167655953,0.99111999112,0.69884645537,0,0.349501512266,0,80.3495015123,0.995650234218,0,40
8933,0,sqrt,94,188,0,0,0,0,nan,0,nan,0,nan,0,nan,0,nan,0,0
8933,0,cuberoot,20,40,0,0,0,0,nan,0,nan,0,nan,0,nan,0,nan,0,0
8941,2,sqrt,94,188,8,384,376,191.953025389,0.0416768633045,391.812101555,0.980061612381,15.7279946315,0.508647172602,7.86575679606,1.01706678803,383.865756796,1.00034971393,2,190
8941,2,cuberoot,20,40,0,80,80,40.1789509003,0,80.7158036014,0.991131803569,0.697908511352,0,0.349032330238,0,80.3490323302,0.995656048118,0,40
8951,2,sqrt,94,188,8,384,376,191.948609094,0.0416778221929,391.794436376,0.980105801277,15.7104234164,0.509216065536,7.85696725891,1.0182045739,383.856967259,1.00037261989,2,190
8951,2,cuberoot,20,40,0,80,80,40.1787509775,0,80.7150039102,0.991141623298,0.697128812423,0,0.348642306403,0,80.3486423064,0.995660881175,0,40
8963,0,sqrt,94,188,0,0,0,0,nan,0,nan,0,nan,0,nan,0,nan,0,0
8963,0,cuberoot,20,40,0,0,0,0,nan,0,nan,0,nan,0,nan,0,nan,0,0
8969,2,sqrt,94,188,4,380,376,191.94068458,0.0208397714573,391.762738321,0.969974841479,15.6788939681,0.255120036409,7.84119549459,0.510126294231,383.841195495,0.9899927482,2,190
8969,2,cuberoot,20,40,0,80,80,40.1783922399,0,80.7135689598,0.991159244115,0.695729735756,0,0.347942455671,0,80.3479424557,0.995669553631,0,40
8971,2,sqrt,94,188,4,380,376,191.939806042,0.0208398668441,391.759224167,0.969983542336,15.6753985063,0.255176925703,7.83944698406,0.510240072818,383.839446984,0.989997257931,0,188
8971,2,cuberoot,20,40,0,80,80,40.1783524691,0,80.7134098763,0.991161197658,0.695574629361,0,0.347864867878,0,80.3478648679,0.995670515098,0,40
8999,0,sqrt,94,188,0,0,0,0,nan,0,nan,0,nan,0,nan,0,nan,0,0
8999,0,cuberoot,20,40,0,0,0,0,nan,0,nan,0,nan,0,nan,0,nan,0,0
9001,0,sqrt,94,188,0,0,0,0,nan,0,nan,0,nan,0,nan,0,nan,0,0
9001,0,cuberoot,20,40,0,0,0,0,nan,0,nan,0,nan,0,nan,0,nan,0,0
9007,0,sqrt,94,188,0,0,0,0,nan,0,nan,0,nan,0,nan,0,nan,0,0
9007,0,cuberoot,20,40,0,0,0,0,nan,0,nan,0,nan,0,nan,0,nan,0,0
9011,0,sqrt,94,188,0,0,0,0,nan,0,nan,0,nan,0,nan,0,nan,0,0
9011,0,cuberoot,20,40,0,0,0,0,nan,0,nan,0,nan,0,nan,0,nan,0,0
9013,0,sqrt,94,188,0,0,0,0,nan,0,nan,0,nan,0,nan,0,nan,0,0
9013,0,cuberoot,20,40,0,0,0,0,nan,0,nan,0,nan,0,nan,0,nan,0,0
9029,2,sqrt,95,190,8,388,380,193.998227932,0.0412374900806,395.992911729,0.979815518177,15.9087385092,0.502868281816,7.95613160518,1.00551378446,387.956131605,1.00011307566,2,192
9029,2,cuberoot,20,40,0,80,80,40.1772067782,0,80.7088271126,0.99121747722,0.691106434821,0,0.345629777335,0,80.3456297773,0.995698213104,0,40
9041,2,sqrt,95,190,8,388,380,193.992921137,0.0412386181574,395.971684548,0.979868043956,15.8876230505,0.503536619326,7.94556920013,1.00685045948,387.9455692,1.00014030525,2,192
9041,2,cuberoot,20,40,0,80,80,40.1769715739,0,80.7078862958,0.991229031904,0.69018913837,0,0.345170925987,0,80.345170926,0.995703899537,0,40
9043,0,sqrt,95,190,0,0,0,0,nan,0,nan,0,nan,0,nan,0,nan,0,0
9043,0,cuberoot,20,40,0,0,0,0,nan,0,nan,0,nan,0,nan,0,nan,0,0
9049,2,sqrt,95,190,4,384,380,193.989391093,0.0206196842903,395.957564372,0.969800894218,15.8735771908,0.251991088833,7.93854316348,0.503870788081,387.938543163,0.989847507465,0,190
9049,2,cuberoot,20,40,0,80,80,40.1768151177,0,80.7072604708,0.991236718151,0.689578959001,0,0.344865701337,0,80.3448657013,0.995707682148,0,40
9059,2,sqrt,95,190,4,384,380,193.984987305,0.020620152392,395.939949222,0.969844040125,15.8560547522,0.252269562796,7.92977807221,0.504427736007,387.929778072,0.989869872605,2,192
9059,2,cuberoot,20,40,0,80,80,40.176619936,0,80.7064797439,0.991246307036,0.688817750304,0,0.344484928784,0,80.3444849288,0.995712401055,0,40
9067,2,sqrt,95,190,8,388,380,193.981471269,0.0412410522904,395.925885078,0.979981392032,15.84206463,0.504984683932,7.92277992278,1.00974658869,387.922779923,1.00019906043,2,192
9067,2,cuberoot,20,40,0,80,80,40.1764641006,0,80.7058564023,0.991253963048,0.68820999228,0,0.344180915609,0,80.3441809156,0.995716168717,0,40
9091,4,sqrt,95,190,44,804,760,395.883841162,0.111143712941,823.535364646,0.976278657256,63.2009679903,0.69619186856,47.4111563428,0.928051610508,807.411156343,0.995775192953,12,392
9091,4,cuberoot,20,40,0,160,160,80.7039929601,0,162.81597184,0.982704572479,2.74557254427,0,2.05963252283,0,162.059632523,0.987290897241,0,80
9103,0,sqrt,95,190,0,0,0,0,nan,0,nan,0,nan,0,nan,0,nan,0,0
9103,0,cuberoot,20,40,0,0,0,0,nan,0,nan,0,nan,0,nan,0,nan,0,0
9109,0,sqrt,95,190,0,0,0,0,nan,0,nan,0,nan,0,nan,0,nan,0,0
9109,0,cuberoot,20,40,0,0,0,0,nan,0,nan,0,nan,0,nan,0,nan,0,0
9127,0,sqrt,95,190,0,0,0,0,nan,0,nan,0,nan,0,nan,0,nan,0,0
9127,0,cuberoot,20,40,0,0,0,0,nan,0,nan,0,nan,0,nan,0,nan,0,0
9133,0,sqrt,95,190,0,0,0,0,nan,0,nan,0,nan,0,nan,0,nan,0,0
9133,0,cuberoot,20,40,0,0,0,0,nan,0,nan,0,nan,0,nan,0,nan,0,0
9137,2,sqrt,95,190,8,388,380,193.950968589,0.0412475382732,395.803874357,0.980283481637,15.7206960709,0.50888331941,7.86206896552,1.01754385965,387.862068966,1.00035561878,0,190
9137,2,cuberoot,20,40,0,80,80,40.1751121812,0,80.700448725,0.991320386243,0.68293750684,0,0.341543513957,0,80.341543514,0.995748855461,0,40
9151,0,sqrt,95,190,0,0,0,0,nan,0,nan,0,nan,0,nan,0,nan,0,0
9151,0,cuberoot,20,40,0,0,0,0,nan,0,nan,0,nan,0,nan,0,nan,0,0
9157,4,sqrt,95,190,36,796,760,395.769356776,0.0909620701644,823.077427105,0.967102211513,62.7454406465,0.573746867168,47.0693610049,0.764828738513,807.069361005,0.986284498533,4,384
9157,4,cuberoot,20,40,0,160,160,80.6989188599,0,162.79567544,0.982827090265,2.72578355357,0,2.04478427089,0,162.044784271,0.987381363244,0,80
9161,0,sqrt,95,190,0,0,0,0,nan,0,nan,0,nan,0,nan,0,nan,0,0
9161,0,cuberoot,20,40,0,0,0,0,nan,0,nan,0,nan,0,nan,0,nan,0,0
9173,2,sqrt,95,190,4,384,380,193.935462771,0.020625418079,395.741851085,0.970329518972,15.6589992369,0.25544416597,7.83120706575,0.510776942356,387.831207066,0.99012145749,2,192
9173,2,cuberoot,20,40,0,80,80,40.1744249428,0,80.6976997711,0.991354155409,0.680257276791,0,0.340202813216,0,80.3402028132,0.995765472313,0,40
9181,0,sqrt,95,190,0,0,0,0,nan,0,nan,0,nan,0,nan,0,nan,0,0
9181,0,cuberoot,20,40,0,0,0,0,nan,0,nan,0,nan,0,nan,0,nan,0,0
9187,0,sqrt,95,190,0,0,0,0,nan,0,nan,0,nan,0,nan,0,nan,0,0
9187,0,cuberoot,20,40,0,0,0,0,nan,0,nan,0,nan,0,nan,0,nan,0,0
9199,2,sqrt,95,190,12,392,380,193.924339602,0.0618798033533,395.697358409,0.990656095296,15.6147407327,0.76850459482,7.8090681744,1.53667502089,387.809068174,1.01080668857,6,196
9199,2,cuberoot,20,40,0,80,80,40.1739319491,0,80.6957277965,0.991378381291,0.678334601587,0,0.339241056866,0,80.3392410569,0.995777392811,0,40
9203,0,sqrt,95,190,0,0,0,0,nan,0,nan,0,nan,0,nan,0,nan,0,0
9203,0,cuberoot,20,40,0,0,0,0,nan,0,nan,0,nan,0,nan,0,nan,0,0
9209,0,sqrt,95,190,0,0,0,0,nan,0,nan,0,nan,0,nan,0,nan,0,0
9209,0,cuberoot,20,40,0,0,0,0,nan,0,nan,0,nan,0,nan,0,nan,0,0
9221,0,sqrt,96,192,0,0,0,0,nan,0,nan,0,nan,0,nan,0,nan,0,0
9221,0,cuberoot,20,40,0,0,0,0,nan,0,nan,0,nan,0,nan,0,nan,0,0
9227,2,sqrt,96,192,8,392,384,195.995231386,0.0408173196022,399.980925545,0.980046734644,15.8976915574,0.503217713787,7.95056910569,1.00621727749,391.950569106,1.00012611512,4,196
9227,2,cuberoot,20,40,0,80,80,40.17340414,0,80.6936165601,0.99140431933,0.676276146093,0,0.338211382114,0,80.3382113821,0.99579015544,0,40
9239,0,sqrt,96,192,0,0,0,0,nan,0,nan,0,nan,0,nan,0,nan,0,0
9239,0,cuberoot,20,40,0,0,0,0,nan,0,nan,0,nan,0,nan,0,nan,0,0
9241,0,sqrt,96,192,0,0,0,0,nan,0,nan,0,nan,0,nan,0,nan,0,0
9241,0,cuberoot,20,40,0,0,0,0,nan,0,nan,0,nan,0,nan,0,nan,0,0
9257,2,sqrt,96,192,8,392,384,195.982283677,0.0408200162275,399.929134709,0.980173650728,15.8461704656,0.504853839442,7.92479740681,1.0094895288,391.924797407,1.00019188016,4,196
9257,2,cuberoot,20,40,0,80,80,40.1728421735,0,80.691368694,0.991431937453,0.674084476612,0,0.337115072934,0,80.3371150729,0.995803744351,0,40
9277,0,sqrt,96,192,0,0,0,0,nan,0,nan,0,nan,0,nan,0,nan,0,0
9277,0,cuberoot,21,42,0,0,0,0,nan,0,nan,0,nan,0,nan,0,nan,0,0
9281,0,sqrt,96,192,0,0,0,0,nan,0,nan,0,nan,0,nan,0,nan,0,0
9281,0,cuberoot,21,42,0,0,0,0,nan,0,nan,0,nan,0,nan,0,nan,0,0
9283,0,sqrt,96,192,0,0,0,0,nan,0,nan,0,nan,0,nan,0,nan,0,0
9283,0,cuberoot,21,42,0,0,0,0,nan,0,nan,0,nan,0,nan,0,nan,0,0
9293,2,sqrt,96,192,8,392,384,195.966856774,0.0408232296609,399.867427096,0.980324911302,15.7847842462,0.506817190227,7.89409105586,1.01341623037,391.894091056,1.00027024889,0,192
9293,2,cuberoot,21,42,0,84,84,42.1898202948,0,84.7592811794,0.991041911059,0.741203056064,0,0.370681304488,0,84.3706813045,0.995606515216,0,42
9311,0,sqrt,96,192,0,0,0,0,nan,0,nan,0,nan,0,nan,0,nan,0,0
9311,0,cuberoot,21,42,0,0,0,0,nan,0,nan,0,nan,0,nan,0,nan,0,0
9319,2,sqrt,96,192,4,388,384,195.955789248,0.0204127676725,399.823156991,0.970429033976,15.7407447151,0.254117582897,7.87206182248,0.50812609075,391.872061822,0.9901190664,0,192
9319,2,cuberoot,21,42,0,84,84,42.1892906964,0,84.7571627857,0.991066680847,0.739135100333,0,0.369646882044,0,84.369646882,0.995618721949,0,42
9323,0,sqrt,96,192,0,0,0,0,nan,0,nan,0,nan,0,nan,0,nan,0,0
9323,0,cuberoot,21,42,0,0,0,0,nan,0,nan,0,nan,0,nan,0,nan,0,0
9337,4,sqrt,96,192,60,828,768,399.792652886,0.150077795494,831.170611545,0.996185366155,62.8415979437,0.954781577225,47.1412961971,1.27276941536,815.141296197,1.01577481581,4,388
9337,4,cuberoot,21,42,4,172,168,84.7557031166,0.0471944642415,171.022812467,1.00571378472,2.95084074114,1.35554587689,2.21360471344,1.80700735579,170.213604713,1.01049502059,0,84
9341,0,sqrt,96,192,0,0,0,0,nan,0,nan,0,nan,0,nan,0,nan,0,0
9341,0,cuberoot,21,42,0,0,0,0,nan,0,nan,0,nan,0,nan,0,nan,0,0
9343,0,sqrt,96,192,0,0,0,0,nan,0,nan,0,nan,0,nan,0,nan,0,0
9343,0,cuberoot,21,42,0,0,0,0,nan,0,nan,0,nan,0,nan,0,nan,0,0
9349,0,sqrt,96,192,0,0,0,0,nan,0,nan,0,nan,0,nan,0,nan,0,0
9349,0,cuberoot,21,42,0,0,0,0,nan,0,nan,0,nan,0,nan,0,nan,0,0
9371,0,sqrt,96,192,0,0,0,0,nan,0,nan,0,nan,0,nan,0,nan,0,0
9371,0,cuberoot,21,42,0,0,0,0,nan,0,nan,0,nan,0,nan,0,nan,0,0
9377,0,sqrt,96,192,0,0,0,0,nan,0,nan,0,nan,0,nan,0,nan,0,0
9377,0,cuberoot,21,42,0,0,0,0,nan,0,nan,0,nan,0,nan,0,nan,0,0
9391,4,sqrt,96,192,28,796,768,399.701842189,0.0700522165388,830.807368757,0.958104164616,62.480247045,0.448141633944,46.870167217,0.597394924375,814.870167217,0.976842731547,10,394
9391,4,cuberoot,21,42,0,168,168,84.7513576829,0,171.005430732,0.982424939847,2.93387285699,0,2.20087336245,0,170.200873362,0.987068965517,0,84
9397,2,sqrt,96,192,4,388,384,195.922954134,0.0204161886884,399.691816537,0.97074792114,15.6100883261,0.256244546248,7.80670569452,0.512380017452,391.806705695,0.990284225259,0,192
9397,2,cuberoot,21,42,0,84,84,42.1877194849,0,84.7508779398,0.991140175087,0.732999893583,0,0.366577967004,0,84.366577967,0.995654938533,0,42
9403,2,sqrt,96,192,4,388,384,195.92045092,0.0204164495397,399.68180368,0.970772240387,15.6001276188,0.256408158813,7.80172322093,0.512707242583,391.801723221,0.990296818529,0,192
9403,2,cuberoot,21,42,0,84,84,42.1875997022,0,84.7503988089,0.991145778434,0.732532170584,0,0.366344005957,0,84.366344006,0.99565769964,0,42
9413,2,sqrt,97,194,8,396,388,197.998300223,0.0404043872649,403.993200892,0.980214516297,15.9107617125,0.502804337375,7.95707151206,1.00539501095,395.957071512,1.00010841703,4,198
9413,2,cuberoot,21,42,0,84,84,42.1874004037,0,84.7496016148,0.991155101611,0.731753957293,0,0.365954733822,0,84.3659547338,0.995662293694,0,42
9419,2,sqrt,97,194,8,396,388,197.995753265,0.0404049070149,403.983013059,0.980239235808,15.9006263935,0.503124833075,7.95200169905,1.00603600235,395.952001699,1.00012122252,0,194
9419,2,cuberoot,21,42,0,84,84,42.1872810277,0,84.7491241108,0.991160686099,0.731287822486,0,0.365721567378,0,84.3657215674,0.995665045464,0,42
9421,0,sqrt,97,194,0,0,0,0,nan,0,nan,0,nan,0,nan,0,nan,0,0
9421,0,cuberoot,21,42,0,0,0,0,nan,0,nan,0,nan,0,nan,0,nan,0,0
9431,2,sqrt,97,194,8,396,388,197.99066907,0.0404059445709,403.96267628,0.980288584199,15.8803944439,0.503765824475,7.94188142963,1.00731798515,395.94188143,1.00014678561,2,196
9431,2,cuberoot,21,42,0,84,84,42.1870427314,0,84.7481709257,0.991171833946,0.730357332202,0,0.365256124722,0,84.3652561247,0.995670538543,0,42
9433,0,sqrt,97,194,0,0,0,0,nan,0,nan,0,nan,0,nan,0,nan,0,0
9433,0,cuberoot,21,42,0,0,0,0,nan,0,nan,0,nan,0,nan,0,nan,0,0
9437,0,sqrt,97,194,0,0,0,0,nan,0,nan,0,nan,0,nan,0,nan,0,0
9437,0,cuberoot,21,42,0,0,0,0,nan,0,nan,0,nan,0,nan,0,nan,0,0
9439,0,sqrt,97,194,0,0,0,0,nan,0,nan,0,nan,0,nan,0,nan,0,0
9439,0,cuberoot,21,42,0,0,0,0,nan,0,nan,0,nan,0,nan,0,nan,0,0
9461,4,sqrt,97,194,36,812,776,403.912060036,0.089128311734,839.648240144,0.967071639263,63.3201564317,0.568539340847,47.5001585791,0.757892206613,823.500158579,0.986035025665,6,394
9461,4,cuberoot,21,42,0,168,168,84.7457985414,0,170.983194166,0.982552705369,2.91216573301,0,2.18458610847,0,170.184586108,0.987163431434,0,84
9463,2,sqrt,97,194,4,392,388,197.977174258,0.0202043493903,403.908697031,0.970516363926,15.8266934376,0.252737567438,7.91501955396,0.505368302975,395.915019554,0.990111464934,0,194
9463,2,cuberoot,21,42,0,84,84,42.1864102293,0,84.7456409173,0.991201424531,0.727887562084,0,0.364020716626,0,84.3640207166,0.995685118922,0,42
9467,0,sqrt,97,194,0,0,0,0,nan,0,nan,0,nan,0,nan,0,nan,0,0
9467,0,cuberoot,21,42,0,0,0,0,nan,0,nan,0,nan,0,nan,0,nan,0,0
9473,0,sqrt,97,194,0,0,0,0,nan,0,nan,0,nan,0,nan,0,nan,0,0
9473,0,cuberoot,21,42,0,0,0,0,nan,0,nan,0,nan,0,nan,0,nan,0,0
9479,0,sqrt,97,194,0,0,0,0,nan,0,nan,0,nan,0,nan,0,nan,0,0
9479,0,cuberoot,21,42,0,0,0,0,nan,0,nan,0,nan,0,nan,0,nan,0,0
9491,0,sqrt,97,194,0,0,0,0,nan,0,nan,0,nan,0,nan,0,nan,0,0
9491,0,cuberoot,21,42,0,0,0,0,nan,0,nan,0,nan,0,nan,0,nan,0,0
9497,0,sqrt,97,194,0,0,0,0,nan,0,nan,0,nan,0,nan,0,nan,0,0
9497,0,cuberoot,21,42,0,0,0,0,nan,0,nan,0,nan,0,nan,0,nan,0,0
9511,0,sqrt,97,194,0,0,0,0,nan,0,nan,0,nan,0,nan,0,nan,0,0
9511,0,cuberoot,21,42,0,0,0,0,nan,0,nan,0,nan,0,nan,0,nan,0,0
9521,2,sqrt,97,194,8,396,388,197.952946119,0.0404136445395,403.811784476,0.98065488731,15.7302804327,0.508573259975,7.86679273033,1.01693285615,395.86679273,1.00033649519,2,196
9521,2,cuberoot,21,42,0,84,84,42.185274656,0,84.7410986241,0.991254554919,0.723453418759,0,0.361802710369,0,84.3618027104,0.995711297071,0,42
9533,0,sqrt,97,194,0,0,0,0,nan,0,nan,0,nan,0,nan,0,nan,0,0
9533,0,cuberoot,21,42,0,0,0,0,nan,0,nan,0,nan,0,nan,0,nan,0,0
9539,2,sqrt,97,194,4,392,388,197.945486948,0.0202075837225,403.781947793,0.970821014021,15.7005975469,0.254767373538,7.8519450561,0.509427915175,395.851945056,0.990269227917,0,194
9539,2,cuberoot,21,42,0,84,84,42.1849250446,0,84.7397001782,0.991270913437,0.722088269211,0,0.361119849009,0,84.361119849,0.995719356859,0,42
9547,0,sqrt,97,194,0,0,0,0,nan,0,nan,0,nan,0,nan,0,nan,0,0
9547,0,cuberoot,21,42,0,0,0,0,nan,0,nan,0,nan,0,nan,0,nan,0,0
9551,0,sqrt,97,194,0,0,0,0,nan,0,nan,0,nan,0,nan,0,nan,0,0
9551,0,cuberoot,21,42,0,0,0,0,nan,0,nan,0,nan,0,nan,0,nan,0,0
9587,0,sqrt,97,194,0,0,0,0,nan,0,nan,0,nan,0,nan,0,nan,0,0
9587,0,cuberoot,21,42,0,0,0,0,nan,0,nan,0,nan,0,nan,0,nan,0,0
9601,2,sqrt,97,194,8,396,388,197.920008332,0.0404203701657,403.68003333,0.980974948732,15.5992084158,0.512846535976,7.80122929472,1.02547940815,395.801229295,1.0005021983,0,194
9601,2,cuberoot,21,42,0,84,84,42.1837308614,0,84.7349234455,0.991326794011,0.717425268201,0,0.358787373685,0,84.3587873737,0.995746887967,0,42
9613,2,sqrt,98,196,4,396,392,199.996255071,0.0200003744999,407.985020285,0.970623871738,15.9034640591,0.251517530089,7.95338674436,0.50293040293,399.953386744,0.990115381253,2,198
9613,2,cuberoot,21,42,0,84,84,42.1835015084,0,84.7340060335,0.99133752707,0.716529699365,0,0.358339402768,0,84.3583394028,0.995752175715,0,42
9619,0,sqrt,98,196,0,0,0,0,nan,0,nan,0,nan,0,nan,0,nan,0,0
9619,0,cuberoot,21,42,0,0,0,0,nan,0,nan,0,nan,0,nan,0,nan,0,0
9623,2,sqrt,98,196,8,400,392,199.992102255,0.0400015796114,407.96840902,0.9804680734,15.8869375455,0.503558346415,7.94512004989,1.00690737834,399.94512005,1.0001372187,2,198
9623,2,cuberoot,21,42,0,84,84,42.1833108178,0,84.7332432713,0.991346451015,0.715785098202,0,0.357966947303,0,84.3579669473,0.995756572138,0,42
9629,0,sqrt,98,196,0,0,0,0,nan,0,nan,0,nan,0,nan,0,nan,0,0
9629,0,cuberoot,21,42,0,0,0,0,nan,0,nan,0,nan,0,nan,0,nan,0,0
9631,2,sqrt,98,196,24,416,392,199.988786211,0.120006728651,407.955144845,1.01971995024,15.8737410445,1.51193092622,7.93851905702,3.02323390895,399.938519057,1.04015987502,12,208
9631,2,cuberoot,21,42,4,88,84,42.1831585505,0.094824573063,84.7326342021,1.03856089013,0.715190530578,5.59291521487,0.357669539931,11.1835075494,84.3576695399,1.04317722953,2,44
9643,2,sqrt,98,196,8,400,392,199.983822462,0.0400032357694,407.935289848,0.980547674974,15.8539873483,0.504604918891,7.92863810808,1.00900052329,399.928638108,1.00017843656,2,198
9643,2,cuberoot,21,42,0,84,84,42.1829306233,0,84.731722493,0.991364243857,0.714300528881,0,0.35722435432,0,84.3572243543,0.99576533774,0,42
9649,0,sqrt,98,196,0,0,0,0,nan,0,nan,0,nan,0,nan,0,nan,0,0
9649,0,cuberoot,21,42,0,0,0,0,nan,0,nan,0,nan,0,nan,0,nan,0,0
9661,0,sqrt,98,196,0,0,0,0,nan,0,nan,0,nan,0,nan,0,nan,0,0
9661,0,cuberoot,21,42,0,0,0,0,nan,0,nan,0,nan,0,nan,0,nan,0,0
9677,2,sqrt,98,196,20,412,392,199.969825359,0.100015089597,407.879301436,1.01010274007,15.7982845923,1.26596023025,7.9007751938,2.53139717425,399.900775194,1.03025556727,0,196
9677,2,cuberoot,21,42,4,88,84,42.1822878991,0.0948265302623,84.7291515966,1.03860357789,0.71179084427,5.61962833914,0.355968992248,11.2369337979,84.3559689922,1.04319825913,0,42
9679,4,sqrt,98,196,40,824,784,407.87602025,0.0980690161081,847.504081,0.972266704637,63.1800805868,0.633110936682,47.394853777,0.843973486831,831.394853777,0.991105485266,4,396
9679,4,cuberoot,21,42,0,168,168,84.7290009298,0,170.916003719,0.982938966183,2.84657505941,0,2.13537253281,0,170.135372533,0.987448979592,0,84
9689,0,sqrt,98,196,0,0,0,0,nan,0,nan,0,nan,0,nan,0,nan,0,0
9689,0,cuberoot,21,42,0,0,0,0,nan,0,nan,0,nan,0,nan,0,nan,0,0
9697,0,sqrt,98,196,0,0,0,0,nan,0,nan,0,nan,0,nan,0,nan,0,0
9697,0,cuberoot,21,42,0,0,0,0,nan,0,nan,0,nan,0,nan,0,nan,0,0
9719,0,sqrt,98,196,0,0,0,0,nan,0,nan,0,nan,0,nan,0,nan,0,0
9719,0,cuberoot,21,42,0,0,0,0,nan,0,nan,0,nan,0,nan,0,nan,0,0
9721,2,sqrt,98,196,4,396,392,199.951856805,0.0200048154787,407.807427219,0.971046561609,15.7267770805,0.254343275772,7.86500668793,0.508581894296,399.865006688,0.990334221241,2,198
9721,2,cuberoot,21,42,0,84,84,42.1814628125,0,84.7258512499,0.991432942376,0.708569077255,0,0.354357444182,0,84.3543574442,0.995799180328,0,42
9733,2,sqrt,98,196,8,400,392,199.946984486,0.0400106059142,407.787937943,0.980901990426,15.7073872393,0.509314495029,7.85530777926,1.01841967556,399.855307779,1.00036186145,2,198
9733,2,cuberoot,21,42,0,84,84,42.1812390835,0,84.7249563341,0.991443414485,0.707695469023,0,0.353920460384,0,84.3539204604,0.995804338928,0,42
9739,0,sqrt,98,196,0,0,0,0,nan,0,nan,0,nan,0,nan,0,nan,0,0
9739,0,cuberoot,21,42,0,0,0,0,nan,0,nan,0,nan,0,nan,0,nan,0,0
9743,0,sqrt,98,196,0,0,0,0,nan,0,nan,0,nan,0,nan,0,nan,0,0
9743,0,cuberoot,21,42,0,0,0,0,nan,0,nan,0,nan,0,nan,0,nan,0,0
9749,0,sqrt,98,196,0,0,0,0,nan,0,nan,0,nan,0,nan,0,nan,0,0
9749,0,cuberoot,21,42,0,0,0,0,nan,0,nan,0,nan,0,nan,0,nan,0,0
9767,2,sqrt,98,196,8,400,392,199.933244599,0.0400133555379,407.732978397,0.981034209136,15.6527080987,0.511093668237,7.82795698925,1.02197802198,399.827956989,1.0004302926,2,198
9767,2,cuberoot,21,42,0,84,84,42.1806081704,0,84.7224326815,0.991472946909,0.705231903348,0,0.352688172043,0,84.352688172,0.995818886396,0,42
9769,0,sqrt,98,196,0,0,0,0,nan,0,nan,0,nan,0,nan,0,nan,0,0
9769,0,cuberoot,21,42,0,0,0,0,nan,0,nan,0,nan,0,nan,0,nan,0,0
9781,2,sqrt,98,196,8,400,392,199.927614763,0.0400144822889,407.710459053,0.981088395252,15.6303036499,0.511826268969,7.81675017895,1.02344322344,399.816750179,1.00045833453,2,198
9781,2,cuberoot,21,42,0,84,84,42.1803496575,0,84.72139863,0.99148504815,0.70422247214,0,0.352183249821,0,84.3521832498,0.995824847251,0,42
9787,6,sqrt,98,196,124,1300,1176,623.326862164,0.198932546513,1317.30744866,0.9868614964,140.586492286,0.882019303448,117.179356157,1.05820687249,1293.17935616,1.00527432162,26,614
9787,6,cuberoot,21,42,8,260,252,127.622151834,0.0626850424086,258.488607336,1.00584703782,6.3341166854,1.26300167764,5.27950945324,1.51529229578,257.279509453,1.01057406613,0,126
9791,2,sqrt,98,196,40,432,392,199.923603309,0.200076425884,407.694413237,1.05961716907,15.6143396997,2.56174777603,7.80876494024,5.12244897959,399.80876494,1.08051658163,20,216
9791,2,cuberoot,21,42,8,92,84,42.1801654581,0.189662603575,84.7206618323,1.08592163954,0.70350321724,11.3716608595,0.351823475329,22.7386759582,84.3518234753,1.09066996076,4,46
9803,0,sqrt,99,198,0,0,0,0,nan,0,nan,0,nan,0,nan,0,nan,0,0
9803,0,cuberoot,21,42,0,0,0,0,nan,0,nan,0,nan,0,nan,0,nan,0,0
9811,0,sqrt,99,198,0,0,0,0,nan,0,nan,0,nan,0,nan,0,nan,0,0
9811,0,cuberoot,21,42,0,0,0,0,nan,0,nan,0,nan,0,nan,0,nan,0,0
9817,0,sqrt,99,198,0,0,0,0,nan,0,nan,0,nan,0,nan,0,nan,0,0
9817,0,cuberoot,21,42,0,0,0,0,nan,0,nan,0,nan,0,nan,0,nan,0,0
9829,0,sqrt,99,198,0,0,0,0,nan,0,nan,0,nan,0,nan,0,nan,0,0
9829,0,cuberoot,21,42,0,0,0,0,nan,0,nan,0,nan,0,nan,0,nan,0,0
9833,0,sqrt,99,198,0,0,0,0,nan,0,nan,0,nan,0,nan,0,nan,0,0
9833,0,cuberoot,21,42,0,0,0,0,nan,0,nan,0,nan,0,nan,0,nan,0,0
9839,0,sqrt,99,198,0,0,0,0,nan,0,nan,0,nan,0,nan,0,nan,0,0
9839,0,cuberoot,21,42,0,0,0,0,nan,0,nan,0,nan,0,nan,0,nan,0,0
9851,4,sqrt,99,198,40,832,792,411.918789971,0.097106519474,855.675159882,0.972331603169,63.3535681657,0.631377224017,47.5248248553,0.841665384813,839.524824855,0.99103680483,10,406
9851,4,cuberoot,21,42,0,168,168,84.7162724596,0,170.865089839,0.983231859467,2.79687341387,0,2.09808102345,0,170.098081023,0.987665463297,0,84
9857,2,sqrt,99,198,4,400,396,201.977275033,0.0198042081682,411.909100132,0.971088038288,15.8287511413,0.252704712096,7.91598173516,0.505306875865,403.915981735,0.990304959664,0,198
9857,2,cuberoot,21,42,0,84,84,42.1789591153,0,84.7158364614,0.991550145861,0.698792736127,0,0.349467275495,0,84.3494672755,0.995856911884,0,42
9859,2,sqrt,99,198,12,408,396,201.976468202,0.059412861839,411.905872807,0.990517559801,15.8255401156,0.758267958776,7.91437557066,1.51622827257,403.914375571,1.01011507556,0,198
9859,2,cuberoot,21,42,0,84,84,42.1789228116,0,84.7156912466,0.991551845519,0.698650978801,0,0.349396368063,0,84.3493963681,0.99585774904,0,42
9871,0,sqrt,99,198,0,0,0,0,nan,0,nan,0,nan,0,nan,0,nan,0,0
9871,0,cuberoot,21,42,0,0,0,0,nan,0,nan,0,nan,0,nan,0,nan,0,0
9883,0,sqrt,99,198,0,0,0,0,nan,0,nan,0,nan,0,nan,0,nan,0,0
9883,0,cuberoot,21,42,0,0,0,0,nan,0,nan,0,nan,0,nan,0,nan,0,0
9887,2,sqrt,99,198,12,408,396,201.965206837,0.0594161746368,411.860827349,0.990625893281,15.7807221604,0.760421473619,7.89195751138,1.52053530226,403.891957511,1.01017114209,6,204
9887,2,cuberoot,21,42,0,84,84,42.178416102,0,84.7136644078,0.991575569151,0.696672398099,0,0.348406676783,0,84.3484066768,0.99586943381,0,42
9901,0,sqrt,99,198,0,0,0,0,nan,0,nan,0,nan,0,nan,0,nan,0,0
9901,0,cuberoot,21,42,0,0,0,0,nan,0,nan,0,nan,0,nan,0,nan,0,0
9907,2,sqrt,99,198,8,404,396,201.957201978,0.0396123531205,411.828807914,0.980990140167,15.7488644393,0.507973132339,7.876022211,1.01574116803,403.876022211,1.00030696992,2,200
9907,2,cuberoot,21,42,0,84,84,42.1780559201,0,84.7122236802,0.99159243319,0.695265973554,0,0.347703180212,0,84.3477031802,0.995877739795,0,42
9923,0,sqrt,99,198,0,0,0,0,nan,0,nan,0,nan,0,nan,0,nan,0,0
9923,0,cuberoot,21,42,0,0,0,0,nan,0,nan,0,nan,0,nan,0,nan,0,0
9929,2,sqrt,99,198,8,404,396,201.948433881,0.0396140729902,411.793735522,0.981073690904,15.7139691812,0.509101163923,7.85856754306,1.0179972312,403.858567543,1.00035020294,2,200
9929,2,cuberoot,21,42,0,84,84,42.1776613959,0,84.7106455836,0.991610905822,0.6937254507,0,0.346932608039,0,84.346932608,0.995886837881,0,42
9931,0,sqrt,99,198,0,0,0,0,nan,0,nan,0,nan,0,nan,0,nan,0,0
9931,0,cuberoot,21,42,0,0,0,0,nan,0,nan,0,nan,0,nan,0,nan,0,0
9941,0,sqrt,99,198,0,0,0,0,nan,0,nan,0,nan,0,nan,0,nan,0,0
9941,0,cuberoot,21,42,0,0,0,0,nan,0,nan,0,nan,0,nan,0,nan,0,0
9949,2,sqrt,99,198,4,400,396,201.940496532,0.0198078150182,411.761986129,0.971434987868,15.6823801387,0.255063323591,7.84276666332,0.510024098857,403.842766663,0.990484497977,2,200
9949,2,cuberoot,21,42,0,84,84,42.1773042517,0,84.7092170067,0.991627628825,0.692330887526,0,0.346235045742,0,84.3462350457,0.995895074089,0,42
9967,0,sqrt,99,198,0,0,0,0,nan,0,nan,0,nan,0,nan,0,nan,0,0
9967,0,cuberoot,21,42,0,0,0,0,nan,0,nan,0,nan,0,nan,0,nan,0,0
9973,0,sqrt,99,198,0,0,0,0,nan,0,nan,0,nan,0,nan,0,nan,0,0
9973,0,cuberoot,21,42,0,0,0,0,nan,0,nan,0,nan,0,nan,0,nan,0,0
