p,zp_size
7,0
11,1
13,0
17,2
19,2
23,0
29,0
31,2
37,2
41,2
43,0
47,0
53,0
59,2
61,2
67,0
71,0
73,2
79,0
83,0
89,0
97,2
101,0
103,0
107,0
109,0
113,0
127,0
131,0
137,0
139,2
149,0
151,2
157,0
163,2
167,0
173,0
179,2
181,4
191,2
193,4
197,2
199,0
211,2
223,0
227,2
229,0
233,2
239,0
241,2
251,2
257,2
263,0
269,0
271,4
277,0
281,0
283,2
293,4
307,2
311,0
313,0
317,0
331,2
337,0
347,2
349,0
353,0
359,0
367,2
373,0
379,6
383,0
389,0
397,0
401,0
409,0
419,2
421,0
431,2
433,2
439,2
443,2
449,0
457,0
461,0
463,2
467,0
479,0
487,0
491,0
499,6
503,2
509,0
521,0
523,0
541,2
547,0
557,0
563,0
569,0
571,2
577,2
587,0
593,2
599,4
601,0
607,0
613,0
617,2
619,0
631,2
641,0
643,0
647,0
653,0
659,2
661,0
673,0
677,0
683,0
691,2
701,2
709,4
719,0
727,0
733,2
739,0
743,0
751,2
757,2
761,4
769,2
773,0
787,2
797,0
809,0
811,0
821,4
823,0
827,0
829,0
839,0
853,0
857,2
859,0
863,0
877,0
881,2
883,0
887,2
907,4
911,2
919,0
929,0
937,2
941,0
947,2
953,2
967,0
971,2
977,2
983,0
991,2
997,0
1009,2
1013,0
1019,0
1021,0
1031,0
1033,0
1039,0
1049,6
1051,0
1061,0
1063,0
1069,6
1087,2
1091,0
1093,0
1097,2
1103,0
1109,0
1117,2
1123,0
1129,4
1151,0
1153,2
1163,0
1171,0
1181,0
1187,0
1193,2
1201,2
1213,2
1217,2
1223,0
1229,2
1231,0
1237,0
1249,0
1259,2
1277,0
1279,0
1283,0
1289,0
1291,0
1297,4
1301,0
1303,0
1307,0
1319,0
1321,0
1327,0
1361,0
1367,0
1373,0
1381,2
1399,0
1409,0
1423,0
1427,2
1429,0
1433,2
1439,0
1447,2
1451,0
1453,2
1459,0
1471,2
1481,0
1483,0
1487,2
1489,2
1493,0
1499,2
1511,0
1523,2
1531,2
1543,0
1549,0
1553,0
1559,2
1567,0
1571,0
1579,0
1583,0
1597,0
1601,0
1607,0
1609,0
1613,0
1619,2
1621,4
1627,0
1637,2
1657,2
1663,0
1667,0
1669,2
1693,0
1697,0
1699,0
1709,4
1721,0
1723,2
1733,0
1741,2
1747,0
1753,0
1759,2
1777,0
1783,0
1787,0
1789,0
1801,0
1811,0
1823,2
1831,4
1847,4
1861,0
1867,2
1871,0
1873,4
1877,0
1879,0
1889,0
1901,0
1907,2
1913,0
1931,2
1933,2
1949,2
1951,2
1973,4
1979,0
1987,0
1993,0
1997,0
1999,0
2003,0
2011,4
2017,0
2027,0
2029,0
2039,0
2053,0
2063,0
2069,2
2081,0
2083,2
2087,2
2089,0
2099,0
2111,0
2113,0
2129,0
2131,0
2137,4
2141,0
2143,0
2153,0
2161,0
2179,2
2203,0
2207,0
2213,0
2221,0
2237,4
2239,0
2243,0
2251,0
2267,0
2269,4
2273,0
2281,0
2287,0
2293,4
2297,2
2309,0
2311,0
2333,2
2339,0
2341,4
2347,0
2351,0
2357,0
2371,2
2377,2
2381,2
2383,2
2389,0
2393,0
2399,2
2411,4
2417,0
2423,2
2437,0
2441,2
2447,0
2459,2
2467,0
2473,0
2477,2
2503,0
2521,2
2531,0
2539,2
2543,2
2549,0
2551,0
2557,4
2579,2
2591,2
2593,0
2609,0
2617,0
2621,0
2633,0
2647,0
2657,0
2659,0
2663,2
2671,0
2677,0
2683,2
2687,0
2689,0
2693,6
2699,0
2707,0
2711,0
2713,2
2719,0
2729,0
2731,2
2741,0
2749,0
2753,0
2767,2
2777,0
2789,0
2791,0
2797,2
2801,0
2803,0
2819,0
2833,0
2837,0
2843,2
2851,0
2857,2
2861,0
2879,2
2887,0
2897,2
2903,0
2909,0
2917,4
2927,0
2939,2
2953,0
2957,2
2963,0
2969,2
2971,2
2999,0
3001,0
3011,0
3019,4
3023,0
3037,2
3041,2
3049,2
3061,0
3067,0
3079,2
3083,0
3089,2
3109,2
3119,0
3121,0
3137,1
3163,0
3167,0
3169,0
3181,0
3187,0
3191,0
3203,2
3209,2
3217,0
3221,0
3229,0
3251,0
3253,0
3257,0
3259,2
3271,0
3299,0
3301,0
3307,0
3313,2
3319,2
3323,0
3329,0
3331,4
3343,4
3347,2
3359,0
3361,0
3371,0
3373,0
3389,0
3391,0
3407,2
3413,4
3433,0
3449,2
3457,2
3461,0
3463,0
3467,0
3469,2
3491,0
3499,0
3511,0
3517,0
3527,0
3529,2
3533,0
3539,0
3541,0
3547,0
3557,0
3559,0
3571,0
3581,4
3583,0
3593,0
3607,2
3613,4
3617,0
3623,2
3631,2
3637,0
3643,0
3659,0
3671,0
3673,0
3677,0
3691,0
3697,2
3701,0
3709,0
3719,0
3727,8
3733,4
3739,0
3761,0
3767,0
3769,0
3779,2
3793,0
3797,2
3803,0
3821,2
3823,0
3833,2
3847,2
3851,2
3853,0
3863,2
3877,4
3881,0
3889,0
3907,2
3911,0
3917,2
3919,0
3923,2
3929,2
3931,0
3943,2
3947,0
3967,0
3989,0
4001,2
4003,0
4007,0
4013,2
4019,2
4021,2
4027,2
4049,2
4051,0
4057,4
4073,0
4079,0
4091,2
4093,0
4099,0
4111,2
4127,0
4129,0
4133,0
4139,0
4153,4
4157,2
4159,2
4177,2
4201,2
4211,0
4217,0
4219,0
4229,2
4231,0
4241,0
4243,0
4253,0
4259,0
4261,0
4271,0
4273,2
4283,2
4289,0
4297,4
4327,0
4337,0
4339,2
4349,2
4357,2
4363,0
4373,4
4391,0
4397,0
4409,0
4421,0
4423,0
4441,2
4447,2
4451,2
4457,0
4463,0
4481,2
4483,2
4493,0
4507,0
4513,4
4517,0
4519,0
4523,2
4547,0
4549,2
4561,0
4567,2
4583,2
4591,0
4597,0
4603,0
4621,0
4637,0
4639,4
4643,0
4649,0
4651,0
4657,0
4663,2
4673,0
4679,6
4691,0
4703,2
4721,0
4723,4
4729,0
4733,0
4751,0
4759,0
4783,0
4787,0
4789,2
4793,0
4799,0
4801,0
4813,0
4817,0
4831,0
4861,2
4871,2
4877,2
4889,0
4903,0
4909,0
4919,0
4931,0
4933,2
4937,0
4943,2
4951,2
4957,0
4967,0
4969,0
4973,2
4987,0
4993,0
4999,0
5003,0
5009,2
5011,2
5021,2
5023,2
5039,0
5051,0
5059,0
5077,0
5081,0
5087,0
5099,4
5101,2
5107,0
5113,0
5119,0
5147,0
5153,0
5167,0
5171,0
5179,0
5189,0
5197,0
5209,2
5227,2
5231,0
5233,4
5237,2
5261,0
5273,2
5279,0
5281,0
5297,2
5303,0
5309,0
5323,0
5333,0
5347,4
5351,0
5381,0
5387,0
5393,4
5399,0
5407,4
5413,0
5417,0
5419,0
5431,0
5437,0
5441,0
5443,2
5449,4
5471,0
5477,2
5479,2
5483,0
5501,2
5503,0
5507,0
5519,2
5521,0
5527,2
5531,0
5557,0
5563,0
5569,2
5573,2
5581,2
5591,0
5623,2
5639,2
5641,2
5647,6
5651,0
5653,0
5657,0
5659,0
5669,0
5683,2
5689,0
5693,0
5701,0
5711,0
5717,2
5737,0
5741,2
5743,2
5749,2
5779,0
5783,2
5791,0
5801,4
5807,2
5813,2
5821,0
5827,2
5839,4
5843,0
5849,0
5851,0
5857,2
5861,0
5867,2
5869,0
5879,0
5881,2
5897,6
5903,2
5923,0
5927,0
5939,0
5953,2
5981,0
5987,0
6007,0
6011,0
6029,0
6037,2
6043,4
6047,0
6053,0
6067,0
6073,0
6079,0
6089,2
6091,2
6101,0
6113,0
6121,2
6131,4
6133,2
6143,2
6151,2
6163,0
6173,2
6197,0
6199,2
6203,4
6211,0
6217,0
6221,0
6229,0
6247,6
6257,2
6263,2
6269,4
6271,0
6277,0
6287,0
6299,0
6301,0
6311,2
6317,0
6323,0
6329,0
6337,0
6343,0
6353,0
6359,0
6361,0
6367,2
6373,0
6379,2
6389,2
6397,4
6421,0
6427,2
6449,0
6451,0
6469,0
6473,0
6481,0
6491,0
6521,2
6529,0
6547,4
6551,0
6553,2
6563,0
6569,0
6571,0
6577,2
6581,2
6599,0
6607,0
6619,0
6637,2
6653,0
6659,2
6661,0
6673,0
6679,2
6689,2
6691,0
6701,0
6703,2
6709,0
6719,2
6733,2
6737,0
6761,0
6763,0
6779,4
6781,6
6791,0
6793,0
6803,0
6823,0
6827,4
6829,0
6833,2
6841,8
6857,0
6863,0
6869,0
6871,0
6883,2
6899,2
6907,0
6911,0
6917,0
6947,2
6949,4
6959,0
6961,0
6967,0
6971,0
6977,0
6983,0
6991,0
6997,0
7001,2
7013,0
7019,0
7027,0
7039,0
7043,0
7057,0
7069,2
7079,0
7103,0
7109,2
7121,0
7127,0
7129,0
7151,0
7159,0
7177,0
7187,0
7193,0
7207,0
7211,2
7213,0
7219,0
7229,2
7237,4
7243,0
7247,2
7253,2
7283,2
7297,4
7307,2
7309,0
7321,0
7331,0
7333,4
7349,0
7351,2
7369,0
7393,2
7411,0
7417,0
7433,2
7451,2
7457,0
7459,2
7477,4
7481,2
7487,0
7489,6
7499,0
7507,2
7517,0
7523,0
7529,4
7537,4
7541,0
7547,2
7549,4
7559,2
7561,4
7573,0
7577,0
7583,0
7589,0
7591,0
7603,0
7607,0
7621,0
7639,4
7643,0
7649,0
7669,0
7673,0
7681,0
7687,2
7691,0
7699,0
7703,0
7717,0
7723,2
7727,6
7741,0
7753,2
7757,0
7759,0
7789,0
7793,0
7817,0
7823,2
7829,0
7841,2
7853,0
7867,0
7873,2
7877,2
7879,2
7883,2
7901,0
7907,0
7919,0
7927,2
7933,2
7937,2
7949,0
7951,0
7963,0
7993,0
8009,2
8011,4
8017,2
8039,2
8053,2
8059,2
8069,0
8081,0
8087,2
8089,4
8093,4
8101,0
8111,2
8117,0
8123,0
8147,0
8161,0
8167,0
8171,0
8179,0
8191,0
8209,0
8219,0
8221,0
8231,2
8233,2
8237,4
8243,2
8263,0
8269,0
8273,2
8287,0
8291,0
8293,2
8297,0
8311,2
8317,0
8329,2
8353,0
8363,0
8369,2
8377,0
8387,0
8389,2
8419,0
8423,0
8429,2
8431,0
8443,0
8447,0
8461,2
8467,0
8501,2
8513,0
8521,0
8527,2
8537,4
8539,0
8543,0
8563,2
8573,4
8581,2
8597,0
8599,0
8609,4
8623,0
8627,0
8629,0
8641,0
8647,4
8663,4
8669,2
8677,0
8681,2
8689,0
8693,0
8699,2
8707,0
8713,0
8719,0
8731,2
8737,2
8741,0
8747,0
8753,6
8761,2
8779,2
8783,2
8803,0
8807,0
8819,0
8821,0
8831,0
8837,0
8839,0
8849,0
8861,0
8863,2
8867,0
8887,0
8893,2
8923,0
8929,2
8933,0
8941,2
8951,2
8963,0
8969,2
8971,2
8999,0
9001,0
9007,0
9011,0
9013,0
9029,2
9041,2
9043,0
9049,2
9059,2
9067,2
9091,4
9103,0
9109,0
9127,0
9133,0
9137,2
9151,0
9157,4
9161,0
9173,2
9181,0
9187,0
9199,2
9203,0
9209,0
9221,0
9227,2
9239,0
9241,0
9257,2
9277,0
9281,0
9283,0
9293,2
9311,0
9319,2
9323,0
9337,4
9341,0
9343,0
9349,0
9371,0
9377,0
9391,4
9397,2
9403,2
9413,2
9419,2
9421,0
9431,2
9433,0
9437,0
9439,0
9461,4
9463,2
9467,0
9473,0
9479,0
9491,0
9497,0
9511,0
9521,2
9533,0
9539,2
9547,0
9551,0
9587,0
9601,2
9613,2
9619,0
9623,2
9629,0
9631,2
9643,2
9649,0
9661,0
9677,2
9679,4
9689,0
9697,0
9719,0
9721,2
9733,2
9739,0
9743,0
9749,0
9767,2
9769,0
9781,2
9787,6
9791,2
9803,0
9811,0
9817,0
9829,0
9833,0
9839,0
9851,4
9857,2
9859,2
9871,0
9883,0
9887,2
9901,0
9907,2
9923,0
9929,2
9931,0
9941,0
9949,2
9967,0
9973,0
10007,2
10009,0
10037,2
10039,2
10061,0
10067,4
10069,2
10079,0
10091,4
10093,2
10099,0
10103,0
10111,0
10133,2
10139,0
10141,0
10151,0
10159,4
10163,0
10169,0
10177,2
10181,0
10193,0
10211,2
10223,2
10243,0
10247,0
10253,0
10259,0
10267,2
10271,2
10273,0
10289,2
10301,0
10303,0
10313,2
10321,2
10331,2
10333,2
10337,2
10343,0
10357,2
10369,0
10391,4
10399,0
10427,0
10429,0
10433,2
10453,0
10457,2
10459,2
10463,0
10477,0
10487,0
10499,0
10501,2
10513,2
10529,0
10531,0
10559,0
10567,0
10589,2
10597,2
10601,0
10607,4
10613,0
10627,0
10631,2
10639,0
10651,2
10657,0
10663,0
10667,0
10687,2
10691,0
10709,0
10711,0
10723,0
10729,4
10733,2
10739,2
10753,0
10771,2
10781,0
10789,0
10799,0
10831,0
10837,0
10847,6
10853,0
10859,0
10861,0
10867,2
10883,2
10889,0
10891,0
10903,0
10909,0
10937,0
10939,0
10949,0
10957,0
10973,0
10979,2
10987,4
10993,0
11003,0
11027,0
11047,0
11057,0
11059,4
11069,0
11071,2
11083,2
11087,2
11093,0
11113,2
11117,2
11119,0
11131,0
11149,0
11159,0
11161,0
11171,2
11173,0
11177,0
11197,0
11213,4
11239,0
11243,4
11251,2
11257,0
11261,2
11273,4
11279,2
11287,4
11299,0
11311,0
11317,4
11321,0
11329,0
11351,0
11353,0
11369,2
11383,2
11393,0
11399,0
11411,0
11423,2
11437,2
11443,2
11447,4
11467,2
11471,0
11483,0
11489,0
11491,0
11497,0
11503,0
11519,4
11527,0
11549,4
11551,2
11579,0
11587,0
11593,0
11597,2
11617,0
11621,0
11633,0
11657,2
11677,4
11681,0
11689,0
11699,0
11701,2
11717,0
11719,0
11731,2
11743,2
11777,0
11779,0
11783,0
11789,0
11801,0
11807,0
11813,0
11821,2
11827,0
11831,0
11833,4
11839,2
11863,0
11867,0
11887,4
11897,0
11903,2
11909,0
11923,0
11927,0
11933,0
11939,4
11941,0
11953,0
11959,2
11969,0
11971,6
11981,2
11987,0
12007,0
12011,0
12037,0
12041,0
12043,2
12049,2
12071,0
12073,0
12097,0
12101,2
12107,0
12109,2
12113,0
12119,2
12143,0
12149,2
12157,0
12161,0
12163,0
12197,0
12203,0
12211,2
12227,0
12239,2
12241,2
12251,0
12253,4
12263,0
12269,2
12277,2
12281,2
12289,0
12301,2
12323,0
12329,2
12343,2
12347,0
12373,0
12377,0
12379,2
12391,0
12401,4
12409,2
12413,2
12421,4
12433,0
12437,0
12451,4
12457,2
12473,0
12479,0
12487,0
12491,0
12497,4
12503,0
12511,0
12517,0
12527,0
12539,4
12541,4
12547,2
12553,0
12569,0
12577,0
12583,0
12589,0
12601,2
12611,0
12613,4
12619,4
12637,0
12641,2
12647,0
12653,0
12659,0
12671,0
12689,2
12697,0
12703,0
12713,2
12721,2
12739,2
12743,0
12757,2
12763,0
12781,2
12791,0
12799,0
12809,2
12821,0
12823,2
12829,0
12841,0
12853,0
12889,0
12893,2
12899,0
12907,2
12911,0
12917,0
12919,0
12923,0
12941,0
12953,0
12959,0
12967,0
12973,2
12979,2
12983,0
13001,2
13003,0
13007,0
13009,2
13033,2
13037,0
13043,2
13049,2
13063,0
13093,0
13099,0
13103,0
13109,2
13121,0
13127,0
13147,0
13151,0
13159,0
13163,4
13171,2
13177,2
13183,0
13187,0
13217,6
13219,2
13229,2
13241,0
13249,0
13259,2
13267,0
13291,2
13297,4
13309,2
13313,0
13327,2
13331,0
13337,0
13339,0
13367,0
13381,2
13397,2
13399,0
13411,0
13417,2
13421,0
13441,0
13451,2
13457,0
13463,8
13469,4
13477,2
13487,2
13499,0
13513,2
13523,4
13537,0
13553,0
13567,4
13577,0
13591,0
13597,0
13613,2
13619,0
13627,2
13633,0
13649,0
13669,2
13679,0
13681,0
13687,0
13691,0
13693,0
13697,2
13709,2
13711,6
13721,0
13723,0
13729,6
13751,0
13757,4
13759,4
13763,0
13781,0
13789,2
13799,0
13807,0
13829,2
13831,0
13841,0
13859,0
13873,4
13877,0
13879,0
13883,2
13901,2
13903,4
13907,0
13913,0
13921,2
13931,0
13933,0
13963,0
13967,2
13997,2
13999,0
14009,0
14011,0
14029,0
14033,2
14051,2
14057,2
14071,0
14081,0
14083,0
14087,2
14107,0
14143,0
14149,0
14153,0
14159,0
14173,0
14177,0
14197,0
14207,0
14221,0
14243,2
14249,0
14251,4
14281,0
14293,0
14303,0
14321,0
14323,2
14327,0
14341,0
14347,0
14369,2
14387,0
14389,2
14401,4
14407,2
14411,2
14419,6
14423,0
14431,0
14437,2
14447,0
14449,2
14461,2
14479,2
14489,0
14503,2
14519,2
14533,0
14537,6
14543,4
14549,2
14551,2
14557,2
14561,0
14563,0
14591,0
14593,2
14621,2
14627,0
14629,0
14633,0
14639,0
14653,4
14657,0
14669,0
14683,2
14699,0
14713,0
14717,0
14723,4
14731,2
14737,0
14741,0
14747,2
14753,2
14759,2
14767,0
14771,2
14779,0
14783,0
14797,2
14813,2
14821,0
14827,0
14831,2
14843,0
14851,2
14867,2
14869,0
14879,0
14887,0
14891,4
14897,2
14923,0
14929,0
14939,0
14947,0
14951,4
14957,2
14969,4
14983,0
15013,0
15017,0
15031,0
15053,0
15061,2
15073,0
15077,0
15083,2
15091,0
15101,2
15107,2
15121,0
15131,0
15137,0
15139,0
15149,0
15161,0
15173,2
15187,0
15193,0
15199,2
15217,2
15227,0
15233,2
15241,0
15259,0
15263,0
15269,0
15271,0
15277,0
15287,0
15289,0
15299,0
15307,2
15313,2
15319,0
15329,2
15331,0
15349,2
15359,0
15361,0
15373,2
15377,2
15383,2
15391,0
15401,0
15413,2
15427,0
15439,2
15443,2
15451,0
15461,0
15467,2
15473,0
15493,0
15497,2
15511,0
15527,0
15541,0
15551,6
15559,2
15569,4
15581,2
15583,0
15601,0
15607,2
15619,2
15629,0
15641,2
15643,2
15647,2
15649,2
15661,0
15667,0
15671,2
15679,0
15683,4
15727,4
15731,0
15733,0
15737,4
15739,0
15749,0
15761,2
15767,0
15773,0
15787,0
15791,0
15797,4
15803,2
15809,0
15817,0
15823,2
15859,2
15877,2
15881,0
15887,2
15889,4
15901,0
15907,4
15913,2
15919,2
15923,2
15937,0
15959,0
15971,0
15973,2
15991,0
16001,2
16007,0
16033,0
16057,2
16061,2
16063,0
16067,2
16069,2
16073,2
16087,2
16091,2
16097,0
16103,4
16111,0
16127,0
16139,0
16141,0
16183,0
16187,4
16189,0
16193,0
16217,0
16223,0
16229,0
16231,2
16249,0
16253,2
16267,0
16273,0
16301,2
16319,0
16333,2
16339,4
16349,4
16361,2
16363,2
16369,0
16381,2
16411,0
16417,2
16421,4
16427,2
16433,0
16447,2
16451,8
16453,0
16477,2
16481,0
16487,0
16493,2
16519,0
16529,2
16547,0
16553,2
16561,0
16567,0
16573,0
16603,0
16607,2
16619,2
16631,2
16633,0
16649,4
16651,0
16657,0
16661,0
16673,2
16691,4
16693,4
16699,0
16703,0
16729,0
16741,0
16747,0
16759,0
16763,0
16787,0
16811,0
16823,0
16829,0
16831,0
16843,0
16871,0
16879,0
16883,0
16889,0
16901,0
16903,0
16921,2
16927,0
16931,4
16937,0
16943,2
16963,0
16979,0
16981,0
16987,0
16993,2
17011,0
17021,0
17027,0
17029,0
17033,0
17041,0
17047,0
17053,0
17077,2
17093,0
17099,2
17107,2
17117,4
17123,0
17137,2
17159,0
17167,0
17183,2
17189,4
17191,2
17203,2
17207,0
17209,0
17231,4
17239,4
17257,0
17291,0
17293,2
17299,0
17317,2
17321,2
17327,2
17333,2
17341,2
17351,0
17359,0
17377,2
17383,0
17387,0
17389,2
17393,2
17401,0
17417,0
17419,2
17431,0
17443,0
17449,2
17467,2
17471,2
17477,0
17483,2
17489,0
17491,2
17497,2
17509,4
17519,0
17539,0
17551,0
17569,4
17573,2
17579,2
17581,2
17597,0
17599,0
17609,2
17623,4
17627,0
17657,0
17659,0
17669,4
17681,0
17683,0
17707,2
17713,2
17729,2
17737,0
17747,4
17749,0
17761,0
17783,0
17789,2
17791,0
17807,2
17827,2
17837,0
17839,0
17851,2
17863,4
17881,0
17891,0
17903,6
17909,0
17911,2
17921,0
17923,0
17929,4
17939,4
17957,0
17959,2
17971,0
17977,0
17981,0
17987,0
17989,0
18013,0
18041,2
18043,0
18047,0
18049,0
18059,0
18061,0
18077,0
18089,0
18097,2
18119,4
18121,2
18127,0
18131,0
18133,0
18143,0
18149,0
18169,0
18181,0
18191,0
18199,0
18211,2
18217,2
18223,0
18229,0
18233,0
18251,0
18253,0
18257,0
18269,0
18287,0
18289,0
18301,0
18307,0
18311,2
18313,0
18329,0
18341,2
18353,2
18367,0
18371,0
18379,0
18397,4
18401,0
18413,0
18427,4
18433,2
18439,0
18443,0
18451,0
18457,0
18461,4
18481,2
18493,0
18503,2
18517,2
18521,0
18523,0
18539,0
18541,0
18553,2
18583,0
18587,0
18593,0
18617,2
18637,0
18661,6
18671,0
18679,2
18691,0
18701,2
18713,2
18719,0
18731,2
18743,0
18749,0
18757,2
18773,0
18787,0
18793,0
18797,0
18803,0
18839,0
18859,2
18869,0
18899,0
18911,4
18913,2
18917,4
18919,0
18947,2
18959,2
18973,0
18979,2
19001,0
19009,0
19013,4
19031,6
19037,0
19051,2
19069,0
19073,0
19079,0
19081,2
19087,0
19121,2
19139,2
19141,0
19157,0
19163,4
19181,0
19183,0
19207,0
19211,0
19213,4
19219,0
19231,0
19237,0
19249,0
19259,2
19267,2
19273,2
19289,0
19301,0
19309,0
19319,0
19333,2
19373,0
19379,2
19381,4
19387,2
19391,0
19403,0
19417,4
19421,0
19423,2
19427,0
19429,2
19433,4
19441,2
19447,0
19457,0
19463,2
19469,2
19471,2
19477,2
19483,2
19489,6
19501,2
19507,2
19531,0
19541,0
19543,0
19553,4
19559,0
19571,2
19577,4
19583,4
19597,2
19603,2
19609,0
19661,2
19681,6
19687,2
19697,2
19699,2
19709,0
19717,2
19727,0
19739,2
19751,4
19753,0
19759,0
19763,0
19777,0
19793,0
19801,2
19813,0
19819,0
19841,0
19843,2
19853,2
19861,2
19867,0
19889,0
19891,2
19913,4
19919,2
19927,4
19937,2
19949,4
19961,0
19963,0
19973,0
19979,0
19991,0
19993,0
19997,0
20011,0
20021,2
20023,2
20029,0
20047,0
20051,0
20063,0
20071,0
20089,0
20101,0
20107,2
20113,2
20117,0
20123,0
20129,0
20143,0
20147,0
20149,0
20161,0
20173,2
20177,6
20183,4
20201,2
20219,0
20231,2
20233,2
20249,0
20261,0
20269,0
20287,2
20297,0
20323,2
20327,2
20333,4
20341,2
20347,2
20353,2
20357,4
20359,0
20369,0
20389,2
20393,0
20399,0
20407,0
20411,2
20431,2
20441,0
20443,0
20477,2
20479,0
20483,2
20507,4
20509,2
20521,4
20533,4
20543,2
20549,0
20551,0
20563,0
20593,0
20599,0
20611,0
20627,0
20639,0
20641,2
20663,0
20681,2
20693,2
20707,4
20717,0
20719,2
20731,0
20743,0
20747,0
20749,0
20753,2
20759,0
20771,0
20773,0
20789,4
20807,0
20809,0
20849,0
20857,2
20873,0
20879,0
20887,0
20897,0
20899,0
20903,2
20921,0
20929,4
20939,0
20947,0
20959,2
20963,0
20981,0
20983,0
21001,0
21011,0
21013,2
21017,2
21019,0
21023,4
21031,0
21059,0
21061,0
21067,0
21089,2
21101,0
21107,0
21121,2
21139,4
21143,0
21149,0
21157,2
21163,2
21169,0
21179,2
21187,0
21191,0
21193,0
21211,0
21221,0
21227,4
21247,0
21269,0
21277,0
21283,2
21313,0
21317,0
21319,0
21323,0
21341,0
21347,2
21377,2
21379,0
21383,0
21391,0
21397,0
21401,0
21407,0
21419,0
21433,2
21467,4
21481,6
21487,2
21491,2
21493,0
21499,0
21503,0
21517,0
21521,2
21523,2
21529,0
21557,2
21559,2
21563,0
21569,0
21577,0
21587,0
21589,0
21599,2
21601,0
21611,2
21613,0
21617,0
21647,2
21649,2
21661,0
21673,0
21683,2
21701,0
21713,0
21727,6
21737,4
21739,0
21751,2
21757,0
21767,2
21773,0
21787,0
21799,0
21803,0
21817,0
21821,0
21839,0
21841,2
21851,0
21859,4
21863,0
21871,0
21881,4
21893,2
21911,2
21929,0
21937,0
21943,0
21961,2
21977,0
21991,0
21997,4
22003,4
22013,2
22027,4
22031,2
22037,2
22039,4
22051,0
22063,2
22067,2
22073,0
22079,2
22091,0
22093,0
22109,2
22111,0
22123,2
22129,0
22133,0
22147,2
22153,2
22157,4
22159,0
22171,4
22189,0
22193,0
22229,0
22247,4
22259,0
22271,0
22273,0
22277,0
22279,0
22283,0
22291,0
22303,4
22307,2
22343,0
22349,0
22367,0
22369,2
22381,0
22391,4
22397,0
22409,0
22433,0
22441,2
22447,0
22453,2
22469,0
22481,0
22483,0
22501,2
22511,0
22531,0
22541,0
22543,0
22549,2
22567,0
22571,2
22573,2
22613,0
22619,2
22621,0
22637,4
22639,2
22643,0
22651,2
22669,0
22679,0
22691,2
22697,4
22699,2
22709,2
22717,2
22721,2
22727,0
22739,0
22741,0
22751,0
22769,2
22777,0
22783,0
22787,0
22807,0
22811,2
22817,2
22853,0
22859,0
22861,0
22871,2
22877,0
22901,0
22907,0
22921,2
22937,0
22943,2
22961,2
22963,0
22973,0
22993,0
23003,2
23011,0
23017,0
23021,2
23027,2
23029,0
23039,2
23041,0
23053,0
23057,0
23059,0
23063,2
23071,2
23081,2
23087,2
23099,0
23117,0
23131,4
23143,2
23159,0
23167,0
23173,2
23189,0
23197,2
23201,0
23203,0
23209,0
23227,0
23251,2
23269,0
23279,2
23291,0
23293,0
23297,0
23311,0
23321,0
23327,2
23333,0
23339,4
23357,0
23369,0
23371,0
23399,0
23417,2
23431,0
23447,0
23459,0
23473,0
23497,2
23509,2
23531,0
23537,2
23539,0
23549,4
23557,0
23561,0
23563,2
23567,2
23581,0
23593,2
23599,0
23603,4
23609,0
23623,0
23627,0
23629,0
23633,4
23663,2
23669,0
23671,0
23677,2
23687,0
23689,0
23719,4
23741,0
23743,2
23747,0
23753,0
23761,0
23767,2
23773,0
23789,2
23801,2
23813,0
23819,0
23827,0
23831,2
23833,2
23857,0
23869,0
23873,0
23879,2
23887,2
23893,2
23899,4
23909,0
23911,0
23917,0
23929,0
23957,0
23971,0
23977,0
23981,2
23993,0
24001,0
24007,0
24019,2
24023,4
24029,0
24043,0
24049,2
24061,2
24071,0
24077,2
24083,0
24091,0
24097,0
24103,4
24107,2
24109,2
24113,2
24121,2
24133,0
24137,2
24151,4
24169,0
24179,0
24181,4
24197,2
24203,0
24223,4
24229,2
24239,0
24247,0
24251,0
24281,2
24317,2
24329,2
24337,4
24359,0
24371,2
24373,2
24379,4
24391,2
24407,0
24413,2
24419,0
24421,2
24439,0
24443,0
24469,2
24473,2
24481,0
24499,0
24509,2
24517,2
24527,0
24533,4
24547,0
24551,2
24571,2
24593,0
24611,0
24623,2
24631,0
24659,2
24671,0
24677,2
24683,2
24691,0
24697,4
24709,2
24733,2
24749,0
24763,0
24767,2
24781,0
24793,2
24799,0
24809,0
24821,0
24841,2
24847,0
24851,0
24859,0
24877,0
24889,4
24907,0
24917,0
24919,0
24923,0
24943,0
24953,0
24967,2
24971,4
24977,0
24979,0
24989,0
25013,2
25031,2
25033,2
25037,0
25057,0
25073,0
25087,0
25097,2
25111,0
25117,0
25121,2
25127,2
25147,0
25153,0
25163,0
25169,0
25171,0
25183,0
25189,2
25219,0
25229,0
25237,2
25243,4
25247,2
25253,0
25261,2
25301,2
25303,0
25307,2
25309,2
25321,2
25339,0
25343,4
25349,0
25357,0
25367,2
25373,0
25391,0
25409,2
25411,0
25423,0
25439,0
25447,4
25453,0
25457,0
25463,0
25469,0
25471,0
25523,0
25537,0
25541,0
25561,2
25577,0
25579,2
25583,4
25589,0
25601,0
25603,0
25609,0
25621,0
25633,0
25639,2
25643,0
25657,2
25667,0
25673,0
25679,0
25693,0
25703,0
25717,2
25733,4
25741,2
25747,4
25759,4
25763,0
25771,0
25793,0
25799,0
25801,2
25819,0
25841,0
25847,2
25849,2
25867,2
25873,0
25889,0
25903,2
25913,0
25919,0
25931,2
25933,0
25939,4
25943,0
25951,2
25969,0
25981,0
25997,0
25999,0
26003,2
26017,0
26021,2
26029,2
26041,2
26053,0
26083,0
26099,0
26107,2
26111,0
26113,0
26119,0
26141,0
26153,2
26161,0
26171,0
26177,0
26183,2
26189,2
26203,0
26209,0
26227,4
26237,0
26249,0
26251,0
26261,2
26263,2
26267,2
26293,0
26297,0
26309,2
26317,0
26321,2
26339,0
26347,0
26357,0
26371,0
26387,0
26393,4
26399,2
26407,2
26417,6
26423,2
26431,0
26437,0
26449,2
26459,0
26479,0
26489,2
26497,0
26501,4
26513,0
26539,4
26557,0
26561,2
26573,2
26591,0
26597,0
26627,0
26633,2
26641,2
26647,0
26669,0
26681,0
26683,0
26687,0
26693,4
26699,0
26701,4
26711,0
26713,2
26717,2
26723,0
26729,2
26731,2
26737,2
26759,0
26777,2
26783,0
26801,4
26813,0
26821,2
26833,2
26839,2
26849,0
26861,0
26863,4
26879,2
26881,2
26891,0
26893,2
26903,0
26921,0
26927,2
26947,0
26951,0
26953,2
26959,0
26981,0
26987,2
26993,0
27011,2
27017,2
27031,0
27043,0
27059,0
27061,0
27067,0
27073,0
27077,0
27091,2
27103,2
27107,2
27109,2
27127,0
27143,0
27179,0
27191,0
27197,2
27211,0
27239,2
27241,4
27253,0
27259,0
27271,2
27277,0
27281,0
27283,2
27299,0
27329,2
27337,0
27361,4
27367,4
27397,0
27407,0
27409,0
27427,2
27431,0
27437,0
27449,2
27457,0
27479,2
27481,0
27487,2
27509,0
27527,4
27529,4
27539,0
27541,0
27551,0
27581,0
27583,0
27611,0
27617,2
27631,4
27647,0
27653,2
27673,0
27689,0
27691,4
27697,2
27701,0
27733,0
27737,2
27739,2
27743,0
27749,0
27751,0
27763,0
27767,0
27773,4
27779,0
27791,6
27793,4
27799,0
27803,0
27809,0
27817,2
27823,2
27827,0
27847,0
27851,0
27883,0
27893,2
27901,0
27917,2
27919,6
27941,2
27943,2
27947,0
27953,0
27961,0
27967,0
27983,2
27997,0
28001,2
28019,0
28027,0
28031,2
28051,2
28057,4
28069,0
28081,0
28087,0
28097,0
28099,0
28109,0
28111,0
28123,2
28151,2
28163,0
28181,0
28183,2
28201,2
28211,2
28219,0
28229,2
28277,2
28279,0
28283,0
28289,4
28297,2
28307,0
28309,0
28319,0
28349,4
28351,2
28387,2
28393,2
28403,2
28409,2
28411,2
28429,2
28433,2
28439,0
28447,0
28463,0
28477,0
28493,2
28499,2
28513,2
28517,2
28537,0
28541,2
28547,0
28549,0
28559,0
28571,0
28573,0
28579,2
28591,0
28597,0
28603,4
28607,2
28619,0
28621,0
28627,0
28631,0
28643,0
28649,0
28657,0
28661,2
28663,4
28669,4
28687,0
28697,2
28703,2
28711,0
28723,0
28729,0
28751,0
28753,2
28759,0
28771,0
28789,0
28793,2
28807,2
28813,0
28817,0
28837,0
28843,0
28859,0
28867,2
28871,0
28879,0
28901,0
28909,0
28921,0
28927,2
28933,8
28949,0
28961,0
28979,2
29009,0
29017,0
29021,2
29023,2
29027,0
29033,0
29059,2
29063,2
29077,0
29101,0
29123,2
29129,2
29131,4
29137,0
29147,2
29153,0
29167,0
29173,0
29179,4
29191,2
29201,0
29207,0
29209,0
29221,0
29231,0
29243,0
29251,0
29269,2
29287,0
29297,2
29303,6
29311,0
29327,0
29333,0
29339,0
29347,0
29363,2
29383,2
29387,4
29389,0
29399,0
29401,0
29411,0
29423,2
29429,2
29437,2
29443,2
29453,0
29473,0
29483,2
29501,2
29527,0
29531,0
29537,0
29567,2
29569,2
29573,4
29581,0
29587,0
29599,0
29611,0
29629,2
29633,0
29641,2
29663,4
29669,0
29671,0
29683,2
29717,0
29723,0
29741,2
29753,0
29759,0
29761,0
29789,0
29803,0
29819,0
29833,0
29837,4
29851,2
29863,0
29867,0
29873,2
29879,0
29881,4
29917,0
29921,0
29927,4
29947,2
29959,2
29983,0
29989,0
30011,0
30013,0
30029,2
30047,2
30059,0
30071,2
30089,0
30091,0
30097,0
30103,2
30109,0
30113,0
30119,0
30133,4
30137,0
30139,2
30161,2
30169,2
30181,0
30187,2
30197,0
30203,0
30211,0
30223,0
30241,2
30253,0
30259,4
30269,0
30271,0
30293,0
30307,2
30313,2
30319,0
30323,2
30341,0
30347,0
30367,0
30389,0
30391,0
30403,0
30427,0
30431,2
30449,0
30467,0
30469,2
30491,2
30493,0
30497,0
30509,0
30517,0
30529,2
30539,2
30553,0
30557,2
30559,0
30577,0
30593,2
30631,0
30637,0
30643,2
30649,2
30661,0
30671,2
30677,0
30689,0
30697,6
30703,0
30707,0
30713,2
30727,0
30757,0
30763,4
30773,0
30781,2
30803,0
30809,2
30817,0
30829,2
30839,2
30841,2
30851,0
30853,6
30859,0
30869,0
30871,0
30881,0
30893,0
30911,2
30931,0
30937,2
30941,2
30949,0
30971,0
30977,0
30983,4
31013,0
31019,0
31033,0
31039,2
31051,2
31063,0
31069,0
31079,0
31081,0
31091,2
31121,0
31123,2
31139,2
31147,0
31151,0
31153,4
31159,0
31177,4
31181,0
31183,0
31189,2
31193,0
31219,0
31223,2
31231,0
31237,0
31247,0
31249,6
31253,0
31259,6
31267,0
31271,2
31277,0
31307,0
31319,0
31321,2
31327,0
31333,4
31337,2
31357,0
31379,0
31387,2
31391,0
31393,0
31397,0
31469,2
31477,0
31481,2
31489,0
31511,0
31513,2
31517,0
31531,0
31541,2
31543,2
31547,2
31567,2
31573,4
31583,0
31601,0
31607,0
31627,0
31643,2
31649,0
31657,2
31663,4
31667,0
31687,0
31699,0
31721,0
31723,0
31727,0
31729,4
31741,2
31751,0
31769,0
31771,2
31793,0
31799,0
31817,0
31847,2
31849,4
31859,0
31873,2
31883,0
31891,0
31907,2
31957,2
31963,0
31973,0
31981,0
31991,2
32003,0
32009,0
32027,2
32029,0
32051,4
32057,2
32059,0
32063,8
32069,0
32077,0
32083,0
32089,2
32099,0
32117,4
32119,2
32141,0
32143,0
32159,2
32173,6
32183,0
32189,2
32191,0
32203,2
32213,2
32233,0
32237,2
32251,0
32257,0
32261,0
32297,0
32299,2
32303,0
32309,2
32321,0
32323,2
32327,2
32341,4
32353,2
32359,0
32363,0
32369,2
32371,0
32377,4
32381,2
32401,0
32411,0
32413,0
32423,0
32429,0
32441,0
32443,6
32467,2
32479,2
32491,2
32497,2
32503,4
32507,0
32531,0
32533,2
32537,0
32561,0
32563,2
32569,0
32573,0
32579,0
32587,2
32603,2
32609,0
32611,2
32621,0
32633,2
32647,4
32653,4
32687,0
32693,6
32707,0
32713,2
32717,0
32719,0
32749,0
32771,0
32779,0
32783,0
32789,2
32797,0
32801,4
32803,4
32831,0
32833,0
32839,4
32843,0
32869,2
32887,2
32909,2
32911,2
32917,0
32933,4
32939,0
32941,4
32957,2
32969,0
32971,2
32983,2
32987,0
32993,0
32999,0
33013,0
33023,0
33029,0
33037,0
33049,2
33053,0
33071,0
33073,2
33083,0
33091,2
33107,0
33113,2
33119,0
33149,2
33151,0
33161,0
33179,0
33181,2
33191,0
33199,0
33203,2
33211,0
33223,0
33247,0
33287,0
33289,0
33301,0
33311,2
33317,0
33329,2
33331,0
33343,2
33347,0
33349,0
33353,0
33359,0
33377,0
33391,4
33403,0
33409,6
33413,4
33427,0
33457,0
33461,0
33469,0
33479,0
33487,2
33493,0
33503,2
33521,0
33529,0
33533,0
33547,0
33563,0
33569,0
33577,0
33581,0
33587,0
33589,0
33599,0
33601,2
33613,0
33617,0
33619,2
33623,4
33629,0
33637,0
33641,0
33647,0
33679,0
33703,2
33713,4
33721,0
33739,2
33749,2
33751,0
33757,0
33767,0
33769,0
33773,0
33791,0
33797,2
33809,0
33811,0
33827,2
33829,0
33851,2
33857,0
33863,2
33871,4
33889,2
33893,0
33911,0
33923,0
33931,2
33937,0
33941,0
33961,0
33967,2
33997,2
34019,0
34031,0
34033,0
34039,0
34057,0
34061,4
34123,2
34127,0
34129,0
34141,4
34147,2
34157,0
34159,0
34171,2
34183,0
34211,4
34213,2
34217,0
34231,0
34253,0
34259,0
34261,0
34267,0
34273,0
34283,0
34297,6
34301,0
34303,4
34313,0
34319,2
34327,2
34337,2
34351,0
34361,4
34367,0
34369,4
34381,4
34403,4
34421,0
34429,2
34439,0
34457,0
34469,0
34471,0
34483,0
34487,0
34499,2
34501,0
34511,0
34513,2
34519,0
34537,0
34543,0
34549,0
34583,2
34589,2
34591,0
34603,2
34607,2
34613,0
34631,0
34649,0
34651,2
34667,0
34673,2
34679,0
34687,2
34693,0
34703,0
34721,0
34729,0
34739,0
34747,2
34757,0
34759,0
34763,4
34781,0
34807,0
34819,0
34841,0
34843,0
34847,0
34849,2
34871,0
34877,0
34883,2
34897,0
34913,0
34919,0
34939,0
34949,4
34961,0
34963,0
34981,4
35023,0
35027,0
35051,0
35053,0
35059,0
35069,0
35081,0
35083,2
35089,0
35099,0
35107,0
35111,0
35117,0
35129,4
35141,2
35149,6
35153,0
35159,0
35171,0
35201,4
35221,2
35227,0
35251,2
35257,4
35267,2
35279,4
35281,2
35291,2
35311,0
35317,2
35323,2
35327,0
35339,0
35353,2
35363,0
35381,2
35393,0
35401,2
35407,0
35419,0
35423,0
35437,2
35447,0
35449,4
35461,0
35491,0
35507,2
35509,0
35521,0
35527,0
35531,2
35533,4
35537,0
35543,0
35569,0
35573,0
35591,0
35593,2
35597,0
35603,0
35617,2
35671,2
35677,0
35729,2
35731,0
35747,0
35753,2
35759,0
35771,0
35797,2
35801,4
35803,0
35809,2
35831,0
35837,2
35839,0
35851,0
35863,4
35869,2
35879,0
35897,4
35899,2
35911,0
35923,0
35933,0
35951,0
35963,0
35969,0
35977,4
35983,0
35993,0
35999,0
36007,2
36011,0
36013,0
36017,2
36037,0
36061,2
36067,0
36073,2
36083,0
36097,0
36107,0
36109,2
36131,2
36137,0
36151,0
36161,2
36187,2
36191,0
36209,0
36217,0
36229,0
36241,0
36251,0
36263,0
36269,2
36277,4
36293,2
36299,2
36307,0
36313,0
36319,0
36341,0
36343,0
36353,2
36373,0
36383,0
36389,2
36433,0
36451,2
36457,0
36467,4
36469,0
36473,0
36479,0
36493,0
36497,2
36523,0
36527,0
36529,0
36541,2
36551,0
36559,0
36563,4
36571,0
36583,2
36587,2
36599,0
36607,2
36629,0
36637,0
36643,2
36653,2
36671,0
36677,0
36683,0
36691,0
36697,0
36709,6
36713,2
36721,0
36739,0
36749,0
36761,0
36767,2
36779,4
36781,2
36787,0
36791,4
36793,0
36809,0
36821,0
36833,0
36847,2
36857,0
36871,0
36877,2
36887,0
36899,0
36901,0
36913,2
36919,0
36923,4
36929,0
36931,0
36943,2
36947,0
36973,0
36979,2
36997,0
37003,4
37013,2
37019,2
37021,0
37039,0
37049,2
37057,2
37061,0
37087,0
37097,0
37117,0
37123,0
37139,0
37159,0
37171,2
37181,0
37189,0
37199,0
37201,2
37217,0
37223,2
37243,0
37253,0
37273,2
37277,2
37307,0
37309,0
37313,2
37321,0
37337,0
37339,0
37357,0
37361,2
37363,0
37369,0
37379,2
37397,4
37409,0
37423,0
37441,0
37447,0
37463,0
37483,0
37489,2
37493,0
37501,0
37507,0
37511,0
37517,0
37529,0
37537,2
37547,0
37549,0
37561,2
37567,2
37571,2
37573,2
37579,0
37589,4
37591,0
37607,2
37619,0
37633,4
37643,0
37649,2
37657,0
37663,0
37691,0
37693,0
37699,0
37717,2
37747,0
37781,4
37783,2
37799,0
37811,0
37813,2
37831,0
37847,0
37853,0
37861,0
37871,0
37879,0
37889,0
37897,4
37907,0
37951,0
37957,2
37963,2
37967,2
37987,0
37991,0
37993,0
37997,4
38011,2
38039,2
38047,0
38053,4
38069,0
38083,2
38113,0
38119,0
38149,0
38153,2
38167,2
38177,2
38183,0
38189,0
38197,8
38201,0
38219,0
38231,0
38237,2
38239,0
38261,0
38273,0
38281,2
38287,0
38299,2
38303,4
38317,4
38321,4
38327,4
38329,0
38333,2
38351,0
38371,4
38377,0
38393,4
38431,0
38447,0
38449,2
38453,2
38459,0
38461,0
38501,0
38543,0
38557,0
38561,2
38567,0
38569,2
38593,0
38603,0
38609,0
38611,2
38629,0
38639,2
38651,4
38653,0
38669,0
38671,0
38677,2
38693,0
38699,4
38707,2
38711,0
38713,0
38723,0
38729,0
38737,0
38747,0
38749,2
38767,4
38783,0
38791,2
38803,2
38821,0
38833,0
38839,2
38851,0
38861,2
38867,2
38873,0
38891,2
38903,0
38917,0
38921,0
38923,2
38933,0
38953,2
38959,0
38971,0
38977,2
38993,2
39019,4
39023,0
39041,2
39043,0
39047,2
39079,0
39089,0
39097,0
39103,0
39107,0
39113,0
39119,2
39133,2
39139,0
39157,0
39161,4
39163,2
39181,0
39191,0
39199,0
39209,0
39217,2
39227,0
39229,2
39233,2
39239,0
39241,2
39251,2
39293,2
39301,2
39313,0
39317,0
39323,0
39341,6
39343,0
39359,0
39367,2
39371,2
39373,0
39383,0
39397,0
39409,4
39419,0
39439,0
39443,0
39451,0
39461,0
39499,0
39503,0
39509,0
39511,0
39521,2
39541,0
39551,4
39563,0
39569,2
39581,2
39607,0
39619,0
39623,0
39631,0
39659,4
39667,2
39671,2
39679,0
39703,0
39709,0
39719,2
39727,0
39733,2
39749,0
39761,4
39769,0
39779,4
39791,0
39799,0
39821,0
39827,0
39829,2
39839,0
39841,0
39847,2
39857,0
39863,0
39869,0
39877,2
39883,0
39887,0
39901,2
39929,2
39937,2
39953,0
39971,2
39979,2
39983,0
39989,0
40009,2
40013,0
40031,0
40037,2
40039,2
40063,2
40087,2
40093,0
40099,2
40111,2
40123,0
40127,2
40129,0
40151,0
40153,2
40163,0
40169,0
40177,0
40189,0
40193,2
40213,6
40231,0
40237,0
40241,0
40253,0
40277,2
40283,0
40289,2
40343,4
40351,0
40357,0
40361,0
40387,0
40423,0
40427,2
40429,0
40433,0
40459,0
40471,0
40483,6
40487,0
40493,0
40499,4
40507,0
40519,0
40529,0
40531,0
40543,2
40559,0
40577,2
40583,0
40591,2
40597,2
40609,2
40627,2
40637,4
40639,2
40693,0
40697,0
40699,2
40709,2
40739,2
40751,0
40759,0
40763,0
40771,2
40787,0
40801,0
40813,2
40819,2
40823,6
40829,0
40841,0
40847,0
40849,0
40853,2
40867,0
40879,2
40883,0
40897,0
40903,2
40927,2
40933,6
40939,0
40949,0
40961,0
40973,0
40993,4
41011,0
41017,0
41023,0
41039,0
41047,2
41051,2
41057,2
41077,0
41081,0
41113,0
41117,0
41131,0
41141,0
41143,0
41149,2
41161,0
41177,0
41179,0
41183,2
41189,0
41201,2
41203,2
41213,4
41221,0
41227,2
41231,2
41233,2
41243,2
41257,2
41263,0
41269,2
41281,4
41299,0
41333,0
41341,2
41351,0
41357,0
41381,4
41387,0
41389,0
41399,2
41411,0
41413,0
41443,0
41453,0
41467,2
41479,2
41491,0
41507,2
41513,0
41519,4
41521,2
41539,0
41543,0
41549,2
41579,0
41593,0
41597,0
41603,0
41609,0
41611,0
41617,2
41621,2
41627,0
41641,0
41647,0
41651,0
41659,4
41669,0
41681,0
41687,4
41719,0
41729,2
41737,0
41759,2
41761,0
41771,0
41777,0
41801,4
41809,0
41813,0
41843,2
41849,2
41851,0
41863,0
41879,2
41887,2
41893,0
41897,0
41903,0
41911,0
41927,0
41941,0
41947,0
41953,0
41957,0
41959,0
41969,2
41981,0
41983,0
41999,4
42013,0
42017,0
42019,2
42023,0
42043,0
42061,0
42071,0
42073,0
42083,2
42089,0
42101,2
42131,0
42139,2
42157,0
42169,0
42179,0
42181,2
42187,0
42193,2
42197,0
42209,0
42221,0
42223,0
42227,0
42239,2
42257,2
42281,0
42283,0
42293,2
42299,0
42307,2
42323,2
42331,0
42337,2
42349,4
42359,0
42373,4
42379,2
42391,0
42397,0
42403,0
42407,0
42409,2
42433,4
42437,0
42443,2
42451,0
42457,0
42461,0
42463,2
42467,0
42473,0
42487,0
42491,0
42499,6
42509,0
42533,2
42557,0
42569,0
42571,4
42577,0
42589,0
42611,0
42641,2
42643,2
42649,2
42667,0
42677,0
42683,6
42689,0
42697,4
42701,2
42703,2
42709,0
42719,2
42727,0
42737,2
42743,2
42751,0
42767,0
42773,2
42787,0
42793,2
42797,2
42821,0
42829,0
42839,0
42841,0
42853,0
42859,0
42863,0
42899,4
42901,0
42923,2
42929,2
42937,0
42943,2
42953,0
42961,0
42967,2
42979,4
42989,0
43003,2
43013,0
43019,6
43037,0
43049,0
43051,6
43063,4
43067,0
43093,0
43103,0
43117,2
43133,2
43151,8
43159,0
43177,0
43189,0
43201,0
43207,2
43223,0
43237,2
43261,0
43271,0
43283,0
43291,0
43313,2
43319,0
43321,2
43331,0
43391,2
43397,2
43399,0
43403,0
43411,0
43427,0
43441,0
43451,0
43457,2
43481,0
43487,0
43499,0
43517,0
43541,4
43543,0
43573,0
43577,6
43579,0
43591,0
43597,2
43607,2
43609,0
43613,0
43627,0
43633,0
43649,2
43651,2
43661,0
43669,0
43691,2
43711,0
43717,0
43721,2
43753,0
43759,2
43777,0
43781,0
43783,0
43787,4
43789,0
43793,0
43801,0
43853,0
43867,4
43889,0
43891,0
43913,0
43933,0
43943,0
43951,2
43961,2
43963,0
43969,0
43973,0
43987,2
43991,0
43997,2
44017,0
44021,0
44027,0
44029,0
44041,0
44053,0
44059,0
44071,0
44087,2
44089,0
44101,2
44111,0
44119,0
44123,0
44129,4
44131,2
44159,2
44171,0
44179,0
44189,2
44201,0
44203,0
44207,4
44221,0
44249,4
44257,2
44263,0
44267,0
44269,0
44273,0
44279,0
44281,2
44293,2
44351,0
44357,0
44371,0
44381,0
44383,0
44389,0
44417,2
44449,4
44453,0
44483,0
44491,2
44497,2
44501,0
44507,0
44519,2
44531,0
44533,0
44537,0
44543,2
44549,0
44563,4
44579,4
44587,0
44617,0
44621,0
44623,0
44633,0
44641,0
44647,0
44651,2
44657,0
44683,2
44687,2
44699,0
44701,2
44711,0
44729,2
44741,2
44753,0
44771,2
44773,0
44777,0
44789,2
44797,2
44809,0
44819,0
44839,0
44843,2
44851,0
44867,0
44879,0
44887,0
44893,0
44909,0
44917,2
44927,0
44939,0
44953,4
44959,0
44963,0
44971,0
44983,0
44987,0
45007,0
45013,0
45053,6
45061,0
45077,4
45083,2
45119,2
45121,0
45127,0
45131,2
45137,4
45139,0
45161,0
45179,0
45181,2
45191,2
45197,0
45233,0
45247,0
45259,0
45263,0
45281,0
45289,4
45293,4
45307,0
45317,2
45319,0
45329,0
45337,4
45341,2
45343,0
45361,0
45377,4
45389,2
45403,2
45413,0
45427,4
45433,0
45439,0
45481,0
45491,2
45497,0
45503,2
45523,0
45533,0
45541,2
45553,0
45557,2
45569,2
45587,0
45589,2
45599,0
45613,0
45631,0
45641,0
45659,0
45667,4
45673,0
45677,0
45691,0
45697,2
45707,2
45737,2
45751,2
45757,0
45763,4
45767,2
45779,0
45817,4
45821,0
45823,0
45827,2
45833,0
45841,2
45853,0
45863,0
45869,2
45887,0
45893,0
45943,0
45949,0
45953,0
45959,0
45971,0
45979,0
45989,2
46021,2
46027,0
46049,4
46051,0
46061,2
46073,0
46091,4
46093,2
46099,4
46103,0
46133,2
46141,2
46147,0
46153,0
46171,2
46181,0
46183,0
46187,0
46199,0
46219,0
46229,0
46237,0
46261,0
46271,2
46273,4
46279,2
46301,0
46307,2
46309,2
46327,0
46337,2
46349,2
46351,0
46381,4
46399,4
46411,2
46439,0
46441,0
46447,0
46451,0
46457,2
46471,0
46477,0
46489,0
46499,2
46507,0
46511,0
46523,0
46549,2
46559,2
46567,0
46573,2
46589,0
46591,0
46601,0
46619,4
46633,2
46639,0
46643,4
46649,0
46663,4
46679,0
46681,4
46687,0
46691,4
46703,0
46723,0
46727,2
46747,2
46751,2
46757,0
46769,2
46771,0
46807,0
46811,2
46817,4
46819,0
46829,2
46831,0
46853,0
46861,0
46867,0
46877,0
46889,4
46901,0
46919,0
46933,0
46957,0
46993,2
46997,2
47017,2
47041,2
47051,0
47057,0
47059,0
47087,0
47093,2
47111,2
47119,0
47123,0
47129,2
47137,2
47143,0
47147,2
47149,2
47161,0
47189,0
47207,0
47221,2
47237,0
47251,4
47269,0
47279,0
47287,0
47293,0
47297,4
47303,6
47309,2
47317,0
47339,2
47351,0
47353,0
47363,0
47381,0
47387,0
47389,0
47407,4
47417,0
47419,0
47431,0
47441,0
47459,0
47491,0
47497,4
47501,6
47507,0
47513,0
47521,0
47527,4
47533,2
47543,0
47563,0
47569,0
47581,2
47591,0
47599,2
47609,0
47623,0
47629,0
47639,2
47653,2
47657,0
47659,2
47681,0
47699,2
47701,4
47711,0
47713,0
47717,0
47737,2
47741,0
47743,0
47777,0
47779,2
47791,0
47797,2
47807,0
47809,0
47819,0
47837,0
47843,0
47857,0
47869,0
47881,2
47903,0
47911,0
47917,0
47933,0
47939,0
47947,0
47951,2
47963,2
47969,0
47977,0
47981,2
48017,0
48023,0
48029,0
48049,0
48073,0
48079,0
48091,0
48109,8
48119,0
48121,4
48131,4
48157,0
48163,4
48179,0
48187,0
48193,0
48197,0
48221,4
48239,0
48247,0
48259,0
48271,6
48281,0
48299,0
48311,0
48313,0
48337,0
48341,0
48353,2
48371,2
48383,0
48397,0
48407,0
48409,0
48413,0
48437,0
48449,4
48463,0
48473,0
48479,0
48481,0
48487,0
48491,0
48497,0
48523,0
48527,2
48533,2
48539,0
48541,2
48563,0
48571,2
48589,0
48593,0
48611,0
48619,2
48623,0
48647,4
48649,0
48661,4
48673,0
48677,0
48679,0
48731,0
48733,0
48751,2
48757,0
48761,0
48767,0
48779,0
48781,0
48787,0
48799,0
48809,0
48817,0
48821,0
48823,4
48847,0
48857,0
48859,2
48869,0
48871,0
48883,0
48889,2
48907,2
48947,2
48953,0
48973,0
48989,0
48991,0
49003,0
49009,2
49019,0
49031,0
49033,4
49037,0
49043,0
49057,4
49069,2
49081,2
49103,0
49109,0
49117,0
49121,4
49123,0
49139,2
49157,4
49169,0
49171,0
49177,0
49193,0
49199,6
49201,2
49207,0
49211,0
49223,0
49253,0
49261,0
49277,0
49279,4
49297,0
49307,2
49331,2
49333,4
49339,0
49363,4
49367,2
49369,4
49391,2
49393,0
49409,0
49411,0
49417,0
49429,2
49433,2
49451,0
49459,2
49463,0
49477,0
49481,0
49499,2
49523,0
49529,0
49531,0
49537,0
49547,2
49549,0
49559,2
49597,0
49603,0
49613,0
49627,0
49633,0
49639,2
49663,0
49667,0
49669,2
49681,0
49697,2
49711,2
49727,2
49739,0
49741,0
49747,0
49757,0
49783,6
49787,0
49789,0
49801,0
49807,4
49811,4
49823,2
49831,0
49843,0
49853,0
49871,2
49877,2
49891,0
49919,0
49921,0
49927,2
49937,0
49939,2
49943,0
49957,0
49991,0
49993,0
49999,0
50021,0
50023,0
50033,6
50047,0
50051,2
50053,0
50069,2
50077,2
50087,2
50093,2
50101,0
50111,4
50119,2
50123,2
50129,0
50131,0
50147,0
50153,2
50159,0
50177,4
50207,0
50221,2
50227,0
50231,0
50261,0
50263,2
50273,2
50287,0
50291,2
50311,0
50321,2
50329,2
50333,0
50341,0
50359,0
50363,2
50377,0
50383,0
50387,0
50411,4
50417,0
50423,0
50441,0
50459,0
50461,0
50497,0
50503,2
50513,0
50527,0
50539,2
50543,2
50549,4
50551,2
50581,2
50587,2
50591,0
50593,0
50599,6
50627,0
50647,0
50651,0
50671,0
50683,2
50707,0
50723,0
50741,0
50753,2
50767,4
50773,0
50777,0
50789,0
50821,0
50833,0
50839,2
50849,2
50857,2
50867,0
50873,0
50891,0
50893,0
50909,0
50923,2
50929,0
50951,0
50957,0
50969,0
50971,0
50989,4
50993,2
51001,0
51031,0
51043,4
51047,0
51059,0
51061,0
51071,0
51109,2
51131,2
51133,0
51137,2
51151,6
51157,2
51169,0
51193,0
51197,0
51199,0
51203,0
51217,0
51229,0
51239,0
51241,0
51257,2
51263,0
51283,0
51287,0
51307,0
51329,2
51341,4
51343,2
51347,0
51349,0
51361,0
51383,4
51407,2
51413,2
51419,2
51421,0
51427,2
51431,2
51437,0
51439,2
51449,2
51461,0
51473,2
51479,0
51481,2
51487,2
51503,0
51511,0
51517,0
51521,0
51539,2
51551,2
51563,2
51577,0
51581,0
51593,0
51599,0
51607,0
51613,0
51631,2
51637,0
51647,2
51659,2
51673,0
51679,0
51683,0
51691,0
51713,0
51719,0
51721,0
51749,2
51767,2
51769,2
51787,0
51797,0
51803,6
51817,2
51827,0
51829,2
51839,2
51853,2
51859,0
51869,0
51871,2
51893,0
51899,4
51907,0
51913,0
51929,0
51941,0
51949,2
51971,4
51973,2
51977,2
51991,2
52009,4
52021,0
52027,2
52051,0
52057,0
52067,0
52069,2
52081,0
52103,2
52121,0
52127,0
52147,0
52153,0
52163,2
52177,2
52181,0
52183,2
52189,2
52201,0
52223,0
52237,0
52249,2
52253,2
52259,0
52267,2
52289,0
52291,0
52301,0
52313,2
52321,0
52361,2
52363,4
52369,2
52379,6
52387,0
52391,0
52433,2
52453,2
52457,0
52489,0
52501,0
52511,0
52517,2
52529,0
52541,2
52543,0
52553,4
52561,0
52567,4
52571,0
52579,0
52583,0
52609,2
52627,0
52631,0
52639,0
52667,0
52673,0
52691,2
52697,0
52709,6
52711,0
52721,2
52727,0
52733,0
52747,0
52757,4
52769,0
52783,2
52807,2
52813,0
52817,0
52837,0
52859,0
52861,0
52879,0
52883,2
52889,2
52901,2
52903,0
52919,0
52937,0
52951,2
52957,0
52963,0
52967,0
52973,0
52981,2
52999,0
53003,2
53017,0
53047,0
53051,2
53069,2
53077,4
53087,4
53089,4
53093,2
53101,0
53113,2
53117,0
53129,2
53147,0
53149,2
53161,6
53171,0
53173,2
53189,0
53197,0
53201,0
53231,2
53233,0
53239,0
53267,0
53269,0
53279,0
53281,2
53299,0
53309,4
53323,0
53327,2
53353,2
53359,0
53377,0
53381,0
53401,0
53407,2
53411,2
53419,0
53437,2
53441,0
53453,0
53479,0
53503,2
53507,0
53527,0
53549,0
53551,0
53569,2
53591,0
53593,0
53597,4
53609,2
53611,4
53617,0
53623,0
53629,2
53633,2
53639,2
53653,2
53657,2
53681,2
53693,0
53699,0
53717,4
53719,2
53731,0
53759,2
53773,2
53777,0
53783,2
53791,2
53813,2
53819,2
53831,0
53849,0
53857,2
53861,0
53881,0
53887,0
53891,0
53897,0
53899,0
53917,0
53923,0
53927,0
53939,2
53951,2
53959,0
53987,0
53993,2
54001,0
54011,2
54013,0
54037,2
54049,0
54059,0
54083,2
54091,2
54101,0
54121,2
54133,0
54139,0
54151,2
54163,0
54167,2
54181,6
54193,4
54217,2
54251,0
54269,0
54277,0
54287,0
54293,0
54311,0
54319,0
54323,0
54331,0
54347,0
54361,2
54367,0
54371,0
54377,0
54401,0
54403,2
54409,2
54413,0
54419,4
54421,0
54437,0
54443,0
54449,2
54469,0
54493,0
54497,0
54499,0
54503,0
54517,2
54521,0
54539,0
54541,0
54547,2
54559,2
54563,2
54577,2
54581,2
54583,2
54601,0
54617,2
54623,0
54629,2
54631,2
54647,0
54667,0
54673,0
54679,2
54709,0
54713,2
54721,2
54727,0
54751,0
54767,2
54773,0
54779,2
54787,2
54799,0
54829,0
54833,2
54851,0
54869,0
54877,0
54881,0
54907,0
54917,0
54919,0
54941,0
54949,0
54959,0
54973,0
54979,4
54983,0
55001,2
55009,0
55021,2
55049,0
55051,4
55057,0
55061,0
55073,0
55079,0
55103,0
55109,0
55117,0
55127,0
55147,0
55163,0
55171,4
55201,0
55207,0
55213,0
55217,0
55219,2
55229,0
55243,2
55249,0
55259,0
55291,2
55313,2
55331,2
55333,2
55337,0
55339,2
55343,2
55351,0
55373,2
55381,0
55399,2
55411,0
55439,0
55441,2
55457,0
55469,0
55487,2
55501,2
55511,2
55529,0
55541,2
55547,0
55579,0
55589,2
55603,0
55609,0
55619,0
55621,2
55631,0
55633,0
55639,0
55661,0
55663,0
55667,2
55673,0
55681,0
55691,0
55697,4
55711,2
55717,0
55721,6
55733,0
55763,0
55787,2
55793,0
55799,0
55807,0
55813,0
55817,0
55819,0
55823,2
55829,0
55837,0
55843,2
55849,0
55871,0
55889,0
55897,0
55901,0
55903,2
55921,0
55927,0
55931,2
55933,6
55949,0
55967,0
55987,0
55997,0
56003,0
56009,0
56039,0
56041,0
56053,2
56081,0
56087,2
56093,0
56099,0
56101,0
56113,4
56123,0
56131,2
56149,0
56167,0
56171,0
56179,0
56197,0
56207,0
56209,4
56237,2
56239,0
56249,4
56263,0
56267,2
56269,0
56299,4
56311,0
56333,0
56359,2
56369,0
56377,2
56383,2
56393,2
56401,4
56417,2
56431,0
56437,0
56443,2
56453,2
56467,0
56473,4
56477,0
56479,0
56489,0
56501,0
56503,2
56509,2
56519,4
56527,0
56531,2
56533,0
56543,0
56569,0
56591,0
56597,0
56599,0
56611,2
56629,0
56633,2
56659,2
56663,2
56671,2
56681,0
56687,0
56701,0
56711,2
56713,0
56731,6
56737,2
56747,0
56767,0
56773,0
56779,2
56783,0
56807,0
56809,2
56813,0
56821,0
56827,0
56843,2
56857,0
56873,0
56891,0
56893,0
56897,0
56909,0
56911,0
56921,0
56923,0
56929,0
56941,0
56951,2
56957,2
56963,0
56983,0
56989,0
56993,0
56999,0
57037,0
57041,2
57047,4
57059,2
57073,0
57077,0
57089,0
57097,2
57107,4
57119,2
57131,0
57139,4
57143,0
57149,2
57163,2
57173,0
57179,0
57191,0
57193,0
57203,0
57221,0
57223,0
57241,2
57251,0
57259,2
57269,0
57271,0
57283,2
57287,0
57301,0
57329,0
57331,0
57347,2
57349,0
57367,6
57373,2
57383,0
57389,0
57397,0
57413,0
57427,0
57457,2
57467,2
57487,2
57493,0
57503,2
57527,2
57529,2
57557,6
57559,0
57571,2
57587,0
57593,0
57601,0
57637,0
57641,0
57649,4
57653,0
57667,2
57679,2
57689,0
57697,0
57709,0
57713,2
57719,2
57727,2
57731,2
57737,2
57751,0
57773,0
57781,0
57787,0
57791,4
57793,0
57803,2
57809,0
57829,2
57839,2
57847,0
57853,0
57859,0
57881,2
57899,2
57901,2
57917,0
57923,0
57943,0
57947,2
57973,0
57977,0
57991,0
58013,0
58027,0
58031,0
58043,0
58049,0
58057,2
58061,0
58067,0
58073,2
58099,0
58109,0
58111,0
58129,2
58147,0
58151,0
58153,0
58169,4
58171,2
58189,0
58193,0
58199,2
58207,0
58211,2
58217,2
58229,0
58231,0
58237,0
58243,0
58271,2
58309,2
58313,0
58321,4
58337,2
58363,0
58367,0
58369,2
58379,0
58391,0
58393,4
58403,0
58411,0
58417,0
58427,4
58439,0
58441,0
58451,2
58453,0
58477,4
58481,0
58511,0
58537,2
58543,0
58549,2
58567,2
58573,0
58579,0
58601,4
58603,2
58613,0
58631,2
58657,2
58661,4
58679,0
58687,0
58693,2
58699,2
58711,4
58727,0
58733,0
58741,0
58757,0
58763,0
58771,2
58787,4
58789,0
58831,0
58889,0
58897,2
58901,2
58907,2
58909,4
58913,0
58921,0
58937,0
58943,0
58963,0
58967,0
58979,0
58991,2
58997,0
59009,0
59011,0
59021,0
59023,0
59029,0
59051,0
59053,0
59063,0
59069,0
59077,0
59083,0
59093,0
59107,4
59113,2
59119,0
59123,0
59141,0
59149,0
59159,0
59167,0
59183,0
59197,0
59207,0
59209,0
59219,2
59221,0
59233,0
59239,0
59243,0
59263,2
59273,0
59281,0
59333,0
59341,0
59351,0
59357,4
59359,0
59369,0
59377,0
59387,4
59393,2
59399,0
59407,0
59417,2
59419,2
59441,4
59443,0
59447,0
59453,2
59467,0
59471,2
59473,0
59497,0
59509,0
59513,0
59539,0
59557,0
59561,0
59567,0
59581,0
59611,4
59617,4
59621,0
59627,0
59629,4
59651,2
59659,2
59663,0
59669,0
59671,0
59693,0
59699,2
59707,0
59723,2
59729,2
59743,2
59747,2
59753,0
59771,0
59779,0
59791,0
59797,0
59809,0
59833,0
59863,0
59879,4
59887,4
59921,0
59929,2
59951,0
59957,2
59971,0
59981,2
59999,4
60013,0
60017,2
60029,2
60037,2
60041,0
60077,2
60083,0
60089,2
60091,2
60101,0
60103,2
60107,0
60127,2
60133,2
60139,2
60149,0
60161,2
60167,6
60169,2
60209,0
60217,0
60223,0
60251,2
60257,0
60259,0
60271,0
60289,4
60293,0
60317,2
60331,0
60337,2
60343,0
60353,0
60373,0
60383,0
60397,0
60413,0
60427,0
60443,0
60449,0
60457,0
60493,0
60497,2
60509,0
60521,0
60527,2
60539,4
60589,4
60601,0
60607,0
60611,0
60617,2
60623,0
60631,0
60637,2
60647,0
60649,6
60659,2
60661,2
60679,0
60689,0
60703,2
60719,2
60727,0
60733,0
60737,0
60757,0
60761,0
60763,0
60773,0
60779,2
60793,0
60811,2
60821,0
60859,0
60869,4
60887,2
60889,2
60899,2
60901,2
60913,0
60917,4
60919,2
60923,0
60937,0
60943,0
60953,0
60961,2
61001,0
61007,0
61027,2
61031,2
61043,2
61051,0
61057,0
61091,0
61099,0
61121,0
61129,2
61141,0
61151,0
61153,0
61169,2
61211,0
61223,0
61231,2
61253,2
61261,0
61283,0
61291,0
61297,4
61331,0
61333,0
61339,2
61343,2
61357,2
61363,0
61379,0
61381,0
61403,2
61409,2
61417,0
61441,0
61463,2
61469,0
61471,0
61483,0
61487,0
61493,0
61507,2
61511,0
61519,2
61543,2
61547,2
61553,2
61559,4
61561,0
61583,0
61603,2
61609,0
61613,0
61627,0
61631,2
61637,4
61643,0
61651,0
61657,2
61667,0
61673,2
61681,2
61687,2
61703,4
61717,2
61723,0
61729,0
61751,0
61757,0
61781,0
61813,0
61819,0
61837,0
61843,0
61861,0
61871,0
61879,0
61909,0
61927,4
61933,0
61949,0
61961,0
61967,2
61979,0
61981,2
61987,4
61991,0
62003,2
62011,0
62017,0
62039,0
62047,0
62053,0
62057,0
62071,2
62081,0
62099,0
62119,2
62129,0
62131,4
62137,0
62141,0
62143,0
62171,0
62189,0
62191,0
62201,0
62207,2
62213,2
62219,2
62233,2
62273,2
62297,0
62299,4
62303,0
62311,0
62323,0
62327,0
62347,0
62351,0
62383,2
62401,4
62417,4
62423,2
62459,0
62467,0
62473,2
62477,0
62483,0
62497,0
62501,2
62507,0
62533,4
62539,0
62549,0
62563,0
62581,2
62591,0
62597,0
62603,2
62617,4
62627,0
62633,2
62639,0
62653,0
62659,0
62683,6
62687,2
62701,4
62723,0
62731,2
62743,0
62753,0
62761,0
62773,2
62791,2
62801,0
62819,0
62827,2
62851,0
62861,0
62869,0
62873,0
62897,2
62903,2
62921,2
62927,2
62929,0
62939,0
62969,0
62971,0
62981,2
62983,2
62987,0
62989,2
63029,0
63031,0
63059,2
63067,2
63073,2
63079,2
63097,0
63103,0
63113,0
63127,0
63131,0
63149,4
63179,0
63197,0
63199,0
63211,0
63241,0
63247,2
63277,0
63281,0
63299,0
63311,0
63313,2
63317,0
63331,2
63337,0
63347,0
63353,0
63361,0
63367,0
63377,2
63389,2
63391,0
63397,0
63409,0
63419,2
63421,2
63439,0
63443,0
63463,0
63467,2
63473,2
63487,0
63493,2
63499,0
63521,0
63527,0
63533,0
63541,0
63559,2
63577,0
63587,2
63589,0
63599,2
63601,0
63607,0
63611,2
63617,2
63629,0
63647,0
63649,0
63659,0
63667,0
63671,2
63689,0
63691,0
63697,0
63703,0
63709,2
63719,4
63727,2
63737,2
63743,2
63761,0
63773,0
63781,2
63793,0
63799,2
63803,0
63809,0
63823,0
63839,2
63841,0
63853,2
63857,0
63863,0
63901,0
63907,2
63913,2
63929,0
63949,6
63977,2
63997,0
64007,0
64013,0
64019,2
64033,2
64037,0
64063,0
64067,2
64081,4
64091,0
64109,4
64123,0
64151,0
64153,0
64157,2
64171,0
64187,0
64189,2
64217,0
64223,0
64231,0
64237,2
64271,0
64279,2
64283,0
64301,0
64303,2
64319,2
64327,0
64333,0
64373,0
64381,0
64399,2
64403,0
64433,0
64439,2
64451,0
64453,0
64483,0
64489,2
64499,0
64513,2
64553,4
64567,0
64577,2
64579,2
64591,0
64601,0
64609,6
64613,2
64621,2
64627,0
64633,0
64661,0
64663,0
64667,2
64679,0
64693,0
64709,0
64717,0
64747,2
64763,2
64781,2
64783,0
64793,0
64811,2
64817,4
64849,0
64853,0
64871,0
64877,0
64879,2
64891,2
64901,0
64919,4
64921,0
64927,2
64937,0
64951,4
64969,2
64997,0
65003,0
65011,2
65027,2
65029,0
65033,4
65053,2
65063,0
65071,0
65089,2
65099,0
65101,0
65111,0
65119,0
65123,0
65129,2
65141,0
65147,0
65167,0
65171,0
65173,0
65179,0
65183,4
65203,0
65213,2
65239,0
65257,0
65267,0
65269,2
65287,0
65293,0
65309,2
65323,0
65327,2
65353,2
65357,0
65371,0
65381,2
65393,2
65407,0
65413,0
65419,2
65423,0
65437,0
65447,0
65449,0
65479,0
65497,0
65519,0
65521,0
65537,0
65539,2
65543,2
65551,0
65557,2
65563,2
65579,2
65581,0
65587,2
65599,0
65609,2
65617,4
65629,2
65633,0
65647,0
65651,2
65657,2
65677,2
65687,0
65699,2
65701,2
65707,2
65713,0
65717,0
65719,0
65729,2
65731,0
65761,0
65777,0
65789,0
65809,0
65827,0
65831,2
65837,0
65839,0
65843,0
65851,0
65867,0
65881,0
65899,0
65921,2
65927,0
65929,0
65951,2
65957,0
65963,2
65981,0
65983,2
65993,0
66029,0
66037,0
66041,2
66047,0
66067,0
66071,0
66083,4
66089,2
66103,0
66107,0
66109,0
66137,2
66161,0
66169,2
66173,0
66179,0
66191,2
66221,0
66239,2
66271,2
66293,0
66301,0
66337,0
66343,0
66347,0
66359,0
66361,2
66373,2
66377,2
66383,0
66403,0
66413,2
66431,2
66449,0
66457,0
66463,0
66467,0
66491,0
66499,0
66509,4
66523,2
66529,0
66533,0
66541,2
66553,0
66569,0
66571,4
66587,2
66593,2
66601,2
66617,2
66629,2
66643,2
66653,0
66683,0
66697,0
66701,2
66713,2
66721,2
66733,4
66739,0
66749,0
66751,0
66763,0
66791,0
66797,0
66809,0
66821,0
66841,0
66851,0
66853,0
66863,0
66877,2
66883,0
66889,2
66919,0
66923,0
66931,0
66943,2
66947,4
66949,0
66959,2
66973,2
66977,0
67003,0
67021,2
67033,0
67043,2
67049,0
67057,0
67061,0
67073,2
67079,6
67103,0
67121,2
67129,0
67139,2
67141,4
67153,0
67157,2
67169,0
67181,0
67187,0
67189,2
67211,0
67213,2
67217,0
67219,2
67231,0
67247,2
67261,2
67271,0
67273,0
67289,2
67307,4
67339,0
67343,0
67349,0
67369,0
67391,0
67399,2
67409,2
67411,2
67421,2
67427,0
67429,0
67433,0
67447,0
67453,2
67477,0
67481,2
67489,0
67493,0
67499,0
67511,0
67523,2
67531,2
67537,0
67547,0
67559,2
67567,0
67577,0
67579,2
67589,2
67601,0
67607,0
67619,2
67631,0
67651,0
67679,0
67699,0
67709,0
67723,2
67733,0
67741,0
67751,0
67757,2
67759,0
67763,0
67777,2
67783,2
67789,2
67801,0
67807,0
67819,2
67829,0
67843,4
67853,2
67867,0
67883,0
67891,0
67901,0
67927,0
67931,0
67933,0
67939,2
67943,2
67957,2
67961,4
67967,8
67979,0
67987,0
67993,0
68023,0
68041,0
68053,2
68059,0
68071,0
68087,2
68099,2
68111,0
68113,0
68141,4
68147,0
68161,0
68171,0
68207,2
68209,0
68213,0
68219,0
68227,0
68239,0
68261,2
68279,0
68281,0
68311,2
68329,4
68351,2
68371,2
68389,0
68399,0
68437,4
68443,2
68447,2
68449,0
68473,0
68477,4
68483,0
68489,0
68491,0
68501,0
68507,0
68521,0
68531,0
68539,2
68543,0
68567,2
68581,0
68597,2
68611,0
68633,2
68639,0
68659,2
68669,0
68683,2
68687,0
68699,0
68711,0
68713,0
68729,0
68737,0
68743,0
68749,0
68767,0
68771,0
68777,0
68791,2
68813,2
68819,2
68821,0
68863,0
68879,2
68881,0
68891,2
68897,6
68899,0
68903,2
68909,0
68917,2
68927,0
68947,0
68963,2
68993,0
69001,0
69011,2
69019,0
69029,2
69031,2
69061,2
69067,0
69073,0
69109,0
69119,2
69127,0
69143,0
69149,2
69151,2
69163,0
69191,0
69193,0
69197,0
69203,0
69221,2
69233,2
69239,0
69247,0
69257,0
69259,0
69263,0
69313,4
69317,0
69337,0
69341,0
69371,2
69379,2
69383,2
69389,2
69401,0
69403,2
69427,2
69431,0
69439,0
69457,2
69463,0
69467,0
69473,4
69481,0
69491,0
69493,0
69497,0
69499,0
69539,0
69557,0
69593,2
69623,2
69653,2
69661,0
69677,0
69691,4
69697,0
69709,2
69737,0
69739,0
69761,2
69763,0
69767,0
69779,4
69809,0
69821,0
69827,0
69829,0
69833,0
69847,0
69857,2
69859,2
69877,2
69899,2
69911,0
69929,0
69931,2
69941,0
69959,2
69991,0
69997,2
70001,0
70003,2
70009,0
70019,0
70039,0
70051,0
70061,6
70067,0
70079,2
70099,0
70111,0
70117,0
70121,0
70123,2
70139,0
70141,2
70157,2
70163,0
70177,0
70181,0
70183,0
70199,0
70201,2
70207,2
70223,0
70229,0
70237,2
70241,0
70249,0
70271,2
70289,0
70297,0
70309,0
70313,2
70321,2
70327,2
70351,0
70373,2
70379,0
70381,0
70393,2
70423,2
70429,0
70439,2
70451,0
70457,0
70459,0
70481,2
70487,0
70489,0
70501,0
70507,0
70529,0
70537,0
70549,2
70571,0
70573,2
70583,0
70589,0
70607,2
70619,2
70621,2
70627,0
70639,0
70657,0
70663,2
70667,0
70687,0
70709,0
70717,4
70729,0
70753,2
70769,2
70783,0
70793,0
70823,0
70841,2
70843,0
70849,0
70853,0
70867,4
70877,0
70879,2
70891,2
70901,2
70913,4
70919,0
70921,2
70937,0
70949,2
70951,0
70957,0
70969,0
70979,0
70981,0
70991,0
70997,0
70999,0
71011,0
71023,4
71039,2
71059,0
71069,2
71081,2
71089,0
71119,0
71129,2
71143,0
71147,0
71153,0
71161,0
71167,0
71171,0
71191,0
71209,2
71233,2
71237,0
71249,0
71257,2
71261,2
71263,2
71287,6
71293,0
71317,0
71327,2
71329,0
71333,0
71339,0
71341,0
71347,0
71353,2
71359,0
71363,2
71387,0
71389,0
71399,0
71411,0
71413,0
71419,2
71429,4
71437,0
71443,0
71453,0
71471,2
71473,0
71479,0
71483,0
71503,2
71527,0
71537,0
71549,0
71551,0
71563,0
71569,0
71593,0
71597,0
71633,0
71647,0
71663,0
71671,0
71693,0
71699,0
71707,0
71711,2
71713,2
71719,0
71741,0
71761,0
71777,0
71789,2
71807,0
71809,0
71821,2
71837,2
71843,0
71849,2
71861,0
71867,0
71879,2
71881,4
71887,0
71899,2
71909,0
71917,2
71933,0
71941,2
71947,2
71963,2
71971,2
71983,0
71987,0
71993,2
71999,0
72019,4
72031,2
72043,2
72047,2
72053,0
72073,0
72077,2
72089,0
72091,0
72101,0
72103,2
72109,0
72139,0
72161,4
72167,0
72169,0
72173,0
72211,2
72221,2
72223,4
72227,0
72229,0
72251,0
72253,0
72269,0
72271,2
72277,0
72287,4
72307,0
72313,2
72337,2
72341,0
72353,0
72367,2
72379,0
72383,0
72421,8
72431,0
72461,0
72467,2
72469,0
72481,0
72493,0
72497,0
72503,2
72533,0
72547,0
72551,2
72559,6
72577,0
72613,0
72617,0
72623,2
72643,2
72647,0
72649,0
72661,0
72671,2
72673,0
72679,0
72689,2
72701,6
72707,0
72719,0
72727,0
72733,0
72739,0
72763,4
72767,4
72797,0
72817,0
72823,2
72859,0
72869,0
72871,2
72883,8
72889,0
72893,0
72901,0
72907,0
72911,2
72923,0
72931,0
72937,2
72949,4
72953,4
72959,0
72973,4
72977,0
72997,2
73009,2
73013,0
73019,0
73037,2
73039,2
73043,0
73061,4
73063,0
73079,0
73091,4
73121,0
73127,2
73133,2
73141,0
73181,2
73189,2
73237,2
73243,0
73259,4
73277,0
73291,0
73303,0
73309,4
73327,2
73331,0
73351,2
73361,0
73363,0
73369,0
73379,2
73387,2
73417,0
73421,2
73433,4
73453,0
73459,0
73471,0
73477,0
73483,4
73517,0
73523,0
73529,0
73547,0
73553,0
73561,0
73571,0
73583,2
73589,2
73597,2
73607,2
73609,0
73613,4
73637,2
73643,0
73651,0
73673,2
73679,0
73681,2
73693,6
73699,4
73709,0
73721,0
73727,0
73751,0
73757,0
73771,0
73783,0
73819,0
73823,2
73847,2
73849,2
73859,0
73867,0
73877,2
73883,2
73897,2
73907,2
73939,0
73943,0
73951,0
73961,0
73973,0
73999,0
74017,0
74021,0
74027,0
74047,0
74051,2
74071,2
74077,0
74093,0
74099,2
74101,0
74131,2
74143,0
74149,0
74159,0
74161,2
74167,2
74177,2
74189,0
74197,0
74201,0
74203,2
74209,0
74219,4
74231,0
74257,0
74279,0
74287,0
74293,0
74297,2
74311,0
74317,0
74323,0
74353,2
74357,2
74363,0
74377,2
74381,2
74383,2
74411,2
74413,0
74419,2
74441,2
74449,0
74453,2
74471,2
74489,0
74507,0
74509,2
74521,2
74527,0
74531,0
74551,0
74561,0
74567,0
74573,0
74587,2
74597,2
74609,0
74611,0
74623,2
74653,0
74687,2
74699,2
74707,2
74713,4
74717,2
74719,2
74729,4
74731,0
74747,2
74759,0
74761,0
74771,0
74779,0
74797,0
74821,4
74827,2
74831,0
74843,2
74857,0
74861,0
74869,2
74873,0
74887,0
74891,4
74897,4
74903,0
74923,0
74929,2
74933,0
74941,2
74959,2
75011,0
75013,2
75017,0
75029,0
75037,4
75041,0
75079,0
75083,0
75109,0
75133,2
75149,0
75161,2
75167,0
75169,0
75181,0
75193,2
75209,0
75211,0
75217,2
75223,0
75227,0
75239,0
75253,2
75269,0
75277,2
75289,0
75307,0
75323,0
75329,0
75337,2
75347,2
75353,2
75367,2
75377,0
75389,2
75391,0
75401,0
75403,0
75407,0
75431,2
75437,0
75479,2
75503,4
75511,0
75521,2
75527,2
75533,0
75539,0
75541,0
75553,0
75557,2
75571,2
75577,0
75583,0
75611,0
75617,2
75619,0
75629,2
75641,0
75653,0
75659,0
75679,0
75683,0
75689,2
75703,0
75707,2
75709,0
75721,0
75731,2
75743,2
75767,0
75773,0
75781,2
75787,2
75793,0
75797,4
75821,2
75833,2
75853,0
75869,0
75883,2
75913,0
75931,0
75937,4
75941,0
75967,4
75979,0
75983,0
75989,2
75991,0
75997,0
76001,2
76003,2
76031,0
76039,2
76079,0
76081,2
76091,2
76099,2
76103,0
76123,0
76129,2
76147,2
76157,6
76159,4
76163,0
76207,2
76213,0
76231,0
76243,0
76249,0
76253,0
76259,0
76261,4
76283,4
76289,0
76303,0
76333,0
76343,0
76367,0
76369,0
76379,0
76387,0
76403,2
76421,0
76423,2
76441,0
76463,4
76471,0
76481,0
76487,0
76493,0
76507,4
76511,2
76519,2
76537,2
76541,4
76543,2
76561,4
76579,0
76597,2
76603,0
76607,0
76631,0
76649,0
76651,2
76667,0
76673,0
76679,4
76697,0
76717,2
76733,0
76753,2
76757,0
76771,0
76777,0
76781,0
76801,0
76819,0
76829,0
76831,2
76837,0
76847,0
76871,0
76873,2
76883,2
76907,2
76913,0
76919,6
76943,0
76949,0
76961,0
76963,0
76991,2
77003,2
77017,0
77023,0
77029,0
77041,0
77047,0
77069,0
77081,2
77093,2
77101,2
77137,2
77141,2
77153,0
77167,2
77171,2
77191,0
77201,0
77213,2
77237,2
77239,0
77243,0
77249,2
77261,0
77263,2
77267,0
77269,0
77279,0
77291,0
77317,0
77323,0
77339,0
77347,2
77351,0
77359,0
77369,0
77377,0
77383,0
77417,0
77419,0
77431,0
77447,0
77471,0
77477,0
77479,4
77489,0
77491,0
77509,0
77513,2
77521,0
77527,0
77543,0
77549,0
77551,0
77557,0
77563,0
77569,2
77573,0
77587,0
77591,2
77611,2
77617,2
77621,0
77641,0
77647,2
77659,2
77681,2
77687,0
77689,0
77699,2
77711,4
77713,0
77719,0
77723,2
77731,0
77743,0
77747,2
77761,0
77773,2
77783,0
77797,0
77801,0
77813,0
77839,0
77849,2
77863,2
77867,0
77893,0
77899,0
77929,0
77933,0
77951,2
77969,0
77977,0
77983,0
77999,0
78007,0
78017,0
78031,2
78041,2
78049,0
78059,2
78079,2
78101,0
78121,2
78137,4
78139,0
78157,0
78163,2
78167,2
78173,2
78179,0
78191,0
78193,2
78203,0
78229,4
78233,0
78241,0
78259,0
78277,2
78283,0
78301,0
78307,0
78311,4
78317,0
78341,4
78347,0
78367,0
78401,2
78427,0
78437,0
78439,0
78467,0
78479,0
78487,4
78497,2
78509,2
78511,0
78517,4
78539,2
78541,2
78553,2
78569,2
78571,0
78577,0
78583,0
78593,0
78607,2
78623,2
78643,2
78649,0
78653,0
78691,4
78697,2
78707,2
78713,2
78721,0
78737,2
78779,2
78781,2
78787,4
78791,0
78797,2
78803,0
78809,0
78823,0
78839,2
78853,2
78857,0
78877,0
78887,2
78889,0
78893,0
78901,0
78919,0
78929,0
78941,0
78977,2
78979,0
78989,0
79031,0
79039,0
79043,0
79063,0
79087,4
79103,0
79111,2
79133,0
79139,2
79147,0
79151,0
79153,4
79159,0
79181,2
79187,0
79193,0
79201,4
79229,0
79231,0
79241,0
79259,2
79273,2
79279,0
79283,2
79301,0
79309,0
79319,0
79333,0
79337,2
79349,0
79357,2
79367,4
79379,2
79393,2
79397,0
79399,0
79411,0
79423,0
79427,0
79433,2
79451,2
79481,2
79493,4
79531,0
79537,2
79549,4
79559,0
79561,0
79579,0
79589,0
79601,2
79609,2
79613,0
79621,0
79627,2
79631,0
79633,0
79657,0
79669,0
79687,4
79691,0
79693,0
79697,2
79699,0
79757,6
79769,2
79777,2
79801,0
79811,0
79813,4
79817,0
79823,0
79829,2
79841,2
79843,2
79847,4
79861,0
79867,2
79873,4
79889,2
79901,2
79903,0
79907,2
79939,0
79943,0
79967,2
79973,0
79979,2
79987,2
79997,0
79999,4
80021,0
80039,0
80051,0
80071,0
80077,2
80107,0
80111,2
80141,4
80147,0
80149,0
80153,0
80167,0
80173,2
80177,2
80191,0
80207,0
80209,0
80221,0
80231,0
80233,0
80239,0
80251,0
80263,0
80273,0
80279,2
80287,2
80309,0
80317,2
80329,0
80341,0
80347,0
80363,0
80369,2
80387,0
80407,2
80429,4
80447,0
80449,2
80471,2
80473,2
80489,0
80491,0
80513,0
80527,2
80537,2
80557,2
80567,6
80599,0
80603,0
80611,0
80621,0
80627,0
80629,2
80651,0
80657,0
80669,2
80671,0
80677,2
80681,0
80683,2
80687,2
80701,0
80713,0
80737,0
80747,0
80749,2
80761,0
80777,0
80779,0
80783,0
80789,0
80803,0
80809,0
80819,4
80831,2
80833,0
80849,0
80863,0
80897,2
80909,2
80911,4
80917,2
80923,0
80929,2
80933,2
80953,0
80963,0
80989,0
81001,0
81013,0
81017,0
81019,2
81023,4
81031,0
81041,0
81043,2
81047,0
81049,0
81071,0
81077,0
81083,0
81097,0
81101,0
81119,2
81131,0
81157,4
81163,0
81173,4
81181,0
81197,2
81199,2
81203,2
81223,0
81233,0
81239,4
81281,0
81283,0
81293,0
81299,0
81307,2
81331,0
81343,2
81349,2
81353,0
81359,0
81371,0
81373,0
81401,0
81409,2
81421,4
81439,2
81457,0
81463,2
81509,0
81517,4
81527,0
81533,0
81547,0
81551,0
81553,0
81559,2
81563,4
81569,0
81611,0
81619,4
81629,0
81637,2
81647,0
81649,2
81667,0
81671,2
81677,2
81689,0
81701,0
81703,2
81707,0
81727,2
81737,2
81749,0
81761,2
81769,0
81773,2
81799,0
81817,0
81839,2
81847,0
81853,2
81869,0
81883,0
81899,0
81901,0
81919,2
81929,0
81931,0
81937,0
81943,0
81953,0
81967,2
81971,0
81973,4
82003,4
82007,0
82009,2
82013,2
82021,2
82031,0
82037,2
82039,2
82051,0
82067,0
82073,0
82129,0
82139,0
82141,0
82153,0
82163,0
82171,0
82183,0
82189,0
82193,0
82207,2
82217,0
82219,2
82223,0
82231,2
82237,2
82241,0
82261,2
82267,0
82279,0
82301,4
82307,0
82339,0
82349,0
82351,0
82361,2
82373,4
82387,0
82393,0
82421,0
82457,2
82463,0
82469,2
82471,0
82483,2
82487,4
82493,0
82499,0
82507,0
82529,0
82531,2
82549,0
82559,0
82561,2
82567,0
82571,0
82591,0
82601,0
82609,0
82613,2
82619,0
82633,0
82651,0
82657,0
82699,0
82721,0
82723,0
82727,0
82729,0
82757,0
82759,0
82763,0
82781,2
82787,2
82793,0
82799,4
82811,2
82813,0
82837,2
82847,0
82883,0
82889,2
82891,2
82903,0
82913,0
82939,0
82963,4
82981,0
82997,0
83003,0
83009,0
83023,2
83047,0
83059,0
83063,2
83071,4
83077,4
83089,2
83093,0
83101,0
83117,2
83137,0
83177,0
83203,4
83207,2
83219,4
83221,0
83227,0
83231,0
83233,4
83243,4
83257,2
83267,0
83269,0
83273,0
83299,0
83311,0
83339,2
83341,0
83357,0
83383,0
83389,0
83399,0
83401,0
83407,0
83417,0
83423,0
83431,2
83437,2
83443,0
83449,0
83459,2
83471,0
83477,0
83497,0
83537,0
83557,0
83561,2
83563,2
83579,2
83591,0
83597,0
83609,0
83617,0
83621,4
83639,2
83641,0
83653,0
83663,2
83689,2
83701,0
83717,0
83719,2
83737,0
83761,0
83773,0
83777,0
83791,2
83813,2
83833,0
83843,0
83857,2
83869,0
83873,6
83891,2
83903,2
83911,0
83921,0
83933,2
83939,2
83969,2
83983,2
83987,0
84011,2
84017,2
84047,2
84053,0
84059,2
84061,2
84067,0
84089,0
84121,0
84127,4
84131,0
84137,2
84143,0
84163,2
84179,2
84181,2
84191,0
84199,4
84211,2
84221,0
84223,4
84229,0
84239,0
84247,2
84263,0
84299,0
84307,2
84313,0
84317,2
84319,2
84347,0
84349,0
84377,0
84389,2
84391,2
84401,2
84407,0
84421,0
84431,0
84437,0
84443,0
84449,0
84457,0
84463,2
84467,2
84481,4
84499,0
84503,0
84509,0
84521,2
84523,2
84533,2
84551,0
84559,0
84589,0
84629,0
84631,4
84649,0
84653,4
84659,2
84673,4
84691,0
84697,2
84701,2
84713,2
84719,0
84731,0
84737,2
84751,0
84761,0
84787,2
84793,4
84809,0
84811,0
84827,0
84857,0
84859,0
84869,0
84871,2
84913,0
84919,0
84947,2
84961,2
84967,0
84977,0
84979,0
84991,2
85009,0
85021,0
85027,0
85037,0
85049,0
85061,4
85081,0
85087,0
85091,0
85093,0
85103,2
85109,4
85121,0
85133,0
85147,2
85159,2
85193,0
85199,0
85201,0
85213,0
85223,0
85229,0
85237,0
85243,0
85247,0
85259,2
85297,4
85303,0
85313,0
85331,0
85333,0
85361,0
85363,0
85369,0
85381,0
85411,0
85427,0
85429,0
85439,2
85447,2
85451,0
85453,0
85469,0
85487,0
85513,2
85517,0
85523,0
85531,2
85549,0
85571,2
85577,2
85597,0
85601,0
85607,0
85619,2
85621,2
85627,0
85639,0
85643,0
85661,0
85667,0
85669,0
85691,2
85703,0
85711,6
85717,4
85733,6
85751,2
85781,0
85793,4
85817,0
85819,0
85829,0
85831,2
85837,0
85843,0
85847,2
85853,2
85889,2
85903,0
85909,0
85931,2
85933,4
85991,2
85999,2
86011,2
86017,2
86027,0
86029,0
86069,0
86077,2
86083,4
86111,0
86113,2
86117,0
86131,0
86137,2
86143,0
86161,0
86171,4
86179,0
86183,0
86197,0
86201,0
86209,2
86239,2
86243,2
86249,0
86257,0
86263,0
86269,0
86287,0
86291,0
86293,4
86297,2
86311,0
86323,2
86341,0
86351,0
86353,0
86357,2
86369,0
86371,0
86381,2
86389,0
86399,0
86413,0
86423,0
86441,0
86453,0
86461,0
86467,0
86477,0
86491,0
86501,2
86509,0
86531,2
86533,4
86539,0
86561,4
86573,0
86579,0
86587,0
86599,2
86627,4
86629,0
86677,2
86689,2
86693,2
86711,0
86719,0
86729,0
86743,0
86753,2
86767,2
86771,0
86783,2
86813,0
86837,0
86843,0
86851,0
86857,0
86861,0
86869,2
86923,2
86927,2
86929,0
86939,0
86951,0
86959,0
86969,0
86981,0
86993,2
87011,0
87013,0
87037,0
87041,0
87049,2
87071,4
87083,0
87103,0
87107,0
87119,4
87121,2
87133,0
87149,0
87151,0
87179,2
87181,2
87187,0
87211,2
87221,2
87223,2
87251,2
87253,2
87257,0
87277,0
87281,0
87293,2
87299,0
87313,0
87317,2
87323,0
87337,2
87359,0
87383,2
87403,2
87407,0
87421,0
87427,0
87433,2
87443,0
87473,0
87481,2
87491,2
87509,0
87511,0
87517,0
87523,2
87539,0
87541,2
87547,2
87553,0
87557,0
87559,2
87583,4
87587,0
87589,0
87613,0
87623,0
87629,2
87631,0
87641,0
87643,4
87649,0
87671,2
87679,2
87683,0
87691,2
87697,4
87701,0
87719,2
87721,2
87739,2
87743,0
87751,0
87767,0
87793,2
87797,2
87803,0
87811,0
87833,0
87853,2
87869,0
87877,0
87881,0
87887,0
87911,4
87917,2
87931,4
87943,2
87959,0
87961,0
87973,0
87977,0
87991,2
88001,0
88003,0
88007,0
88019,0
88037,0
88069,0
88079,2
88093,0
88117,0
88129,0
88169,4
88177,0
88211,0
88223,2
88237,2
88241,0
88259,0
88261,0
88289,0
88301,0
88321,0
88327,4
88337,2
88339,4
88379,0
88397,0
88411,2
88423,0
88427,0
88463,4
88469,0
88471,2
88493,2
88499,0
88513,0
88523,0
88547,2
88589,0
88591,6
88607,2
88609,10
88643,0
88651,0
88657,0
88661,2
88663,4
88667,2
88681,2
88721,0
88729,0
88741,0
88747,2
88771,0
88789,0
88793,2
88799,0
88801,2
88807,2
88811,0
88813,0
88817,0
88819,0
88843,0
88853,2
88861,2
88867,2
88873,0
88883,4
88897,2
88903,2
88919,0
88937,2
88951,2
88969,0
88993,0
88997,0
89003,0
89009,0
89017,0
89021,0
89041,0
89051,4
89057,0
89069,4
89071,0
89083,0
89087,2
89101,0
89107,0
89113,0
89119,2
89123,0
89137,2
89153,0
89189,0
89203,2
89209,0
89213,4
89227,0
89231,0
89237,0
89261,2
89269,0
89273,2
89293,2
89303,0
89317,0
89329,4
89363,0
89371,0
89381,0
89387,0
89393,2
89399,0
89413,2
89417,4
89431,0
89443,0
89449,2
89459,0
89477,4
89491,4
89501,2
89513,0
89519,0
89521,2
89527,0
89533,0
89561,2
89563,2
89567,0
89591,0
89597,0
89599,0
89603,0
89611,0
89627,0
89633,2
89653,0
89657,0
89659,0
89669,0
89671,2
89681,0
89689,2
89753,4
89759,0
89767,4
89779,0
89783,4
89797,6
89809,2
89819,2
89821,0
89833,0
89839,0
89849,2
89867,2
89891,0
89897,0
89899,0
89909,4
89917,0
89923,2
89939,0
89959,0
89963,0
89977,0
89983,2
89989,0
90001,2
90007,0
90011,0
90017,4
90019,0
90023,0
90031,2
90053,2
90059,2
90067,2
90071,2
90073,0
90089,0
90107,4
90121,2
90127,2
90149,2
90163,2
90173,2
90187,0
90191,0
90197,0
90199,0
90203,2
90217,0
90227,0
90239,2
90247,2
90263,2
90271,2
90281,2
90289,2
90313,6
90353,0
90359,0
90371,0
90373,2
90379,0
90397,2
90401,0
90403,4
90407,2
90437,2
90439,0
90469,0
90473,0
90481,2
90499,0
90511,2
90523,0
90527,6
90529,0
90533,2
90547,0
90583,0
90599,0
90617,2
90619,2
90631,0
90641,4
90647,0
90659,2
90677,0
90679,0
90697,0
90703,0
90709,0
90731,0
90749,2
90787,0
90793,2
90803,4
90821,0
90823,4
90833,0
90841,2
90847,0
90863,0
90887,0
90901,6
90907,0
90911,0
90917,0
90931,2
90947,0
90971,2
90977,0
90989,2
90997,0
91009,0
91019,4
91033,0
91079,4
91081,0
91097,0
91099,0
91121,2
91127,0
91129,0
91139,0
91141,0
91151,0
91153,4
91159,0
91163,2
91183,0
91193,0
91199,0
91229,0
91237,0
91243,0
91249,0
91253,2
91283,0
91291,2
91297,0
91303,0
91309,2
91331,0
91367,0
91369,2
91373,2
91381,0
91387,0
91393,0
91397,2
91411,0
91423,0
91433,2
91453,2
91457,0
91459,0
91463,2
91493,0
91499,0
91513,0
91529,2
91541,0
91571,4
91573,0
91577,2
91583,0
91591,2
91621,2
91631,0
91639,0
91673,0
91691,2
91703,0
91711,0
91733,2
91753,0
91757,0
91771,2
91781,6
91801,0
91807,2
91811,2
91813,0
91823,0
91837,2
91841,2
91867,0
91873,0
91909,2
91921,0
91939,0
91943,0
91951,0
91957,0
91961,2
91967,0
91969,4
91997,0
92003,2
92009,0
92033,2
92041,0
92051,0
92077,0
92083,0
92107,2
92111,0
92119,0
92143,0
92153,0
92173,0
92177,2
92179,4
92189,0
92203,0
92219,0
92221,0
92227,0
92233,0
92237,0
92243,0
92251,2
92269,0
92297,2
92311,0
92317,0
92333,0
92347,0
92353,2
92357,0
92363,0
92369,0
92377,0
92381,4
92383,0
92387,2
92399,0
92401,4
92413,0
92419,0
92431,2
92459,0
92461,0
92467,4
92479,0
92489,0
92503,0
92507,4
92551,6
92557,0
92567,2
92569,0
92581,4
92593,0
92623,2
92627,2
92639,0
92641,0
92647,0
92657,2
92669,0
92671,0
92681,2
92683,4
92693,0
92699,2
92707,0
92717,0
92723,0
92737,0
92753,0
92761,2
92767,0
92779,2
92789,0
92791,0
92801,2
92809,0
92821,0
92831,0
92849,0
92857,2
92861,2
92863,2
92867,0
92893,4
92899,0
92921,0
92927,0
92941,0
92951,0
92957,0
92959,0
92987,0
92993,2
93001,2
93047,0
93053,0
93059,2
93077,0
93083,2
93089,2
93097,0
93103,2
93113,0
93131,0
93133,0
93139,2
93151,2
93169,0
93179,0
93187,0
93199,4
93229,2
93239,0
93241,0
93251,2
93253,8
93257,2
93263,0
93281,2
93283,0
93287,0
93307,0
93319,2
93323,2
93329,0
93337,0
93371,0
93377,0
93383,2
93407,2
93419,2
93427,0
93463,2
93479,2
93481,0
93487,0
93491,0
93493,0
93497,2
93503,0
93523,2
93529,0
93553,0
93557,0
93559,0
93563,2
93581,2
93601,0
93607,0
93629,4
93637,0
93683,2
93701,2
93703,2
93719,6
93739,2
93761,0
93763,0
93787,0
93809,4
93811,4
93827,2
93851,0
93871,0
93887,0
93889,2
93893,0
93901,0
93911,0
93913,4
93923,2
93937,2
93941,0
93949,0
93967,0
93971,4
93979,0
93983,0
93997,2
94007,0
94009,2
94033,0
94049,2
94057,0
94063,2
94079,0
94099,2
94109,0
94111,2
94117,2
94121,2
94151,0
94153,2
94169,0
94201,2
94207,2
94219,0
94229,0
94253,2
94261,0
94273,4
94291,0
94307,0
94309,2
94321,0
94327,0
94331,0
94343,0
94349,4
94351,4
94379,0
94397,2
94399,2
94421,0
94427,0
94433,4
94439,2
94441,4
94447,2
94463,0
94477,2
94483,2
94513,0
94529,0
94531,0
94541,0
94543,0
94547,0
94559,0
94561,0
94573,2
94583,0
94597,2
94603,0
94613,0
94621,0
94649,0
94651,0
94687,2
94693,0
94709,2
94723,0
94727,0
94747,2
94771,2
94777,0
94781,2
94789,0
94793,4
94811,0
94819,0
94823,0
94837,2
94841,2
94847,0
94849,0
94873,0
94889,4
94903,0
94907,2
94933,0
94949,0
94951,4
94961,2
94993,2
94999,4
95003,0
95009,0
95021,0
95027,0
95063,2
95071,0
95083,0
95087,2
95089,2
95093,4
95101,0
95107,0
95111,2
95131,0
95143,0
95153,0
95177,0
95189,0
95191,2
95203,4
95213,2
95219,2
95231,0
95233,2
95239,2
95257,0
95261,0
95267,2
95273,0
95279,0
95287,2
95311,0
95317,0
95327,0
95339,0
95369,0
95383,2
95393,0
95401,0
95413,0
95419,2
95429,0
95441,0
95443,0
95461,2
95467,2
95471,2
95479,2
95483,0
95507,4
95527,0
95531,0
95539,2
95549,0
95561,4
95569,0
95581,0
95597,2
95603,2
95617,0
95621,0
95629,0
95633,2
95651,0
95701,0
95707,0
95713,0
95717,2
95723,0
95731,2
95737,0
95747,0
95773,0
95783,0
95789,0
95791,0
95801,4
95803,4
95813,2
95819,0
95857,0
95869,2
95873,0
95881,2
95891,2
95911,0
95917,0
95923,2
95929,2
95947,0
95957,2
95959,0
95971,0
95987,0
95989,0
96001,2
96013,2
96017,0
96043,2
96053,0
96059,0
96079,0
96097,0
96137,0
96149,0
96157,0
96167,2
96179,0
96181,0
96199,0
96211,0
96221,0
96223,2
96233,0
96259,2
96263,2
96269,2
96281,0
96289,0
96293,2
96323,0
96329,2
96331,2
96337,4
96353,0
96377,0
96401,4
96419,0
96431,0
96443,2
96451,0
96457,2
96461,0
96469,0
96479,4
96487,0
96493,2
96497,0
96517,0
96527,2
96553,2
96557,0
96581,0
96587,0
96589,0
96601,2
96643,0
96661,2
96667,0
96671,0
96697,0
96703,2
96731,4
96737,0
96739,0
96749,0
96757,0
96763,2
96769,0
96779,2
96787,0
96797,4
96799,0
96821,0
96823,0
96827,2
96847,0
96851,2
96857,2
96893,0
96907,0
96911,0
96931,2
96953,0
96959,0
96973,0
96979,2
96989,2
96997,2
97001,6
97003,0
97007,4
97021,0
97039,0
97073,2
97081,4
97103,2
97117,0
97127,2
97151,4
97157,2
97159,0
97169,4
97171,0
97177,0
97187,2
97213,2
97231,0
97241,2
97259,0
97283,0
97301,2
97303,0
97327,0
97367,0
97369,0
97373,0
97379,0
97381,0
97387,0
97397,0
97423,4
97429,2
97441,0
97453,0
97459,0
97463,0
97499,2
97501,2
97511,2
97523,2
97547,0
97549,0
97553,0
97561,2
97571,6
97577,2
97579,2
97583,0
97607,6
97609,0
97613,4
97649,0
97651,0
97673,4
97687,0
97711,0
97729,0
97771,0
97777,0
97787,0
97789,2
97813,0
97829,0
97841,0
97843,2
97847,0
97849,0
97859,0
97861,0
97871,0
97879,0
97883,4
97919,0
97927,0
97931,0
97943,0
97961,0
97967,0
97973,0
97987,2
98009,0
98011,2
98017,2
98041,0
98047,2
98057,2
98081,2
98101,0
98123,2
98129,0
98143,0
98179,0
98207,0
98213,0
98221,4
98227,6
98251,0
98257,0
98269,0
98297,2
98299,2
98317,0
98321,2
98323,0
98327,0
98347,0
98369,2
98377,0
98387,2
98389,0
98407,0
98411,0
98419,2
98429,0
98443,2
98453,2
98459,4
98467,4
98473,0
98479,0
98491,0
98507,2
98519,2
98533,4
98543,2
98561,0
98563,0
98573,0
98597,0
98621,4
98627,0
98639,0
98641,0
98663,2
98669,0
98689,0
98711,2
98713,0
98717,4
98729,2
98731,0
98737,2
98773,4
98779,2
98801,2
98807,2
98809,0
98837,2
98849,0
98867,0
98869,0
98873,4
98887,0
98893,0
98897,0
98899,2
98909,0
98911,4
98927,0
98929,2
98939,0
98947,0
98953,2
98963,2
98981,2
98993,0
98999,0
99013,0
99017,0
99023,4
99041,0
99053,2
99079,4
99083,0
99089,0
99103,0
99109,2
99119,0
99131,0
99133,0
99137,0
99139,2
99149,0
99173,0
99181,2
99191,0
99223,2
99233,2
99241,2
99251,0
99257,2
99259,0
99277,0
99289,0
99317,0
99347,2
99349,2
99367,0
99371,2
99377,0
99391,0
99397,2
99401,0
99409,0
99431,0
99439,0
99469,0
99487,0
99497,0
99523,0
99527,2
99529,0
99551,0
99559,0
99563,4
99571,2
99577,2
99581,0
99607,0
99611,0
99623,0
99643,0
99661,2
99667,0
99679,0
99689,0
99707,2
99709,0
99713,0
99719,0
99721,6
99733,2
99761,0
99767,0
99787,0
99793,0
99809,4
99817,0
99823,0
99829,0
99833,2
99839,2
99859,0
99871,0
99877,2
99881,0
99901,0
99907,2
99923,0
99929,0
99961,0
99971,2
99989,0
99991,2
100003,0
100019,4
100043,2
100049,2
100057,0
100069,0
100103,2
100109,2
100129,0
100151,0
100153,0
100169,0
100183,0
100189,2
100193,0
100207,0
100213,0
100237,2
100267,0
100271,0
100279,0
100291,0
100297,2
100313,0
100333,0
100343,0
100357,0
100361,4
100363,4
100379,4
100391,0
100393,4
100403,0
100411,0
100417,2
100447,2
100459,2
100469,4
100483,0
100493,0
100501,0
100511,2
100517,4
100519,0
100523,0
100537,0
100547,0
100549,2
100559,0
100591,2
100609,2
100613,2
100621,0
100649,0
100669,2
100673,2
100693,0
100699,0
100703,2
100733,0
100741,0
100747,2
100769,0
100787,2
100799,0
100801,0
100811,0
100823,2
100829,0
100847,4
100853,0
100907,2
100913,0
100927,2
100931,0
100937,0
100943,0
100957,0
100981,2
100987,2
100999,0
101009,2
101021,0
101027,4
101051,0
101063,0
101081,0
101089,0
101107,0
101111,2
101113,2
101117,0
101119,0
101141,2
101149,0
101159,2
101161,0
101173,0
101183,0
101197,0
101203,0
101207,0
101209,2
101221,2
101267,2
101273,0
101279,0
101281,0
101287,0
101293,0
101323,2
101333,0
101341,0
101347,0
101359,0
101363,4
101377,0
101383,0
101399,2
101411,2
101419,0
101429,2
101449,2
101467,2
101477,0
101483,2
101489,0
101501,0
101503,4
101513,4
101527,2
101531,0
101533,0
101537,0
101561,0
101573,2
101581,0
101599,2
101603,4
101611,2
101627,0
101641,0
101653,0
101663,0
101681,0
101693,4
101701,0
101719,0
101723,2
101737,2
101741,2
101747,2
101749,2
101771,0
101789,0
101797,0
101807,2
101833,0
101837,0
101839,2
101863,2
101869,0
101873,0
101879,4
101891,4
101917,0
101921,0
101929,0
101939,0
101957,2
101963,10
101977,0
101987,2
101999,0
102001,4
102013,0
102019,0
102023,0
102031,0
102043,0
102059,2
102061,6
102071,0
102077,4
102079,0
102101,4
102103,0
102107,0
102121,0
102139,4
102149,2
102161,0
102181,0
102191,4
102197,4
102199,0
102203,0
102217,2
102229,0
102233,0
102241,4
102251,0
102253,0
102259,2
102293,0
102299,4
102301,4
102317,2
102329,0
102337,0
102359,0
102367,0
102397,0
102407,2
102409,0
102433,2
102437,0
102451,0
102461,0
102481,0
102497,0
102499,0
102503,0
102523,0
102533,0
102539,4
102547,2
102551,2
102559,0
102563,2
102587,2
102593,0
102607,2
102611,2
102643,0
102647,0
102653,2
102667,0
102673,0
102677,2
102679,2
102701,4
102761,0
102763,0
102769,0
102793,6
102797,0
102811,2
102829,2
102841,0
102859,2
102871,2
102877,0
102881,2
102911,0
102913,2
102929,2
102931,4
102953,0
102967,0
102983,2
103001,2
103007,2
103043,0
103049,2
103067,0
103069,0
103079,2
103087,8
103091,2
103093,2
103099,0
103123,2
103141,2
103171,2
103177,0
103183,0
103217,2
103231,0
103237,2
103289,2
103291,0
103307,2
103319,0
103333,2
103349,0
103357,0
103387,2
103391,2
103393,0
103399,2
103409,2
103421,0
103423,2
103451,0
103457,2
103471,0
103483,2
103511,0
103529,0
103549,0
103553,2
103561,2
103567,0
103573,0
103577,0
103583,0
103591,0
103613,0
103619,2
103643,2
103651,2
103657,0
103669,0
103681,0
103687,0
103699,0
103703,0
103723,0
103769,0
103787,0
103801,6
103811,4
103813,0
103837,0
103841,0
103843,6
103867,0
103889,0
103903,0
103913,0
103919,2
103951,2
103963,0
103967,0
103969,2
103979,0
103981,0
103991,0
103993,2
103997,2
104003,4
104009,0
104021,2
104033,2
104047,0
104053,0
104059,0
104087,4
104089,4
104107,0
104113,0
104119,0
104123,6
104147,2
104149,0
104161,2
104173,2
104179,0
104183,0
104207,0
104231,2
104233,2
104239,0
104243,0
104281,0
104287,0
104297,0
104309,4
104311,2
104323,0
104327,0
104347,0
104369,2
104381,0
104383,0
104393,0
104399,0
104417,0
104459,0
104471,2
104473,0
104479,0
104491,2
104513,0
104527,0
104537,2
104543,0
104549,0
104551,0
104561,0
104579,2
104593,0
104597,2
104623,4
104639,0
104651,0
104659,0
104677,0
104681,0
104683,0
104693,0
104701,0
104707,0
104711,0
104717,2
104723,2
104729,2
104743,0
104759,2
104761,0
104773,0
104779,0
104789,0
104801,0
104803,6
104827,2
104831,0
104849,2
104851,0
104869,0
104879,0
104891,2
104911,2
104917,4
104933,2
104947,0
104953,4
104959,2
104971,0
104987,2
104999,0
105019,2
105023,0
105031,0
105037,0
105071,0
105097,0
105107,2
105137,2
105143,4
105167,0
105173,0
105199,2
105211,4
105227,0
105229,0
105239,0
105251,0
105253,0
105263,0
105269,0
105277,0
105319,0
105323,0
105331,4
105337,0
105341,0
105359,2
105361,0
105367,2
105373,0
105379,0
105389,2
105397,2
105401,0
105407,2
105437,0
105449,0
105467,2
105491,0
105499,0
105503,2
105509,0
105517,2
105527,0
105529,2
105533,0
105541,0
105557,0
105563,0
105601,4
105607,4
105613,0
105619,0
105649,2
105653,0
105667,0
105673,0
105683,2
105691,0
105701,0
105727,2
105733,2
105751,0
105761,0
105767,2
105769,0
105817,0
105829,2
105863,4
105871,2
105883,0
105899,0
105907,0
105913,4
105929,2
105943,0
105953,2
105967,0
105971,0
105977,4
105983,2
105997,0
106013,2
106019,2
106031,0
106033,0
106087,0
106103,0
106109,0
106121,2
106123,8
106129,2
106163,2
106181,2
106187,2
106189,0
106207,0
106213,0
106217,0
106219,0
106243,0
106261,0
106273,0
106277,2
106279,0
106291,0
106297,0
106303,0
106307,2
106319,0
106321,0
106331,2
106349,4
106357,0
106363,2
106367,2
106373,0
106391,0
106397,2
106411,0
106417,4
106427,0
106433,2
106441,0
106451,0
106453,0
106487,0
106501,0
106531,0
106537,0
106541,0
106543,2
106591,2
106619,0
106621,2
106627,2
106637,0
106649,2
106657,0
106661,0
106663,0
106669,0
106681,0
106693,2
106699,2
106703,2
106721,0
106727,2
106739,0
106747,0
106751,4
106753,0
106759,4
106781,2
106783,2
106787,0
106801,0
106823,2
106853,0
106859,0
106861,2
106867,2
106871,2
106877,2
106903,2
106907,0
106921,0
106937,0
106949,0
106957,0
106961,0
106963,2
106979,0
106993,0
107021,0
107033,0
107053,4
107057,2
107069,4
107071,0
107077,2
107089,4
107099,2
107101,0
107119,6
107123,4
107137,2
107171,0
107183,4
107197,2
107201,4
107209,0
107227,0
107243,2
107251,2
107269,0
107273,2
107279,2
107309,0
107323,0
107339,0
107347,2
107351,0
107357,0
107377,4
107441,0
107449,0
107453,2
107467,0
107473,0
107507,0
107509,0
107563,0
107581,2
107599,2
107603,0
107609,0
107621,2
107641,0
107647,6
107671,0
107687,0
107693,4
107699,0
107713,4
107717,0
107719,0
107741,0
107747,2
107761,0
107773,0
107777,0
107791,0
107827,2
107837,2
107839,2
107843,2
107857,2
107867,0
107873,0
107881,0
107897,2
107903,0
107923,0
107927,2
107941,0
107951,0
107971,0
107981,0
107999,6
108007,2
108011,4
108013,2
108023,0
108037,4
108041,0
108061,4
108079,0
108089,2
108107,0
108109,0
108127,0
108131,0
108139,2
108161,0
108179,2
108187,2
108191,4
108193,0
108203,4
108211,0
108217,0
108223,0
108233,2
108247,2
108263,2
108271,0
108287,2
108289,0
108293,2
108301,2
108343,2
108347,2
108359,2
108377,2
108379,2
108401,2
108413,0
108421,0
108439,2
108457,6
108461,0
108463,0
108497,0
108499,2
108503,0
108517,0
108529,0
108533,6
108541,4
108553,0
108557,0
108571,0
108587,0
108631,2
108637,2
108643,2
108649,2
108677,0
108707,6
108709,0
108727,4
108739,2
108751,0
108761,2
108769,0
108791,0
108793,0
108799,4
108803,0
108821,2
108827,0
108863,2
108869,0
108877,0
108881,2
108883,2
108887,2
108893,2
108907,2
108917,0
108923,0
108929,4
108943,2
108947,0
108949,0
108959,0
108961,2
108967,4
108971,0
108991,2
109001,0
109013,2
109037,2
109049,2
109063,4
109073,0
109097,2
109103,0
109111,0
109121,2
109133,0
109139,0
109141,0
109147,0
109159,0
109169,0
109171,2
109199,0
109201,0
109211,2
109229,0
109253,2
109267,0
109279,0
109297,0
109303,2
109313,0
109321,2
109331,0
109357,2
109363,0
109367,0
109379,0
109387,0
109391,0
109397,2
109423,0
109433,0
109441,0
109451,0
109453,2
109469,0
109471,0
109481,0
109507,4
109517,4
109519,0
109537,0
109541,2
109547,0
109567,2
109579,4
109583,0
109589,4
109597,4
109609,0
109619,0
109621,2
109639,0
109661,0
109663,2
109673,0
109717,2
109721,0
109741,0
109751,0
109789,0
109793,2
109807,0
109819,0
109829,0
109831,0
109841,2
109843,2
109847,2
109849,4
109859,0
109873,0
109883,0
109891,4
109897,0
109903,0
109913,0
109919,2
109937,0
109943,0
109961,0
109987,0
110017,4
110023,0
110039,0
110051,0
110059,0
110063,0
110069,0
110083,0
110119,0
110129,0
110161,2
110183,4
110221,0
110233,0
110237,0
110251,0
110261,2
110269,0
110273,0
110281,0
110291,2
110311,2
110321,0
110323,0
110339,0
110359,0
110419,0
110431,0
110437,0
110441,0
110459,0
110477,0
110479,0
110491,0
110501,0
110503,0
110527,2
110533,0
110543,0
110557,0
110563,2
110567,2
110569,0
110573,2
110581,0
110587,0
110597,0
110603,2
110609,0
110623,0
110629,2
110641,0
110647,2
110651,0
110681,0
110711,0
110729,0
110731,2
110749,0
110753,2
110771,0
110777,0
110807,2
110813,0
110819,0
110821,0
110849,0
110863,0
110879,0
110881,0
110899,0
110909,2
110917,0
110921,0
110923,0
110927,2
110933,2
110939,0
110947,2
110951,0
110969,0
110977,2
110989,0
111029,4
111031,0
111043,0
111049,0
111053,0
111091,2
111103,0
111109,0
111119,0
111121,0
111127,0
111143,2
111149,0
111187,0
111191,0
111211,2
111217,2
111227,0
111229,0
111253,4
111263,0
111269,0
111271,0
111301,2
111317,4
111323,0
111337,4
111341,2
111347,2
111373,2
111409,2
111427,0
111431,0
111439,0
111443,0
111467,0
111487,0
111491,2
111493,0
111497,4
111509,4
111521,4
111533,0
111539,2
111577,0
111581,0
111593,0
111599,2
111611,2
111623,0
111637,0
111641,0
111653,2
111659,0
111667,2
111697,0
111721,2
111731,2
111733,0
111751,2
111767,2
111773,2
111779,0
111781,0
111791,0
111799,0
111821,0
111827,4
111829,0
111833,2
111847,6
111857,0
111863,0
111869,2
111871,0
111893,2
111913,2
111919,0
111949,0
111953,2
111959,0
111973,0
111977,2
111997,0
112019,0
112031,2
112061,0
112067,0
112069,2
112087,0
112097,2
112103,2
112111,0
112121,2
112129,0
112139,2
112153,0
112163,2
112181,0
112199,0
112207,0
112213,0
112223,2
112237,2
112241,2
112247,0
112249,0
112253,0
112261,0
112279,0
112289,2
112291,4
112297,0
112303,0
112327,0
112331,0
112337,2
112339,0
112349,0
112361,2
112363,2
112397,0
112403,0
112429,2
112459,2
112481,2
112501,0
112507,6
112543,0
112559,6
112571,0
112573,0
112577,2
112583,2
112589,2
112601,0
112603,0
112621,0
112643,0
112657,0
112663,2
112687,0
112691,0
112741,2
112757,0
112759,4
112771,0
112787,0
112799,4
112807,2
112831,4
112843,0
112859,2
112877,0
112901,0
112909,0
112913,2
112919,2
112921,0
112927,0
112939,2
112951,2
112967,0
112979,2
112997,0
113011,0
113017,2
113021,0
113023,0
113027,2
113039,2
113041,0
113051,6
113063,0
113081,0
113083,0
113089,0
113093,0
113111,0
113117,4
113123,4
113131,0
113143,0
113147,0
113149,0
113153,2
113159,0
113161,0
113167,0
113171,2
113173,0
113177,0
113189,2
113209,2
113213,0
113227,2
113233,0
113279,0
113287,0
113327,4
113329,0
113341,0
113357,0
113359,0
113363,4
113371,0
113381,0
113383,0
113417,0
113437,2
113453,0
113467,4
113489,2
113497,0
113501,4
113513,0
113537,0
113539,0
113557,2
113567,0
113591,0
113621,0
113623,0
113647,0
113657,0
113683,2
113717,0
113719,2
113723,2
113731,0
113749,6
113759,0
113761,0
113777,2
113779,0
113783,0
113797,2
113809,0
113819,0
113837,0
113843,0
113891,0
113899,2
113903,0
113909,0
113921,0
113933,0
113947,0
113957,4
113963,4
113969,0
113983,0
113989,0
114001,2
114013,0
114031,0
114041,2
114043,0
114067,0
114073,2
114077,0
114083,4
114089,0
114113,0
114143,0
114157,2
114161,0
114167,0
114193,0
114197,0
114199,0
114203,2
114217,2
114221,0
114229,2
114259,0
114269,0
114277,0
114281,0
114299,0
114311,2
114319,0
114329,2
114343,0
114371,0
114377,0
114407,2
114419,4
114451,2
114467,0
114473,0
114479,2
114487,0
114493,0
114547,0
114553,2
114571,0
114577,2
114593,2
114599,0
114601,2
114613,2
114617,0
114641,2
114643,0
114649,2
114659,0
114661,0
114671,2
114679,4
114689,2
114691,2
114713,0
114743,0
114749,0
114757,0
114761,0
114769,2
114773,0
114781,2
114797,2
114799,2
114809,0
114827,2
114833,0
114847,0
114859,0
114883,0
114889,0
114901,0
114913,2
114941,0
114967,2
114973,0
114997,0
115001,2
115013,2
115019,0
115021,0
115057,0
115061,0
115067,0
115079,4
115099,0
115117,0
115123,0
115127,0
115133,0
115151,0
115153,2
115163,0
115183,2
115201,0
115211,0
115223,0
115237,0
115249,2
115259,0
115279,2
115301,0
115303,0
115309,2
115319,4
115321,4
115327,0
115331,0
115337,2
115343,0
115361,0
115363,0
115399,2
115421,2
115429,0
115459,0
115469,2
115471,2
115499,0
115513,2
115523,6
115547,0
115553,0
115561,0
115571,0
115589,0
115597,0
115601,2
115603,2
115613,0
115631,2
115637,2
115657,0
115663,2
115679,2
115693,0
115727,0
115733,0
115741,2
115751,4
115757,0
115763,0
115769,4
115771,2
115777,0
115781,0
115783,0
115793,0
115807,2
115811,2
115823,0
115831,0
115837,2
115849,2
115853,0
115859,0
115861,0
115873,6
115877,0
115879,0
115883,0
115891,2
115901,0
115903,0
115931,0
115933,2
115963,0
115979,0
115981,0
115987,0
116009,2
116027,4
116041,2
116047,0
116089,0
116099,0
116101,6
116107,0
116113,0
116131,0
116141,0
116159,2
116167,0
116177,2
116189,0
116191,0
116201,0
116239,2
116243,2
116257,4
116269,0
116273,0
116279,2
116293,2
116329,0
116341,0
116351,2
116359,2
116371,0
116381,8
116387,2
116411,2
116423,2
116437,6
116443,2
116447,0
116461,2
116471,0
116483,0
116491,0
116507,2
116531,0
116533,6
116537,2
116539,0
116549,0
116579,2
116593,0
116639,2
116657,2
116663,0
116681,0
116687,0
116689,0
116707,0
116719,0
116731,0
116741,0
116747,0
116789,2
116791,2
116797,0
116803,0
116819,0
116827,0
116833,2
116849,0
116867,2
116881,0
116903,0
116911,2
116923,2
116927,0
116929,2
116933,0
116953,0
116959,0
116969,4
116981,0
116989,0
116993,2
117017,2
117023,0
117037,0
117041,0
117043,0
117053,0
117071,0
117101,2
117109,0
117119,4
117127,0
117133,2
117163,0
117167,0
117191,0
117193,0
117203,0
117209,2
117223,0
117239,0
117241,0
117251,2
117259,0
117269,0
117281,0
117307,0
117319,0
117329,0
117331,2
117353,2
117361,2
117371,2
117373,0
117389,0
117413,2
117427,0
117431,0
117437,2
117443,0
117497,2
117499,0
117503,2
117511,2
117517,2
117529,0
117539,2
117541,2
117563,2
117571,0
117577,0
117617,0
117619,0
117643,0
117659,2
117671,2
117673,2
117679,0
117701,2
117703,0
117709,2
117721,0
117727,0
117731,2
117751,2
117757,4
117763,2
117773,0
117779,0
117787,4
117797,0
117809,0
117811,0
117833,2
117839,0
117841,0
117851,0
117877,0
117881,0
117883,2
117889,0
117899,4
117911,0
117917,2
117937,0
117959,0
117973,0
117977,0
117979,2
117989,4
117991,0
118033,0
118037,2
118043,6
118051,0
118057,2
118061,2
118081,2
118093,0
118127,2
118147,2
118163,0
118169,0
118171,2
118189,4
118211,0
118213,2
118219,2
118247,0
118249,0
118253,0
118259,0
118273,0
118277,0
118297,0
118343,2
118361,0
118369,0
118373,2
118387,0
118399,0
118409,2
118411,2
118423,0
118429,0
118453,0
118457,0
118463,0
118471,0
118493,0
118529,0
118543,4
118549,2
118571,0
118583,4
118589,2
118603,0
118619,0
118621,4
118633,4
118661,0
118669,0
118673,0
118681,0
118687,0
118691,2
118709,0
118717,2
118739,2
118747,0
118751,2
118757,4
118787,0
118799,10
118801,6
118819,2
118831,2
118843,0
118861,0
118873,2
118891,2
118897,0
118901,0
118903,0
118907,4
118913,2
118927,2
118931,2
118967,0
118973,2
119027,0
119033,6
119039,0
119047,0
119057,4
119069,2
119083,0
119087,2
119089,2
119099,0
119101,2
119107,0
119129,0
119131,4
119159,2
119173,0
119179,0
119183,0
119191,2
119227,2
119233,0
119237,0
119243,0
119267,2
119291,0
119293,0
119297,0
119299,2
119311,0
119321,0
119359,0
119363,0
119389,2
119417,4
119419,0
119429,0
119447,0
119489,0
119503,4
119513,0
119533,2
119549,0
119551,2
119557,0
119563,0
119569,0
119591,2
119611,6
119617,0
119627,0
119633,0
119653,0
119657,0
119659,2
119671,0
119677,0
119687,2
119689,0
119699,2
119701,0
119723,2
119737,0
119747,0
119759,0
119771,0
119773,0
119783,0
119797,4
119809,2
119813,0
119827,4
119831,0
119839,0
119849,4
119851,0
119869,0
119881,0
119891,2
119921,0
119923,0
119929,0
119953,0
119963,0
119971,0
119981,0
119983,0
119993,0
120011,4
120017,2
120041,0
120047,0
120049,2
120067,0
120077,2
120079,0
120091,0
120097,0
120103,0
120121,2
120157,0
120163,0
120167,2
120181,4
120193,0
120199,0
120209,4
120223,0
120233,2
120247,0
120277,2
120283,0
120293,2
120299,2
120319,0
120331,0
120349,0
120371,0
120383,2
120391,0
120397,2
120401,0
120413,4
120427,4
120431,0
120473,2
120503,2
120511,2
120539,0
120551,0
120557,0
120563,2
120569,4
120577,0
120587,0
120607,6
120619,2
120623,0
120641,2
120647,2
120661,2
120671,0
120677,2
120689,0
120691,0
120709,2
120713,2
120721,0
120737,2
120739,2
120749,2
120763,0
120767,2
120779,2
120811,0
120817,6
120823,0
120829,4
120833,0
120847,0
120851,2
120863,2
120871,0
120877,0
120889,0
120899,0
120907,0
120917,0
120919,0
120929,0
120937,0
120941,4
120943,4
120947,0
120977,0
120997,0
121001,2
121007,0
121013,0
121019,0
121021,0
121039,2
121061,2
121063,0
121067,0
121081,2
121123,2
121139,2
121151,2
121157,2
121169,0
121171,2
121181,0
121189,2
121229,0
121259,0
121267,0
121271,2
121283,2
121291,0
121309,0
121313,0
121321,0
121327,2
121333,0
121343,0
121349,4
121351,0
121357,0
121367,2
121369,0
121379,0
121403,2
121421,0
121439,2
121441,0
121447,8
121453,6
121469,0
121487,0
121493,0
121501,0
121507,2
121523,2
121531,2
121547,2
121553,0
121559,0
121571,0
121577,0
121579,2
121591,4
121607,2
121609,0
121621,2
121631,0
121633,2
121637,0
121661,0
121687,0
121697,2
121711,0
121721,0
121727,0
121763,4
121787,0
121789,0
121843,2
121853,0
121867,0
121883,0
121889,0
121909,4
121921,2
121931,2
121937,0
121949,2
121951,0
121963,0
121967,0
121993,2
121997,0
122011,0
122021,0
122027,2
122029,0
122033,0
122039,4
122041,0
122051,2
122053,2
122069,4
122081,0
122099,2
122117,0
122131,0
122147,0
122149,2
122167,4
122173,0
122201,0
122203,2
122207,0
122209,0
122219,0
122231,2
122251,0
122263,2
122267,2
122273,0
122279,4
122299,2
122321,0
122323,2
122327,4
122347,0
122363,2
122387,0
122389,2
122393,2
122399,0
122401,0
122443,4
122449,0
122453,0
122471,0
122477,0
122489,0
122497,0
122501,2
122503,0
122509,2
122527,2
122533,0
122557,2
122561,0
122579,0
122597,0
122599,0
122609,2
122611,0
122651,2
122653,0
122663,0
122693,2
122701,2
122719,4
122741,4
122743,0
122753,4
122761,2
122777,0
122789,2
122819,0
122827,0
122833,0
122839,0
122849,0
122861,0
122867,0
122869,0
122887,0
122891,2
122921,0
122929,2
122939,2
122953,2
122957,0
122963,2
122971,2
123001,2
123007,2
123017,2
123031,0
123049,0
123059,0
123077,0
123083,0
123091,0
123113,0
123121,6
123127,0
123143,0
123169,2
123191,0
123203,0
123209,0
123217,2
123229,0
123239,0
123259,0
123269,0
123289,0
123307,0
123311,2
123323,2
123341,2
123373,0
123377,0
123379,2
123397,0
123401,0
123407,2
123419,0
123427,0
123433,2
123439,0
123449,4
123457,0
123479,2
123491,2
123493,4
123499,2
123503,2
123517,0
123527,0
123547,0
123551,2
123553,0
123581,0
123583,0
123593,2
123601,0
123619,0
123631,0
123637,0
123653,0
123661,2
123667,2
123677,2
123701,0
123707,2
123719,0
123727,0
123731,0
123733,2
123737,2
123757,2
123787,4
123791,2
123803,2
123817,0
123821,2
123829,0
123833,2
123853,4
123863,0
123887,0
123911,0
123923,0
123931,2
123941,0
123953,0
123973,4
123979,2
123983,4
123989,0
123997,2
124001,0
124021,0
124067,0
124087,0
124097,2
124121,0
124123,0
124133,0
124139,2
124147,0
124153,2
124171,0
124181,2
124183,4
124193,0
124199,0
124213,0
124231,0
124247,2
124249,0
124277,4
124291,0
124297,0
124301,2
124303,2
124309,2
124337,0
124339,2
124343,4
124349,0
124351,0
124363,2
124367,0
124427,0
124429,0
124433,0
124447,0
124459,2
124471,0
124477,4
124489,0
124493,0
124513,0
124529,0
124541,0
124543,2
124561,2
124567,0
124577,0
124601,2
124633,4
124643,0
124669,2
124673,0
124679,0
124693,0
124699,2
124703,0
124717,0
124721,0
124739,0
124753,6
124759,0
124769,0
124771,2
124777,2
124781,4
124783,0
124793,0
124799,0
124819,0
124823,0
124847,0
124853,2
124897,0
124907,0
124909,0
124919,0
124951,4
124979,0
124981,0
124987,2
124991,0
125003,0
125017,0
125029,2
125053,0
125063,0
125093,2
125101,0
125107,0
125113,0
125117,2
125119,0
125131,0
125141,0
125149,4
125183,0
125197,0
125201,2
125207,0
125219,2
125221,0
125231,0
125243,0
125261,0
125269,2
125287,0
125299,0
125303,2
125311,0
125329,0
125339,0
125353,0
125371,2
125383,0
125387,0
125399,2
125407,0
125423,0
125429,0
125441,0
125453,0
125471,2
125497,2
125507,2
125509,2
125527,2
125539,2
125551,2
125591,2
125597,0
125617,2
125621,2
125627,2
125639,2
125641,0
125651,0
125659,2
125669,0
125683,0
125687,0
125693,0
125707,0
125711,0
125717,0
125731,0
125737,0
125743,2
125753,0
125777,0
125789,0
125791,2
125803,2
125813,0
125821,0
125863,0
125887,2
125897,0
125899,0
125921,4
125927,2
125929,0
125933,0
125941,0
125959,0
125963,2
126001,0
126011,2
126013,2
126019,0
126023,0
126031,4
126037,0
126041,0
126047,2
126067,0
126079,2
126097,0
126107,2
126127,2
126131,0
126143,0
126151,4
126173,2
126199,0
126211,2
126223,0
126227,0
126229,2
126233,0
126241,0
126257,0
126271,2
126307,0
126311,0
126317,2
126323,0
126337,0
126341,2
126349,0
126359,0
126397,0
126421,0
126433,0
126443,2
126457,2
126461,0
126473,0
126481,4
126487,0
126491,2
126493,0
126499,0
126517,0
126541,2
126547,0
126551,0
126583,4
126601,0
126611,0
126613,0
126631,0
126641,4
126653,2
126683,0
126691,0
126703,4
126713,0
126719,0
126733,2
126739,2
126743,0
126751,0
126757,0
126761,0
126781,0
126823,0
126827,2
126839,2
126851,2
126857,4
126859,4
126913,0
126923,0
126943,0
126949,6
126961,0
126967,4
126989,2
127031,0
127033,2
127037,0
127051,4
127079,0
127081,0
127103,0
127123,0
127133,2
127139,0
127157,2
127163,0
127189,4
127207,0
127217,0
127219,4
127241,0
127247,0
127249,2
127261,0
127271,0
127277,0
127289,2
127291,2
127297,0
127301,0
127321,0
127331,0
127343,0
127363,0
127373,0
127399,0
127403,0
127423,2
127447,2
127453,0
127481,0
127487,2
127493,2
127507,2
127529,2
127541,0
127549,4
127579,2
127583,4
127591,0
127597,0
127601,0
127607,2
127609,0
127637,2
127643,2
127649,0
127657,0
127663,0
127669,2
127679,0
127681,4
127691,2
127703,2
127709,2
127711,0
127717,2
127727,4
127733,0
127739,2
127747,0
127763,2
127781,2
127807,0
127817,4
127819,4
127837,2
127843,0
127849,2
127859,0
127867,2
127873,4
127877,0
127913,0
127921,4
127931,4
127951,4
127973,2
127979,2
127997,2
128021,4
128033,0
128047,0
128053,0
128099,4
128111,0
128113,2
128119,4
128147,0
128153,2
128159,4
128173,0
128189,0
128201,0
128203,0
128213,2
128221,0
128237,0
128239,0
128257,0
128273,0
128287,0
128291,0
128311,0
128321,0
128327,0
128339,4
128341,0
128347,4
128351,0
128377,0
128389,0
128393,0
128399,0
128411,0
128413,0
128431,0
128437,0
128449,2
128461,2
128467,0
128473,0
128477,0
128483,2
128489,0
128509,0
128519,0
128521,2
128549,0
128551,0
128563,0
128591,2
128599,4
128603,2
128621,2
128629,0
128657,2
128659,2
128663,2
128669,0
128677,4
128683,0
128693,4
128717,0
128747,0
128749,0
128761,0
128767,2
128813,0
128819,2
128831,2
128833,0
128837,4
128857,0
128861,6
128873,0
128879,2
128903,4
128923,0
128939,2
128941,0
128951,0
128959,0
128969,0
128971,0
128981,0
128983,2
128987,0
128993,2
129001,0
129011,0
129023,0
129037,0
129049,0
129061,2
129083,0
129089,2
129097,0
129113,2
129119,0
129121,2
129127,0
129169,0
129187,0
129193,0
129197,2
129209,0
129221,0
129223,0
129229,2
129263,0
129277,2
129281,0
129287,2
129289,4
129293,0
129313,2
129341,2
129347,2
129361,0
129379,2
129401,0
129403,2
129419,0
129439,0
129443,0
129449,0
129457,0
129461,0
129469,0
129491,0
129497,0
129499,0
129509,0
129517,0
129527,2
129529,2
129533,0
129539,0
129553,8
129581,2
129587,0
129589,0
129593,2
129607,2
129629,0
129631,0
129641,4
129643,2
129671,0
129707,2
129719,0
129733,0
129737,0
129749,0
129757,2
129763,0
129769,2
129793,2
129803,0
129841,0
129853,0
129887,2
129893,0
129901,4
129917,2
129919,4
129937,4
129953,2
129959,0
129967,2
129971,2
130003,2
130021,0
130027,0
130043,2
130051,2
130057,2
130069,2
130073,0
130079,0
130087,0
130099,0
130121,0
130127,2
130147,0
130171,4
130183,2
130199,0
130201,0
130211,0
130223,0
130241,0
130253,0
130259,2
130261,0
130267,0
130279,0
130303,0
130307,0
130337,0
130343,4
130349,0
130363,2
130367,2
130369,0
130379,0
130399,0
130409,2
130411,0
130423,0
130439,4
130447,0
130457,2
130469,2
130477,0
130483,0
130489,0
130513,4
130517,2
130523,4
130531,2
130547,0
130553,0
130579,0
130589,0
130619,0
130621,2
130631,4
130633,2
130639,0
130643,0
130649,2
130651,2
130657,0
130681,0
130687,2
130693,2
130699,0
130729,0
130769,0
130783,2
130787,2
130807,4
130811,2
130817,0
130829,0
130841,0
130843,0
130859,2
130873,0
130927,2
130957,0
130969,4
130973,0
130981,2
130987,0
131009,0
131011,4
131023,0
131041,0
131059,2
131063,2
131071,0
131101,4
131111,0
131113,2
131129,4
131143,4
131149,0
131171,0
131203,0
131213,0
131221,0
131231,0
131249,0
131251,0
131267,2
131293,0
131297,0
131303,0
131311,4
131317,0
131321,0
131357,0
131363,0
131371,0
131381,2
131413,0
131431,0
131437,0
131441,4
131447,2
131449,4
131477,0
131479,4
131489,2
131497,0
131501,0
131507,0
131519,2
131543,2
131561,4
131581,0
131591,0
131611,0
131617,2
131627,0
131639,2
131641,0
131671,2
131687,2
131701,4
131707,2
131711,0
131713,0
131731,8
131743,0
131749,2
131759,2
131771,0
131777,2
131779,0
131783,2
131797,0
131837,4
131839,2
131849,6
131861,4
131891,0
131893,2
131899,0
131909,0
131927,0
131933,0
131939,0
131941,0
131947,0
131959,4
131969,0
132001,2
132019,0
132047,2
132049,2
132059,0
132071,2
132103,2
132109,2
132113,2
132137,0
132151,0
132157,2
132169,0
132173,0
132199,0
132229,0
132233,2
132241,0
132247,0
132257,0
132263,0
132283,0
132287,0
132299,2
132313,0
132329,4
132331,0
132347,2
132361,0
132367,2
132371,2
132383,0
132403,0
132409,2
132421,0
132437,2
132439,6
132469,2
132491,2
132499,4
132511,0
132523,0
132527,2
132529,2
132533,2
132541,0
132547,2
132589,2
132607,4
132611,2
132619,0
132623,0
132631,2
132637,0
132647,2
132661,2
132667,0
132679,2
132689,2
132697,0
132701,0
132707,6
132709,4
132721,2
132739,0
132749,2
132751,2
132757,2
132761,0
132763,4
132817,0
132833,4
132851,0
132857,0
132859,2
132863,0
132887,2
132893,0
132911,0
132929,0
132947,0
132949,0
132953,0
132961,2
132967,0
132971,2
132989,0
133013,0
133033,2
133039,0
133051,0
133069,0
133073,4
133087,2
133097,2
133103,0
133109,2
133117,0
133121,0
133153,0
133157,2
133169,0
133183,0
133187,0
133201,4
133213,0
133241,0
133253,2
133261,2
133271,0
133277,4
133279,4
133283,2
133303,0
133319,0
133321,0
133327,2
133337,2
133349,0
133351,0
133379,0
133387,2
133391,0
133403,0
133417,2
133439,0
133447,0
133451,0
133481,0
133493,4
133499,2
133519,2
133541,0
133543,4
133559,0
133571,2
133583,2
133597,0
133631,2
133633,0
133649,2
133657,0
133669,0
133673,2
133691,0
133697,2
133709,0
133711,0
133717,0
133723,0
133733,0
133769,0
133781,0
133801,0
133811,2
133813,6
133831,2
133843,0
133853,2
133873,2
133877,2
133919,0
133949,2
133963,2
133967,2
133979,0
133981,4
133993,0
133999,0
134033,2
134039,2
134047,0
134053,0
134059,0
134077,0
134081,0
134087,0
134089,2
134093,2
134129,2
134153,0
134161,2
134171,2
134177,0
134191,0
134207,0
134213,2
134219,0
134227,0
134243,0
134257,0
134263,0
134269,0
134287,2
134291,0
134293,2
134327,0
134333,2
134339,0
134341,0
134353,0
134359,2
134363,0
134369,2
134371,2
134399,0
134401,0
134417,2
134437,0
134443,0
134471,2
134489,0
134503,2
134507,0
134513,0
134581,2
134587,0
134591,2
134593,0
134597,4
134609,4
134639,0
134669,0
134677,0
134681,2
134683,2
134699,2
134707,0
134731,2
134741,0
134753,0
134777,0
134789,0
134807,0
134837,0
134839,0
134851,2
134857,0
134867,2
134873,2
134887,0
134909,4
134917,2
134921,0
134923,2
134947,2
134951,2
134989,2
134999,2
135007,0
135017,4
135019,4
135029,0
135043,2
135049,0
135059,0
135077,0
135089,0
135101,0
135119,0
135131,0
135151,2
135173,4
135181,4
135193,0
135197,2
135209,0
135211,2
135221,0
135241,0
135257,2
135271,0
135277,0
135281,0
135283,4
135301,0
135319,0
135329,4
135347,2
135349,0
135353,0
135367,2
135389,0
135391,2
135403,6
135409,0
135427,0
135431,2
135433,2
135449,2
135461,2
135463,0
135467,2
135469,2
135479,2
135497,0
135511,0
135533,0
135559,0
135571,0
135581,0
135589,0
135593,0
135599,2
135601,0
135607,0
135613,0
135617,0
135623,0
135637,0
135647,0
135649,0
135661,0
135671,2
135697,0
135701,2
135719,2
135721,2
135727,2
135731,0
135743,2
135757,0
135781,0
135787,2
135799,6
135829,0
135841,0
135851,2
135859,0
135887,4
135893,4
135899,0
135911,2
135913,0
135929,0
135937,4
135977,0
135979,0
136013,0
136027,0
136033,0
136043,4
136057,0
136067,0
136069,0
136093,2
136099,2
136111,2
136133,0
136139,0
136163,0
136177,0
136189,0
136193,4
136207,2
136217,2
136223,2
136237,0
136247,0
136261,0
136273,2
136277,2
136303,4
136309,0
136319,0
136327,0
136333,0
136337,0
136343,0
136351,0
136361,0
136373,2
136379,0
136393,2
136397,0
136399,0
136403,0
136417,0
136421,4
136429,2
136447,0
136453,2
136463,0
136471,0
136481,0
136483,2
136501,0
136511,0
136519,0
136523,0
136531,2
136537,0
136541,0
136547,0
136559,0
136573,0
136601,0
136603,4
136607,0
136621,0
136649,0
136651,0
136657,0
136691,0
136693,0
136709,0
136711,2
136727,2
136733,4
136739,2
136751,2
136753,2
136769,0
136777,4
136811,2
136813,0
136841,0
136849,0
136859,0
136861,0
136879,0
136883,4
136889,0
136897,0
136943,0
136949,0
136951,0
136963,6
136973,2
136979,2
136987,2
136991,2
136993,0
136999,0
137029,0
137077,4
137087,0
137089,0
137117,0
137119,2
137131,2
137143,0
137147,2
137153,2
137177,0
137183,0
137191,0
137197,2
137201,4
137209,0
137219,0
137239,0
137251,4
137273,0
137279,0
137303,2
137321,0
137339,0
137341,0
137353,0
137359,2
137363,2
137369,0
137383,0
137387,2
137393,2
137399,0
137413,0
137437,6
137443,0
137447,6
137453,0
137477,0
137483,2
137491,8
137507,0
137519,2
137537,0
137567,0
137573,4
137587,2
137593,0
137597,0
137623,0
137633,0
137639,4
137653,0
137659,0
137699,0
137707,0
137713,0
137723,4
137737,6
137743,4
137771,0
137777,0
137791,0
137803,0
137827,2
137831,0
137849,0
137867,2
137869,0
137873,2
137909,2
137911,0
137927,4
137933,0
137941,0
137947,0
137957,0
137983,0
137993,0
137999,0
138007,0
138041,2
138053,0
138059,2
138071,2
138077,0
138079,4
138101,0
138107,0
138113,0
138139,2
138143,2
138157,4
138163,0
138179,0
138181,0
138191,2
138197,4
138209,4
138239,0
138241,0
138247,0
138251,2
138283,0
138289,0
138311,0
138319,2
138323,0
138337,0
138349,8
138371,0
138373,0
138389,2
138401,2
138403,2
138407,0
138427,0
138433,0
138449,0
138451,2
138461,2
138469,0
138493,2
138497,0
138511,4
138517,4
138547,0
138559,0
138563,2
138569,4
138571,0
138577,2
138581,0
138587,0
138599,0
138617,0
138629,2
138637,0
138641,0
138647,2
138661,2
138679,0
138683,0
138727,0
138731,0
138739,0
138763,4
138793,0
138797,4
138799,2
138821,0
138829,0
138841,0
138863,4
138869,4
138883,4
138889,2
138893,2
138899,0
138917,0
138923,6
138937,2
138959,0
138967,2
138977,0
139021,0
139033,2
139067,0
139079,6
139091,0
139109,2
139121,4
139123,0
139133,2
139169,0
139177,2
139187,2
139199,0
139201,0
139241,0
139267,0
139273,0
139291,4
139297,0
139301,0
139303,4
139309,4
139313,0
139333,0
139339,0
139343,0
139361,0
139367,0
139369,0
139387,2
139393,0
139397,2
139409,2
139423,2
139429,2
139439,4
139457,4
139459,0
139483,0
139487,2
139493,6
139501,0
139511,4
139537,0
139547,0
139571,0
139589,0
139591,2
139597,4
139609,4
139619,0
139627,0
139661,2
139663,2
139681,2
139697,0
139703,0
139709,0
139721,0
139729,2
139739,0
139747,2
139753,2
139759,0
139787,2
139801,0
139813,0
139831,0
139837,0
139861,2
139871,2
139883,0
139891,2
139901,2
139907,0
139921,2
139939,2
139943,0
139967,2
139969,0
139981,0
139987,2
139991,0
139999,0
140009,0
140053,2
140057,2
140069,0
140071,2
140111,4
140123,2
140143,0
140159,2
140167,4
140171,0
140177,4
140191,0
140197,0
140207,0
140221,0
140227,0
140237,0
140249,0
140263,0
140269,0
140281,2
140297,0
140317,0
140321,0
140333,0
140339,0
140351,0
140363,0
140381,0
140401,2
140407,2
140411,4
140417,0
140419,2
140423,2
140443,0
140449,0
140453,2
140473,0
140477,0
140521,2
140527,0
140533,0
140549,0
140551,2
140557,0
140587,2
140593,0
140603,6
140611,0
140617,0
140627,2
140629,0
140639,0
140659,2
140663,0
140677,0
140681,0
140683,0
140689,2
140717,0
140729,0
140731,0
140741,2
140759,2
140761,0
140773,0
140779,2
140797,2
140813,2
140827,0
140831,0
140837,2
140839,0
140863,0
140867,0
140869,2
140891,0
140893,4
140897,0
140909,2
140929,4
140939,2
140977,0
140983,6
140989,2
141023,4
141041,0
141061,0
141067,0
141073,2
141079,0
141101,0
141107,0
141121,2
141131,0
141157,0
141161,0
141179,0
141181,0
141199,0
141209,0
141221,4
141223,0
141233,2
141241,2
141257,0
141263,0
141269,2
141277,0
141283,2
141301,0
141307,2
141311,0
141319,4
141353,2
141359,0
141371,2
141397,0
141403,0
141413,0
141439,0
141443,0
141461,0
141481,2
141497,4
141499,2
141509,0
141511,0
141529,0
141539,0
141551,0
141587,0
141601,4
141613,2
141619,0
141623,0
141629,0
141637,2
141649,2
141653,2
141667,2
141671,0
141677,0
141679,2
141689,0
141697,4
141707,2
141709,0
141719,0
141731,0
141761,0
141767,0
141769,0
141773,0
141793,0
141803,0
141811,2
141829,2
141833,0
141851,0
141853,4
141863,0
141871,2
141907,4
141917,2
141931,2
141937,0
141941,2
141959,0
141961,0
141971,0
141991,2
142007,2
142019,0
142031,0
142039,0
142049,0
142057,0
142061,0
142067,0
142097,0
142099,4
142111,2
142123,2
142151,0
142157,0
142159,0
142169,2
142183,0
142189,0
142193,2
142211,2
142217,0
142223,2
142231,2
142237,0
142271,2
142297,0
142319,0
142327,0
142357,0
142369,0
142381,0
142391,2
142403,2
142421,0
142427,2
142433,2
142453,4
142469,0
142501,0
142529,0
142537,0
142543,0
142547,0
142553,2
142559,0
142567,2
142573,2
142589,2
142591,0
142601,0
142607,0
142609,2
142619,0
142657,0
142673,0
142697,0
142699,0
142711,4
142733,0
142757,0
142759,0
142771,2
142787,0
142789,0
142799,0
142811,0
142837,0
142841,0
142867,0
142871,2
142873,4
142897,2
142903,0
142907,0
142939,0
142949,0
142963,0
142969,0
142973,2
142979,0
142981,4
142993,0
143053,0
143063,0
143093,2
143107,0
143111,0
143113,0
143137,2
143141,2
143159,0
143177,2
143197,0
143239,0
143243,0
143249,0
143257,0
143261,2
143263,2
143281,4
143287,0
143291,4
143329,2
143333,0
143357,0
143387,2
143401,2
143413,4
143419,0
143443,2
143461,4
143467,6
143477,4
143483,2
143489,2
143501,0
143503,0
143509,0
143513,0
143519,0
143527,0
143537,0
143551,0
143567,2
143569,2
143573,0
143593,0
143609,0
143617,2
143629,0
143651,0
143653,2
143669,0
143677,0
143687,2
143699,2
143711,4
143719,4
143729,0
143743,0
143779,0
143791,0
143797,2
143807,0
143813,4
143821,0
143827,0
143831,2
143833,0
143873,4
143879,2
143881,0
143909,2
143947,0
143953,6
143971,0
143977,4
143981,0
143999,4
144013,0
144031,0
144037,0
144061,0
144071,0
144073,0
144103,0
144139,2
144161,0
144163,0
144167,0
144169,0
144173,4
144203,0
144223,0
144241,4
144247,0
144253,0
144259,2
144271,0
144289,2
144299,0
144307,0
144311,0
144323,0
144341,2
144349,0
144379,0
144383,4
144407,0
144409,2
144413,2
144427,0
144439,0
144451,0
144461,0
144479,2
144481,0
144497,2
144511,0
144539,2
144541,0
144563,0
144569,2
144577,0
144583,0
144589,4
144593,0
144611,0
144629,4
144659,0
144667,0
144671,2
144701,2
144709,2
144719,0
144731,0
144737,0
144751,0
144757,0
144763,0
144773,2
144779,0
144791,4
144817,0
144829,6
144839,0
144847,0
144883,4
144887,0
144889,2
144899,0
144917,8
144931,0
144941,6
144961,0
144967,0
144973,2
144983,0
145007,0
145009,4
145021,0
145031,4
145037,2
145043,0
145063,2
145069,2
145091,0
145109,0
145121,0
145133,0
145139,0
145177,2
145193,0
145207,0
145213,0
145219,6
145253,4
145259,0
145267,0
145283,4
145289,2
145303,2
145307,0
145349,2
145361,0
145381,2
145391,4
145399,0
145417,4
145423,0
145433,4
145441,0
145451,4
145459,0
145463,2
145471,2
145477,0
145487,0
145501,4
145511,0
145513,0
145517,2
145531,2
145543,0
145547,0
145549,2
145577,2
145589,0
145601,2
145603,2
145633,2
145637,0
145643,4
145661,2
145679,0
145681,0
145687,0
145703,4
145709,0
145721,2
145723,4
145753,0
145757,0
145759,0
145771,2
145777,4
145799,0
145807,0
145819,0
145823,2
145829,2
145861,2
145879,0
145897,0
145903,0
145931,0
145933,0
145949,0
145963,0
145967,2
145969,0
145987,4
145991,0
146009,0
146011,0
146021,2
146023,0
146033,4
146051,0
146057,4
146059,0
146063,2
146077,2
146093,4
146099,0
146117,0
146141,2
146161,4
146173,2
146191,0
146197,0
146203,0
146213,0
146221,0
146239,2
146249,0
146273,2
146291,2
146297,2
146299,0
146309,0
146317,2
146323,2
146347,0
146359,0
146369,2
146381,2
146383,2
146389,0
146407,0
146417,2
146423,2
146437,2
146449,0
146477,0
146513,0
146519,2
146521,0
146527,0
146539,0
146543,2
146563,4
146581,0
146603,0
146609,2
146617,2
146639,0
146647,2
146669,0
146677,0
146681,0
146683,0
146701,0
146719,0
146743,2
146749,2
146767,2
146777,0
146801,4
146807,2
146819,0
146833,0
146837,4
146843,0
146849,0
146857,2
146891,2
146893,2
146917,0
146921,2
146933,2
146941,0
146953,0
146977,0
146983,0
146987,0
146989,2
147011,0
147029,0
147031,2
147047,0
147073,4
147083,2
147089,2
147097,2
147107,0
147137,0
147139,0
147151,0
147163,0
147179,0
147197,2
147209,2
147211,0
147221,0
147227,4
147229,2
147253,0
147263,0
147283,2
147289,0
147293,4
147299,2
147311,0
147319,0
147331,0
147341,0
147347,2
147353,0
147377,0
147391,0
147397,0
147401,0
147409,2
147419,2
147449,2
147451,0
147457,2
147481,0
147487,2
147503,4
147517,0
147541,0
147547,0
147551,0
147557,0
147571,0
147583,0
147607,0
147613,0
147617,0
147629,0
147647,2
147661,2
147671,0
147673,0
147689,0
147703,0
147709,0
147727,2
147739,4
147743,2
147761,0
147769,2
147773,2
147779,2
147787,0
147793,0
147799,0
147811,2
147827,0
147853,0
147859,0
147863,0
147881,2
147919,4
147937,0
147949,2
147977,0
147997,2
148013,6
148021,0
148061,0
148063,2
148073,0
148079,2
148091,2
148123,0
148139,0
148147,0
148151,0
148153,2
148157,2
148171,0
148193,0
148199,0
148201,0
148207,2
148229,0
148243,2
148249,6
148279,0
148301,0
148303,0
148331,0
148339,0
148361,0
148367,0
148381,4
148387,0
148399,4
148403,2
148411,4
148429,0
148439,4
148457,0
148469,0
148471,4
148483,2
148501,0
148513,0
148517,0
148531,2
148537,0
148549,2
148573,2
148579,0
148609,2
148627,0
148633,4
148639,0
148663,2
148667,2
148669,0
148691,0
148693,0
148711,2
148721,0
148723,2
148727,0
148747,2
148763,2
148781,0
148783,4
148793,0
148817,0
148829,0
148853,0
148859,2
148861,0
148867,0
148873,0
148891,2
148913,0
148921,0
148927,2
148931,0
148933,2
148949,2
148957,0
148961,0
148991,0
148997,0
149011,0
149021,0
149027,4
149033,4
149053,0
149057,0
149059,0
149069,0
149077,0
149087,0
149099,6
149101,0
149111,0
149113,0
149119,2
149143,2
149153,2
149159,2
149161,4
149173,0
149183,0
149197,0
149213,4
149239,0
149249,0
149251,0
149257,2
149269,0
149287,0
149297,2
149309,0
149323,2
149333,2
149341,0
149351,0
149371,0
149377,2
149381,2
149393,4
149399,4
149411,0
149417,2
149419,0
149423,4
149441,0
149459,0
149489,0
149491,4
149497,0
149503,2
149519,2
149521,2
149531,2
149533,2
149543,0
149551,0
149561,0
149563,0
149579,2
149603,2
149623,0
149627,0
149629,2
149689,4
149711,0
149713,2
149717,0
149729,0
149731,2
149749,2
149759,0
149767,0
149771,0
149791,2
149803,0
149827,0
149837,4
149839,0
149861,2
149867,4
149873,2
149893,2
149899,0
149909,0
149911,4
149921,0
149939,4
149953,0
149969,0
149971,0
149993,0
150001,2
150011,0
150041,2
150053,2
150061,0
150067,2
150077,0
150083,0
150089,0
150091,4
150097,2
150107,2
150131,0
150151,0
150169,2
150193,0
150197,4
150203,0
150209,0
150211,2
150217,0
150221,0
150223,2
150239,0
150247,0
150287,0
150299,0
150301,2
150323,0
150329,0
150343,2
150373,2
150377,2
150379,0
150383,0
150401,0
150407,2
150413,0
150427,0
150431,0
150439,0
150473,0
150497,0
150503,0
150517,2
150523,0
150533,2
150551,0
150559,0
150571,0
150583,0
150587,0
150589,0
150607,0
150611,0
150617,2
150649,0
150659,6
150697,0
150707,4
150721,0
150743,2
150767,4
150769,0
150779,0
150791,0
150797,0
150827,0
150833,2
150847,0
150869,2
150881,0
150883,2
150889,0
150893,2
150901,0
150907,0
150919,0
150929,0
150959,0
150961,0
150967,2
150979,2
150989,0
150991,2
151007,0
151009,2
151013,2
151027,2
151049,0
151051,2
151057,0
151091,0
151121,4
151141,0
151153,0
151157,0
151163,4
151169,0
151171,2
151189,2
151201,2
151213,0
151237,2
151241,0
151243,0
151247,0
151253,2
151273,0
151279,0
151289,0
151303,0
151337,2
151339,2
151343,0
151357,6
151379,0
151381,0
151391,0
151397,0
151423,0
151429,0
151433,0
151451,2
151471,2
151477,0
151483,0
151499,2
151507,0
151517,2
151523,0
151531,4
151537,4
151549,2
151553,2
151561,0
151573,2
151579,2
151597,0
151603,0
151607,0
151609,0
151631,0
151637,2
151643,2
151651,2
151667,2
151673,0
151681,0
151687,2
151693,0
151703,2
151717,0
151729,4
151733,0
151769,2
151771,0
151783,0
151787,2
151799,0
151813,2
151817,0
151841,2
151847,2
151849,0
151871,2
151883,0
151897,0
151901,0
151903,4
151909,0
151937,2
151939,0
151967,0
151969,0
152003,0
152017,0
152027,0
152029,0
152039,2
152041,4
152063,0
152077,2
152081,0
152083,0
152093,2
152111,2
152123,0
152147,0
152183,0
152189,2
152197,0
152203,0
152213,2
152219,0
152231,0
152239,0
152249,0
152267,0
152287,0
152293,0
152297,0
152311,0
152363,0
152377,0
152381,2
152389,2
152393,0
152407,0
152417,0
152419,0
152423,2
152429,0
152441,0
152443,0
152459,4
152461,0
152501,0
152519,2
152531,0
152533,0
152539,2
152563,0
152567,0
152597,2
152599,2
152617,0
152623,0
152629,0
152639,0
152641,0
152657,4
152671,0
152681,0
152717,2
152723,0
152729,4
152753,0
152767,0
152777,0
152783,0
152791,2
152809,0
152819,0
152821,2
152833,2
152837,2
152839,0
152843,2
152851,2
152857,0
152879,0
152897,0
152899,0
152909,2
152939,2
152941,2
152947,0
152953,0
152959,0
152981,0
152989,2
152993,0
153001,2
153059,0
153067,0
153071,0
153073,0
153077,0
153089,2
153107,2
153113,2
153133,2
153137,2
153151,2
153191,0
153247,0
153259,0
153269,2
153271,0
153277,0
153281,0
153287,0
153313,0
153319,0
153337,0
153343,2
153353,0
153359,0
153371,0
153379,0
153407,2
153409,2
153421,4
153427,4
153437,0
153443,0
153449,0
153457,2
153469,0
153487,0
153499,0
153509,0
153511,0
153521,2
153523,2
153529,0
153533,2
153557,0
153563,0
153589,4
153607,4
153611,6
153623,0
153641,0
153649,2
153689,4
153701,0
153719,4
153733,4
153739,2
153743,2
153749,2
153757,0
153763,2
153817,0
153841,0
153871,0
153877,2
153887,2
153889,0
153911,0
153913,0
153929,0
153941,0
153947,0
153949,0
153953,0
153991,2
153997,0
154001,0
154027,0
154043,0
154057,0
154061,0
154067,2
154073,0
154079,2
154081,2
154087,2
154097,4
154111,2
154127,0
154153,0
154157,0
154159,0
154181,4
154183,0
154211,0
154213,2
154229,0
154243,0
154247,2
154267,0
154277,0
154279,0
154291,2
154303,0
154313,4
154321,2
154333,0
154339,0
154351,2
154369,0
154373,0
154387,0
154409,0
154417,0
154423,0
154439,0
154459,2
154487,2
154493,2
154501,2
154523,2
154543,2
154571,2
154573,2
154579,0
154589,0
154591,0
154613,2
154619,4
154621,0
154643,4
154667,2
154669,2
154681,0
154691,0
154699,2
154723,0
154727,2
154733,0
154747,0
154753,2
154769,0
154787,4
154789,2
154799,2
154807,4
154823,2
154841,0
154849,0
154871,0
154873,6
154877,0
154883,0
154897,0
154927,2
154933,0
154937,0
154943,0
154981,2
154991,0
155003,0
155009,2
155017,0
155027,0
155047,0
155069,2
155081,4
155083,2
155087,2
155119,0
155137,0
155153,0
155161,0
155167,0
155171,4
155191,2
155201,0
155203,0
155209,2
155219,0
155231,0
155251,0
155269,2
155291,2
155299,0
155303,2
155317,0
155327,0
155333,0
155371,0
155377,0
155381,0
155383,2
155387,0
155399,2
155413,0
155423,0
155443,4
155453,0
155461,0
155473,0
155501,0
155509,0
155521,0
155537,0
155539,2
155557,2
155569,0
155579,2
155581,2
155593,4
155599,4
155609,0
155621,2
155627,0
155653,0
155657,0
155663,0
155671,0
155689,2
155693,0
155699,0
155707,0
155717,0
155719,2
155723,0
155731,2
155741,2
155747,0
155773,0
155777,0
155783,0
155797,4
155801,2
155809,2
155821,4
155833,4
155849,0
155851,0
155861,0
155863,0
155887,0
155891,0
155893,2
155921,0
156007,0
156011,4
156019,2
156041,0
156059,2
156061,0
156071,0
156089,0
156109,0
156119,0
156127,0
156131,0
156139,0
156151,0
156157,2
156217,0
156227,0
156229,2
156241,2
156253,2
156257,2
156259,2
156269,2
156307,0
156319,2
156329,2
156347,0
156353,0
156361,6
156371,0
156419,0
156421,2
156437,0
156467,2
156487,2
156491,0
156493,0
156511,2
156521,0
156539,2
156577,0
156589,2
156593,0
156601,0
156619,0
156623,2
156631,2
156641,0
156659,2
156671,2
156677,4
156679,0
156683,0
156691,0
156703,0
156707,2
156719,2
156727,2
156733,0
156749,0
156781,0
156797,0
156799,2
156817,0
156823,4
156833,0
156841,0
156887,0
156899,2
156901,4
156913,0
156941,0
156943,0
156967,0
156971,2
156979,2
157007,2
157013,0
157019,4
157037,4
157049,2
157051,2
157057,2
157061,2
157081,0
157103,0
157109,0
157127,0
157133,2
157141,0
157163,4
157177,0
157181,0
157189,2
157207,0
157211,0
157217,0
157219,2
157229,2
157231,0
157243,0
157247,2
157253,0
157259,0
157271,0
157273,2
157277,4
157279,0
157291,2
157303,0
157307,0
157321,4
157327,2
157349,0
157351,0
157363,0
157393,2
157411,2
157427,2
157429,2
157433,2
157457,0
157477,0
157483,2
157489,0
157513,0
157519,0
157523,0
157543,0
157559,0
157561,0
157571,0
157579,0
157627,0
157637,0
157639,0
157649,0
157667,2
157669,0
157679,0
157721,0
157733,2
157739,0
157747,0
157769,4
157771,0
157793,0
157799,0
157813,0
157823,0
157831,6
157837,0
157841,0
157867,0
157877,4
157889,4
157897,2
157901,0
157907,6
157931,2
157933,8
157951,0
157991,2
157999,0
158003,0
158009,0
158017,2
158029,2
158047,0
158071,0
158077,0
158113,0
158129,0
158141,2
158143,2
158161,0
158189,0
158201,0
158209,0
158227,0
158231,0
158233,0
158243,4
158261,0
158269,2
158293,0
158303,0
158329,2
158341,0
158351,0
158357,2
158359,0
158363,0
158371,0
158393,2
158407,0
158419,2
158429,0
158443,0
158449,0
158489,2
158507,0
158519,2
158527,4
158537,2
158551,0
158563,0
158567,0
158573,0
158581,0
158591,0
158597,2
158611,2
158617,2
158621,4
158633,2
158647,2
158657,0
158663,0
158699,0
158731,0
158747,2
158749,2
158759,0
158761,0
158771,0
158777,2
158791,0
158803,0
158843,2
158849,4
158863,2
158867,2
158881,2
158909,0
158923,4
158927,2
158941,0
158959,0
158981,2
158993,0
159013,0
159017,2
159023,0
159059,0
159073,0
159079,0
159097,0
159113,2
159119,0
159157,0
159161,0
159167,0
159169,4
159179,0
159191,0
159193,0
159199,2
159209,0
159223,0
159227,0
159233,0
159287,0
159293,6
159311,0
159319,0
159337,0
159347,2
159349,0
159361,0
159389,0
159403,0
159407,0
159421,0
159431,0
159437,0
159457,2
159463,0
159469,2
159473,0
159491,0
159499,0
159503,2
159521,2
159539,0
159541,0
159553,4
159563,0
159569,0
159571,0
159589,2
159617,2
159623,0
159629,0
159631,0
159667,0
159671,0
159673,2
159683,2
159697,4
159701,4
159707,0
159721,0
159737,0
159739,0
159763,2
159769,6
159773,2
159779,0
159787,0
159791,2
159793,0
159799,0
159811,0
159833,0
159839,0
159853,0
159857,0
159869,0
159871,0
159899,0
159911,0
159931,0
159937,0
159977,12
159979,0
160001,2
160009,4
160019,2
160031,0
160033,0
160049,0
160073,0
160079,0
160081,2
160087,0
160091,2
160093,0
160117,0
160141,0
160159,0
160163,2
160169,0
160183,2
160201,0
160207,0
160217,2
160231,0
160243,0
160253,0
160309,0
160313,0
160319,0
160343,0
160357,4
160367,0
160373,0
160387,0
160397,2
160403,2
160409,0
160423,0
160441,0
160453,2
160481,2
160483,0
160499,0
160507,0
160541,0
160553,0
160579,0
160583,8
160591,2
160603,2
160619,0
160621,2
160627,2
160637,2
160639,2
160649,0
160651,2
160663,0
160669,0
160681,4
160687,4
160697,0
160709,2
160711,0
160723,0
160739,0
160751,0
160753,0
160757,0
160781,0
160789,4
160807,2
160813,4
160817,0
160829,0
160841,2
160861,2
160877,2
160879,4
160883,2
160903,0
160907,2
160933,0
160967,2
160969,4
160981,2
160997,0
161009,0
161017,0
161033,2
161039,2
161047,2
161053,0
161059,2
161071,4
161087,2
161093,0
161123,0
161137,2
161141,2
161149,0
161159,2
161167,0
161201,0
161221,0
161233,2
161237,0
161263,0
161267,2
161281,2
161303,2
161309,2
161323,0
161333,2
161339,0
161341,0
161363,4
161377,0
161387,0
161407,2
161411,6
161453,0
161459,0
161461,0
161471,0
161503,4
161507,0
161521,2
161527,0
161531,0
161543,0
161561,2
161563,0
161569,2
161573,2
161591,2
161599,2
161611,2
161627,2
161639,0
161641,0
161659,0
161683,0
161717,4
161729,0
161731,0
161741,0
161743,0
161753,0
161761,0
161771,0
161773,0
161779,2
161783,4
161807,0
161831,0
161839,2
161869,0
161873,0
161879,2
161881,0
161911,0
161921,0
161923,0
161947,2
161957,0
161969,2
161971,0
161977,2
161983,0
161999,0
162007,0
162011,4
162017,0
162053,6
162059,2
162079,0
162091,0
162109,0
162119,0
162143,0
162209,0
162221,0
162229,0
162251,0
162257,0
162263,0
162269,0
162277,4
162287,0
162289,0
162293,2
162343,0
162359,0
162389,2
162391,0
162413,0
162419,0
162439,2
162451,0
162457,4
162473,0
162493,6
162499,2
162517,0
162523,0
162527,4
162529,2
162553,0
162557,2
162563,0
162577,2
162593,0
162601,0
162611,0
162623,0
162629,2
162641,0
162649,0
162671,0
162677,0
162683,0
162691,2
162703,2
162709,4
162713,2
162727,0
162731,0
162739,2
162749,2
162751,0
162779,4
162787,4
162791,0
162821,0
162823,2
162829,0
162839,0
162847,0
162853,2
162859,2
162881,0
162889,2
162901,0
162907,2
162917,0
162937,0
162947,0
162971,0
162973,0
162989,2
162997,0
163003,4
163019,2
163021,0
163027,0
163061,0
163063,2
163109,4
163117,0
163127,2
163129,0
163147,0
163151,0
163169,4
163171,2
163181,0
163193,0
163199,0
163211,0
163223,4
163243,2
163249,2
163259,4
163307,0
163309,2
163321,0
163327,4
163337,0
163351,0
163363,0
163367,2
163393,0
163403,0
163409,2
163411,4
163417,4
163433,0
163469,2
163477,6
163481,4
163483,4
163487,0
163517,0
163543,8
163561,2
163567,0
163573,0
163601,2
163613,2
163621,0
163627,2
163633,0
163637,2
163643,2
163661,0
163673,0
163679,2
163697,4
163729,2
163733,0
163741,0
163753,0
163771,4
163781,0
163789,2
163811,0
163819,2
163841,0
163847,2
163853,0
163859,0
163861,2
163871,0
163883,2
163901,2
163909,0
163927,0
163973,0
163979,0
163981,2
163987,0
163991,2
163993,0
163997,0
164011,0
164023,2
164039,2
164051,0
164057,6
164071,0
164089,4
164093,4
164113,2
164117,0
164147,0
164149,0
164173,0
164183,0
164191,2
164201,4
164209,0
164231,2
164233,0
164239,0
164249,0
164251,2
164267,0
164279,0
164291,2
164299,0
164309,0
164321,0
164341,0
164357,2
164363,0
164371,0
164377,2
164387,2
164413,0
164419,4
164429,2
164431,2
164443,2
164447,0
164449,0
164471,0
164477,0
164503,0
164513,0
164531,0
164569,0
164581,0
164587,2
164599,0
164617,2
164621,2
164623,0
164627,0
164653,0
164663,0
164677,2
164683,0
164701,0
164707,0
164729,0
164743,0
164767,0
164771,0
164789,0
164809,4
164821,4
164831,0
164837,2
164839,0
164881,0
164893,0
164911,2
164953,0
164963,2
164987,2
164999,0
165001,2
165037,2
165041,0
165047,0
165049,2
165059,2
165079,2
165083,2
165089,2
165103,0
165133,0
165161,0
165173,0
165181,4
165203,0
165211,0
165229,0
165233,2
165247,2
165287,2
165293,0
165311,2
165313,0
165317,0
165331,0
165343,0
165349,0
165367,4
165379,6
165383,0
165391,0
165397,2
165437,0
165443,0
165449,0
165457,2
165463,0
165469,2
165479,0
165511,0
165523,0
165527,0
165533,4
165541,0
165551,0
165553,0
165559,0
165569,2
165587,0
165589,0
165601,0
165611,0
165617,2
165653,0
165667,0
165673,2
165701,0
165703,2
165707,0
165709,0
165713,0
165719,0
165721,0
165749,0
165779,2
165799,4
165811,4
165817,0
165829,0
165833,0
165857,0
165877,2
165883,4
165887,2
165901,0
165931,0
165941,0
165947,0
165961,0
165983,0
166013,0
166021,2
166027,0
166031,0
166043,2
166063,0
166081,0
166099,0
166147,0
166151,0
166157,2
166169,2
166183,2
166189,0
166207,2
166219,2
166237,0
166247,2
166259,0
166273,2
166289,0
166297,2
166301,0
166303,0
166319,0
166349,4
166351,0
166357,0
166363,2
166393,2
166399,2
166403,0
166409,2
166417,0
166429,2
166457,2
166471,4
166487,0
166541,0
166561,0
166567,0
166571,0
166597,2
166601,0
166603,0
166609,6
166613,0
166619,2
166627,0
166631,0
166643,0
166657,0
166667,0
166669,0
166679,0
166693,0
166703,0
166723,0
166739,0
166741,2
166781,2
166783,0
166799,0
166807,0
166823,0
166841,0
166843,0
166847,0
166849,0
166853,0
166861,2
166867,2
166871,4
166909,0
166919,2
166931,2
166949,4
166967,0
166973,0
166979,2
166987,0
167009,0
167017,2
167021,0
167023,0
167033,0
167039,0
167047,0
167051,0
167071,2
167077,0
167081,0
167087,0
167099,0
167107,0
167113,2
167117,0
167119,0
167149,4
167159,4
167173,2
167177,2
167191,2
167197,0
167213,4
167221,2
167249,2
167261,0
167267,2
167269,2
167309,0
167311,0
167317,2
167329,4
167339,2
167341,2
167381,2
167393,2
167407,2
167413,0
167423,2
167429,2
167437,2
167441,2
167443,0
167449,6
167471,0
167483,2
167491,2
167521,0
167537,2
167543,2
167593,0
167597,0
167611,4
167621,0
167623,4
167627,2
167633,2
167641,0
167663,0
167677,2
167683,2
167711,0
167729,0
167747,2
167759,2
167771,0
167777,0
167779,0
167801,0
167809,0
167861,0
167863,0
167873,2
167879,0
167887,0
167891,0
167899,4
167911,0
167917,0
167953,2
167971,2
167987,2
168013,0
168023,2
168029,2
168037,2
168043,2
168067,2
168071,4
168083,0
168089,0
168109,0
168127,2
168143,0
168151,6
168193,0
168197,0
168211,0
168227,2
168247,0
168253,2
168263,0
168269,0
168277,0
168281,2
168293,2
168323,0
168331,0
168347,0
168353,4
168391,0
168409,2
168433,2
168449,0
168451,4
168457,0
168463,2
168481,0
168491,0
168499,0
168523,0
168527,4
168533,0
168541,4
168559,0
168599,0
168601,0
168617,0
168629,0
168631,0
168643,0
168673,0
168677,0
168697,0
168713,2
168719,2
168731,4
168737,2
168743,4
168761,0
168769,2
168781,0
168803,0
168851,2
168863,2
168869,0
168887,2
168893,0
168899,0
168901,0
168913,0
168937,2
168943,0
168977,0
168991,0
169003,4
169007,0
169009,0
169019,0
169049,2
169063,2
169067,0
169069,0
169079,2
169093,2
169097,2
169111,0
169129,2
169151,0
169159,0
169177,2
169181,0
169199,0
169217,0
169219,0
169241,2
169243,2
169249,0
169259,2
169283,0
169307,0
169313,2
169319,4
169321,0
169327,2
169339,0
169343,0
169361,0
169369,0
169373,0
169399,2
169409,0
169427,0
169457,0
169471,0
169483,0
169489,0
169493,0
169501,0
169523,0
169531,0
169553,4
169567,4
169583,0
169591,0
169607,4
169627,0
169633,0
169639,2
169649,2
169657,0
169661,2
169667,2
169681,0
169691,0
169693,0
169709,0
169733,0
169751,0
169753,2
169769,0
169777,0
169783,2
169789,0
169817,0
169823,0
169831,0
169837,0
169843,2
169859,0
169889,0
169891,0
169909,0
169913,2
169919,2
169933,0
169937,0
169943,4
169951,0
169957,6
169987,4
169991,0
170003,0
170021,2
170029,6
170047,2
170057,0
170063,4
170081,0
170099,0
170101,0
170111,0
170123,0
170141,4
170167,2
170179,2
170189,0
170197,0
170207,2
170213,0
170227,0
170231,0
170239,2
170243,0
170249,0
170263,0
170267,2
170279,2
170293,2
170299,2
170327,0
170341,4
170347,4
170351,0
170353,2
170363,0
170369,0
170371,0
170383,0
170389,0
170393,4
170413,0
170441,0
170447,2
170473,2
170483,0
170497,0
170503,0
170509,0
170537,0
170539,4
170551,2
170557,0
170579,0
170603,0
170609,2
170627,0
170633,0
170641,2
170647,0
170669,2
170689,0
170701,0
170707,2
170711,2
170741,4
170749,0
170759,0
170761,0
170767,2
170773,0
170777,2
170801,0
170809,0
170813,4
170827,0
170837,0
170843,0
170851,2
170857,2
170873,0
170881,0
170887,4
170899,2
170921,2
170927,0
170953,0
170957,0
170971,0
171007,0
171023,2
171029,0
171043,2
171047,0
171049,0
171053,4
171077,0
171079,0
171091,0
171103,0
171131,0
171161,0
171163,2
171167,2
171169,0
171179,0
171203,2
171233,2
171251,0
171253,2
171263,0
171271,0
171293,0
171299,0
171317,0
171329,2
171341,0
171383,0
171401,2
171403,0
171427,0
171439,2
171449,2
171467,0
171469,2
171473,2
171481,0
171491,4
171517,2
171529,2
171539,0
171541,0
171553,0
171559,0
171571,4
171583,2
171617,2
171629,2
171637,0
171641,0
171653,0
171659,4
171671,2
171673,2
171679,0
171697,0
171707,0
171713,0
171719,6
171733,0
171757,0
171761,2
171763,2
171793,2
171799,0
171803,2
171811,2
171823,0
171827,0
171851,0
171863,0
171869,2
171877,0
171881,2
171889,0
171917,0
171923,0
171929,2
171937,0
171947,0
172001,2
172009,0
172021,0
172027,2
172031,0
172049,2
172069,2
172079,2
172093,4
172097,0
172127,0
172147,0
172153,0
172157,0
172169,2
172171,4
172181,0
172199,0
172213,0
172217,0
172219,2
172223,2
172243,4
172259,0
172279,0
172283,2
172297,2
172307,0
172313,0
172321,0
172331,0
172343,2
172351,2
172357,0
172373,0
172399,2
172411,2
172421,0
172423,0
172427,0
172433,0
172439,4
172441,2
172489,2
172507,0
172517,4
172519,0
172541,4
172553,0
172561,2
172573,0
172583,0
172589,2
172597,4
172603,0
172607,4
172619,0
172633,2
172643,2
172649,0
172657,0
172663,0
172673,2
172681,0
172687,0
172709,0
172717,2
172721,0
172741,2
172751,0
172759,2
172787,4
172801,0
172807,2
172829,0
172849,0
172853,0
172859,0
172867,0
172871,0
172877,0
172883,0
172933,2
172969,2
172973,2
172981,2
172987,0
172993,0
172999,0
173021,0
173023,2
173039,0
173053,0
173059,0
173081,0
173087,0
173099,0
173137,2
173141,2
173149,0
173177,0
173183,0
173189,0
173191,0
173207,0
173209,2
173219,2
173249,0
173263,0
173267,0
173273,2
173291,0
173293,2
173297,0
173309,4
173347,0
173357,4
173359,0
173429,2
173431,0
173473,0
173483,2
173491,0
173497,2
173501,0
173531,2
173539,0
173543,0
173549,0
173561,0
173573,2
173599,0
173617,0
173629,0
173647,0
173651,2
173659,2
173669,0
173671,4
173683,2
173687,0
173699,0
173707,2
173713,0
173729,0
173741,0
173743,0
173773,0
173777,0
173779,0
173783,2
173807,0
173819,0
173827,0
173839,2
173851,2
173861,4
173867,0
173891,0
173897,0
173909,0
173917,0
173923,2
173933,0
173969,0
173977,0
173981,2
173993,0
174007,2
174017,0
174019,0
174047,0
174049,2
174061,0
174067,0
174071,2
174077,2
174079,0
174091,4
174101,0
174121,2
174137,8
174143,4
174149,0
174157,2
174169,2
174197,2
174221,2
174241,0
174257,4
174259,0
174263,2
174281,2
174289,0
174299,2
174311,0
174329,0
174331,0
174337,0
174347,0
174367,0
174389,0
174407,2
174413,2
174431,0
174443,0
174457,0
174467,4
174469,0
174481,0
174487,0
174491,2
174527,0
174533,0
174569,2
174571,0
174583,0
174599,0
174613,2
174617,0
174631,2
174637,2
174649,2
174653,0
174659,0
174673,0
174679,2
174703,0
174721,2
174737,0
174749,2
174761,0
174763,2
174767,2
174773,6
174799,0
174821,0
174829,2
174851,2
174859,2
174877,0
174893,0
174901,0
174907,0
174917,0
174929,2
174931,0
174943,0
174959,4
174989,2
174991,2
175003,0
175013,0
175039,2
175061,0
175067,0
175069,0
175079,2
175081,2
175103,0
175129,0
175141,0
175211,0
175229,2
175261,0
175267,0
175277,0
175291,0
175303,0
175309,0
175327,0
175333,0
175349,0
175361,0
175391,0
175393,0
175403,2
175411,2
175433,0
175447,0
175453,0
175463,0
175481,0
175493,2
175499,2
175519,4
175523,4
175543,0
175573,4
175601,0
175621,0
175631,0
175633,0
175649,0
175663,4
175673,2
175687,0
175691,0
175699,0
175709,2
175723,0
175727,2
175753,0
175757,4
175759,2
175781,2
175783,2
175811,2
175829,0
175837,0
175843,4
175853,0
175859,0
175873,2
175891,0
175897,0
175909,2
175919,0
175937,2
175939,2
175949,2
175961,2
175963,0
175979,0
175991,0
175993,0
176017,0
176021,0
176023,0
176041,2
176047,0
176051,2
176053,2
176063,2
176081,0
176087,2
176089,2
176123,0
176129,0
176153,0
176159,0
176161,4
176179,6
176191,0
176201,0
176207,0
176213,6
176221,0
176227,0
176237,2
176243,0
176261,4
176299,0
176303,0
176317,0
176321,0
176327,2
176329,2
176333,2
176347,0
176353,0
176357,0
176369,0
176383,0
176389,4
176401,0
176413,0
176417,0
176419,0
176431,2
176459,2
176461,0
176467,2
176489,0
176497,0
176503,2
176507,0
176509,2
176521,0
176531,0
176537,0
176549,2
176551,0
176557,0
176573,4
176591,0
176597,2
176599,4
176609,0
176611,0
176629,4
176641,0
176651,2
176677,2
176699,4
176711,0
176713,2
176741,0
176747,0
176753,4
176777,0
176779,0
176789,0
176791,0
176797,4
176807,0
176809,0
176819,2
176849,2
176857,0
176887,4
176899,0
176903,0
176921,4
176923,0
176927,0
176933,0
176951,2
176977,0
176983,2
176989,0
177007,0
177011,2
177013,0
177019,0
177043,2
177091,0
177101,0
177109,4
177113,2
177127,0
177131,0
177167,0
177173,0
177209,2
177211,2
177217,0
177223,0
177239,0
177257,0
177269,2
177283,0
177301,0
177319,0
177323,2
177337,0
177347,0
177379,0
177383,0
177409,0
177421,4
177427,0
177431,2
177433,0
177467,2
177473,0
177481,0
177487,0
177493,2
177511,0
177533,0
177539,0
177553,2
177589,0
177601,0
177623,0
177647,0
177677,2
177679,0
177691,4
177739,0
177743,0
177761,0
177763,0
177787,0
177791,0
177797,2
177811,4
177823,0
177839,2
177841,0
177883,0
177887,0
177889,0
177893,0
177907,4
177913,0
177917,0
177929,0
177943,0
177949,4
177953,0
177967,0
177979,0
178001,0
178021,0
178037,0
178039,0
178067,2
178069,0
178091,4
178093,0
178103,4
178117,0
178127,0
178141,2
178151,0
178169,2
178183,0
178187,0
178207,0
178223,0
178231,0
178247,0
178249,0
178259,0
178261,0
178289,0
178301,2
178307,0
178327,0
178333,0
178349,0
178351,2
178361,2
178393,0
178397,0
178403,0
178417,4
178439,0
178441,0
178447,6
178469,2
178481,0
178487,2
178489,0
178501,0
178513,2
178531,0
178537,0
178559,0
178561,0
178567,0
178571,2
178597,6
178601,0
178603,2
178609,0
178613,0
178621,0
178627,0
178639,0
178643,4
178681,0
178691,4
178693,0
178697,0
178753,0
178757,0
178781,0
178793,0
178799,0
178807,4
178813,2
178817,0
178819,0
178831,0
178853,0
178859,2
178873,2
178877,2
178889,0
178897,0
178903,4
178907,0
178909,0
178921,0
178931,2
178933,0
178939,0
178951,2
178973,2
178987,0
179021,0
179029,0
179033,0
179041,2
179051,0
179057,0
179083,0
179089,0
179099,2
179107,0
179111,0
179119,2
179143,0
179161,0
179167,0
179173,2
179203,0
179209,0
179213,0
179233,2
179243,2
179261,2
179269,0
179281,2
179287,2
179317,0
179321,0
179327,0
179351,0
179357,6
179369,0
179381,0
179383,2
179393,0
179407,0
179411,0
179429,2
179437,2
179441,2
179453,0
179461,0
179471,2
179479,0
179483,2
179497,0
179519,0
179527,0
179533,0
179549,0
179563,0
179573,0
179579,0
179581,2
179591,0
179593,2
179603,0
179623,2
179633,2
179651,0
179657,0
179659,0
179671,0
179687,6
179689,0
179693,0
179717,0
179719,0
179737,2
179743,0
179749,0
179779,2
179801,0
179807,4
179813,2
179819,2
179821,0
179827,0
179833,2
179849,2
179897,0
179899,2
179903,2
179909,0
179917,0
179923,0
179939,0
179947,0
179951,0
179953,0
179957,2
179969,0
179981,4
179989,0
179999,0
180001,2
180007,0
180023,0
180043,0
180053,0
180071,2
180073,2
180077,0
180097,0
180137,0
180161,0
180179,0
180181,0
180211,6
180221,0
180233,0
180239,0
180241,4
180247,0
180259,0
180263,0
180281,0
180287,0
180289,0
180307,0
180311,2
180317,4
180331,0
180337,0
180347,0
180361,0
180371,0
180379,4
180391,0
180413,4
180419,0
180437,2
180463,0
180473,0
180491,4
180497,0
180503,0
180511,4
180533,0
180539,4
180541,2
180547,0
180563,4
180569,2
180617,2
180623,0
180629,2
180647,2
180667,0
180679,0
180701,0
180731,0
180749,0
180751,0
180773,4
180779,0
180793,0
180797,0
180799,0
180811,0
180847,2
180871,0
180883,0
180907,0
180949,0
180959,2
181001,4
181003,0
181019,4
181031,2
181039,2
181061,0
181063,0
181081,4
181087,0
181123,0
181141,0
181157,0
181183,0
181193,2
181199,2
181201,0
181211,0
181213,8
181219,0
181243,0
181253,4
181273,0
181277,2
181283,0
181297,2
181301,0
181303,2
181361,4
181387,0
181397,2
181399,0
181409,0
181421,0
181439,0
181457,2
181459,0
181499,4
181501,2
181513,2
181523,0
181537,0
181549,0
181553,0
181603,0
181607,4
181609,2
181619,2
181639,4
181667,2
181669,0
181693,2
181711,0
181717,0
181721,0
181729,0
181739,2
181751,0
181757,0
181759,0
181763,0
181777,0
181787,0
181789,0
181813,0
181837,2
181871,0
181873,0
181889,6
181891,0
181903,8
181913,0
181919,0
181927,2
181931,0
181943,2
181957,0
181967,2
181981,0
181997,0
182009,0
182011,0
182027,0
182029,2
182041,2
182047,0
182057,0
182059,0
182089,0
182099,0
182101,2
182107,0
182111,2
182123,0
182129,4
182131,0
182141,0
182159,0
182167,2
182177,2
182179,0
182201,0
182209,2
182233,0
182239,0
182243,2
182261,2
182279,2
182297,2
182309,0
182333,0
182339,0
182341,0
182353,0
182387,2
182389,2
182417,4
182423,2
182431,0
182443,0
182453,2
182467,2
182471,2
182473,0
182489,0
182503,2
182509,2
182519,0
182537,0
182549,0
182561,4
182579,0
182587,0
182593,0
182599,2
182603,0
182617,0
182627,0
182639,0
182641,0
182653,0
182657,0
182659,0
182681,0
182687,0
182701,4
182711,0
182713,0
182747,2
182773,0
182779,0
182789,0
182803,2
182813,0
182821,4
182839,6
182851,2
182857,0
182867,2
182887,0
182893,0
182899,0
182921,0
182927,2
182929,0
182933,4
182953,0
182957,2
182969,2
182981,4
182999,0
183023,0
183037,0
183041,0
183047,0
183059,2
183067,0
183089,2
183091,2
183119,0
183151,0
183167,2
183191,2
183203,2
183247,2
183259,0
183263,0
183283,0
183289,2
183299,0
183301,2
183307,0
183317,2
183319,0
183329,2
183343,0
183349,0
183361,0
183373,2
183377,0
183383,2
183389,0
183397,0
183437,0
183439,6
183451,0
183461,0
183473,4
183479,2
183487,2
183497,0
183499,0
183503,2
183509,0
183511,0
183523,2
183527,0
183569,0
183571,0
183577,2
183581,0
183587,0
183593,4
183611,0
183637,0
183661,4
183683,0
183691,0
183697,2
183707,0
183709,0
183713,0
183761,4
183763,4
183797,2
183809,0
183823,0
183829,0
183871,0
183877,2
183881,2
183907,2
183917,0
183919,2
183943,4
183949,2
183959,0
183971,0
183973,0
183979,2
184003,0
184007,0
184013,2
184031,2
184039,2
184043,4
184057,0
184073,0
184081,2
184087,2
184111,0
184117,2
184133,2
184153,2
184157,0
184181,0
184187,0
184189,4
184199,2
184211,0
184231,2
184241,0
184259,0
184271,0
184273,0
184279,0
184291,4
184309,0
184321,0
184333,0
184337,4
184351,0
184369,0
184409,2
184417,0
184441,0
184447,2
184463,0
184477,0
184487,0
184489,2
184511,2
184517,0
184523,0
184553,0
184559,0
184567,0
184571,2
184577,0
184607,0
184609,2
184627,4
184631,0
184633,2
184649,0
184651,2
184669,2
184687,0
184693,0
184703,2
184711,4
184721,2
184727,0
184733,0
184753,0
184777,0
184823,0
184829,0
184831,2
184837,2
184843,0
184859,0
184879,0
184901,0
184903,2
184913,0
184949,4
184957,2
184967,0
184969,0
184993,4
184997,0
184999,0
185021,0
185027,2
185051,0
185057,0
185063,0
185069,0
185071,0
185077,0
185089,0
185099,0
185123,0
185131,2
185137,0
185149,2
185153,2
185161,0
185167,4
185177,2
185183,2
185189,0
185221,2
185233,0
185243,0
185267,2
185291,0
185299,0
185303,0
185309,2
185323,0
185327,0
185359,0
185363,0
185369,2
185371,2
185401,2
185429,2
185441,2
185467,0
185477,0
185483,0
185491,2
185519,0
185527,2
185531,0
185533,0
185539,0
185543,0
185551,0
185557,0
185567,2
185569,0
185593,0
185599,2
185621,0
185641,0
185651,0
185677,0
185681,2
185683,2
185693,2
185699,0
185707,0
185711,2
185723,0
185737,0
185747,0
185749,0
185753,0
185767,0
185789,0
185797,0
185813,0
185819,0
185821,4
185831,0
185833,0
185849,0
185869,0
185873,0
185893,0
185897,0
185903,0
185917,0
185923,0
185947,2
185951,2
185957,0
185959,0
185971,4
185987,0
185993,2
186007,0
186013,0
186019,2
186023,0
186037,0
186041,0
186049,6
186071,0
186097,0
186103,0
186107,0
186113,0
186119,2
186149,4
186157,4
186161,0
186163,0
186187,0
186191,0
186211,0
186227,2
186229,2
186239,2
186247,0
186253,2
186259,0
186271,6
186283,0
186299,0
186301,2
186311,0
186317,2
186343,2
186377,2
186379,4
186391,0
186397,2
186419,0
186437,2
186451,2
186469,0
186479,2
186481,0
186551,0
186569,2
186581,0
186583,0
186587,0
186601,0
186619,0
186629,4
186647,2
186649,0
186653,2
186671,4
186679,0
186689,0
186701,0
186707,4
186709,0
186727,2
186733,6
186743,0
186757,2
186761,0
186763,4
186773,0
186793,4
186799,0
186841,2
186859,0
186869,0
186871,0
186877,4
186883,2
186889,2
186917,2
186947,0
186959,2
187003,0
187009,0
187027,4
187043,0
187049,0
187067,0
187069,2
187073,2
187081,0
187091,4
187111,0
187123,0
187127,0
187129,0
187133,4
187139,0
187141,0
187163,0
187171,0
187177,0
187181,0
187189,0
187193,0
187211,0
187217,0
187219,2
187223,0
187237,2
187273,0
187277,0
187303,4
187337,0
187339,0
187349,0
187361,0
187367,2
187373,0
187379,2
187387,2
187393,0
187409,0
187417,0
187423,8
187433,0
187441,0
187463,2
187469,0
187471,4
187477,8
187507,4
187513,0
187531,0
187547,0
187559,0
187573,2
187597,2
187631,4
187633,0
187637,2
187639,0
187651,0
187661,0
187669,0
187687,2
187699,4
187711,0
187721,4
187751,4
187763,0
187787,4
187793,0
187823,0
187843,0
187861,0
187871,0
187877,0
187883,0
187897,0
187907,0
187909,2
187921,0
187927,0
187931,2
187951,0
187963,4
187973,2
187987,0
188011,0
188017,0
188021,0
188029,2
188107,4
188137,0
188143,0
188147,0
188159,0
188171,4
188179,2
188189,0
188197,2
188249,0
188261,4
188273,0
188281,0
188291,0
188299,2
188303,0
188311,0
188317,0
188323,0
188333,2
188351,0
188359,0
188369,0
188389,0
188401,0
188407,0
188417,0
188431,2
188437,0
188443,0
188459,0
188473,2
188483,0
188491,0
188519,2
188527,0
188533,2
188563,0
188579,0
188603,0
188609,0
188621,2
188633,0
188653,0
188677,0
188681,0
188687,0
188693,2
188701,2
188707,0
188711,2
188719,0
188729,0
188753,0
188767,0
188779,2
188791,0
188801,0
188827,0
188831,2
188833,2
188843,0
188857,2
188861,0
188863,0
188869,0
188891,0
188911,2
188927,2
188933,2
188939,0
188941,0
188953,0
188957,0
188983,0
188999,0
189011,0
189017,2
189019,2
189041,4
189043,2
189061,6
189067,0
189127,0
189139,0
189149,0
189151,2
189169,4
189187,0
189199,0
189223,0
189229,0
189239,2
189251,2
189253,0
189257,2
189271,0
189307,2
189311,0
189337,4
189347,4
189349,4
189353,0
189361,0
189377,0
189389,2
189391,4
189401,2
189407,0
189421,0
189433,0
189437,0
189439,2
189463,2
189467,2
189473,2
189479,2
189491,0
189493,0
189509,2
189517,0
189523,0
189529,0
189547,2
189559,2
189583,0
189593,0
189599,0
189613,0
189617,0
189619,4
189643,4
189653,0
189661,0
189671,0
189691,0
189697,0
189701,2
189713,0
189733,2
189743,2
189757,0
189767,0
189797,0
189799,0
189817,0
189823,0
189851,0
189853,0
189859,2
189877,2
189881,0
189887,0
189901,0
189913,2
189929,0
189947,0
189949,2
189961,4
189967,0
189977,0
189983,0
189989,0
189997,2
190027,0
190031,0
190051,4
190063,2
190093,0
190097,0
190121,0
190129,0
190147,0
190159,0
190181,0
190207,4
190243,0
190249,2
190261,0
190271,0
190283,0
190297,2
190301,2
190313,2
190321,2
190331,2
190339,2
190357,2
190367,2
190369,0
190387,0
190391,4
190403,0
190409,2
190471,0
190507,0
190523,0
190529,2
190537,4
190543,0
190573,0
190577,4
190579,0
190583,2
190591,0
190607,0
190613,0
190633,0
190639,2
190649,0
190657,2
190667,2
190669,2
190699,0
190709,0
190711,0
190717,0
190753,0
190759,4
190763,0
190769,0
190783,0
190787,0
190793,2
190807,0
190811,0
190823,2
190829,0
190837,0
190843,0
190871,0
190889,0
190891,0
190901,2
190909,0
190913,0
190921,0
190979,0
190997,0
191021,0
191027,0
191033,0
191039,0
191047,4
191057,2
191071,0
191089,0
191099,2
191119,2
191123,2
191137,0
191141,0
191143,2
191161,2
191173,0
191189,2
191227,0
191231,0
191237,2
191249,2
191251,0
191281,0
191297,2
191299,0
191339,0
191341,2
191353,2
191413,2
191441,0
191447,2
191449,0
191453,4
191459,2
191461,0
191467,2
191473,0
191491,0
191497,0
191507,0
191509,2
191519,0
191531,2
191533,0
191537,0
191551,2
191561,4
191563,0
191579,2
191599,2
191621,0
191627,2
191657,0
191669,0
191671,0
191677,2
191689,4
191693,0
191699,0
191707,0
191717,2
191747,0
191749,2
191773,2
191783,2
191791,2
191801,0
191803,2
191827,2
191831,0
191833,0
191837,0
191861,0
191899,2
191903,2
191911,0
191929,4
191953,0
191969,0
191977,0
191999,0
192007,0
192013,0
192029,0
192037,0
192043,2
192047,2
192053,4
192091,0
192097,2
192103,2
192113,0
192121,2
192133,0
192149,0
192161,0
192173,0
192187,0
192191,0
192193,4
192229,0
192233,0
192239,0
192251,0
192259,2
192263,0
192271,0
192307,0
192317,2
192319,0
192323,2
192341,0
192343,2
192347,2
192373,2
192377,2
192383,0
192391,0
192407,2
192431,4
192461,0
192463,0
192497,0
192499,0
192529,0
192539,2
192547,4
192553,0
192557,2
192571,2
192581,2
192583,0
192587,2
192601,0
192611,0
192613,2
192617,0
192629,0
192631,2
192637,0
192667,2
192677,2
192697,2
192737,0
192743,2
192749,0
192757,0
192767,0
192781,0
192791,0
192799,0
192811,2
192817,0
192833,0
192847,0
192853,0
192859,2
192877,0
192883,0
192887,0
192889,0
192917,0
192923,0
192931,0
192949,0
192961,0
192971,8
192977,2
192979,2
192991,0
193003,0
193009,2
193013,0
193031,0
193043,2
193051,6
193057,0
193073,2
193093,4
193133,4
193139,2
193147,0
193153,0
193163,2
193181,2
193183,0
193189,2
193201,2
193243,0
193247,0
193261,0
193283,0
193301,0
193327,0
193337,4
193357,2
193367,0
193373,0
193379,0
193381,0
193387,4
193393,0
193423,2
193433,0
193441,4
193447,0
193451,0
193463,0
193469,0
193493,0
193507,0
193513,4
193541,2
193549,0
193559,0
193573,4
193577,2
193597,4
193601,10
193603,2
193607,2
193619,2
193649,4
193663,2
193679,2
193703,0
193723,0
193727,0
193741,2
193751,0
193757,2
193763,0
193771,0
193789,0
193793,0
193799,2
193811,4
193813,0
193841,0
193847,2
193859,0
193861,0
193871,2
193873,0
193877,2
193883,0
193891,2
193937,0
193939,4
193943,0
193951,0
193957,0
193979,0
193993,0
194003,0
194017,0
194027,4
194057,0
194069,0
194071,0
194083,2
194087,0
194093,0
194101,2
194113,2
194119,0
194141,0
194149,2
194167,0
194179,0
194197,4
194203,2
194239,2
194263,2
194267,2
194269,4
194309,0
194323,0
194353,0
194371,0
194377,0
194413,4
194431,2
194443,0
194471,4
194479,2
194483,4
194507,0
194521,0
194527,2
194543,0
194569,0
194581,2
194591,2
194609,0
194647,0
194653,2
194659,0
194671,4
194681,0
194683,0
194687,2
194707,2
194713,0
194717,0
194723,2
194729,0
194749,0
194767,2
194771,0
194809,0
194813,0
194819,0
194827,0
194839,0
194861,0
194863,0
194867,2
194869,0
194891,2
194899,0
194911,0
194917,0
194933,2
194963,6
194977,0
194981,0
194989,0
195023,2
195029,4
195043,2
195047,2
195049,2
195053,0
195071,0
195077,2
195089,2
195103,2
195121,0
195127,0
195131,0
195137,0
195157,0
195161,0
195163,2
195193,0
195197,0
195203,2
195229,4
195241,0
195253,0
195259,4
195271,0
195277,2
195281,2
195311,0
195319,2
195329,2
195341,0
195343,0
195353,0
195359,0
195389,2
195401,0
195407,2
195413,2
195427,0
195443,2
195457,2
195469,0
195479,2
195493,0
195497,0
195511,2
195527,6
195539,0
195541,2
195581,2
195593,0
195599,0
195659,0
195677,0
195691,0
195697,0
195709,8
195731,0
195733,0
195737,0
195739,0
195743,0
195751,2
195761,0
195781,2
195787,0
195791,0
195809,2
195817,2
195863,0
195869,4
195883,0
195887,0
195893,0
195907,2
195913,0
195919,0
195929,2
195931,6
195967,0
195971,0
195973,2
195977,0
195991,0
195997,0
196003,2
196033,0
196039,2
196043,2
196051,2
196073,2
196081,2
196087,2
196111,2
196117,0
196139,4
196159,2
196169,0
196171,0
196177,2
196181,4
196187,0
196193,0
196201,2
196247,0
196271,2
196277,0
196279,0
196291,0
196303,2
196307,2
196331,4
196337,0
196379,0
196387,0
196429,0
196439,0
196453,0
196459,2
196477,4
196499,0
196501,0
196519,2
196523,2
196541,0
196543,4
196549,2
196561,2
196579,6
196583,0
196597,2
196613,0
196643,2
196657,2
196661,2
196663,0
196681,2
196687,2
196699,2
196709,2
196717,0
196727,0
196739,0
196751,0
196769,0
196771,0
196799,2
196817,0
196831,0
196837,0
196853,0
196871,0
196873,0
196879,2
196901,0
196907,2
196919,4
196927,2
196961,2
196991,0
196993,0
197003,2
197009,0
197023,2
197033,0
197059,0
197063,0
197077,0
197083,4
197089,4
197101,0
197117,2
197123,0
197137,4
197147,0
197159,0
197161,0
197203,2
197207,0
197221,4
197233,2
197243,4
197257,0
197261,4
197269,0
197273,0
197279,0
197293,0
197297,0
197299,2
197311,0
197339,2
197341,4
197347,0
197359,2
197369,4
197371,0
197381,8
197383,4
197389,4
197419,0
197423,2
197441,0
197453,0
197479,0
197507,0
197521,0
197539,0
197551,0
197567,0
197569,4
197573,2
197597,0
197599,0
197609,4
197621,2
197641,2
197647,0
197651,0
197677,2
197683,0
197689,2
197699,0
197711,0
197713,2
197741,2
197753,0
197759,0
197767,2
197773,2
197779,0
197803,4
197807,2
197831,2
197837,0
197887,2
197891,2
197893,4
197909,0
197921,0
197927,0
197933,0
197947,0
197957,2
197959,0
197963,2
197969,2
197971,0
198013,0
198017,0
198031,0
198043,0
198047,2
198073,4
198083,4
198091,0
198097,6
198109,2
198127,0
198139,2
198173,0
198179,2
198193,0
198197,0
198221,0
198223,0
198241,2
198251,0
198257,0
198259,0
198277,2
198281,4
198301,4
198313,0
198323,4
198337,2
198347,0
198349,0
198377,2
198391,2
198397,2
198409,0
198413,0
198427,0
198437,0
198439,2
198461,0
198463,0
198469,0
198479,2
198491,0
198503,2
198529,0
198533,0
198553,2
198571,2
198589,2
198593,0
198599,0
198613,0
198623,2
198637,0
198641,0
198647,0
198659,0
198673,2
198689,0
198701,0
198719,0
198733,4
198761,0
198769,2
198811,0
198817,0
198823,0
198827,2
198829,0
198833,0
198839,0
198841,2
198851,0
198859,0
198899,2
198901,0
198929,0
198937,2
198941,2
198943,0
198953,2
198959,4
198967,0
198971,0
198977,2
198997,4
199021,0
199033,0
199037,0
199039,2
199049,4
199081,6
199103,0
199109,0
199151,2
199153,0
199181,2
199193,0
199207,0
199211,0
199247,0
199261,0
199267,0
199289,2
199313,0
199321,0
199337,2
199343,0
199357,0
199373,0
199379,0
199399,2
199403,0
199411,4
199417,0
199429,2
199447,0
199453,2
199457,0
199483,0
199487,2
199489,2
199499,2
199501,2
199523,4
199559,2
199567,0
199583,0
199601,0
199603,0
199621,0
199637,0
199657,2
199669,2
199673,2
199679,0
199687,0
199697,0
199721,2
199729,4
199739,0
199741,0
199751,0
199753,2
199777,0
199783,2
199799,4
199807,0
199811,2
199813,4
199819,2
199831,2
199853,0
199873,2
199877,0
199889,0
199909,2
199921,4
199931,0
199933,0
199961,0
199967,4
199999,0
200003,0
200009,0
200017,0
200023,0
200029,2
200033,2
200041,0
200063,0
200087,2
200117,4
200131,0
200153,0
200159,0
200171,4
200177,2
200183,0
200191,0
200201,0
200227,2
200231,4
200237,0
200257,0
200273,0
200293,0
200297,0
200323,2
200329,0
200341,0
200351,4
200357,0
200363,0
200371,6
200381,0
200383,2
200401,0
200407,2
200437,2
200443,0
200461,0
200467,0
200483,0
200513,0
200569,0
200573,4
200579,4
200587,2
200591,0
200597,0
200609,2
200639,2
200657,0
200671,2
200689,2
200699,0
200713,0
200723,0
200731,0
200771,2
200779,2
200789,0
200797,2
200807,2
200843,0
200861,4
200867,0
200869,0
200881,2
200891,2
200899,0
200903,2
200909,4
200927,0
200929,0
200971,0
200983,0
200987,2
200989,0
201007,2
201011,0
201031,2
201037,0
201049,2
201073,2
201101,0
201107,0
201119,0
201121,0
201139,0
201151,4
201163,0
201167,2
201193,0
201203,0
201209,0
201211,0
201233,0
201247,4
201251,0
201281,0
201287,0
201307,0
201329,2
201337,4
201359,0
201389,2
201401,4
201403,0
201413,0
201437,0
201449,0
201451,2
201473,2
201491,2
201493,2
201497,0
201499,4
201511,0
201517,0
201547,2
201557,0
201577,0
201581,4
201589,0
201599,0
201611,0
201623,4
201629,0
201653,0
201661,0
201667,4
201673,0
201683,0
201701,0
201709,0
201731,0
201743,0
201757,0
201767,0
201769,2
201781,0
201787,0
201791,0
201797,2
201809,0
201821,4
201823,0
201827,0
201829,2
201833,4
201847,2
201881,0
201889,2
201893,0
201907,0
201911,0
201919,2
201923,2
201937,0
201947,0
201953,0
201961,2
201973,0
201979,2
201997,0
202001,4
202021,6
202031,0
202049,2
202061,6
202063,4
202067,0
202087,0
202099,0
202109,0
202121,0
202127,2
202129,2
202183,0
202187,0
202201,4
202219,2
202231,0
202243,4
202277,0
202289,0
202291,2
202309,0
202327,4
202339,2
202343,0
202357,0
202361,2
202381,2
202387,2
202393,4
202403,0
202409,0
202441,2
202471,4
202481,0
202493,0
202519,0
202529,0
202549,0
202567,0
202577,4
202591,2
202613,2
202621,0
202627,0
202637,2
202639,0
202661,2
202667,0
202679,0
202693,6
202717,0
202729,2
202733,2
202747,2
202751,2
202753,0
202757,4
202777,0
202799,0
202817,0
202823,2
202841,0
202859,0
202877,0
202879,2
202889,0
202907,0
202921,2
202931,0
202933,0
202949,0
202967,2
202973,2
202981,0
202987,0
202999,2
203011,2
203017,0
203023,0
203039,0
203051,0
203057,2
203117,0
203141,0
203173,2
203183,0
203207,0
203209,0
203213,4
203221,0
203227,2
203233,0
203249,0
203279,0
203293,4
203309,0
203311,0
203317,0
203321,0
203323,0
203339,2
203341,2
203351,0
203353,2
203363,2
203381,0
203383,0
203387,6
203393,2
203417,2
203419,0
203429,0
203431,2
203449,0
203459,2
203461,2
203531,2
203549,0
203563,2
203569,2
203579,0
203591,0
203617,0
203627,0
203641,2
203653,0
203657,2
203659,0
203663,2
203669,2
203713,2
203761,0
203767,2
203771,0
203773,0
203789,2
203807,0
203809,0
203821,0
203843,0
203857,2
203869,0
203873,2
203897,2
203909,0
203911,0
203921,0
203947,0
203953,0
203969,0
203971,0
203977,2
203989,2
203999,2
204007,0
204013,2
204019,0
204023,0
204047,0
204059,0
204067,0
204101,2
204107,0
204133,0
204137,2
204143,4
204151,0
204161,2
204163,2
204173,2
204233,2
204251,2
204299,0
204301,0
204311,0
204319,0
204329,2
204331,0
204353,0
204359,2
204361,0
204367,0
204371,0
204377,4
204397,0
204427,0
204431,2
204437,0
204439,6
204443,2
204461,4
204481,0
204487,0
204509,2
204511,0
204517,0
204521,0
204557,0
204563,4
204583,4
204587,4
204599,0
204601,2
204613,2
204623,2
204641,0
204667,0
204679,0
204707,0
204719,0
204733,0
204749,0
204751,0
204781,0
204791,0
204793,4
204797,0
204803,0
204821,0
204857,0
204859,0
204871,0
204887,4
204913,2
204917,0
204923,2
204931,0
204947,2
204973,0
204979,0
204983,2
205019,0
205031,4
205033,2
205043,0
205063,0
205069,0
205081,0
205097,0
205103,0
205111,0
205129,2
205133,0
205141,0
205151,4
205157,2
205171,2
205187,0
205201,0
205211,2
205213,2
205223,0
205237,0
205253,6
205267,6
205297,0
205307,2
205319,2
205327,0
205339,0
205357,0
205391,4
205397,2
205399,0
205417,0
205421,0
205423,2
205427,2
205433,2
205441,0
205453,2
205463,2
205477,0
205483,0
205487,0
205493,2
205507,0
205519,2
205529,0
205537,0
205549,0
205553,2
205559,2
205589,0
205603,2
205607,4
205619,0
205627,0
205633,2
205651,0
205657,0
205661,2
205663,0
205703,0
205721,2
205759,0
205763,0
205783,6
205817,2
205823,0
205837,2
205847,0
205879,0
205883,2
205913,0
205937,2
205949,0
205951,2
205957,4
205963,2
205967,2
205981,0
205991,2
205993,0
206009,2
206021,0
206027,2
206033,0
206039,2
206047,4
206051,0
206069,2
206077,0
206081,0
206083,2
206123,0
206153,0
206177,2
206179,0
206183,0
206191,0
206197,2
206203,0
206209,2
206221,2
206233,0
206237,0
206249,0
206251,0
206263,0
206273,0
206279,0
206281,0
206291,0
206299,0
206303,2
206341,2
206347,0
206351,0
206369,0
206383,0
206399,0
206407,0
206411,0
206413,0
206419,0
206447,0
206461,0
206467,2
206477,2
206483,2
206489,0
206501,0
206519,2
206527,2
206543,4
206551,0
206593,0
206597,0
206603,0
206623,2
206627,0
206639,0
206641,0
206651,2
206699,0
206749,0
206779,0
206783,0
206803,0
206807,0
206813,0
206819,0
206821,2
206827,0
206879,0
206887,2
206897,0
206909,2
206911,0
206917,0
206923,2
206933,2
206939,2
206951,2
206953,0
206993,2
207013,0
207017,0
207029,4
207037,4
207041,0
207061,4
207073,2
207079,2
207113,2
207121,0
207127,0
207139,0
207169,0
207187,0
207191,0
207197,2
207199,0
207227,2
207239,0
207241,2
207257,0
207269,0
207287,0
207293,2
207301,2
207307,0
207329,2
207331,0
207341,0
207343,0
207367,4
207371,2
207377,0
207401,2
207409,0
207433,0
207443,0
207457,0
207463,0
207469,0
207479,2
207481,0
207491,0
207497,0
207509,4
207511,4
207517,0
207521,2
207523,0
207541,0
207547,2
207551,2
207563,0
207569,2
207589,4
207593,2
207619,0
207629,4
207643,0
207653,0
207661,2
207671,2
207673,0
207679,2
207709,0
207719,0
207721,0
207743,2
207763,2
207769,4
207797,2
207799,2
207811,2
207821,2
207833,4
207847,2
207869,0
207877,0
207923,0
207931,0
207941,2
207947,0
207953,2
207967,0
207971,0
207973,0
207997,0
208001,2
208003,2
208009,2
208037,0
208049,0
208057,6
208067,2
208073,2
208099,0
208111,0
208121,2
208129,0
208139,6
208141,2
208147,4
208189,4
208207,2
208213,0
208217,0
208223,2
208231,2
208253,0
208261,2
208277,4
208279,2
208283,0
208291,0
208309,0
208319,2
208333,4
208337,2
208367,0
208379,2
208387,4
208391,0
208393,0
208409,0
208433,0
208441,0
208457,0
208459,0
208463,2
208469,0
208489,2
208493,0
208499,2
208501,2
208511,4
208513,0
208519,0
208529,2
208553,2
208577,4
208589,0
208591,2
208609,0
208627,4
208631,0
208657,2
208667,0
208673,2
208687,0
208697,0
208699,0
208721,2
208729,2
208739,0
208759,0
208787,0
208799,0
208807,0
208837,0
208843,2
208877,4
208889,0
208891,2
208907,0
208927,0
208931,0
208933,0
208961,0
208963,0
208991,0
208993,0
208997,2
209021,0
209029,0
209039,2
209063,0
209071,0
209089,2
209123,4
209147,0
209159,2
209173,2
209179,0
209189,0
209201,0
209203,2
209213,0
209221,0
209227,0
209233,2
209249,2
209257,0
209263,2
209267,0
209269,4
209299,0
209311,0
209317,0
209327,0
209333,2
209347,2
209353,0
209357,4
209359,2
209371,0
209381,2
209393,0
209401,4
209431,4
209441,0
209449,4
209459,2
209471,0
209477,0
209497,2
209519,0
209533,2
209543,0
209549,0
209563,0
209567,0
209569,4
209579,0
209581,4
209597,0
209621,2
209623,0
209639,0
209647,0
209659,2
209669,2
209687,0
209701,2
209707,2
209717,2
209719,2
209743,0
209767,0
209771,2
209789,0
209801,2
209809,2
209813,0
209819,0
209821,4
209837,0
209851,0
209857,4
209861,2
209887,4
209917,2
209927,0
209929,2
209939,2
209953,2
209959,0
209971,0
209977,0
209983,0
209987,0
210011,0
210019,2
210031,0
210037,2
210053,0
210071,2
210097,0
210101,0
210109,0
210113,2
210127,0
210131,0
210139,0
210143,2
210157,0
210169,2
210173,0
210187,0
210191,0
210193,2
210209,0
210229,2
210233,2
210241,2
210247,0
210257,0
210263,0
210277,0
210283,0
210299,0
210317,2
210319,0
210323,2
210347,0
210359,0
210361,0
210391,2
210401,2
210403,0
210407,4
210421,0
210437,0
210461,2
210467,0
210481,2
210487,0
210491,4
210499,2
210523,0
210527,0
210533,0
210557,0
210599,0
210601,2
210619,0
210631,2
210643,2
210659,0
210671,0
210709,0
210713,2
210719,2
210731,2
210739,6
210761,0
210773,0
210803,0
210809,0
210811,2
210823,0
210827,0
210839,2
210853,0
210857,0
210869,0
210901,0
210907,0
210911,0
210913,2
210923,0
210929,0
210943,2
210961,0
210967,2
211007,0
211039,2
211049,0
211051,4
211061,0
211063,0
211067,0
211073,2
211093,0
211097,0
211129,0
211151,0
211153,0
211177,0
211187,0
211193,2
211199,2
211213,2
211217,2
211219,4
211229,2
211231,4
211241,2
211247,0
211271,2
211283,0
211291,0
211297,0
211313,6
211319,0
211333,0
211339,4
211349,0
211369,0
211373,0
211403,0
211427,0
211433,2
211441,0
211457,2
211469,0
211493,2
211499,0
211501,0
211507,2
211543,0
211559,0
211571,0
211573,2
211583,0
211597,0
211619,0
211639,0
211643,0
211657,0
211661,6
211663,0
211681,0
211691,0
211693,0
211711,2
211723,0
211727,2
211741,0
211747,0
211777,0
211781,4
211789,0
211801,0
211811,2
211817,2
211859,2
211867,2
211873,0
211877,2
211879,0
211889,4
211891,0
211927,2
211931,0
211933,0
211943,2
211949,0
211969,0
211979,2
211997,2
212029,0
212039,0
212057,4
212081,0
212099,0
212117,0
212123,2
212131,0
212141,2
212161,0
212167,0
212183,2
212203,0
212207,0
212209,2
212227,4
212239,2
212243,2
212281,0
212293,0
212297,0
212353,0
212369,0
212383,0
212411,0
212419,0
212423,0
212437,0
212447,0
212453,2
212461,0
212467,0
212479,0
212501,0
212507,0
212557,2
212561,2
212573,0
212579,0
212587,0
212593,2
212627,0
212633,2
212651,4
212669,4
212671,0
212677,0
212683,0
212701,0
212777,2
212791,2
212801,0
212827,0
212837,0
212843,0
212851,2
212867,0
212869,0
212873,2
212881,2
212897,0
212903,0
212909,0
212917,0
212923,2
212969,0
212981,0
212987,0
212999,2
213019,0
213023,2
213029,0
213043,0
213067,2
213079,0
213091,2
213097,2
213119,0
213131,0
213133,2
213139,0
213149,4
213173,2
213181,0
213193,0
213203,0
213209,0
213217,4
213223,2
213229,0
213247,2
213253,0
213263,0
213281,0
213287,0
213289,2
213307,0
213319,2
213329,0
213337,0
213349,2
213359,2
213361,0
213383,0
213391,0
213397,2
213407,2
213449,2
213461,2
213467,0
213481,0
213491,0
213523,2
213533,0
213539,0
213553,2
213557,2
213589,0
213599,0
213611,0
213613,0
213623,2
213637,0
213641,2
213649,2
213659,0
213713,0
213721,0
213727,2
213737,0
213751,0
213791,0
213799,0
213821,0
213827,0
213833,0
213847,2
213859,2
213881,4
213887,4
213901,0
213919,2
213929,0
213943,2
213947,0
213949,2
213953,0
213973,2
213977,4
213989,0
214003,0
214007,0
214009,0
214021,0
214031,0
214033,2
214043,4
214051,4
214063,0
214069,2
214087,0
214091,0
214129,2
214133,0
214141,0
214147,0
214163,0
214177,0
214189,0
214211,0
214213,0
214219,0
214237,0
214243,0
214259,0
214283,0
214297,0
214309,0
214351,2
214363,2
214373,0
214381,2
214391,2
214399,0
214433,2
214439,2
214451,2
214457,0
214463,0
214469,0
214481,0
214483,0
214499,0
214507,0
214517,2
214519,2
214531,0
214541,4
214559,4
214561,0
214589,0
214603,0
214607,0
214631,0
214639,2
214651,2
214657,0
214663,0
214667,0
214673,2
214691,2
214723,0
214729,0
214733,0
214741,2
214759,0
214763,2
214771,0
214783,4
214787,0
214789,0
214807,0
214811,2
214817,0
214831,0
214849,0
214853,2
214867,0
214883,0
214891,0
214913,0
214939,0
214943,2
214967,0
214987,4
214993,0
215051,0
215063,0
215077,2
215087,0
215123,2
215141,2
215143,0
215153,0
215161,2
215179,0
215183,0
215191,0
215197,0
215239,4
215249,0
215261,0
215273,0
215279,0
215297,0
215309,0
215317,0
215329,0
215351,0
215353,0
215359,2
215381,0
215389,0
215393,0
215399,2
215417,6
215443,2
215447,0
215459,0
215461,2
215471,0
215483,0
215497,2
215503,0
215507,0
215521,0
215531,0
215563,0
215573,2
215587,0
215617,0
215653,0
215659,0
215681,0
215687,2
215689,4
215693,0
215723,0
215737,0
215753,0
215767,0
215771,2
215797,2
215801,0
215827,0
215833,0
215843,0
215851,2
215857,0
215863,2
215893,4
215899,2
215909,0
215921,2
215927,2
215939,0
215953,0
215959,0
215981,2
215983,0
216023,0
216037,2
216061,0
216071,2
216091,0
216103,2
216107,0
216113,0
216119,0
216127,2
216133,0
216149,2
216157,0
216173,2
216179,0
216211,0
216217,0
216233,2
216259,0
216263,4
216289,2
216317,2
216319,0
216329,0
216347,2
216371,2
216373,0
216379,2
216397,0
216401,2
216421,0
216431,2
216451,2
216481,0
216493,0
216509,2
216523,0
216551,0
216553,0
216569,0
216571,0
216577,0
216607,0
216617,0
216641,2
216647,4
216649,0
216653,4
216661,2
216679,6
216703,4
216719,0
216731,2
216743,0
216751,0
216757,0
216761,2
216779,2
216781,0
216787,0
216791,0
216803,0
216829,0
216841,0
216851,0
216859,0
216877,2
216899,2
216901,0
216911,0
216917,2
216919,0
216947,4
216967,2
216973,2
216991,0
217001,2
217003,2
217027,0
217033,4
217057,0
217069,0
217081,4
217111,2
217117,0
217121,0
217157,0
217163,2
217169,2
217199,0
217201,0
217207,0
217219,4
217223,0
217229,0
217241,0
217253,4
217271,2
217307,0
217309,2
217313,0
217319,0
217333,0
217337,0
217339,0
217351,0
217361,2
217363,2
217367,2
217369,4
217387,4
217397,0
217409,2
217411,0
217421,0
217429,0
217439,0
217457,4
217463,0
217489,0
217499,0
217517,0
217519,0
217559,2
217561,0
217573,0
217577,2
217579,0
217619,2
217643,0
217661,2
217667,2
217681,2
217687,6
217691,2
217697,0
217717,0
217727,0
217733,0
217739,0
217747,4
217771,2
217781,0
217793,0
217823,4
217829,0
217849,2
217859,0
217901,0
217907,2
217909,0
217933,0
217937,0
217969,2
217979,2
217981,2
218003,2
218021,2
218047,2
218069,0
218077,2
218081,0
218083,0
218087,0
218107,0
218111,2
218117,0
218131,0
218137,0
218143,2
218149,2
218171,0
218191,0
218213,2
218227,0
218233,0
218249,0
218279,2
218287,0
218357,2
218363,0
218371,2
218381,4
218389,0
218401,2
218417,4
218419,2
218423,0
218437,0
218447,0
218453,2
218459,0
218461,6
218479,2
218509,0
218513,0
218521,0
218527,0
218531,0
218549,2
218551,0
218579,4
218591,2
218599,0
218611,0
218623,2
218627,0
218629,0
218641,0
218651,2
218657,0
218677,2
218681,0
218711,0
218717,0
218719,4
218723,0
218737,2
218749,0
218761,2
218783,0
218797,0
218809,0
218819,0
218833,0
218839,2
218843,0
218849,4
218857,0
218873,4
218887,4
218923,2
218941,0
218947,4
218963,2
218969,2
218971,0
218987,2
218989,0
218993,0
219001,0
219017,2
219019,2
219031,0
219041,0
219053,2
219059,2
219071,0
219083,0
219091,0
219097,2
219103,0
219119,0
219133,0
219143,0
219169,0
219187,2
219217,2
219223,0
219251,0
219277,0
219281,4
219293,0
219301,0
219311,4
219313,2
219353,0
219361,2
219371,0
219377,4
219389,8
219407,0
219409,2
219433,2
219437,0
219451,0
219463,4
219467,2
219491,0
219503,0
219517,2
219523,0
219529,0
219533,0
219547,4
219577,2
219587,2
219599,0
219607,0
219613,0
219619,0
219629,4
219647,2
219649,0
219677,0
219679,0
219683,0
219689,2
219707,4
219721,2
219727,0
219731,0
219749,2
219757,0
219761,2
219763,2
219767,0
219787,0
219797,4
219799,0
219809,0
219823,0
219829,2
219839,0
219847,0
219851,2
219871,4
219881,0
219889,2
219911,2
219917,6
219931,0
219937,0
219941,0
219943,0
219953,0
219959,0
219971,2
219977,2
219979,6
219983,0
220009,0
220013,2
220019,0
220021,0
220057,4
220063,0
220123,0
220141,0
220147,0
220151,0
220163,2
220169,0
220177,4
220189,0
220217,0
220243,0
220279,0
220291,0
220301,2
220307,2
220327,2
220333,0
220351,2
220357,4
220361,0
220369,0
220373,2
220391,2
220399,0
220403,0
220411,2
220421,0
220447,0
220469,2
220471,2
220511,0
220513,2
220529,0
220537,0
220543,0
220553,0
220559,0
220573,0
220579,0
220589,0
220613,0
220663,2
220667,0
220673,0
220681,0
220687,2
220699,2
220709,0
220721,0
220747,2
220757,2
220771,4
220783,2
220789,2
220793,0
220807,0
220811,2
220841,2
220859,0
220861,2
220873,0
220877,0
220879,0
220889,0
220897,0
220901,0
220903,0
220907,2
220919,0
220931,0
220933,0
220939,2
220973,0
221021,0
221047,0
221059,0
221069,2
221071,0
221077,0
221083,0
221087,0
221093,2
221101,4
221159,0
221171,6
221173,0
221197,2
221201,0
221203,0
221209,0
221219,0
221227,0
221233,0
221239,4
221251,4
221261,2
221281,0
221303,2
221311,2
221317,2
221327,0
221393,4
221399,2
221401,2
221411,0
221413,0
221447,2
221453,2
221461,2
221471,2
221477,2
221489,0
221497,0
221509,0
221537,2
221539,0
221549,0
221567,0
221581,2
221587,0
221603,0
221621,0
221623,0
221653,4
221657,2
221659,2
221671,0
221677,0
221707,2
221713,2
221717,4
221719,2
221723,0
221729,0
221737,0
221747,0
221773,0
221797,0
221807,0
221813,6
221827,0
221831,0
221849,2
221873,0
221891,2
221909,2
221941,4
221951,0
221953,0
221957,2
221987,0
221989,0
221999,2
222007,0
222011,0
222023,2
222029,2
222041,2
222043,2
222059,2
222067,2
222073,0
222107,4
222109,0
222113,0
222127,4
222137,0
222149,0
222151,6
222161,2
222163,2
222193,0
222197,2
222199,0
222247,2
222269,0
222289,0
222293,0
222311,0
222317,2
222323,0
222329,0
222337,0
222347,0
222349,0
222361,0
222367,0
222379,0
222389,0
222403,2
222419,2
222437,2
222461,2
222493,2
222499,0
222511,0
222527,4
222533,4
222553,2
222557,4
222587,0
222601,0
222613,2
222619,0
222643,2
222647,2
222659,0
222679,0
222707,2
222713,2
222731,2
222773,0
222779,2
222787,0
222791,2
222793,0
222799,2
222823,0
222839,2
222841,0
222857,0
222863,0
222877,4
222883,0
222913,0
222919,0
222931,2
222941,0
222947,2
222953,0
222967,0
222977,0
222979,0
222991,2
223007,0
223009,2
223019,0
223037,2
223049,0
223051,0
223061,2
223063,0
223087,0
223099,0
223103,0
223129,0
223133,0
223151,2
223207,0
223211,0
223217,0
223219,0
223229,0
223241,2
223243,0
223247,2
223253,0
223259,0
223273,2
223277,4
223283,4
223291,0
223303,0
223313,0
223319,0
223331,2
223337,0
223339,2
223361,2
223367,0
223381,0
223403,0
223423,0
223429,2
223439,0
223441,0
223463,2
223469,0
223481,0
223493,0
223507,4
223529,0
223543,0
223547,0
223549,2
223577,0
223589,0
223621,2
223633,0
223637,0
223667,2
223679,2
223681,0
223697,4
223711,0
223747,4
223753,4
223757,0
223759,2
223781,2
223823,0
223829,2
223831,0
223837,2
223841,2
223843,0
223849,0
223903,4
223919,2
223921,2
223939,0
223963,2
223969,0
223999,0
224011,0
224027,0
224033,2
224041,0
224047,2
224057,2
224069,2
224071,2
224101,0
224113,0
224129,0
224131,2
224149,0
224153,0
224171,0
224177,0
224197,0
224201,2
224209,2
224221,0
224233,2
224239,0
224251,0
224261,2
224267,0
224291,0
224299,2
224303,2
224309,2
224317,0
224327,2
224351,2
224359,0
224363,0
224401,0
224423,0
224429,0
224443,4
224449,2
224461,0
224467,2
224473,0
224491,0
224501,0
224513,2
224527,0
224563,0
224569,0
224579,0
224591,4
224603,0
224611,2
224617,0
224629,0
224633,2
224669,0
224677,0
224683,0
224699,0
224711,2
224717,4
224729,0
224737,0
224743,0
224759,0
224771,2
224797,2
224813,4
224831,0
224863,0
224869,0
224881,0
224891,0
224897,0
224909,2
224911,0
224921,0
224929,4
224947,0
224951,0
224969,0
224977,4
224993,0
225023,0
225037,0
225061,0
225067,4
225077,0
225079,0
225089,0
225109,0
225119,0
225133,0
225143,2
225149,2
225157,0
225161,2
225163,0
225167,2
225217,0
225221,2
225223,0
225227,2
225241,0
225257,0
225263,0
225287,0
225289,0
225299,2
225307,0
225341,0
225343,2
225347,0
225349,0
225353,2
225371,2
225373,4
225383,0
225427,0
225431,0
225457,0
225461,0
225479,2
225493,4
225499,0
225503,4
225509,6
225523,0
225527,0
225529,0
225569,0
225581,2
225583,0
225601,2
225611,0
225613,0
225619,0
225629,0
225637,0
225671,0
225683,0
225689,0
225697,0
225721,6
225733,0
225749,0
225751,0
225767,4
225769,4
225779,2
225781,0
225809,0
225821,0
225829,0
225839,6
225859,0
225871,2
225889,2
225919,2
225931,2
225941,4
225943,2
225949,0
225961,0
225977,0
225983,0
225989,2
226001,0
226007,2
226013,0
226027,2
226063,0
226087,2
226099,0
226103,2
226123,0
226129,2
226133,2
226141,4
226169,2
226183,0
226189,0
226199,4
226201,2
226217,0
226231,2
226241,0
226267,0
226283,2
226307,2
226313,0
226337,2
226357,2
226367,0
226379,2
226381,0
226397,2
226409,0
226427,6
226433,0
226451,0
226453,0
226463,0
226483,4
226487,0
226511,0
226531,0
226547,2
226549,0
226553,0
226571,0
226601,0
226609,0
226621,2
226631,0
226637,8
226643,2
226649,0
226657,0
226663,0
226669,2
226691,2
226697,2
226741,6
226753,0
226769,2
226777,0
226783,2
226789,2
226799,2
226813,0
226817,0
226819,2
226823,0
226843,2
226871,0
226901,0
226903,2
226907,0
226913,0
226937,0
226943,4
226991,0
227011,2
227027,0
227053,0
227081,2
227089,0
227093,2
227111,0
227113,0
227131,0
227147,2
227153,0
227159,2
227167,2
227177,4
227189,2
227191,2
227207,2
227219,0
227231,0
227233,0
227251,0
227257,0
227267,0
227281,0
227299,0
227303,2
227363,0
227371,0
227377,2
227387,2
227393,0
227399,0
227407,2
227419,2
227431,0
227453,2
227459,0
227467,0
227471,0
227473,0
227489,0
227497,4
227501,0
227519,0
227531,2
227533,0
227537,0
227561,4
227567,2
227569,2
227581,0
227593,0
227597,0
227603,0
227609,2
227611,2
227627,0
227629,2
227651,0
227653,0
227663,2
227671,2
227693,0
227699,0
227707,0
227719,0
227729,0
227743,2
227789,0
227797,0
227827,2
227849,2
227869,2
227873,2
227893,0
227947,2
227951,2
227977,0
227989,0
227993,0
228013,0
228023,4
228049,0
228061,2
228077,0
228097,0
228103,2
228113,0
228127,0
228131,0
228139,0
228181,0
228197,2
228199,0
228203,4
228211,2
228223,0
228233,2
228251,0
228257,2
228281,2
228299,0
228301,2
228307,0
228311,0
228331,0
228337,0
228341,2
228353,0
228359,2
228383,0
228409,2
228419,0
228421,0
228427,0
228443,0
228451,0
228457,0
228461,0
228469,2
228479,0
228509,0
228511,2
228517,0
228521,0
228523,0
228539,0
228559,0
228577,0
228581,0
228587,2
228593,2
228601,2
228611,0
228617,2
228619,0
228637,4
228647,0
228677,0
228707,2
228713,0
228731,0
228733,0
228737,2
228751,2
228757,0
228773,2
228793,0
228797,0
228799,0
228829,2
228841,6
228847,0
228853,2
228859,2
228869,0
228881,0
228883,2
228887,0
228901,0
228911,0
228913,0
228923,2
228929,0
228953,4
228959,2
228961,2
228983,4
228989,4
229003,0
229027,0
229037,0
229081,0
229093,0
229123,2
229127,2
229133,0
229139,0
229153,4
229157,2
229171,0
229181,0
229189,2
229199,2
229213,0
229217,0
229223,4
229237,0
229247,4
229249,0
229253,0
229261,0
229267,0
229283,2
229309,6
229321,0
229343,0
229351,4
229373,2
229393,0
229399,2
229403,0
229409,2
229423,4
229433,2
229459,0
229469,0
229487,0
229499,0
229507,2
229519,0
229529,0
229547,0
229549,0
229553,0
229561,0
229583,0
229589,0
229591,2
229601,2
229613,2
229627,2
229631,0
229637,0
229639,2
229681,2
229693,0
229699,0
229703,0
229711,2
229717,2
229727,0
229739,2
229751,2
229753,0
229759,0
229763,0
229769,2
229771,2
229777,0
229781,2
229799,0
229813,2
229819,4
229837,2
229841,2
229847,0
229849,0
229897,0
229903,4
229937,0
229939,2
229949,0
229961,0
229963,0
229979,2
229981,2
230003,4
230017,0
230047,2
230059,0
230063,0
230077,2
230081,0
230089,2
230101,2
230107,0
230117,0
230123,0
230137,2
230143,0
230149,0
230189,0
230203,4
230213,0
230221,0
230227,0
230233,4
230239,0
230257,0
230273,0
230281,2
230291,0
230303,0
230309,2
230311,2
230327,0
230339,2
230341,0
230353,0
230357,0
230369,0
230383,2
230387,0
230389,2
230393,0
230431,0
230449,0
230453,0
230467,0
230471,2
230479,0
230501,2
230507,0
230539,0
230551,2
230561,4
230563,0
230567,2
230597,2
230611,0
230647,0
230653,0
230663,0
230683,2
230693,2
230719,0
230729,2
230743,0
230761,0
230767,0
230771,2
230773,2
230779,2
230807,2
230819,0
230827,0
230833,2
230849,4
230861,0
230863,2
230873,2
230891,0
230929,0
230933,0
230939,0
230941,2
230959,2
230969,0
230977,2
230999,4
231001,0
231017,0
231019,0
231031,0
231041,2
231053,0
231067,0
231079,0
231107,0
231109,2
231131,0
231169,2
231197,0
231223,2
231241,0
231269,0
231271,2
231277,2
231289,4
231293,2
231299,0
231317,2
231323,0
231331,0
231347,0
231349,2
231359,0
231367,0
231379,2
231409,2
231419,0
231431,0
231433,0
231443,2
231461,2
231463,0
231479,0
231481,0
231493,0
231503,0
231529,0
231533,0
231547,0
231551,0
231559,0
231563,0
231571,0
231589,2
231599,2
231607,2
231611,0
231613,0
231631,0
231643,2
231661,2
231677,2
231701,2
231709,0
231719,2
231779,2
231799,0
231809,0
231821,0
231823,2
231827,0
231839,0
231841,0
231859,4
231871,2
231877,0
231893,0
231901,2
231919,2
231923,2
231943,0
231947,0
231961,0
231967,0
232003,0
232007,0
232013,2
232049,2
232051,2
232073,0
232079,2
232081,0
232091,0
232103,0
232109,0
232117,2
232129,0
232153,0
232171,0
232187,0
232189,0
232207,2
232217,0
232259,0
232303,0
232307,2
232333,4
232357,0
232363,0
232367,0
232381,4
232391,0
232409,0
232411,2
232417,4
232433,2
232439,2
232451,0
232457,2
232459,2
232487,2
232499,0
232513,0
232523,4
232549,0
232567,0
232571,0
232591,0
232597,0
232607,4
232621,0
232633,0
232643,2
232663,0
232669,0
232681,4
232699,0
232709,2
232711,0
232741,0
232751,0
232753,0
232777,0
232801,0
232811,0
232819,2
232823,0
232847,4
232853,4
232861,0
232871,0
232877,0
232891,0
232901,0
232907,2
232919,2
232937,0
232961,2
232963,0
232987,0
233021,0
233069,0
233071,0
233083,0
233113,0
233117,2
233141,0
233143,0
233159,0
233161,0
233173,0
233183,0
233201,0
233221,0
233231,0
233239,4
233251,0
233267,0
233279,2
233293,0
233297,0
233323,0
233327,0
233329,0
233341,2
233347,0
233353,4
233357,0
233371,0
233407,0
233417,2
233419,2
233423,2
233437,0
233477,0
233489,0
233509,2
233549,0
233551,2
233557,0
233591,0
233599,0
233609,0
233617,4
233621,0
233641,4
233663,2
233669,0
233683,4
233687,0
233689,0
233693,2
233713,2
233743,2
233747,2
233759,2
233777,4
233837,0
233851,0
233861,0
233879,2
233881,0
233911,0
233917,0
233921,0
233923,0
233939,0
233941,0
233969,2
233983,0
233993,2
234007,2
234029,0
234043,0
234067,0
234083,2
234089,2
234103,0
234121,2
234131,0
234139,2
234149,0
234161,0
234167,0
234181,0
234187,2
234191,0
234193,0
234197,0
234203,0
234211,0
234217,0
234239,0
234259,2
234271,0
234281,2
234287,0
234293,0
234317,2
234319,0
234323,2
234331,2
234341,2
234343,2
234361,0
234383,0
234431,2
234457,0
234461,2
234463,2
234467,6
234473,0
234499,0
234511,0
234527,2
234529,0
234539,0
234541,2
234547,0
234571,2
234587,0
234589,0
234599,0
234613,0
234629,0
234653,2
234659,0
234673,2
234683,0
234713,0
234721,0
234727,2
234733,0
234743,0
234749,0
234769,0
234781,0
234791,0
234799,2
234803,2
234809,0
234811,0
234833,0
234847,0
234851,0
234863,0
234869,8
234893,2
234907,0
234917,0
234931,0
234947,0
234959,0
234961,2
234967,2
234977,0
234979,2
234989,0
235003,4
235007,2
235009,0
235013,2
235043,0
235051,2
235057,0
235069,0
235091,4
235099,2
235111,2
235117,0
235159,2
235171,0
235177,0
235181,0
235199,0
235211,2
235231,6
235241,8
235243,4
235273,2
235289,2
235307,2
235309,2
235337,0
235349,0
235369,0
235397,4
235439,2
235441,0
235447,2
235483,2
235489,2
235493,0
235513,2
235519,0
235523,2
235537,0
235541,0
235553,0
235559,2
235577,0
235591,4
235601,2
235607,4
235621,0
235661,0
235663,2
235673,8
235679,4
235699,2
235723,2
235747,2
235751,0
235783,4
235787,0
235789,0
235793,0
235811,0
235813,2
235849,0
235871,0
235877,0
235889,0
235891,2
235901,0
235919,0
235927,0
235951,4
235967,0
235979,4
235997,0
236017,0
236021,0
236053,0
236063,0
236069,0
236077,2
236087,0
236107,0
236111,2
236129,0
236143,0
236153,0
236167,0
236207,2
236209,0
236219,2
236231,4
236261,0
236287,0
236293,4
236297,0
236323,0
236329,0
236333,0
236339,2
236377,0
236381,0
236387,2
236399,0
236407,0
236429,0
236449,2
236461,2
236471,0
236477,0
236479,0
236503,0
236507,2
236519,0
236527,2
236549,0
236563,0
236573,0
236609,0
236627,0
236641,0
236653,0
236659,2
236681,0
236699,2
236701,0
236707,2
236713,2
236723,0
236729,0
236737,0
236749,0
236771,4
236773,0
236779,0
236783,2
236807,0
236813,0
236867,0
236869,0
236879,4
236881,2
236891,0
236893,2
236897,0
236909,0
236917,2
236947,0
236981,0
236983,2
236993,0
237011,0
237019,4
237043,2
237053,0
237067,0
237071,2
237073,2
237089,0
237091,0
237137,0
237143,0
237151,0
237157,0
237161,2
237163,0
237173,2
237179,2
237203,0
237217,6
237233,0
237257,0
237271,4
237277,0
237283,0
237287,0
237301,0
237313,0
237319,0
237331,2
237343,0
237361,0
237373,0
237379,0
237401,0
237409,2
237467,0
237487,2
237509,0
237547,2
237563,0
237571,0
237581,0
237607,0
237619,2
237631,2
237673,2
237683,0
237689,0
237691,0
237701,0
237707,0
237733,0
237737,2
237749,0
237763,2
237767,4
237781,2
237791,0
237821,2
237851,0
237857,0
237859,0
237877,0
237883,0
237901,2
237911,0
237929,2
237959,2
237967,0
237971,2
237973,0
237977,6
237997,0
238001,0
238009,0
238019,2
238031,0
238037,2
238039,0
238079,2
238081,0
238093,2
238099,0
238103,2
238109,0
238141,2
238151,0
238157,4
238159,2
238163,0
238171,2
238181,0
238201,0
238207,0
238213,4
238223,2
238229,6
238237,0
238247,0
238261,2
238267,4
238291,2
238307,0
238313,0
238321,0
238331,0
238339,0
238361,2
238363,2
238369,6
238373,2
238397,0
238417,0
238423,2
238439,0
238451,0
238463,0
238471,0
238477,2
238481,0
238499,0
238519,0
238529,0
238531,2
238547,0
238573,2
238591,0
238627,0
238639,0
238649,0
238657,0
238673,2
238681,0
238691,0
238703,2
238709,0
238723,0
238727,2
238729,2
238747,0
238759,0
238781,2
238789,0
238801,4
238829,0
238837,2
238841,2
238853,0
238859,0
238877,2
238879,0
238883,0
238897,2
238919,0
238921,4
238939,0
238943,2
238949,4
238967,2
238991,0
239017,0
239023,2
239027,2
239053,2
239069,0
239081,0
239087,0
239119,2
239137,2
239147,2
239167,0
239171,2
239179,2
239201,6
239231,2
239233,0
239237,0
239243,2
239251,0
239263,0
239273,2
239287,0
239297,0
239329,4
239333,0
239347,2
239357,4
239383,2
239387,0
239389,0
239417,2
239423,0
239429,2
239431,0
239441,2
239461,2
239489,2
239509,2
239521,0
239527,0
239531,0
239539,0
239543,2
239557,0
239567,0
239579,2
239587,0
239597,2
239611,2
239623,0
239633,0
239641,0
239671,0
239689,0
239699,0
239711,0
239713,0
239731,2
239737,2
239753,2
239779,2
239783,0
239803,0
239807,0
239831,2
239843,0
239849,0
239851,0
239857,0
239873,0
239879,4
239893,0
239929,0
239933,0
239947,2
239957,0
239963,0
239977,0
239999,0
240007,4
240011,0
240017,0
240041,2
240043,0
240047,0
240049,0
240059,2
240073,0
240089,0
240101,0
240109,2
240113,0
240131,2
240139,0
240151,2
240169,0
240173,0
240197,0
240203,2
240209,2
240257,2
240259,0
240263,0
240271,0
240283,0
240287,2
240319,0
240341,0
240347,0
240349,2
240353,0
240371,0
240379,2
240421,0
240433,6
240437,2
240473,0
240479,0
240491,2
240503,0
240509,0
240517,0
240551,2
240571,4
240587,0
240589,2
240599,0
240607,0
240623,0
240631,0
240641,0
240659,0
240677,2
240701,0
240707,2
240719,0
240727,0
240733,4
240739,0
240743,0
240763,6
240769,0
240797,4
240811,2
240829,4
240841,0
240853,2
240859,2
240869,0
240881,2
240883,0
240893,0
240899,2
240913,2
240943,0
240953,2
240959,0
240967,2
240997,0
241013,0
241027,0
241037,0
241049,2
241051,0
241061,2
241067,0
241069,0
241079,0
241093,2
241117,2
241127,2
241141,0
241169,0
241177,0
241183,0
241207,4
241229,0
241249,2
241253,4
241259,0
241261,0
241271,0
241291,2
241303,0
241313,0
241321,0
241327,0
241333,4
241337,0
241343,6
241361,2
241363,2
241391,0
241393,2
241421,2
241429,0
241441,0
241453,0
241463,0
241469,2
241489,0
241511,2
241513,2
241517,0
241537,0
241543,2
241559,0
241561,2
241567,0
241589,0
241597,0
241601,0
241603,2
241639,0
241643,0
241651,0
241663,6
241667,2
241679,0
241687,4
241691,0
241711,0
241727,2
241739,0
241771,6
241781,0
241783,0
241793,0
241807,0
241811,0
241817,4
241823,2
241847,0
241861,0
241867,0
241873,0
241877,0
241883,2
241903,0
241907,0
241919,0
241921,2
241931,0
241939,0
241951,2
241963,2
241973,0
241979,0
241981,0
241993,0
242009,0
242057,2
242059,2
242069,4
242083,0
242093,0
242101,0
242119,0
242129,2
242147,2
242161,2
242171,2
242173,2
242197,2
242201,2
242227,0
242243,0
242257,0
242261,0
242273,0
242279,2
242309,0
242329,0
242357,0
242371,0
242377,0
242393,0
242399,0
242413,0
242419,2
242441,0
242447,0
242449,2
242453,2
242467,0
242479,2
242483,0
242491,2
242509,2
242519,2
242521,0
242533,2
242551,0
242591,0
242603,2
242617,0
242621,2
242629,2
242633,0
242639,2
242647,0
242659,0
242677,0
242681,2
242689,0
242713,4
242729,2
242731,0
242747,2
242773,0
242779,0
242789,4
242797,2
242807,2
242813,0
242819,0
242863,0
242867,2
242873,0
242887,0
242911,2
242923,0
242927,0
242971,2
242989,0
242999,0
243011,2
243031,0
243073,0
243077,0
243091,2
243101,0
243109,2
243119,2
243121,2
243137,6
243149,0
243157,2
243161,2
243167,0
243197,0
243203,0
243209,0
243227,0
243233,2
243239,4
243259,0
243263,2
243301,0
243311,0
243343,2
243367,2
243391,0
243401,0
243403,2
243421,0
243431,0
243433,2
243437,0
243461,0
243469,0
243473,0
243479,0
243487,0
243517,0
243521,2
243527,0
243533,2
243539,0
243553,0
243577,0
243583,0
243587,0
243589,2
243613,0
243623,2
243631,0
243643,0
243647,0
243671,0
243673,0
243701,4
243703,4
243707,4
243709,0
243769,4
243781,0
243787,2
243799,0
243809,0
243829,0
243839,2
243851,0
243857,0
243863,0
243871,0
243889,0
243911,0
243917,0
243931,4
243953,0
243973,2
243989,2
244003,2
244009,0
244021,0
244033,0
244043,2
244087,2
244091,2
244109,2
244121,2
244129,0
244141,2
244147,0
244157,0
244159,2
244177,2
244199,0
244217,2
244219,0
244243,0
244247,0
244253,4
244261,2
244291,2
244297,2
244301,0
244303,2
244313,0
244333,2
244339,0
244351,0
244357,2
244367,0
244379,0
244381,0
244393,0
244399,0
244403,2
244411,0
244423,0
244429,0
244451,0
244457,0
244463,2
244471,2
244481,0
244493,2
244507,4
244529,2
244547,2
244553,2
244561,0
244567,0
244583,2
244589,4
244597,0
244603,2
244619,0
244633,2
244637,0
244639,2
244667,0
244669,0
244687,2
244691,2
244703,0
244711,2
244721,0
244733,2
244747,4
244753,0
244759,0
244781,2
244787,0
244813,2
244837,0
244841,0
244843,2
244859,0
244861,2
244873,0
244877,2
244889,6
244897,0
244901,0
244939,0
244943,2
244957,0
244997,4
245023,2
245029,0
245033,0
245039,0
245071,0
245083,4
245087,4
245107,0
245129,2
245131,0
245149,0
245171,0
245173,2
245177,2
245183,0
245209,0
245251,0
245257,0
245261,2
245269,0
245279,0
245291,0
245299,0
245317,0
245321,0
245339,2
245383,0
245389,0
245407,4
245411,0
245417,0
245419,2
245437,0
245471,2
245473,2
245477,2
245501,0
245513,2
245519,4
245521,0
245527,0
245533,0
245561,2
245563,2
245587,0
245591,4
245593,0
245621,0
245627,0
245629,2
245639,0
245653,0
245671,0
245681,4
245683,0
245711,0
245719,0
245723,4
245741,2
245747,0
245753,4
245759,0
245771,2
245783,2
245789,0
245821,0
245849,0
245851,0
245863,0
245881,0
245897,0
245899,0
245909,2
245911,2
245941,0
245963,2
245977,0
245981,0
245983,4
245989,2
246011,0
246017,0
246049,2
246073,2
246097,0
246119,0
246121,6
246131,2
246133,0
246151,0
246167,0
246173,2
246187,2
246193,0
246203,0
246209,2
246217,0
246223,0
246241,0
246247,0
246251,0
246271,2
246277,2
246289,0
246317,2
246319,2
246329,0
246343,2
246349,2
246361,2
246371,2
246391,2
246403,2
246439,0
246469,2
246473,2
246497,0
246509,4
246511,2
246523,0
246527,0
246539,2
246557,0
246569,0
246577,2
246599,0
246607,0
246611,0
246613,0
246637,4
246641,4
246643,0
246661,0
246683,0
246689,2
246707,0
246709,2
246713,2
246731,0
246739,2
246769,0
246773,2
246781,0
246787,0
246793,0
246803,4
246809,0
246811,2
246817,2
246833,2
246839,0
246889,2
246899,2
246907,0
246913,0
246919,0
246923,2
246929,0
246931,2
246937,0
246941,0
246947,2
246971,2
246979,0
247001,0
247007,0
247031,0
247067,2
247069,0
247073,0
247087,4
247099,2
247141,0
247183,2
247193,0
247201,2
247223,0
247229,2
247241,0
247249,0
247259,0
247279,2
247301,0
247309,0
247337,0
247339,2
247343,0
247363,0
247369,2
247381,0
247391,0
247393,4
247409,2
247421,2
247433,0
247439,2
247451,2
247463,0
247501,2
247519,0
247529,2
247531,2
247547,0
247553,0
247579,0
247591,0
247601,0
247603,6
247607,4
247609,0
247613,0
247633,4
247649,2
247651,2
247691,0
247693,2
247697,0
247711,0
247717,0
247729,2
247739,0
247759,0
247769,0
247771,2
247781,0
247799,0
247811,4
247813,0
247829,0
247847,0
247853,0
247873,0
247879,0
247889,2
247901,2
247913,2
247939,0
247943,0
247957,2
247991,2
247993,0
247997,0
247999,0
248021,0
248033,2
248041,2
248051,0
248057,2
248063,0
248071,0
248077,0
248089,0
248099,0
248117,0
248119,2
248137,4
248141,2
248161,0
248167,0
248177,2
248179,2
248189,2
248201,0
248203,0
248231,0
248243,2
248257,0
248267,0
248291,4
248293,0
248299,0
248309,2
248317,2
248323,2
248351,2
248357,0
248371,2
248389,2
248401,0
248407,2
248431,0
248441,0
248447,2
248461,0
248473,4
248477,2
248483,2
248509,0
248533,2
248537,0
248543,0
248569,2
248579,0
248587,2
248593,0
248597,0
248609,0
248621,0
248627,0
248639,0
248641,0
248657,0
248683,2
248701,0
248707,0
248719,0
248723,0
248737,0
248749,2
248753,2
248779,4
248783,0
248789,0
248797,0
248813,0
248821,2
248827,0
248839,0
248851,0
248861,2
248867,2
248869,6
248879,0
248887,4
248891,0
248893,4
248903,0
248909,0
248971,0
248981,0
248987,0
249017,0
249037,0
249059,0
249079,0
249089,0
249097,0
249103,0
249107,2
249127,4
249131,0
249133,0
249143,2
249181,0
249187,2
249199,2
249211,4
249217,2
249229,0
249233,0
249253,0
249257,0
249287,4
249311,4
249317,0
249329,2
249341,0
249367,0
249377,2
249383,4
249397,2
249419,4
249421,0
249427,2
249433,0
249437,0
249439,0
249449,0
249463,0
249497,0
249499,2
249503,0
249517,0
249521,2
249533,0
249539,2
249541,0
249563,2
249583,2
249589,0
249593,2
249607,0
249647,0
249659,0
249671,0
249677,2
249703,2
249721,0
249727,4
249737,0
249749,0
249763,2
249779,2
249797,2
249811,0
249827,0
249833,0
249853,0
249857,4
249859,4
249863,4
249871,0
249881,0
249911,0
249923,2
249943,4
249947,2
249967,4
249971,0
249973,4
249989,2
250007,2
250013,2
250027,2
250031,0
250037,0
250043,0
250049,0
250051,0
250057,0
250073,4
250091,0
250109,2
250123,2
250147,2
250153,0
250169,0
250199,0
250253,2
250259,0
250267,0
250279,0
250301,0
250307,0
250343,2
250361,0
250403,2
250409,2
250423,0
250433,0
250441,0
250451,0
250489,0
250499,2
250501,0
250543,4
250583,2
250619,0
250643,0
250673,0
250681,0
250687,2
250693,0
250703,0
250709,4
250721,2
250727,0
250739,2
250741,0
250751,0
250753,6
250777,0
250787,0
250793,2
250799,0
250807,2
250813,0
250829,0
250837,0
250841,0
250853,0
250867,0
250871,0
250889,0
250919,0
250949,2
250951,2
250963,2
250967,4
250969,2
250979,0
250993,0
251003,2
251033,0
251051,0
251057,0
251059,0
251063,2
251071,0
251081,0
251087,2
251099,4
251117,2
251143,0
251149,2
251159,0
251171,0
251177,2
251179,2
251191,2
251197,0
251201,0
251203,0
251219,0
251221,2
251231,0
251233,2
251257,4
251261,2
251263,0
251287,2
251291,2
251297,2
251323,0
251347,0
251353,0
251359,2
251387,0
251393,0
251417,0
251429,0
251431,2
251437,0
251443,0
251467,0
251473,0
251477,2
251483,0
251491,2
251501,0
251513,0
251519,0
251527,0
251533,0
251539,4
251543,0
251561,0
251567,0
251609,2
251611,0
251621,0
251623,4
251639,0
251653,2
251663,0
251677,0
251701,2
251707,2
251737,0
251761,2
251789,2
251791,0
251809,0
251831,2
251833,0
251843,4
251857,0
251861,2
251879,0
251887,0
251893,0
251897,0
251903,4
251917,2
251939,2
251941,2
251947,2
251969,0
251971,0
251983,0
252001,0
252013,0
252017,2
252029,4
252037,0
252079,0
252101,4
252139,2
252143,0
252151,0
252157,2
252163,2
252169,2
252173,4
252181,0
252193,2
252209,0
252223,0
252233,0
252253,0
252277,2
252283,0
252289,2
252293,0
252313,2
252319,0
252323,0
252341,0
252359,2
252383,2
252391,4
252401,4
252409,2
252419,2
252431,0
252443,2
252449,0
252457,0
252463,0
252481,2
252509,2
252533,4
252541,2
252559,0
252583,2
252589,2
252607,0
252611,0
252617,0
252641,2
252667,0
252691,0
252709,2
252713,0
252727,0
252731,0
252737,0
252761,2
252767,0
252779,2
252817,2
252823,2
252827,0
252829,0
252869,2
252877,4
252881,0
252887,2
252893,0
252899,2
252911,2
252913,0
252919,0
252937,0
252949,0
252971,2
252979,0
252983,2
253003,2
253013,2
253049,0
253063,0
253081,0
253103,0
253109,0
253133,2
253153,2
253157,0
253159,0
253229,6
253243,0
253247,0
253273,0
253307,2
253321,2
253343,0
253349,2
253361,0
253367,0
253369,2
253381,0
253387,0
253417,0
253423,2
253427,6
253433,0
253439,0
253447,0
253469,0
253481,0
253493,2
253501,0
253507,0
253531,0
253537,0
253543,2
253553,0
253567,2
253573,0
253601,0
253607,8
253609,0
253613,0
253633,0
253637,2
253639,0
253651,0
253661,0
253679,2
253681,0
253703,2
253717,0
253733,0
253741,0
253751,0
253763,0
253769,2
253777,2
253787,0
253789,0
253801,2
253811,0
253819,2
253823,0
253853,0
253867,0
253871,2
253879,2
253901,2
253907,0
253909,0
253919,0
253937,2
253949,4
253951,2
253969,0
253987,2
253993,0
253999,0
254003,0
254021,0
254027,0
254039,0
254041,0
254047,0
254053,0
254071,2
254083,0
254119,0
254141,0
254147,2
254161,0
254179,0
254197,2
254207,0
254209,0
254213,2
254249,2
254257,4
254279,2
254281,0
254291,2
254299,2
254329,0
254369,0
254377,0
254383,0
254389,2
254407,0
254413,2
254437,0
254447,0
254461,0
254489,0
254491,2
254519,2
254537,0
254557,0
254593,2
254623,2
254627,0
254647,0
254659,4
254663,2
254699,0
254713,0
254729,2
254731,0
254741,2
254747,0
254753,0
254773,2
254777,2
254783,2
254791,2
254803,0
254827,0
254831,0
254833,0
254857,0
254869,0
254873,0
254879,0
254887,0
254899,0
254911,0
254927,2
254929,4
254941,0
254959,2
254963,2
254971,0
254977,0
254987,0
254993,2
255007,0
255019,0
255023,0
255043,0
255049,2
255053,0
255071,0
255077,0
255083,0
255097,2
255107,2
255121,0
255127,2
255133,2
255137,4
255149,2
255173,0
255179,0
255181,2
255191,0
255193,2
255197,0
255209,0
255217,0
255239,2
255247,0
255251,6
255253,0
255259,2
255313,0
255329,2
255349,2
255361,0
255371,0
255383,0
255413,0
255419,0
255443,2
255457,0
255467,0
255469,0
255473,4
255487,0
255499,4
255503,0
255511,4
255517,0
255523,4
255551,2
255571,2
255587,0
255589,2
255613,4
255617,2
255637,2
255641,2
255649,2
255653,4
255659,0
255667,0
255679,2
255709,0
255713,0
255733,2
255743,2
255757,2
255763,0
255767,2
255803,0
255839,0
255841,0
255847,0
255851,0
255859,0
255869,0
255877,0
255887,2
255907,0
255917,0
255919,0
255923,2
255947,0
255961,2
255971,0
255973,2
255977,0
255989,0
256019,0
256021,0
256031,2
256033,0
256049,0
256057,0
256079,2
256093,2
256117,0
256121,2
256129,0
256133,0
256147,0
256163,2
256169,2
256181,0
256187,0
256189,2
256199,2
256211,2
256219,0
256279,2
256301,2
256307,0
256313,0
256337,0
256349,0
256363,0
256369,2
256391,2
256393,0
256423,0
256441,2
256469,0
256471,0
256483,0
256489,0
256493,2
256499,0
256517,0
256541,0
256561,6
256567,0
256577,8
256579,0
256589,2
256603,2
256609,0
256639,2
256643,2
256651,0
256661,2
256687,2
256699,0
256721,2
256723,0
256757,0
256771,0
256799,6
256801,0
256813,2
256831,0
256873,0
256877,6
256889,0
256901,0
256903,0
256931,0
256939,2
256957,0
256967,0
256981,0
257003,0
257017,0
257053,2
257069,0
257077,0
257093,0
257099,0
257107,0
257123,0
257141,0
257161,0
257171,0
257177,0
257189,2
257219,0
257221,0
257239,2
257249,0
257263,0
257273,2
257281,0
257287,0
257293,0
257297,0
257311,0
257321,2
257339,0
257351,2
257353,2
257371,0
257381,0
257399,0
257401,0
257407,2
257437,0
257443,0
257447,0
257459,0
257473,0
257489,2
257497,0
257501,0
257503,2
257519,0
257539,2
257561,2
257591,2
257611,2
257627,0
257639,0
257657,0
257671,0
257687,0
257689,0
257707,0
257711,4
257713,0
257717,2
257731,2
257783,0
257791,4
257797,2
257837,0
257857,2
257861,2
257863,4
257867,2
257869,0
257879,4
257893,2
257903,0
257921,2
257947,2
257953,0
257981,0
257987,2
257989,2
257993,0
258019,2
258023,0
258031,2
258061,0
258067,2
258101,0
258107,2
258109,0
258113,0
258119,0
258127,0
258131,0
258143,0
258157,0
258161,2
258173,0
258197,2
258211,0
258233,2
258241,0
258253,0
258277,0
258283,0
258299,4
258317,0
258319,2
258329,0
258331,2
258337,0
258353,2
258373,0
258389,0
258403,2
258407,0
258413,0
258421,0
258437,2
258443,0
258449,0
258469,2
258487,0
258491,2
258499,0
258521,0
258527,0
258539,0
258551,2
258563,2
258569,0
258581,2
258607,0
258611,0
258613,0
258617,0
258623,0
258631,2
258637,2
258659,0
258673,0
258677,0
258691,0
258697,0
258703,0
258707,0
258721,2
258733,0
258737,0
258743,0
258763,0
258779,4
258787,0
258803,4
258809,0
258827,6
258847,4
258871,0
258887,0
258917,0
258919,0
258949,0
258959,4
258967,4
258971,2
258977,0
258983,0
258991,0
259001,0
259009,0
259019,2
259033,2
259099,2
259121,0
259123,0
259151,0
259157,2
259159,0
259163,0
259169,2
259177,2
259183,2
259201,2
259211,0
259213,2
259219,0
259229,0
259271,2
259277,6
259309,0
259321,2
259339,4
259379,4
259381,0
259387,2
259397,0
259411,0
259421,4
259429,0
259451,0
259453,0
259459,4
259499,0
259507,0
259517,0
259531,2
259537,0
259547,0
259577,0
259583,2
259603,0
259619,0
259621,4
259627,0
259631,0
259639,0
259643,0
259657,0
259667,2
259681,0
259691,0
259697,0
259717,0
259723,0
259733,2
259751,0
259771,0
259781,0
259783,0
259801,0
259813,0
259823,2
259829,0
259837,0
259841,0
259867,0
259907,0
259933,0
259937,0
259943,0
259949,2
259967,0
259991,0
259993,0
260003,0
260009,2
260011,2
260017,0
260023,4
260047,0
260081,0
260089,0
260111,0
260137,4
260171,0
260179,2
260189,0
260191,2
260201,2
260207,2
260209,2
260213,4
260231,0
260263,0
260269,0
260317,0
260329,2
260339,0
260363,0
260387,0
260399,0
260411,2
260413,0
260417,0
260419,0
260441,0
260453,0
260461,2
260467,6
260483,2
260489,0
260527,0
260539,0
260543,0
260549,4
260551,0
260569,4
260573,2
260581,2
260587,0
260609,2
260629,2
260647,0
260651,0
260671,0
260677,0
260713,0
260717,0
260723,0
260747,0
260753,2
260761,4
260773,2
260791,0
260807,0
260809,0
260849,2
260857,0
260861,2
260863,0
260873,0
260879,0
260893,0
260921,0
260941,0
260951,2
260959,0
260969,0
260983,2
260987,2
260999,4
261011,4
261013,0
261017,0
261031,0
261043,0
261059,0
261061,0
261071,0
261077,2
261089,2
261101,0
261127,0
261167,0
261169,0
261223,2
261229,0
261241,0
261251,0
261271,2
261281,0
261301,2
261323,0
261329,0
261337,0
261347,0
261353,2
261379,2
261389,2
261407,2
261427,0
261431,2
261433,0
261439,0
261451,4
261463,0
261467,2
261509,0
261523,2
261529,0
261557,0
261563,2
261577,0
261581,0
261587,0
261593,2
261601,0
261619,2
261631,4
261637,2
261641,0
261643,0
261673,2
261697,0
261707,0
261713,0
261721,0
261739,4
261757,0
261761,2
261773,0
261787,0
261791,6
261799,2
261823,0
261847,0
261881,2
261887,0
261917,0
261959,0
261971,2
261973,2
261977,4
261983,2
262007,2
262027,0
262049,2
262051,0
262069,0
262079,0
262103,0
262109,0
262111,4
262121,0
262127,0
262133,2
262139,0
262147,0
262151,2
262153,0
262187,0
262193,0
262217,4
262231,4
262237,0
262253,2
262261,2
262271,2
262303,4
262313,0
262321,0
262331,0
262337,0
262349,0
262351,0
262369,2
262387,2
262391,4
262399,6
262411,4
262433,0
262459,0
262469,0
262489,2
262501,0
262511,0
262513,0
262519,0
262541,0
262543,0
262553,0
262567,0
262583,6
262597,2
262621,2
262627,2
262643,0
262649,2
262651,0
262657,0
262681,0
262693,4
262697,2
262709,2
262723,0
262733,2
262739,0
262741,0
262747,2
262781,2
262783,0
262807,2
262819,0
262853,0
262877,2
262883,0
262897,2
262901,0
262909,2
262937,2
262949,0
262957,0
262981,2
263009,0
263023,0
263047,0
263063,0
263071,0
263077,4
263083,0
263089,2
263101,0
263111,2
263119,0
263129,0
263167,0
263171,2
263183,0
263191,0
263201,2
263209,2
263213,0
263227,0
263239,0
263257,0
263267,2
263269,0
263273,0
263287,2
263293,4
263303,0
263323,2
263369,2
263383,2
263387,0
263399,0
263401,2
263411,0
263423,0
263429,0
263437,0
263443,2
263489,4
263491,0
263503,0
263513,0
263519,4
263521,4
263533,2
263537,4
263561,0
263567,2
263573,0
263591,0
263597,2
263609,0
263611,2
263621,0
263647,0
263651,0
263657,2
263677,0
263723,0
263729,2
263737,0
263759,0
263761,0
263803,0
263819,0
263821,0
263827,0
263843,0
263849,0
263863,0
263867,2
263869,0
263881,2
263899,0
263909,0
263911,2
263927,0
263933,0
263941,0
263951,0
263953,2
263957,2
263983,0
264007,0
264013,4
264029,4
264031,0
264053,0
264059,2
264071,2
264083,2
264091,0
264101,0
264113,0
264127,0
264133,2
264137,2
264139,0
264167,0
264169,0
264179,4
264211,0
264221,0
264263,2
264269,0
264283,0
264289,2
264301,0
264323,0
264331,2
264343,0
264349,0
264353,0
264359,0
264371,0
264391,0
264403,0
264437,0
264443,2
264463,2
264487,2
264527,0
264529,2
264553,0
264559,0
264577,4
264581,0
264599,0
264601,0
264619,0
264631,2
264637,0
264643,0
264659,2
264697,0
264731,0
264739,0
264743,0
264749,2
264757,0
264763,0
264769,0
264779,2
264787,0
264791,0
264793,2
264811,2
264827,2
264829,0
264839,0
264871,6
264881,2
264889,2
264893,2
264899,2
264919,2
264931,4
264949,0
264959,2
264961,0
264977,0
264991,2
264997,2
265003,0
265007,0
265021,4
265037,4
265079,0
265091,0
265093,0
265117,0
265123,0
265129,0
265141,2
265151,0
265157,2
265163,0
265169,2
265193,0
265207,0
265231,2
265241,2
265247,0
265249,0
265261,0
265271,0
265273,4
265277,2
265313,2
265333,0
265337,0
265339,0
265381,2
265399,0
265403,0
265417,4
265423,0
265427,0
265451,4
265459,6
265471,0
265483,0
265493,2
265511,0
265513,2
265541,2
265543,0
265547,2
265561,0
265567,0
265571,2
265579,0
265607,2
265613,0
265619,0
265621,2
265703,0
265709,0
265711,0
265717,0
265729,0
265739,0
265747,2
265757,2
265781,2
265787,0
265807,0
265813,2
265819,0
265831,0
265841,2
265847,2
265861,0
265871,0
265873,0
265883,4
265891,2
265921,4
265957,0
265961,0
265987,2
266003,2
266009,0
266023,0
266027,0
266029,0
266047,0
266051,0
266053,0
266059,0
266081,0
266083,4
266089,2
266093,2
266099,0
266111,0
266117,0
266129,2
266137,0
266153,6
266159,2
266177,0
266183,2
266221,0
266239,4
266261,4
266269,4
266281,0
266291,2
266293,0
266297,2
266333,0
266351,4
266353,0
266359,0
266369,2
266381,0
266401,0
266411,0
266417,0
266447,4
266449,0
266477,0
266479,0
266489,4
266491,4
266521,4
266549,4
266587,0
266599,2
266603,0
266633,2
266641,2
266647,2
266663,0
266671,0
266677,0
266681,2
266683,2
266687,2
266689,0
266701,2
266711,0
266719,2
266759,0
266767,0
266797,0
266801,0
266821,0
266837,2
266839,0
266863,0
266867,0
266891,0
266897,0
266899,0
266909,0
266921,0
266927,2
266933,0
266947,2
266953,0
266957,0
266971,2
266977,0
266983,0
266993,0
266999,2
267017,0
267037,0
267049,4
267097,0
267131,0
267133,2
267139,0
267143,2
267167,0
267187,0
267193,4
267199,0
267203,4
267217,0
267227,4
267229,0
267233,0
267259,0
267271,0
267277,2
267299,6
267301,0
267307,0
267317,0
267341,2
267353,0
267373,0
267389,0
267391,2
267401,0
267403,6
267413,2
267419,2
267431,0
267433,0
267439,0
267451,2
267469,2
267479,4
267481,0
267493,0
267497,2
267511,2
267517,0
267521,0
267523,0
267541,4
267551,0
267557,0
267569,2
267581,0
267587,0
267593,0
267601,2
267611,0
267613,0
267629,4
267637,4
267643,0
267647,2
267649,0
267661,2
267667,0
267671,0
267677,0
267679,0
267713,0
267719,0
267721,4
267727,0
267737,0
267739,0
267749,2
267763,0
267781,0
267791,0
267797,2
267803,2
267811,0
267829,0
267833,2
267857,2
267863,0
267877,2
267887,2
267893,0
267899,0
267901,0
267907,0
267913,2
267929,0
267941,0
267959,0
267961,2
268003,0
268013,0
268043,2
268049,2
268063,0
268069,2
268091,0
268123,0
268133,0
268153,2
268171,0
268189,2
268199,0
268207,0
268211,4
268237,2
268253,0
268267,2
268271,2
268283,0
268291,2
268297,2
268343,0
268403,0
268439,0
268459,6
268487,2
268493,2
268501,2
268507,0
268517,0
268519,4
268529,2
268531,0
268537,0
268547,2
268573,2
268607,4
268613,0
268637,0
268643,0
268661,0
268693,2
268721,2
268729,2
268733,2
268747,2
268757,0
268759,0
268771,0
268777,0
268781,2
268783,0
268789,2
268811,2
268813,2
268817,0
268819,2
268823,2
268841,0
268843,0
268861,0
268883,2
268897,0
268909,0
268913,0
268921,0
268927,0
268937,2
268969,2
268973,6
268979,2
268993,0
268997,2
268999,4
269023,0
269029,0
269039,0
269041,0
269057,2
269063,0
269069,2
269089,2
269117,4
269131,0
269141,2
269167,0
269177,2
269179,2
269183,0
269189,2
269201,2
269209,2
269219,0
269221,0
269231,2
269237,0
269251,2
269257,2
269281,0
269317,2
269327,0
269333,0
269341,0
269351,2
269377,2
269383,0
269387,2
269389,0
269393,0
269413,2
269419,0
269429,0
269431,0
269441,0
269461,2
269473,2
269513,0
269519,2
269527,0
269539,2
269543,0
269561,0
269573,2
269579,6
269597,0
269617,0
269623,2
269641,0
269651,0
269663,0
269683,0
269701,0
269713,4
269719,4
269723,2
269741,0
269749,0
269761,6
269779,0
269783,4
269791,0
269851,2
269879,2
269887,0
269891,4
269897,4
269923,2
269939,2
269947,0
269953,2
269981,2
269987,4
270001,2
270029,0
270031,0
270037,2
270059,0
270071,0
270073,0
270097,2
270121,0
270131,0
270133,2
270143,0
270157,0
270163,2
270167,2
270191,0
270209,4
270217,0
270223,0
270229,4
270239,0
270241,0
270269,2
270271,2
270287,2
270299,2
270307,0
270311,4
270323,2
270329,4
270337,2
270343,0
270371,0
270379,2
270407,0
270421,0
270437,0
270443,0
270451,2
270461,0
270463,4
270493,2
270509,0
270527,4
270539,0
270547,0
270551,0
270553,2
270563,2
270577,0
270583,0
270587,2
270593,0
270601,4
270619,2
270631,4
270653,0
270659,2
270667,4
270679,0
270689,0
270701,4
270709,0
270719,0
270737,2
270749,0
270761,0
270763,2
270791,2
270797,0
270799,4
270821,0
270833,2
270841,0
270859,0
270899,2
270913,0
270923,0
270931,0
270937,2
270953,2
270961,0
270967,4
270973,0
271003,0
271013,0
271021,0
271027,0
271043,0
271057,2
271067,2
271079,0
271097,0
271109,0
271127,2
271129,2
271163,4
271169,4
271177,2
271181,0
271211,0
271217,8
271231,0
271241,0
271253,0
271261,2
271273,0
271277,0
271279,0
271289,2
271333,4
271351,0
271357,0
271363,2
271367,0
271393,0
271409,2
271429,0
271451,0
271463,6
271471,0
271483,2
271489,2
271499,2
271501,0
271517,2
271549,2
271553,4
271571,0
271573,0
271597,6
271603,2
271619,0
271637,0
271639,0
271651,0
271657,0
271693,0
271703,0
271723,2
271729,0
271753,4
271769,4
271771,4
271787,0
271807,0
271811,0
271829,0
271841,0
271849,0
271853,4
271861,2
271867,2
271879,0
271897,2
271903,2
271919,2
271927,0
271939,2
271967,0
271969,0
271981,2
272003,0
272009,4
272011,2
272029,0
272039,0
272053,0
272059,0
272093,4
272131,4
272141,4
272171,0
272179,0
272183,0
272189,2
272191,0
272201,0
272203,0
272227,4
272231,0
272249,4
272257,2
272263,0
272267,2
272269,2
272287,2
272299,2
272317,0
272329,2
272333,0
272341,2
272347,2
272351,0
272353,0
272359,4
272369,2
272381,2
272383,0
272399,4
272407,2
272411,2
272417,4
272423,0
272449,0
272453,2
272477,0
272507,0
272533,2
272537,0
272539,0
272549,0
272563,0
272567,0
272581,0
272603,0
272621,0
272651,0
272659,0
272683,0
272693,4
272717,0
272719,0
272737,2
272759,4
272761,2
272771,0
272777,0
272807,0
272809,0
272813,2
272863,2
272879,2
272887,0
272903,2
272911,2
272917,4
272927,0
272933,0
272959,0
272971,4
272981,0
272983,2
272989,0
272999,0
273001,0
273029,0
273043,2
273047,0
273059,0
273061,0
273067,2
273073,0
273083,2
273107,0
273113,0
273127,2
273131,0
273149,0
273157,0
273181,0
273187,2
273193,2
273233,0
273253,2
273269,0
273271,0
273281,2
273283,2
273289,2
273311,0
273313,4
273323,2
273349,2
273359,0
273367,2
273433,0
273457,2
273473,2
273503,0
273517,0
273521,0
273527,4
273551,2
273569,0
273601,0
273613,2
273617,0
273629,2
273641,0
273643,0
273653,2
273697,2
273709,0
273719,0
273727,0
273739,0
273773,0
273787,0
273797,2
273803,4
273821,0
273827,2
273857,4
273881,2
273899,0
273901,4
273913,2
273919,2
273929,0
273941,0
273943,0
273967,0
273971,0
273979,0
273997,0
274007,2
274019,0
274033,2
274061,0
274069,2
274081,2
274093,0
274103,0
274117,0
274121,0
274123,4
274139,0
274147,2
274163,0
274171,6
274177,0
274187,0
274199,0
274201,2
274213,2
274223,0
274237,0
274243,0
274259,2
274271,0
274277,0
274283,2
274301,0
274333,4
274349,0
274357,4
274361,0
274403,0
274423,2
274441,6
274451,0
274453,2
274457,0
274471,0
274489,0
274517,0
274529,4
274579,0
274583,0
274591,2
274609,0
274627,0
274661,2
274667,0
274679,0
274693,0
274697,0
274709,0
274711,0
274723,2
274739,6
274751,0
274777,0
274783,0
274787,0
274811,0
274817,2
274829,0
274831,2
274837,0
274843,0
274847,0
274853,0
274861,0
274867,0
274871,0
274889,0
274909,0
274931,2
274943,0
274951,0
274957,0
274961,2
274973,2
274993,0
275003,0
275027,0
275039,0
275047,0
275053,0
275059,0
275083,4
275087,0
275129,6
275131,0
275147,0
275153,0
275159,0
275161,2
275167,0
275183,0
275201,0
275207,0
275227,2
275251,0
275263,0
275269,0
275299,0
275309,4
275321,0
275323,0
275339,0
275357,2
275371,2
275389,0
275393,2
275399,0
275419,0
275423,4
275447,4
275449,0
275453,0
275459,0
275461,2
275489,0
275491,2
275503,0
275521,0
275531,2
275543,0
275549,0
275573,0
275579,4
275581,2
275591,0
275593,0
275599,0
275623,0
275641,0
275651,0
275657,4
275669,0
275677,0
275699,0
275711,0
275719,0
275729,2
275741,2
275767,2
275773,2
275783,0
275813,4
275827,0
275837,0
275881,2
275897,0
275911,2
275917,0
275921,0
275923,0
275929,0
275939,2
275941,0
275963,0
275969,2
275981,0
275987,0
275999,2
276007,2
276011,0
276019,0
276037,0
276041,0
276043,4
276047,0
276049,0
276079,4
276083,0
276091,0
276113,0
276137,0
276151,2
276173,0
276181,0
276187,2
276191,0
276209,2
276229,0
276239,0
276247,0
276251,0
276257,0
276277,0
276293,0
276319,0
276323,2
276337,0
276343,0
276347,4
276359,0
276371,2
276373,0
276389,0
276401,2
276439,0
276443,0
276449,0
276461,4
276467,0
276487,0
276499,4
276503,0
276517,0
276527,6
276553,0
276557,2
276581,0
276587,0
276589,0
276593,0
276599,2
276623,0
276629,0
276637,0
276671,0
276673,2
276707,0
276721,0
276739,0
276763,0
276767,0
276779,0
276781,2
276817,2
276821,0
276823,2
276827,4
276833,2
276839,0
276847,0
276869,2
276883,2
276901,0
276907,0
276917,0
276919,2
276929,0
276949,0
276953,0
276961,2
276977,0
277003,2
277007,0
277021,0
277051,0
277063,0
277073,0
277087,2
277097,4
277099,0
277157,2
277163,2
277169,0
277177,0
277183,0
277213,2
277217,0
277223,0
277231,2
277247,2
277259,2
277261,0
277273,0
277279,2
277297,2
277301,0
277309,0
277331,0
277363,0
277373,2
277411,2
277421,2
277427,0
277429,0
277483,0
277493,4
277499,0
277513,0
277531,2
277547,4
277549,2
277567,2
277577,0
277579,0
277597,0
277601,0
277603,0
277637,2
277639,2
277643,2
277657,2
277663,4
277687,2
277691,0
277703,0
277741,2
277747,0
277751,0
277757,0
277787,0
277789,2
277793,0
277813,2
277829,8
277847,2
277859,0
277883,6
277889,0
277891,0
277897,0
277903,2
277919,4
277961,0
277993,4
277999,0
278017,0
278029,2
278041,0
278051,2
278063,4
278071,0
278087,2
278111,2
278119,0
278123,0
278143,0
278147,2
278149,0
278177,0
278191,0
278207,2
278209,0
278219,0
278227,0
278233,2
278237,2
278261,0
278269,2
278279,2
278321,0
278329,2
278347,0
278353,0
278363,0
278387,0
278393,0
278413,2
278437,0
278459,0
278479,0
278489,2
278491,2
278497,0
278501,0
278503,0
278543,0
278549,0
278557,0
278561,0
278563,2
278581,2
278591,0
278609,0
278611,0
278617,0
278623,2
278627,4
278639,0
278651,0
278671,0
278687,2
278689,0
278701,6
278717,2
278741,2
278743,0
278753,6
278767,0
278801,0
278807,0
278809,0
278813,0
278819,2
278827,2
278843,2
278849,0
278867,2
278879,2
278881,2
278891,2
278903,0
278909,4
278911,0
278917,2
278947,2
278981,0
279001,0
279007,2
279023,2
279029,0
279047,2
279073,4
279109,0
279119,4
279121,2
279127,0
279131,0
279137,2
279143,0
279173,0
279179,0
279187,2
279203,2
279211,4
279221,2
279269,4
279311,2
279317,0
279329,2
279337,2
279353,0
279397,2
279407,6
279413,0
279421,0
279431,2
279443,2
279451,0
279479,0
279481,2
279511,0
279523,2
279541,0
279551,0
279553,0
279557,0
279571,0
279577,0
279583,0
279593,4
279607,0
279613,2
279619,0
279637,0
279641,2
279649,0
279659,0
279679,2
279689,0
279707,0
279709,0
279731,0
279751,2
279761,2
279767,0
279779,0
279817,0
279823,0
279847,0
279857,0
279863,0
279883,2
279913,2
279919,2
279941,0
279949,0
279967,2
279977,0
279991,2
280001,0
280009,2
280013,0
280031,0
280037,2
280061,0
280069,2
280097,0
280099,2
280103,0
280121,0
280129,0
280139,0
280183,0
280187,0
280199,6
280207,2
280219,4
280223,0
280229,0
280243,0
280249,0
280253,4
280277,0
280297,2
280303,0
280321,0
280327,0
280337,0
280339,0
280351,2
280373,2
280409,0
280411,0
280451,2
280463,0
280487,2
280499,0
280507,0
280513,0
280537,6
280541,4
280547,0
280549,0
280561,2
280583,0
280589,0
280591,0
280597,0
280603,2
280607,0
280613,0
280627,4
280639,0
280673,2
280681,0
280697,0
280699,4
280703,0
280711,0
280717,0
280729,0
280751,0
280759,0
280769,4
280771,2
280811,0
280817,0
280837,0
280843,0
280859,4
280871,0
280879,0
280883,0
280897,0
280909,2
280913,0
280921,0
280927,0
280933,2
280939,0
280949,0
280957,0
280963,0
280967,2
280979,6
280997,0
281023,2
281033,0
281053,0
281063,0
281069,0
281081,0
281117,2
281131,0
281153,2
281159,0
281167,2
281189,0
281191,0
281207,0
281227,0
281233,0
281243,2
281249,2
281251,0
281273,0
281279,0
281291,4
281297,2
281317,0
281321,4
281327,2
281339,2
281353,0
281357,2
281363,2
281381,0
281419,0
281423,2
281429,0
281431,0
281509,0
281527,0
281531,2
281539,2
281549,2
281551,0
281557,0
281563,2
281579,0
281581,0
281609,2
281621,2
281623,2
281627,2
281641,0
281647,0
281651,0
281653,0
281663,0
281669,0
281683,0
281717,2
281719,4
281737,4
281747,0
281761,2
281767,0
281777,0
281783,2
281791,0
281797,0
281803,0
281807,4
281833,0
281837,0
281839,0
281849,2
281857,0
281867,0
281887,0
281893,2
281921,0
281923,2
281927,0
281933,0
281947,4
281959,2
281971,0
281989,2
281993,0
282001,0
282011,2
282019,2
282053,4
282059,0
282071,0
282089,2
282091,0
282097,0
282101,0
282103,2
282127,2
282143,0
282157,0
282167,4
282221,2
282229,0
282239,2
282241,0
282253,4
282281,0
282287,0
282299,2
282307,0
282311,0
282313,0
282349,0
282377,0
282383,4
282389,0
282391,0
282407,0
282409,2
282413,0
282427,2
282439,4
282461,4
282481,0
282487,4
282493,2
282559,2
282563,0
282571,0
282577,0
282589,0
282599,0
282617,0
282661,2
282671,0
282677,0
282679,2
282683,0
282691,0
282697,4
282703,0
282707,2
282713,0
282767,0
282769,2
282773,0
282797,0
282809,0
282827,0
282833,0
282847,4
282851,0
282869,0
282881,0
282889,2
282907,0
282911,2
282913,2
282917,0
282959,2
282973,0
282977,2
282991,0
283001,0
283007,2
283009,6
283027,0
283051,0
283079,2
283093,2
283097,0
283099,0
283111,0
283117,0
283121,0
283133,2
283139,4
283159,0
283163,0
283181,0
283183,0
283193,6
283207,2
283211,0
283267,2
283277,2
283289,2
283303,2
283369,0
283397,2
283403,6
283411,0
283447,2
283463,2
283487,0
283489,2
283501,0
283511,0
283519,0
283541,0
283553,0
283571,0
283573,2
283579,0
283583,2
283601,0
283607,2
283609,0
283631,0
283637,2
283639,0
283669,0
283687,0
283697,0
283721,2
283741,0
283763,0
283769,2
283771,0
283793,2
283799,4
283807,0
283813,2
283817,0
283831,0
283837,0
283859,0
283861,4
283873,2
283909,0
283937,0
283949,0
283957,2
283961,2
283979,0
284003,2
284023,0
284041,2
284051,0
284057,0
284059,0
284083,4
284093,0
284111,0
284117,0
284129,2
284131,0
284149,0
284153,0
284159,2
284161,2
284173,2
284191,0
284201,0
284227,0
284231,0
284233,2
284237,0
284243,2
284261,0
284267,2
284269,2
284293,0
284311,2
284341,0
284357,2
284369,0
284377,0
284387,0
284407,0
284413,0
284423,0
284429,2
284447,0
284467,0
284477,0
284483,0
284489,2
284507,0
284509,0
284521,0
284527,0
284539,0
284551,4
284561,6
284573,2
284587,0
284591,0
284593,0
284623,0
284633,2
284651,0
284657,0
284659,2
284681,2
284689,0
284701,2
284707,2
284723,0
284729,0
284731,0
284737,0
284741,0
284743,0
284747,2
284749,0
284759,0
284777,0
284783,0
284803,2
284807,0
284813,0
284819,0
284831,0
284833,4
284839,2
284857,0
284881,0
284897,0
284899,0
284917,2
284927,0
284957,6
284969,0
284989,2
285007,2
285023,2
285031,4
285049,0
285071,0
285079,0
285091,0
285101,0
285113,2
285119,0
285121,2
285139,6
285151,0
285161,0
285179,0
285191,0
285199,2
285221,0
285227,2
285251,0
285281,2
285283,0
285287,6
285289,0
285301,2
285317,2
285343,0
285377,0
285421,2
285433,2
285451,2
285457,0
285463,2
285469,0
285473,0
285497,0
285517,0
285521,2
285533,2
285539,0
285553,2
285557,2
285559,0
285569,4
285599,2
285611,0
285613,0
285629,0
285631,0
285641,0
285643,2
285661,2
285667,0
285673,2
285697,0
285707,0
285709,2
285721,0
285731,2
285749,2
285757,2
285763,0
285767,0
285773,4
285781,0
285823,2
285827,0
285839,0
285841,2
285871,0
285937,0
285949,0
285953,2
285977,0
285979,0
285983,6
285997,4
286001,0
286009,2
286019,0
286043,0
286049,0
286061,0
286063,0
286073,4
286103,0
286129,2
286163,0
286171,0
286199,0
286243,0
286249,0
286289,2
286301,2
286333,2
286367,2
286369,0
286381,4
286393,0
286397,2
286411,2
286421,4
286427,0
286453,0
286457,0
286459,4
286469,0
286477,0
286483,4
286487,0
286493,0
286499,0
286513,0
286519,0
286541,0
286543,0
286547,4
286553,0
286589,0
286591,2
286609,2
286613,0
286619,0
286633,0
286651,4
286673,0
286687,0
286697,0
286703,0
286711,0
286721,0
286733,2
286751,0
286753,4
286763,0
286771,2
286777,0
286789,0
286801,0
286813,0
286831,2
286859,2
286873,2
286927,0
286973,2
286981,2
286987,0
286999,2
287003,0
287047,0
287057,2
287059,4
287087,2
287093,2
287099,2
287107,0
287117,2
287137,0
287141,2
287149,0
287159,0
287167,0
287173,0
287179,2
287191,2
287219,0
287233,0
287237,0
287239,2
287251,0
287257,0
287269,0
287279,0
287281,2
287291,0
287297,0
287321,0
287327,0
287333,0
287341,0
287347,2
287383,0
287387,0
287393,0
287437,2
287449,2
287491,2
287501,2
287503,0
287537,2
287549,2
287557,0
287579,0
287597,2
287611,0
287629,0
287669,2
287671,0
287681,2
287689,0
287701,2
287731,0
287747,0
287783,0
287789,2
287801,2
287813,4
287821,2
287849,0
287851,0
287857,0
287863,2
287867,2
287873,0
287887,0
287921,2
287933,0
287939,0
287977,2
288007,0
288023,0
288049,6
288053,0
288061,0
288077,2
288089,0
288109,0
288137,0
288179,0
288181,2
288191,0
288199,0
288203,0
288209,2
288227,0
288241,0
288247,0
288257,4
288283,0
288293,0
288307,2
288313,0
288317,0
288349,0
288359,0
288361,0
288383,2
288389,0
288403,2
288413,0
288427,0
288433,2
288461,4
288467,2
288481,0
288493,0
288499,2
288527,2
288529,2
288539,0
288551,2
288559,0
288571,0
288577,0
288583,4
288647,0
288649,0
288653,0
288661,0
288679,0
288683,2
288689,0
288697,0
288731,2
288733,2
288751,0
288767,4
288773,0
288803,2
288817,2
288823,4
288833,2
288839,0
288851,4
288853,2
288877,0
288907,0
288913,0
288929,0
288931,0
288947,0
288973,2
288979,2
288989,0
288991,4
288997,2
289001,2
289019,0
289021,2
289031,0
289033,0
289039,0
289049,2
289063,2
289067,2
289099,0
289103,4
289109,0
289111,2
289127,0
289129,0
289139,0
289141,0
289151,0
289169,0
289171,0
289181,4
289189,0
289193,0
289213,2
289241,0
289243,0
289249,0
289253,0
289273,0
289283,0
289291,0
289297,0
289309,2
289319,0
289343,0
289349,0
289361,2
289369,0
289381,0
289397,0
289417,0
289423,0
289439,0
289453,0
289463,0
289469,0
289477,0
289489,4
289511,2
289543,0
289559,4
289573,0
289577,2
289589,0
289603,0
289607,2
289637,2
289643,2
289657,0
289669,0
289717,0
289721,2
289727,0
289733,2
289741,0
289759,0
289763,0
289771,0
289789,0
289837,2
289841,0
289843,0
289847,0
289853,2
289859,0
289871,0
289889,0
289897,0
289937,0
289951,2
289957,2
289967,2
289973,2
289987,0
289999,0
290011,0
290021,0
290023,0
290027,0
290033,0
290039,4
290041,2
290047,2
290057,4
290083,2
290107,0
290113,2
290119,0
290137,2
290141,0
290161,4
290183,0
290189,0
290201,0
290209,2
290219,4
290233,2
290243,2
290249,4
290317,0
290327,0
290347,2
290351,0
290359,0
290369,2
290383,2
290393,0
290399,2
290419,2
290429,0
290441,2
290443,2
290447,2
290471,0
290473,0
290489,0
290497,0
290509,2
290527,0
290531,0
290533,0
290539,2
290557,2
290593,2
290597,0
290611,2
290617,0
290621,0
290623,2
290627,0
290657,0
290659,0
290663,0
290669,6
290671,2
290677,2
290701,0
290707,0
290711,2
290737,2
290761,2
290767,2
290791,0
290803,0
290821,0
290827,0
290837,2
290839,0
290861,0
290869,2
290879,0
290897,0
290923,0
290959,2
290963,4
290971,2
290987,2
290993,0
290999,0
291007,0
291013,0
291037,0
291041,2
291043,0
291077,2
291089,0
291101,0
291103,0
291107,2
291113,2
291143,4
291167,0
291169,2
291173,0
291191,0
291199,0
291209,0
291217,0
291253,0
291257,2
291271,0
291287,2
291293,2
291299,0
291331,2
291337,2
291349,0
291359,0
291367,0
291371,4
291373,0
291377,0
291419,0
291437,0
291439,0
291443,0
291457,0
291481,2
291491,0
291503,2
291509,0
291521,0
291539,0
291547,0
291559,0
291563,0
291569,6
291619,0
291647,0
291649,0
291661,0
291677,4
291689,6
291691,0
291701,0
291721,2
291727,0
291743,0
291751,2
291779,0
291791,0
291817,2
291829,2
291833,0
291853,0
291857,0
291869,0
291877,0
291887,2
291899,4
291901,0
291923,0
291971,0
291979,0
291983,0
291997,0
292021,0
292027,0
292037,0
292057,2
292069,2
292079,2
292081,2
292091,2
292093,0
292133,2
292141,0
292147,2
292157,4
292181,0
292183,0
292223,0
292231,0
292241,0
292249,2
292267,2
292283,0
292301,2
292309,0
292319,2
292343,4
292351,0
292363,0
292367,2
292381,0
292393,0
292427,0
292441,0
292459,0
292469,0
292471,4
292477,0
292483,2
292489,0
292493,2
292517,0
292531,0
292541,2
292549,0
292561,0
292573,0
292577,0
292601,2
292627,4
292631,0
292661,0
292667,0
292673,0
292679,0
292693,0
292703,0
292709,0
292711,2
292717,0
292727,0
292753,4
292759,4
292777,0
292793,4
292801,0
292807,0
292819,0
292837,0
292841,2
292849,0
292867,2
292879,0
292909,0
292921,0
292933,0
292969,0
292973,0
292979,0
292993,2
293021,4
293071,0
293081,4
293087,0
293093,0
293099,2
293107,4
293123,2
293129,0
293147,0
293149,0
293173,2
293177,0
293179,0
293201,2
293207,0
293213,0
293221,0
293257,2
293261,0
293263,0
293269,4
293311,0
293329,0
293339,2
293351,2
293357,0
293399,0
293413,0
293431,0
293441,8
293453,0
293459,4
293467,2
293473,2
293483,0
293507,2
293543,4
293599,2
293603,0
293617,2
293621,0
293633,0
293639,0
293651,0
293659,0
293677,4
293681,0
293701,4
293717,0
293723,0
293729,2
293749,0
293767,0
293773,2
293791,0
293803,0
293827,4
293831,0
293861,0
293863,0
293893,2
293899,0
293941,2
293957,2
293983,0
293989,0
293999,0
294001,0
294013,0
294023,0
294029,0
294043,0
294053,0
294059,0
294067,2
294103,0
294127,0
294131,0
294149,2
294157,0
294167,0
294169,4
294179,4
294181,0
294199,0
294211,0
294223,0
294227,0
294241,4
294247,0
294251,2
294269,2
294277,0
294289,0
294293,0
294311,0
294313,0
294317,0
294319,0
294337,2
294341,2
294347,0
294353,2
294383,2
294391,4
294397,2
294403,2
294431,0
294439,0
294461,0
294467,0
294479,4
294499,0
294509,2
294523,0
294529,2
294551,0
294563,0
294629,0
294641,0
294647,0
294649,0
294659,0
294673,2
294703,2
294731,2
294751,0
294757,0
294761,0
294773,2
294781,2
294787,0
294793,0
294799,0
294803,0
294809,2
294821,0
294829,0
294859,2
294869,0
294887,0
294893,0
294911,0
294919,0
294923,2
294947,0
294949,4
294953,0
294979,0
294989,0
294991,2
294997,0
295007,0
295033,0
295037,0
295039,0
295049,0
295073,2
295079,0
295081,0
295111,0
295123,0
295129,0
295153,2
295187,0
295199,4
295201,0
295219,0
295237,2
295247,0
295259,0
295271,2
295277,2
295283,2
295291,2
295313,0
295319,2
295333,2
295357,0
295363,0
295387,0
295411,0
295417,2
295429,0
295433,0
295439,0
295441,2
295459,0
295513,2
295517,0
295541,0
295553,0
295567,2
295571,0
295591,2
295601,0
295663,0
295693,0
295699,2
295703,2
295727,0
295751,0
295759,0
295769,0
295777,2
295787,0
295819,0
295831,2
295837,0
295843,2
295847,0
295853,4
295861,2
295871,0
295873,2
295877,0
295879,0
295901,4
295903,2
295909,0
295937,2
295943,2
295949,4
295951,2
295961,4
295973,4
295993,2
296011,0
296017,0
296027,0
296041,0
296047,2
296071,0
296083,0
296099,0
296117,0
296129,0
296137,0
296159,0
296183,0
296201,0
296213,4
296221,0
296237,0
296243,0
296249,0
296251,0
296269,0
296273,4
296279,0
296287,4
296299,2
296347,0
296353,2
296363,4
296369,2
296377,2
296437,2
296441,0
296473,2
296477,2
296479,2
296489,2
296503,2
296507,2
296509,0
296519,2
296551,2
296557,2
296561,2
296563,0
296579,6
296581,0
296587,0
296591,0
296627,2
296651,0
296663,4
296669,4
296683,0
296687,0
296693,0
296713,0
296719,0
296729,0
296731,0
296741,0
296749,0
296753,0
296767,0
296771,2
296773,0
296797,2
296801,0
296819,0
296827,0
296831,0
296833,0
296843,2
296909,0
296911,2
296921,2
296929,0
296941,2
296969,2
296971,2
296981,2
296983,0
296987,2
297019,2
297023,2
297049,0
297061,0
297067,2
297079,0
297083,0
297097,0
297113,0
297133,2
297151,0
297161,0
297169,2
297191,2
297233,0
297247,0
297251,2
297257,0
297263,0
297289,0
297317,2
297359,0
297371,2
297377,0
297391,0
297397,0
297403,2
297421,2
297439,0
297457,0
297467,0
297469,2
297481,2
297487,2
297503,2
297509,0
297523,2
297533,2
297581,0
297589,2
297601,2
297607,0
297613,0
297617,2
297623,2
297629,0
297641,0
297659,0
297683,4
297691,0
297707,0
297719,0
297727,4
297757,4
297779,0
297793,2
297797,2
297809,2
297811,0
297833,2
297841,2
297853,2
297881,0
297889,0
297893,0
297907,0
297911,0
297931,0
297953,2
297967,0
297971,2
297989,0
297991,2
298013,2
298021,2
298031,2
298043,0
298049,0
298063,4
298087,0
298093,0
298099,0
298153,0
298157,0
298159,0
298169,2
298171,0
298187,0
298201,4
298211,0
298213,2
298223,0
298237,0
298247,0
298261,0
298283,2
298303,0
298307,2
298327,0
298339,0
298343,2
298349,0
298369,0
298373,2
298399,0
298409,2
298411,0
298427,0
298451,4
298477,0
298483,2
298513,2
298559,0
298579,0
298583,0
298589,0
298601,0
298607,2
298621,0
298631,2
298651,2
298667,0
298679,2
298681,0
298687,0
298691,2
298693,4
298709,0
298723,0
298733,4
298757,0
298759,0
298777,2
298799,4
298801,2
298817,0
298819,0
298841,0
298847,0
298853,0
298861,4
298897,0
298937,0
298943,0
298993,2
298999,4
299011,0
299017,2
299027,0
299029,0
299053,4
299059,2
299063,0
299087,2
299099,0
299107,0
299113,2
299137,0
299147,0
299171,0
299179,2
299191,0
299197,0
299213,0
299239,2
299261,0
299281,0
299287,4
299311,0
299317,0
299329,0
299333,4
299357,0
299359,0
299363,0
299371,2
299389,0
299393,2
299401,0
299417,0
299419,0
299447,0
299471,0
299473,2
299477,0
299479,0
299501,0
299513,0
299521,0
299527,0
299539,2
299567,0
299569,4
299603,0
299617,0
299623,2
299653,0
299671,0
299681,0
299683,0
299699,0
299701,0
299711,0
299723,2
299731,0
299743,0
299749,2
299771,0
299777,2
299807,2
299843,0
299857,0
299861,0
299881,0
299891,0
299903,2
299909,0
299933,0
299941,0
299951,0
299969,0
299977,2
299983,0
299993,0
300007,2
300017,0
300023,0
300043,0
300073,0
300089,0
300109,0
300119,4
300137,2
300149,0
300151,0
300163,2
300187,0
300191,2
300193,0
300221,0
300229,0
300233,2
300239,0
300247,0
300277,0
300299,4
300301,0
300317,2
300319,0
300323,0
300331,2
300343,0
300347,0
300367,2
300397,4
300413,2
300427,0
300431,0
300439,2
300463,0
300481,2
300491,2
300493,0
300497,2
300499,2
300511,2
300557,0
300569,0
300581,2
300583,4
300589,0
300593,0
300623,2
300631,0
300647,0
300649,2
300661,0
300667,0
300673,0
300683,0
300691,0
300719,0
300721,4
300733,0
300739,2
300743,0
300749,2
300757,2
300761,2
300779,2
300787,6
300799,2
300809,2
300821,0
300823,0
300851,2
300857,0
300869,0
300877,0
300889,4
300893,0
300929,0
300931,2
300953,0
300961,2
300967,4
300973,2
300977,2
300997,2
301013,0
301027,4
301039,0
301051,0
301057,0
301073,0
301079,2
301123,2
301127,0
301141,0
301153,0
301159,0
301177,0
301181,0
301183,2
301211,0
301219,4
301237,0
301241,2
301243,0
301247,0
301267,0
301303,2
301319,0
301331,2
301333,2
301349,0
301361,2
301363,0
301381,0
301403,2
301409,2
301423,2
301429,2
301447,0
301459,0
301463,0
301471,2
301487,0
301489,6
301493,4
301501,0
301531,2
301577,4
301579,0
301583,0
301591,0
301601,2
301619,2
301627,0
301643,2
301649,0
301657,0
301669,2
301673,2
301681,0
301703,0
301711,0
301747,2
301751,0
301753,4
301759,4
301789,4
301793,0
301813,2
301831,6
301841,4
301843,2
301867,0
301877,2
301897,6
301901,0
301907,4
301913,2
301927,0
301933,2
301943,2
301949,0
301979,2
301991,0
301993,0
301997,2
301999,2
302009,2
302053,0
302111,0
302123,0
302143,0
302167,0
302171,2
302173,2
302189,0
302191,0
302213,2
302221,0
302227,2
302261,2
302273,0
302279,0
302287,0
302297,0
302299,2
302317,0
302329,2
302399,2
302411,2
302417,0
302429,2
302443,2
302459,0
302483,0
302507,0
302513,2
302551,2
302563,2
302567,2
302573,0
302579,2
302581,0
302587,0
302593,2
302597,4
302609,0
302629,0
302647,2
302663,2
302681,0
302711,0
302723,0
302747,0
302759,4
302767,2
302779,4
302791,0
302801,0
302831,0
302833,0
302837,0
302843,2
302851,0
302857,2
302873,0
302891,4
302903,0
302909,2
302921,0
302927,0
302941,2
302959,4
302969,2
302971,2
302977,2
302983,0
302989,2
302999,0
303007,0
303011,2
303013,2
303019,0
303029,0
303049,4
303053,0
303073,2
303089,2
303091,0
303097,0
303119,2
303139,0
303143,4
303151,0
303157,0
303187,0
303217,2
303257,0
303271,2
303283,2
303287,0
303293,0
303299,0
303307,0
303313,0
303323,2
303337,0
303341,0
303361,6
303367,0
303371,0
303377,0
303379,0
303389,0
303409,2
303421,0
303431,0
303463,0
303469,0
303473,0
303491,0
303493,0
303497,2
303529,0
303539,2
303547,0
303551,0
303553,0
303571,0
303581,2
303587,0
303593,0
303613,0
303617,0
303619,0
303643,2
303647,0
303649,2
303679,0
303683,2
303689,0
303691,0
303703,2
303713,0
303727,2
303731,0
303749,4
303767,4
303781,2
303803,0
303817,0
303827,4
303839,2
303859,0
303871,4
303889,0
303907,2
303917,0
303931,0
303937,2
303959,0
303983,0
303997,6
304009,0
304013,2
304021,0
304033,0
304039,0
304049,2
304063,2
304067,0
304069,2
304081,0
304091,0
304099,0
304127,2
304151,2
304153,0
304163,4
304169,2
304193,0
304211,0
304217,0
304223,0
304253,0
304259,2
304279,2
304301,0
304303,2
304331,2
304349,0
304357,4
304363,0
304373,6
304391,0
304393,2
304411,2
304417,0
304429,2
304433,0
304439,0
304457,2
304459,0
304477,0
304481,2
304489,2
304501,2
304511,0
304517,0
304523,2
304537,0
304541,0
304553,0
304559,2
304561,0
304597,0
304609,0
304631,0
304643,0
304651,0
304663,0
304687,2
304709,0
304723,4
304729,2
304739,0
304751,0
304757,0
304763,0
304771,6
304781,2
304789,0
304807,2
304813,0
304831,0
304847,4
304849,0
304867,0
304879,2
304883,0
304897,0
304901,0
304903,2
304907,0
304933,2
304937,0
304943,2
304949,0
304961,0
304979,0
304981,2
305017,6
305021,0
305023,4
305029,2
305033,0
305047,0
305069,0
305093,0
305101,4
305111,2
305113,2
305119,2
305131,2
305143,2
305147,2
305209,2
305219,6
305231,0
305237,0
305243,0
305267,0
305281,0
305297,2
305329,4
305339,4
305351,2
305353,2
305363,0
305369,0
305377,2
305401,2
305407,0
305411,2
305413,0
305419,0
305423,0
305441,2
305449,4
305471,0
305477,2
305479,0
305483,2
305489,4
305497,0
305521,0
305533,0
305551,0
305563,2
305581,2
305593,0
305597,2
305603,2
305611,0
305621,0
305633,2
305639,0
305663,2
305717,0
305719,2
305741,0
305743,2
305749,2
305759,0
305761,0
305771,0
305783,0
305803,4
305821,2
305839,0
305849,0
305857,0
305861,2
305867,0
305873,2
305917,2
305927,2
305933,0
305947,2
305971,2
305999,2
306011,0
306023,2
306029,0
306041,2
306049,0
306083,4
306091,0
306121,0
306133,0
306139,0
306149,2
306157,0
306167,0
306169,4
306191,0
306193,0
306209,0
306239,0
306247,0
306253,0
306259,0
306263,0
306301,0
306329,0
306331,2
306347,2
306349,2
306359,0
306367,0
306377,0
306389,0
306407,2
306419,2
306421,0
306431,2
306437,2
306457,6
306463,2
306473,2
306479,0
306491,2
306503,4
306511,2
306517,0
306529,0
306533,0
306541,2
306563,0
306577,0
306587,0
306589,2
306643,0
306653,2
306661,0
306689,0
306701,0
306703,2
306707,2
306727,0
306739,2
306749,4
306763,0
306781,0
306809,2
306821,6
306827,0
306829,0
306847,4
306853,0
306857,0
306871,0
306877,0
306883,0
306893,0
306899,4
306913,0
306919,0
306941,0
306947,0
306949,0
306953,4
306991,0
307009,4
307019,2
307031,0
307033,2
307067,4
307079,0
307091,0
307093,0
307103,2
307121,0
307129,0
307147,2
307163,0
307169,2
307171,4
307187,0
307189,0
307201,0
307243,0
307253,2
307259,0
307261,2
307267,2
307273,0
307277,0
307283,0
307289,0
307301,0
307337,0
307339,0
307361,0
307367,0
307381,0
307397,0
307399,0
307409,2
307423,0
307451,0
307471,0
307481,4
307511,2
307523,4
307529,0
307537,0
307543,0
307577,4
307583,0
307589,0
307609,0
307627,2
307631,2
307633,4
307639,2
307651,2
307669,0
307687,0
307691,0
307693,2
307711,0
307733,0
307759,0
307817,0
307823,0
307831,0
307843,0
307859,0
307871,0
307873,0
307891,2
307903,0
307919,0
307939,6
307969,0
308003,2
308017,2
308027,2
308041,0
308051,0
308081,2
308093,2
308101,0
308107,0
308117,0
308129,2
308137,2
308141,0
308149,0
308153,0
308213,0
308219,0
308249,0
308263,2
308291,0
308293,0
308303,0
308309,0
308311,0
308317,0
308323,2
308327,4
308333,0
308359,0
308383,4
308411,4
308423,0
308437,0
308447,0
308467,2
308489,0
308491,0
308501,0
308507,0
308509,0
308519,0
308521,4
308527,0
308537,0
308551,0
308569,0
308573,0
308587,2
308597,4
308621,2
308639,2
308641,0
308663,2
308681,0
308701,0
308713,0
308723,0
308761,0
308773,0
308801,4
308809,6
308813,2
308827,0
308849,4
308851,2
308857,2
308887,0
308899,4
308923,6
308927,0
308929,0
308933,0
308939,4
308951,0
308989,0
308999,4
309007,0
309011,2
309013,0
309019,0
309031,6
309037,6
309059,2
309079,2
309083,2
309091,2
309107,2
309109,0
309121,0
309131,0
309137,0
309157,4
309167,2
309173,4
309193,2
309223,0
309241,0
309251,2
309259,2
309269,2
309271,0
309277,0
309289,0
309293,0
309311,0
309313,2
309317,0
309359,0
309367,6
309371,0
309391,0
309403,2
309433,0
309437,2
309457,6
309461,0
309469,0
309479,2
309481,2
309493,0
309503,0
309521,2
309523,0
309539,0
309541,0
309559,2
309571,2
309577,0
309583,0
309599,2
309623,0
309629,2
309637,2
309667,0
309671,0
309677,2
309707,0
309713,6
309731,4
309737,0
309769,2
309779,0
309781,0
309797,0
309811,2
309823,0
309851,0
309853,2
309857,0
309877,2
309899,2
309929,0
309931,2
309937,0
309977,2
309989,0
310019,0
310021,2
310027,4
310043,0
310049,4
310081,0
310087,0
310091,0
310111,0
310117,2
310127,2
310129,0
310169,0
310181,0
310187,0
310223,0
310229,6
310231,2
310237,0
310243,0
310273,2
310283,0
310291,0
310313,4
310333,0
310357,0
310361,2
310363,0
310379,0
310397,2
310423,2
310433,0
310439,4
310447,2
310459,2
310463,0
310481,2
310489,2
310501,0
310507,2
310511,2
310547,0
310553,0
310559,0
310567,2
310571,0
310577,0
310591,0
310627,4
310643,2
310663,0
310693,0
310697,0
310711,0
310721,2
310727,2
310729,0
310733,2
310741,4
310747,4
310771,0
310781,0
310789,2
310801,2
310819,0
310823,0
310829,0
310831,0
310861,2
310867,0
310883,0
310889,0
310901,2
310927,0
310931,0
310949,2
310969,0
310987,4
310997,0
311009,0
311021,2
311027,0
311033,2
311041,2
311099,0
311111,0
311123,0
311137,2
311153,0
311173,0
311177,0
311183,0
311189,0
311197,0
311203,4
311237,0
311279,0
311291,2
311293,0
311299,0
311303,0
311323,0
311329,0
311341,0
311347,0
311359,2
311371,0
311393,0
311407,0
311419,2
311447,2
311453,2
311473,2
311533,2
311537,2
311539,0
311551,0
311557,0
311561,0
311567,2
311569,2
311603,2
311609,0
311653,4
311659,0
311677,2
311681,2
311683,0
311687,0
311711,0
311713,2
311737,0
311743,0
311747,4
311749,2
311791,0
311803,2
311807,0
311821,0
311827,0
311867,0
311869,0
311881,0
311897,0
311951,6
311957,0
311963,2
311981,0
312007,0
312023,0
312029,2
312031,2
312043,2
312047,0
312071,2
312073,0
312083,2
312089,0
312101,2
312107,0
312121,0
312161,2
312197,6
312199,2
312203,0
312209,0
312211,2
312217,0
312229,0
312233,2
312241,0
312251,2
312253,2
312269,0
312281,0
312283,0
312289,0
312311,0
312313,2
312331,0
312343,0
312349,2
312353,0
312371,2
312383,0
312397,4
312401,2
312407,2
312413,0
312427,2
312451,0
312469,6
312509,0
312517,0
312527,0
312551,0
312553,2
312563,2
312581,0
312583,2
312589,2
312601,0
312617,0
312619,0
312623,2
312643,0
312673,0
312677,0
312679,0
312701,0
312703,0
312709,4
312727,0
312737,2
312743,2
312757,0
312773,0
312779,2
312799,2
312839,4
312841,0
312857,0
312863,0
312887,0
312899,0
312929,2
312931,4
312937,0
312941,0
312943,0
312967,0
312971,4
312979,0
312989,0
313003,2
313009,0
313031,0
313037,2
313081,0
313087,0
313109,2
313127,2
313129,0
313133,0
313147,0
313151,0
313153,0
313163,6
313207,2
313211,4
313219,6
313241,0
313249,2
313267,2
313273,2
313289,0
313297,4
313301,0
313307,2
313321,0
313331,0
313333,0
313343,0
313351,0
313373,0
313381,2
313387,0
313399,2
313409,0
313471,0
313477,2
313507,2
313517,0
313543,0
313549,4
313553,0
313561,0
313567,2
313571,0
313583,2
313589,0
313597,0
313603,2
313613,4
313619,0
313637,0
313639,0
313661,2
313669,2
313679,2
313699,6
313711,0
313717,0
313721,4
313727,2
313739,0
313741,0
313763,0
313777,0
313783,2
313829,0
313849,2
313853,2
313879,2
313883,0
313889,0
313897,0
313909,2
313921,2
313931,4
313933,0
313949,2
313961,0
313969,4
313979,0
313981,0
313987,0
313991,0
313993,2
313997,2
314003,0
314021,0
314059,0
314063,0
314077,0
314107,2
314113,2
314117,0
314129,0
314137,2
314159,0
314161,0
314173,0
314189,0
314213,0
314219,2
314227,0
314233,0
314239,0
314243,2
314257,0
314261,0
314263,0
314267,0
314299,0
314329,2
314339,0
314351,0
314357,0
314359,0
314399,4
314401,0
314407,0
314423,0
314441,2
314453,2
314467,0
314491,0
314497,0
314513,2
314527,0
314543,0
314549,6
314569,0
314581,2
314591,2
314597,0
314599,0
314603,0
314623,0
314627,0
314641,2
314651,2
314693,0
314707,0
314711,0
314719,0
314723,0
314747,0
314761,2
314771,0
314777,6
314779,0
314807,2
314813,0
314827,0
314851,0
314879,2
314903,0
314917,0
314927,0
314933,0
314953,2
314957,2
314983,2
314989,0
315011,0
315013,2
315037,0
315047,0
315059,2
315067,2
315083,0
315097,0
315103,4
315109,2
315127,0
315179,2
315181,0
315193,0
315199,2
315223,4
315247,0
315251,0
315257,0
315269,0
315281,0
315313,0
315349,2
315361,0
315373,2
315377,0
315389,0
315407,2
315409,0
315421,0
315437,4
315449,2
315451,0
315461,4
315467,0
315481,2
315493,2
315517,0
315521,0
315527,2
315529,4
315547,0
315551,2
315559,0
315569,0
315589,0
315593,2
315599,6
315613,0
315617,0
315631,0
315643,0
315671,2
315677,4
315691,0
315697,2
315701,4
315703,2
315739,0
315743,2
315751,0
315779,2
315803,4
315811,0
315829,2
315851,2
315857,0
315881,0
315883,0
315893,0
315899,2
315907,2
315937,0
315949,0
315961,2
315967,2
315977,0
316003,0
316031,0
316033,2
316037,0
316051,4
316067,0
316073,2
316087,0
316097,0
316109,2
316133,2
316139,4
316153,0
316177,0
316189,0
316193,2
316201,0
316213,2
316219,0
316223,0
316241,2
316243,0
316259,0
316271,2
316291,0
316297,0
316301,0
316321,0
316339,0
316343,0
316363,2
316373,0
316391,0
316403,0
316423,0
316429,2
316439,0
316453,0
316469,0
316471,0
316493,0
316499,2
316501,0
316507,2
316531,0
316567,0
316571,4
316577,0
316583,0
316621,2
316633,0
316637,0
316649,0
316661,0
316663,0
316681,0
316691,2
316697,0
316699,2
316703,0
316717,4
316753,0
316759,0
316769,0
316777,0
316783,4
316793,0
316801,0
316817,0
316819,0
316847,0
316853,0
316859,0
316861,0
316879,0
316891,2
316903,0
316907,0
316919,0
316937,2
316951,4
316957,0
316961,0
316991,4
317003,0
317011,0
317021,0
317029,0
317047,2
317063,0
317071,0
317077,0
317087,2
317089,0
317123,0
317159,2
317171,0
317179,0
317189,0
317197,0
317209,0
317227,0
317257,2
317263,2
317267,0
317269,0
317279,2
317321,0
317323,0
317327,2
317333,4
317351,0
317353,2
317363,0
317371,2
317399,0
317411,2
317419,2
317431,0
317437,2
317453,2
317459,0
317483,0
317489,2
317491,2
317503,0
317539,4
317557,0
317563,0
317587,0
317591,2
317593,0
317599,2
317609,0
317617,4
317621,0
317651,4
317663,0
317671,2
317693,2
317701,0
317711,0
317717,2
317729,0
317731,0
317741,0
317743,0
317771,2
317773,2
317777,2
317783,2
317789,2
317797,0
317827,0
317831,0
317839,2
317857,2
317887,0
317903,0
317921,0
317923,0
317957,2
317959,0
317963,0
317969,0
317971,4
317983,0
317987,2
318001,0
318007,2
318023,0
318077,0
318103,0
318107,0
318127,0
318137,0
318161,4
318173,0
318179,0
318181,0
318191,0
318203,2
318209,0
318211,0
318229,0
318233,0
318247,0
318259,2
318271,4
318281,0
318287,0
318289,2
318299,0
318301,0
318313,2
318319,0
318323,4
318337,4
318347,0
318349,0
318377,0
318403,0
318407,2
318419,2
318431,0
318443,0
318457,0
318467,2
318473,0
318503,2
318523,2
318557,0
318559,0
318569,0
318581,6
318589,2
318601,0
318629,4
318641,2
318653,0
318671,4
318677,2
318679,2
318683,0
318691,0
318701,2
318713,2
318737,2
318743,2
318749,2
318751,0
318781,0
318793,2
318809,0
318811,4
318817,4
318823,2
318833,2
318841,2
318863,0
318881,2
318883,0
318889,0
318907,0
318911,0
318917,0
318919,2
318949,0
318979,2
319001,0
319027,0
319031,2
319037,0
319049,0
319057,0
319061,0
319069,0
319093,0
319097,0
319117,0
319127,0
319129,0
319133,0
319147,4
319159,0
319169,2
319183,0
319201,0
319211,0
319223,0
319237,0
319259,0
319279,0
319289,0
319313,0
319321,2
319327,0
319339,0
319343,0
319351,0
319357,0
319387,0
319391,0
319399,2
319411,2
319427,4
319433,2
319439,2
319441,2
319453,0
319469,0
319477,0
319483,0
319489,0
319499,0
319511,2
319519,2
319541,2
319547,4
319567,0
319577,0
319589,0
319591,2
319601,2
319607,0
319639,2
319673,0
319679,0
319681,2
319687,0
319691,0
319699,4
319727,4
319729,0
319733,0
319747,2
319757,0
319763,2
319811,0
319817,0
319819,4
319829,0
319831,4
319849,0
319883,2
319897,0
319901,0
319919,0
319927,0
319931,2
319937,0
319967,2
319973,0
319981,2
319993,0
320009,0
320011,0
320027,4
320039,0
320041,2
320053,0
320057,0
320063,0
320081,0
320083,0
320101,2
320107,0
320113,2
320119,0
320141,2
320143,0
320149,0
320153,0
320179,2
320209,4
320213,0
320219,0
320237,2
320239,2
320267,2
320269,2
320273,0
320291,0
320293,2
320303,4
320317,2
320329,0
320339,0
320377,0
320387,2
320389,2
320401,0
320417,2
320431,2
320449,0
320471,0
320477,0
320483,0
320513,0
320521,0
320533,4
320539,0
320561,2
320563,2
320591,2
320609,0
320611,2
320627,0
320647,0
320657,0
320659,4
320669,0
320687,4
320693,4
320699,0
320713,0
320741,2
320759,0
320767,0
320791,2
320821,0
320833,0
320839,6
320843,0
320851,0
320861,0
320867,0
320899,2
320911,2
320923,2
320927,0
320939,0
320941,4
320953,0
321007,0
321017,0
321031,0
321037,0
321047,2
321053,0
321073,2
321077,0
321091,2
321109,0
321143,0
321163,2
321169,0
321187,2
321193,0
321199,4
321203,0
321221,0
321227,4
321239,0
321247,0
321289,4
321301,0
321311,0
321313,4
321319,0
321323,6
321329,2
321331,2
321341,2
321359,0
321367,0
321371,0
321383,0
321397,0
321403,2
321413,2
321427,0
321443,0
321449,2
321467,0
321469,0
321509,0
321547,0
321553,0
321569,0
321571,2
321577,0
321593,0
321611,2
321617,2
321619,0
321631,0
321647,2
321661,0
321679,4
321707,4
321709,2
321721,2
321733,4
321743,2
321751,0
321757,0
321779,0
321799,0
321817,2
321821,2
321823,4
321829,2
321833,0
321847,0
321851,0
321889,2
321901,4
321911,0
321947,0
321949,2
321961,0
321983,0
321991,0
322001,0
322009,2
322013,0
322037,2
322039,2
322051,2
322057,2
322067,0
322073,0
322079,0
322093,6
322097,0
322109,0
322111,2
322139,2
322169,0
322171,2
322193,4
322213,2
322229,0
322237,2
322243,2
322247,0
322249,0
322261,2
322271,0
322319,0
322327,4
322339,4
322349,2
322351,2
322397,2
322403,0
322409,4
322417,2
322429,2
322433,0
322459,2
322463,0
322501,0
322513,2
322519,0
322523,0
322537,0
322549,0
322559,0
322571,0
322573,4
322583,2
322589,0
322591,2
322607,2
322613,0
322627,0
322631,2
322633,0
322649,2
322669,0
322709,2
322727,2
322747,0
322757,0
322769,0
322771,2
322781,0
322783,2
322807,0
322849,2
322859,4
322871,0
322877,0
322891,0
322901,0
322919,0
322921,0
322939,0
322951,0
322963,0
322969,0
322997,2
322999,2
323003,0
323009,0
323027,2
323053,2
323077,2
323083,0
323087,0
323093,0
323101,0
323123,0
323131,4
323137,0
323149,0
323201,0
323207,4
323233,2
323243,0
323249,2
323251,0
323273,0
323333,0
323339,2
323341,4
323359,0
323369,2
323371,0
323377,0
323381,0
323383,2
323413,0
323419,2
323441,4
323443,2
323467,2
323471,2
323473,4
323507,0
323509,4
323537,0
323549,0
323567,2
323579,0
323581,2
323591,0
323597,0
323599,2
323623,0
323641,4
323647,2
323651,0
323699,0
323707,4
323711,4
323717,0
323759,0
323767,0
323789,0
323797,0
323801,0
323803,0
323819,0
323837,0
323879,0
323899,4
323903,0
323923,0
323927,0
323933,0
323951,2
323957,2
323987,0
324011,0
324031,0
324053,2
324067,0
324073,2
324089,0
324097,0
324101,0
324113,2
324119,0
324131,0
324143,0
324151,0
324161,4
324179,0
324199,2
324209,0
324211,0
324217,2
324223,2
324239,0
324251,2
324293,0
324299,0
324301,0
324319,0
324329,0
324341,0
324361,0
324391,0
324397,0
324403,2
324419,2
324427,0
324431,0
324437,2
324439,2
324449,0
324451,0
324469,10
324473,0
324491,0
324497,0
324503,0
324517,2
324523,2
324529,2
324557,2
324587,2
324589,2
324593,2
324617,0
324619,0
324637,0
324641,2
324647,2
324661,0
324673,0
324689,2
324697,0
324707,2
324733,0
324743,0
324757,0
324763,2
324773,2
324781,0
324791,2
324799,2
324809,2
324811,2
324839,0
324847,2
324869,0
324871,4
324889,2
324893,0
324901,0
324931,4
324941,0
324949,0
324953,0
324977,0
324979,2
324983,0
324991,2
324997,4
325001,0
325009,0
325019,2
325021,2
325027,0
325043,0
325051,2
325063,0
325079,0
325081,6
325093,2
325133,0
325153,2
325163,4
325181,4
325187,0
325189,0
325201,0
325217,0
325219,2
325229,2
325231,0
325249,0
325271,0
325301,2
325307,0
325309,2
325319,0
325333,0
325343,0
325349,2
325379,2
325411,0
325421,0
325439,0
325447,2
325453,0
325459,0
325463,6
325477,2
325487,0
325513,0
325517,4
325537,0
325541,0
325543,2
325571,0
325597,0
325607,0
325627,2
325631,2
325643,0
325667,0
325673,0
325681,2
325691,2
325693,4
325697,0
325709,4
325723,0
325729,0
325747,0
325751,0
325753,2
325769,2
325777,0
325781,4
325783,0
325807,0
325813,2
325849,0
325861,4
325877,2
325883,0
325889,0
325891,0
325901,2
325921,6
325939,2
325943,2
325951,0
325957,0
325987,0
325993,0
325999,2
326023,0
326057,0
326063,0
326083,0
326087,0
326099,0
326101,2
326113,0
326119,2
326141,2
326143,0
326147,0
326149,0
326153,0
326159,0
326171,2
326189,2
326203,0
326219,0
326251,2
326257,0
326309,0
326323,0
326351,0
326353,0
326369,4
326437,0
326441,0
326449,0
326467,0
326479,0
326497,2
326503,6
326537,2
326539,0
326549,2
326561,0
326563,2
326567,4
326581,0
326593,0
326597,0
326609,0
326611,0
326617,0
326633,2
326657,4
326659,0
326663,4
326681,2
326687,0
326693,2
326701,0
326707,0
326737,0
326741,0
326773,2
326779,0
326831,0
326863,0
326867,0
326869,2
326873,2
326881,0
326903,0
326923,0
326939,0
326941,0
326947,0
326951,0
326983,0
326993,2
326999,2
327001,0
327007,2
327011,0
327017,2
327023,0
327059,2
327071,0
327079,0
327127,2
327133,2
327163,0
327179,2
327193,0
327203,0
327209,2
327211,6
327247,0
327251,0
327263,2
327277,2
327289,4
327307,0
327311,0
327317,0
327319,0
327331,2
327337,2
327343,2
327347,0
327401,2
327407,2
327409,2
327419,2
327421,0
327433,2
327443,0
327463,0
327469,4
327473,2
327479,2
327491,4
327493,0
327499,0
327511,0
327517,2
327529,2
327553,2
327557,0
327559,2
327571,2
327581,2
327583,0
327599,0
327619,0
327629,4
327647,0
327661,2
327667,0
327673,0
327689,0
327707,0
327721,0
327737,2
327739,0
327757,2
327779,0
327797,2
327799,0
327809,0
327823,2
327827,0
327829,0
327839,2
327851,4
327853,2
327869,0
327871,2
327881,0
327889,0
327917,2
327923,2
327941,0
327953,0
327967,4
327979,0
327983,0
328007,0
328037,0
328043,0
328051,0
328061,2
328063,2
328067,0
328093,2
328103,0
328109,0
328121,0
328127,0
328129,2
328171,0
328177,0
328213,2
328243,6
328249,2
328271,0
328277,4
328283,0
328291,0
328303,2
328327,2
328331,0
328333,0
328343,2
328357,0
328373,0
328379,0
328381,0
328397,0
328411,0
328421,0
328429,2
328439,0
328481,0
328511,2
328513,2
328519,4
328543,4
328579,0
328589,2
328591,0
328619,0
328621,0
328633,0
328637,0
328639,0
328651,4
328667,4
328687,2
328709,0
328721,0
328753,0
328777,0
328781,0
328787,4
328789,4
328813,0
328829,0
328837,2
328847,0
328849,0
328883,0
328891,0
328897,2
328901,4
328919,4
328921,0
328931,0
328961,0
328981,0
329009,2
329027,4
329053,0
329059,0
329081,0
329083,0
329089,0
329101,0
329111,2
329123,2
329143,0
329167,0
329177,0
329191,4
329201,4
329207,0
329209,2
329233,0
329243,2
329257,0
329267,0
329269,2
329281,0
329293,6
329297,0
329299,2
329309,2
329317,0
329321,4
329333,0
329347,0
329387,2
329393,0
329401,0
329419,0
329431,4
329471,6
329473,0
329489,0
329503,0
329519,0
329533,0
329551,0
329557,0
329587,4
329591,2
329597,2
329603,0
329617,2
329627,0
329629,0
329639,0
329657,0
329663,0
329671,0
329677,0
329683,0
329687,0
329711,0
329717,0
329723,0
329729,0
329761,2
329773,2
329779,0
329789,2
329801,0
329803,4
329863,0
329867,0
329873,0
329891,0
329899,0
329941,2
329947,0
329951,2
329957,2
329969,2
329977,0
329993,0
329999,0
330017,0
330019,0
330037,4
330041,4
330047,0
330053,2
330061,2
330067,0
330097,0
330103,0
330131,0
330133,0
330139,4
330149,0
330167,0
330199,2
330203,0
330217,0
330227,0
330229,0
330233,0
330241,0
330247,2
330271,0
330287,0
330289,0
330311,0
330313,2
330329,0
330331,0
330347,0
330359,2
330383,0
330389,0
330409,0
330413,0
330427,0
330431,0
330433,0
330439,0
330469,0
330509,2
330557,0
330563,2
330569,0
330587,4
330607,0
330611,0
330623,0
330641,2
330643,0
330653,2
330661,0
330679,2
330683,0
330689,0
330697,0
330703,0
330719,0
330721,2
330731,2
330749,0
330767,2
330787,2
330791,0
330793,0
330821,0
330823,2
330839,0
330853,0
330857,2
330859,0
330877,0
330887,2
330899,0
330907,0
330917,2
330943,2
330983,4
330997,0
331013,0
331027,0
331031,0
331043,4
331063,0
331081,0
331099,2
331127,2
331141,0
331147,0
331153,0
331159,0
331171,2
331183,2
331207,2
331213,2
331217,4
331231,0
331241,0
331249,0
331259,0
331277,0
331283,2
331301,0
331307,2
331319,0
331333,0
331337,0
331339,4
331349,0
331367,0
331369,0
331391,0
331399,0
331423,0
331447,2
331451,0
331489,0
331501,0
331511,2
331519,0
331523,2
331537,0
331543,2
331547,2
331549,2
331553,0
331577,2
331579,0
331589,2
331603,0
331609,0
331613,0
331651,4
331663,0
331691,2
331693,2
331697,0
331711,2
331739,0
331753,0
331769,4
331777,0
331781,0
331801,0
331819,2
331841,2
331843,4
331871,2
331883,0
331889,0
331897,0
331907,0
331909,0
331921,0
331937,0
331943,0
331957,2
331967,4
331973,0
331997,0
331999,0
332009,2
332011,0
332039,0
332053,2
332069,0
332081,2
332099,0
332113,0
332117,0
332147,0
332159,2
332161,2
332179,0
332183,2
332191,0
332201,4
332203,0
332207,2
332219,0
332221,0
332251,0
332263,0
332273,2
332287,4
332303,0
332309,0
332317,0
332393,2
332399,2
332411,0
332417,0
332441,0
332447,2
332461,2
332467,2
332471,2
332473,0
332477,4
332489,0
332509,0
332513,2
332561,2
332567,0
332569,0
332573,0
332611,0
332617,0
332623,2
332641,2
332687,0
332699,0
332711,0
332729,0
332743,2
332749,0
332767,0
332779,2
332791,2
332803,0
332837,0
332851,2
332873,2
332881,2
332887,0
332903,2
332921,2
332933,2
332947,0
332951,0
332987,0
332989,2
332993,0
333019,0
333023,0
333029,2
333031,0
333041,0
333049,0
333071,2
333097,2
333101,0
333103,0
333107,0
333131,0
333139,0
333161,2
333187,0
333197,0
333209,4
333227,2
333233,4
333253,2
333269,2
333271,2
333283,0
333287,0
333299,0
333323,0
333331,0
333337,0
333341,0
333349,0
333367,0
333383,0
333397,2
333419,0
333427,2
333433,2
333439,2
333449,0
333451,0
333457,0
333479,2
333491,0
333493,2
333497,0
333503,0
333517,0
333533,0
333539,2
333563,4
333581,0
333589,0
333623,0
333631,2
333647,0
333667,0
333673,2
333679,0
333691,0
333701,2
333713,0
333719,2
333721,2
333737,2
333757,0
333769,2
333779,0
333787,2
333791,0
333793,2
333803,0
333821,2
333857,2
333871,2
333911,4
333923,2
333929,2
333941,0
333959,4
333973,2
333989,0
333997,2
334021,2
334031,2
334043,0
334049,0
334057,0
334069,0
334093,0
334099,2
334127,0
334133,6
334157,2
334171,0
334177,0
334183,2
334189,0
334199,2
334231,2
334247,0
334261,0
334289,4
334297,0
334319,0
334331,0
334333,4
334349,0
334363,0
334379,0
334387,0
334393,0
334403,0
334421,0
334423,2
334427,2
334429,0
334447,0
334487,0
334493,0
334507,2
334511,2
334513,0
334541,4
334547,0
334549,0
334561,4
334603,2
334619,0
334637,2
334643,0
334651,2
334661,0
334667,0
334681,4
334693,2
334699,2
334717,4
334721,0
334727,0
334751,2
334753,0
334759,2
334771,0
334777,2
334783,0
334787,2
334793,0
334843,0
334861,0
334877,0
334889,0
334891,2
334897,2
334931,0
334963,4
334973,2
334987,2
334991,0
334993,2
335009,0
335021,0
335029,0
335033,0
335047,0
335051,2
335057,0
335077,0
335081,4
335089,0
335107,0
335113,4
335117,0
335123,0
335131,0
335149,2
335161,0
335171,2
335173,2
335207,2
335213,2
335221,0
335249,0
335261,0
335273,0
335281,0
335299,0
335323,2
335341,0
335347,0
335381,4
335383,2
335411,0
335417,0
335429,4
335449,0
335453,2
335459,0
335473,0
335477,2
335507,0
335519,2
335527,0
335539,0
335557,2
335567,0
335579,0
335591,0
335609,2
335633,2
335641,0
335653,0
335663,2
335669,0
335681,0
335689,0
335693,2
335719,0
335729,0
335743,0
335747,2
335771,4
335807,0
335809,0
335813,0
335821,0
335833,0
335843,0
335857,2
335879,0
335893,2
335897,0
335917,6
335941,4
335953,0
335957,2
335999,0
336029,0
336031,2
336041,2
336059,0
336079,0
336101,0
336103,0
336109,4
336113,2
336121,4
336143,0
336151,0
336157,0
336163,0
336181,0
336199,2
336211,4
336221,0
336223,2
336227,2
336239,0
336247,0
336251,0
336253,0
336263,2
336307,0
336317,4
336353,2
336361,2
336373,2
336397,0
336403,0
336419,2
336437,2
336463,2
336491,0
336499,0
336503,0
336521,6
336527,0
336529,0
336533,0
336551,0
336563,0
336571,2
336577,0
336587,0
336593,2
336599,2
336613,0
336631,0
336643,4
336649,0
336653,0
336667,4
336671,0
336683,0
336689,0
336703,2
336727,0
336757,2
336761,2
336767,0
336769,2
336773,0
336793,0
336799,0
336803,4
336823,2
336827,0
336829,0
336857,0
336863,4
336871,2
336887,0
336899,0
336901,0
336911,0
336929,0
336961,0
336977,0
336983,0
336989,0
336997,2
337013,0
337021,0
337031,0
337039,2
337049,0
337069,0
337081,2
337091,0
337097,0
337121,2
337153,2
337189,4
337201,4
337213,2
337217,0
337219,4
337223,2
337261,0
337277,0
337279,2
337283,0
337291,0
337301,2
337313,2
337327,2
337339,2
337343,2
337349,2
337361,0
337367,0
337369,0
337397,2
337411,0
337427,2
337453,0
337457,2
337487,2
337489,0
337511,0
337517,2
337529,0
337537,2
337541,0
337543,0
337583,0
337607,0
337609,4
337627,0
337633,2
337639,6
337651,0
337661,0
337669,0
337681,0
337691,4
337697,0
337721,0
337741,0
337751,0
337759,2
337781,0
337793,4
337817,4
337837,0
337853,0
337859,0
337861,2
337867,0
337871,2
337873,4
337891,2
337901,0
337903,0
337907,2
337919,2
337949,0
337957,0
337969,0
337973,0
337999,0
338017,2
338027,2
338033,0
338119,0
338137,0
338141,0
338153,0
338159,0
338161,0
338167,4
338171,0
338183,2
338197,4
338203,0
338207,4
338213,4
338231,0
338237,0
338251,0
338263,0
338267,0
338269,2
338279,2
338287,0
338293,2
338297,0
338309,4
338321,2
338323,0
338339,0
338341,2
338347,2
338369,0
338383,2
338389,2
338407,2
338411,2
338413,0
338423,2
338431,4
338449,0
338461,2
338473,0
338477,2
338497,2
338531,2
338543,0
338563,2
338567,0
338573,0
338579,2
338581,2
338609,2
338659,0
338669,4
338683,0
338687,0
338707,0
338717,0
338731,0
338747,0
338753,0
338761,0
338773,0
338777,0
338791,0
338803,4
338839,2
338851,2
338857,0
338867,0
338893,2
338909,0
338927,4
338959,0
338993,2
338999,0
339023,0
339049,0
339067,0
339071,0
339091,0
339103,2
339107,0
339121,2
339127,0
339137,2
339139,2
339151,0
339161,6
339173,4
339187,2
339211,4
339223,0
339239,0
339247,0
339257,2
339263,2
339289,2
339307,6
339323,0
339331,6
339341,2
339373,0
339389,0
339413,0
339433,0
339467,0
339491,0
339517,0
339527,2
339539,2
339557,4
339583,4
339589,0
339601,2
339613,6
339617,0
339631,0
339637,0
339649,2
339653,2
339659,0
339671,0
339673,0
339679,2
339707,2
339727,0
339749,0
339751,0
339761,0
339769,2
339799,0
339811,2
339817,0
339821,0
339827,4
339839,0
339841,0
339863,0
339887,0
339907,0
339943,0
339959,2
339991,2
340007,0
340027,0
340031,0
340037,4
340049,0
340057,2
340061,0
340063,0
340073,0
340079,0
340103,0
340111,6
340117,0
340121,4
340127,0
340129,2
340169,0
340183,0
340201,2
340211,2
340237,0
340261,0
340267,0
340283,2
340297,2
340321,0
340337,0
340339,2
340369,2
340381,0
340387,0
340393,0
340397,2
340409,0
340429,0
340447,0
340451,0
340453,0
340477,2
340481,0
340519,0
340541,0
340559,0
340573,2
340577,0
340579,0
340583,0
340591,2
340601,0
340619,0
340633,0
340643,4
340649,0
340657,0
340661,2
340687,2
340693,0
340709,2
340723,0
340757,2
340777,0
340787,2
340789,0
340793,0
340801,0
340811,2
340819,2
340849,2
340859,0
340877,0
340889,0
340897,2
340903,0
340909,0
340913,0
340919,2
340927,0
340931,0
340933,2
340937,2
340939,0
340957,2
340979,0
340999,4
341017,0
341027,0
341041,0
341057,0
341059,0
341063,0
341083,0
341087,0
341123,0
341141,0
341171,0
341179,0
341191,0
341203,2
341219,0
341227,0
341233,6
341269,2
341273,2
341281,2
341287,2
341293,0
341303,2
341311,2
341321,0
341323,0
341333,4
341339,0
341347,2
341357,2
341423,0
341443,2
341447,4
341459,0
341461,2
341477,0
341491,0
341501,0
341507,0
341521,2
341543,0
341557,0
341569,0
341587,2
341597,0
341603,0
341617,0
341623,0
341629,2
341641,2
341647,2
341659,4
341681,0
341687,0
341701,0
341729,2
341743,0
341749,0
341771,0
341773,0
341777,2
341813,0
341821,2
341827,2
341839,2
341851,2
341863,0
341879,0
341911,4
341927,0
341947,2
341951,0
341953,6
341959,4
341963,0
341983,2
341993,0
342037,6
342047,2
342049,0
342059,2
342061,4
342071,0
342073,0
342077,0
342101,2
342107,0
342131,0
342143,0
342179,2
342187,0
342191,0
342197,2
342203,2
342211,10
342233,2
342239,0
342241,2
342257,2
342281,0
342283,0
342299,2
342319,0
342337,0
342341,0
342343,2
342347,2
342359,0
342371,0
342373,0
342379,2
342389,0
342413,0
342421,4
342449,0
342451,2
342467,2
342469,2
342481,0
342497,0
342521,0
342527,2
342547,0
342553,2
342569,0
342593,0
342599,0
342607,0
342647,0
342653,2
342659,2
342673,0
342679,0
342691,0
342697,0
342733,0
342757,2
342761,0
342791,2
342799,6
342803,0
342821,0
342833,0
342841,0
342847,0
342863,0
342869,0
342871,0
342889,2
342899,4
342929,0
342949,0
342971,0
342989,2
343019,0
343037,4
343051,0
343061,4
343073,0
343081,2
343087,0
343127,0
343141,0
343153,0
343163,0
343169,2
343177,0
343193,0
343199,0
343219,0
343237,0
343243,0
343253,2
343261,0
343267,0
343289,2
343303,0
343307,0
343309,0
343313,0
343327,0
343333,4
343337,0
343373,0
343379,2
343381,0
343391,0
343393,0
343411,2
343423,4
343433,2
343481,0
343489,0
343517,0
343529,6
343531,0
343543,0
343547,2
343559,0
343561,2
343579,2
343583,0
343589,0
343591,2
343601,0
343627,2
343631,0
343639,2
343649,2
343661,0
343667,0
343687,0
343709,2
343727,2
343769,0
343771,2
343787,0
343799,2
343801,0
343813,2
343817,4
343823,0
343829,2
343831,2
343891,0
343897,0
343901,2
343913,0
343933,0
343939,0
343943,2
343951,0
343963,2
343997,0
344017,0
344021,2
344039,2
344053,6
344083,0
344111,0
344117,4
344153,2
344161,0
344167,2
344171,4
344173,0
344177,2
344189,0
344207,0
344209,2
344213,0
344221,0
344231,0
344237,0
344243,0
344249,2
344251,0
344257,6
344263,0
344269,2
344273,2
344291,2
344293,4
344321,2
344327,0
344347,0
344353,2
344363,0
344371,0
344417,4
344423,0
344429,4
344453,2
344479,0
344483,2
344497,2
344543,0
344567,4
344587,0
344599,0
344611,2
344621,2
344629,2
344639,2
344653,0
344671,2
344681,0
344683,2
344693,0
344719,2
344749,0
344753,2
344759,0
344791,0
344797,2
344801,4
344807,0
344819,0
344821,0
344843,0
344857,2
344863,2
344873,0
344887,8
344893,0
344909,0
344917,0
344921,0
344941,0
344957,2
344959,0
344963,0
344969,0
344987,0
345001,0
345011,0
345017,0
345019,2
345041,0
345047,0
345067,0
345089,0
345109,0
345133,0
345139,4
345143,2
345181,0
345193,2
345221,0
345227,0
345229,0
345259,4
345263,0
345271,0
345307,0
345311,0
345329,0
345379,2
345413,0
345431,6
345451,0
345461,0
345463,2
345473,0
345479,2
345487,4
345511,4
345517,0
345533,0
345547,0
345551,2
345571,4
345577,0
345581,0
345599,0
345601,0
345607,2
345637,2
345643,0
345647,0
345659,2
345673,0
345679,0
345689,0
345701,0
345707,2
345727,0
345731,2
345733,2
345739,2
345749,0
345757,0
345769,0
345773,2
345791,2
345803,0
345811,0
345817,0
345823,0
345853,0
345869,2
345881,0
345887,0
345889,0
345907,0
345923,0
345937,4
345953,0
345979,2
345997,0
346013,0
346039,0
346043,2
346051,4
346079,0
346091,0
346097,2
346111,0
346117,0
346133,2
346139,0
346141,0
346147,0
346169,0
346187,2
346201,0
346207,0
346217,0
346223,2
346259,0
346261,0
346277,2
346303,0
346309,2
346321,0
346331,0
346337,2
346349,0
346361,4
346369,2
346373,0
346391,2
346393,0
346397,0
346399,2
346417,0
346421,0
346429,0
346433,2
346439,2
346441,0
346447,2
346453,0
346469,0
346501,0
346529,0
346543,0
346547,0
346553,0
346559,0
346561,0
346589,0
346601,0
346607,2
346627,4
346639,0
346649,6
346651,0
346657,2
346667,0
346669,0
346699,0
346711,0
346721,4
346739,0
346751,0
346763,0
346793,0
346831,0
346849,0
346867,0
346873,0
346877,0
346891,2
346903,2
346933,0
346939,2
346943,0
346961,0
346963,0
347003,0
347033,2
347041,0
347051,2
347057,0
347059,2
347063,2
347069,0
347071,0
347099,2
347129,0
347131,2
347141,2
347143,0
347161,0
347167,0
347173,0
347177,0
347183,4
347197,6
347201,0
347209,0
347227,0
347233,4
347239,0
347251,0
347257,2
347287,0
347297,2
347299,4
347317,0
347329,4
347341,6
347359,0
347401,0
347411,2
347437,0
347443,2
347489,0
347509,2
347513,0
347519,0
347533,0
347539,0
347561,0
347563,0
347579,0
347587,0
347591,0
347609,0
347621,0
347629,0
347651,2
347671,4
347707,0
347717,0
347729,0
347731,0
347747,0
347759,2
347771,2
347773,0
347779,2
347801,2
347813,0
347821,0
347849,0
347873,2
347887,2
347891,0
347899,0
347929,0
347933,4
347951,0
347957,2
347959,0
347969,0
347981,0
347983,2
347987,2
347989,0
347993,0
348001,0
348011,0
348017,0
348031,0
348043,0
348053,0
348077,2
348083,2
348097,2
348149,2
348163,0
348181,4
348191,0
348209,0
348217,0
348221,0
348239,0
348241,0
348247,4
348253,2
348259,4
348269,2
348287,0
348307,0
348323,0
348353,2
348367,2
348389,0
348401,0
348407,0
348419,0
348421,0
348431,0
348433,2
348437,4
348443,0
348451,4
348457,0
348461,0
348463,2
348487,4
348527,0
348547,0
348553,0
348559,0
348563,0
348571,2
348583,4
348587,0
348617,0
348629,4
348637,2
348643,0
348661,2
348671,0
348709,2
348731,4
348739,0
348757,0
348763,2
348769,2
348779,0
348811,2
348827,0
348833,0
348839,0
348851,2
348883,2
348889,0
348911,0
348917,2
348919,2
348923,0
348937,2
348949,2
348989,0
348991,0
349007,0
349039,4
349043,0
349051,0
349079,2
349081,2
349093,2
349099,2
349109,0
349121,2
349133,2
349171,0
349177,4
349183,0
349187,0
349199,0
349207,0
349211,2
349241,0
349291,0
349303,0
349313,0
349331,0
349337,0
349343,2
349357,0
349369,0
349373,0
349379,4
349381,2
349387,0
349397,0
349399,0
349403,2
349409,0
349411,2
349423,4
349471,0
349477,0
349483,0
349493,0
349499,0
349507,0
349519,0
349529,0
349553,0
349567,2
349579,2
349589,0
349603,0
349637,0
349663,2
349667,0
349697,0
349709,2
349717,0
349729,0
349753,4
349759,0
349787,2
349793,0
349801,0
349813,0
349819,2
349829,0
349831,0
349837,0
349841,2
349849,0
349871,0
349903,0
349907,2
349913,2
349919,4
349927,0
349931,0
349933,0
349939,0
349949,0
349963,2
349967,0
349981,0
350003,0
350029,2
350033,0
350039,4
350087,0
350089,0
350093,0
350107,2
350111,0
350137,0
350159,0
350179,0
350191,2
350213,2
350219,0
350237,6
350249,0
350257,2
350281,0
350293,0
350347,0
350351,2
350377,4
350381,0
350411,0
350423,0
350429,2
350431,2
350437,4
350443,0
350447,0
350453,0
350459,0
350503,0
350521,0
350549,6
350561,2
350563,0
350587,0
350593,2
350617,0
350621,2
350629,2
350657,0
350663,0
350677,0
350699,0
350711,0
350719,0
350729,0
350731,0
350737,0
350741,2
350747,2
350767,2
350771,0
350783,4
350789,2
350803,2
350809,0
350843,0
350851,0
350869,2
350881,0
350887,0
350891,0
350899,4
350941,0
350947,0
350963,0
350971,0
350981,2
350983,2
350989,4
351011,4
351023,0
351031,2
351037,0
351041,0
351047,2
351053,2
351059,0
351061,0
351077,0
351079,0
351097,2
351121,0
351133,4
351151,0
351157,0
351179,4
351217,2
351223,2
351229,0
351257,0
351259,2
351269,0
351287,0
351289,0
351293,0
351301,0
351311,4
351341,4
351343,2
351347,4
351359,6
351361,0
351383,0
351391,0
351397,0
351401,0
351413,0
351427,0
351437,0
351457,4
351469,0
351479,4
351497,2
351503,0
351517,0
351529,0
351551,0
351563,0
351587,0
351599,0
351643,0
351653,2
351661,0
351667,0
351691,0
351707,0
351727,0
351731,0
351733,2
351749,2
351751,0
351763,2
351773,2
351779,0
351797,2
351803,2
351811,2
351829,2
351847,2
351851,0
351859,4
351863,2
351887,0
351913,0
351919,4
351929,2
351931,0
351959,0
351971,0
351991,0
352007,2
352021,2
352043,4
352049,2
352057,0
352069,0
352073,4
352081,4
352097,0
352109,2
352111,2
352123,4
352133,4
352181,0
352193,0
352201,4
352217,0
352229,0
352237,2
352249,4
352267,0
352271,2
352273,0
352301,2
352309,0
352327,0
352333,0
352349,0
352357,0
352361,0
352367,2
352369,0
352381,0
352399,2
352403,0
352409,0
352411,0
352421,2
352423,2
352441,0
352459,0
352463,2
352481,0
352483,0
352489,0
352493,0
352511,2
352523,0
352543,0
352549,0
352579,4
352589,0
352601,2
352607,0
352619,2
352633,0
352637,0
352661,4
352691,2
352711,2
352739,2
352741,0
352753,0
352757,0
352771,2
352813,0
352817,4
352819,0
352831,2
352837,2
352841,0
352853,0
352867,2
352883,0
352907,2
352909,0
352931,0
352939,0
352949,0
352951,2
352973,0
352991,4
353011,0
353021,2
353047,0
353053,2
353057,2
353069,0
353081,0
353099,2
353117,0
353123,2
353137,0
353147,0
353149,2
353161,0
353173,4
353179,0
353201,4
353203,2
353237,4
353263,0
353293,2
353317,0
353321,4
353329,0
353333,2
353341,4
353359,0
353389,0
353401,0
353411,0
353429,2
353443,2
353453,0
353459,0
353471,0
353473,0
353489,0
353501,0
353527,0
353531,2
353557,0
353567,2
353603,0
353611,2
353621,0
353627,4
353629,2
353641,0
353653,0
353657,0
353677,2
353681,0
353687,0
353699,0
353711,2
353737,0
353747,0
353767,0
353777,0
353783,2
353797,2
353807,0
353813,0
353819,4
353833,2
353867,2
353869,0
353879,0
353891,0
353897,2
353911,0
353917,0
353921,4
353929,4
353939,0
353963,0
354001,0
354007,0
354017,6
354023,0
354031,0
354037,0
354041,0
354043,0
354047,2
354073,0
354091,0
354097,0
354121,2
354139,2
354143,0
354149,4
354163,0
354169,0
354181,0
354209,2
354247,0
354251,2
354253,2
354257,2
354259,0
354271,2
354301,0
354307,2
354313,0
354317,2
354323,4
354329,0
354337,0
354353,2
354371,0
354373,2
354377,0
354383,0
354391,0
354401,0
354421,0
354439,2
354443,0
354451,0
354461,0
354463,0
354469,0
354479,4
354533,0
354539,2
354551,0
354553,2
354581,0
354587,0
354619,0
354643,2
354647,0
354661,4
354667,0
354677,0
354689,4
354701,0
354703,0
354727,0
354737,0
354743,0
354751,0
354763,0
354779,0
354791,2
354799,0
354829,2
354833,2
354839,0
354847,2
354869,0
354877,2
354881,2
354883,2
354911,2
354953,2
354961,0
354971,2
354973,2
354979,0
354983,0
354997,2
355007,2
355009,0
355027,2
355031,0
355037,2
355039,0
355049,2
355057,0
355063,0
355073,2
355087,0
355093,0
355099,0
355109,0
355111,0
355127,4
355139,0
355171,0
355193,2
355211,0
355261,0
355297,0
355307,2
355321,2
355331,0
355339,0
355343,2
355361,0
355363,0
355379,0
355417,4
355427,2
355441,0
355457,0
355463,0
355483,0
355499,0
355501,4
355507,0
355513,4
355517,0
355519,2
355529,0
355541,0
355549,2
355559,2
355571,0
355573,0
355591,0
355609,0
355633,0
355643,0
355651,2
355669,0
355679,0
355697,0
355717,2
355721,0
355723,4
355753,0
355763,0
355777,2
355783,2
355799,0
355811,0
355819,2
355841,0
355847,2
355853,0
355867,0
355891,0
355909,0
355913,0
355933,0
355937,0
355939,2
355951,0
355967,2
355969,0
356023,2
356039,0
356077,4
356093,0
356101,0
356113,0
356123,2
356129,0
356137,0
356141,2
356143,0
356171,0
356173,2
356197,0
356219,2
356243,0
356261,4
356263,0
356287,2
356299,2
356311,0
356327,0
356333,0
356351,0
356387,0
356399,0
356441,0
356443,0
356449,0
356453,0
356467,0
356479,0
356501,2
356509,0
356533,2
356549,0
356561,0
356563,2
356567,0
356579,2
356591,2
356621,0
356647,0
356663,2
356693,0
356701,0
356731,4
356737,0
356749,0
356761,4
356803,2
356819,2
356821,0
356831,0
356869,0
356887,0
356893,0
356927,2
356929,0
356933,0
356947,0
356959,0
356969,0
356977,0
356981,0
356989,0
356999,0
357031,0
357047,2
357073,0
357079,0
357083,2
357103,0
357107,2
357109,2
357131,0
357139,0
357169,4
357179,0
357197,0
357199,2
357211,0
357229,0
357239,2
357241,0
357263,2
357271,0
357281,0
357283,0
357293,0
357319,0
357347,2
357349,0
357353,2
357359,0
357377,0
357389,2
357421,4
357431,0
357437,0
357473,2
357503,0
357509,0
357517,2
357551,4
357559,0
357563,0
357569,0
357571,4
357583,0
357587,0
357593,0
357611,0
357613,2
357619,0
357649,2
357653,0
357659,0
357661,2
357667,0
357671,0
357677,0
357683,4
357689,0
357703,0
357727,2
357733,0
357737,2
357739,0
357767,0
357779,2
357781,0
357787,4
357793,0
357809,0
357817,0
357823,0
357829,0
357839,0
357859,2
357883,0
357913,0
357967,0
357977,2
357983,0
357989,0
357997,2
358031,4
358051,0
358069,0
358073,2
358079,6
358103,0
358109,0
358153,2
358157,0
358159,0
358181,0
358201,2
358213,2
358219,0
358223,4
358229,0
358243,4
358273,0
358277,0
358279,2
358289,2
358291,0
358297,0
358301,2
358313,0
358327,0
358331,2
358349,2
358373,0
358417,0
358427,4
358429,2
358441,2
358447,0
358459,0
358471,2
358483,0
358487,0
358499,2
358531,0
358541,0
358571,4
358573,6
358591,2
358597,0
358601,2
358607,4
358613,2
358637,0
358667,0
358669,0
358681,6
358691,0
358697,6
358703,0
358711,0
358723,0
358727,0
358733,0
358747,0
358753,2
358769,0
358783,0
358793,0
358811,0
358829,0
358847,0
358859,0
358861,0
358867,0
358877,0
358879,2
358901,0
358903,2
358907,2
358909,0
358931,0
358951,0
358973,0
358979,2
358987,0
358993,0
358999,2
359003,0
359017,0
359027,0
359041,2
359063,2
359069,2
359101,0
359111,4
359129,0
359137,0
359143,0
359147,4
359153,0
359167,2
359171,4
359207,0
359209,4
359231,0
359243,2
359263,0
359267,2
359279,2
359291,2
359297,0
359299,2
359311,0
359323,0
359327,0
359353,0
359357,0
359377,0
359389,0
359407,4
359417,0
359419,4
359441,4
359449,0
359477,0
359479,0
359483,0
359501,0
359509,0
359539,0
359549,0
359561,6
359563,0
359581,4
359587,0
359599,0
359621,2
359633,2
359641,0
359657,0
359663,2
359701,2
359713,0
359719,0
359731,2
359747,0
359753,0
359761,0
359767,0
359783,0
359837,0
359851,2
359869,2
359897,0
359911,0
359929,0
359981,0
359987,0
360007,0
360023,2
360037,0
360049,0
360053,0
360071,0
360089,0
360091,0
360163,2
360167,2
360169,0
360181,0
360187,2
360193,0
360197,0
360223,0
360229,2
360233,2
360257,0
360271,0
360277,0
360287,0
360289,0
360293,4
360307,4
360317,0
360323,2
360337,2
360391,0
360407,0
360421,4
360439,2
360457,2
360461,0
360497,2
360509,0
360511,0
360541,2
360551,0
360589,6
360593,0
360611,6
360637,0
360649,0
360653,2
360749,4
360769,4
360779,0
360781,2
360803,2
360817,0
360821,0
360823,0
360827,0
360851,2
360853,0
360863,0
360869,0
360901,2
360907,0
360947,2
360949,0
360953,0
360959,4
360973,2
360977,0
360979,0
360989,2
361001,0
361003,0
361013,4
361033,2
361069,0
361091,2
361093,0
361111,2
361159,0
361183,0
361211,0
361213,0
361217,0
361219,0
361223,0
361237,0
361241,0
361271,0
361279,0
361313,0
361321,0
361327,0
361337,0
361349,0
361351,0
361357,6
361363,0
361373,4
361409,2
361411,0
361421,2
361433,0
361441,0
361447,4
361451,2
361463,2
361469,2
361481,0
361499,2
361507,2
361511,2
361523,2
361531,0
361541,0
361549,2
361561,0
361577,0
361637,2
361643,2
361649,0
361651,2
361663,4
361679,2
361687,2
361723,0
361727,4
361747,0
361763,0
361769,0
361787,2
361789,0
361793,0
361799,6
361807,0
361843,0
361871,2
361873,0
361877,2
361901,0
361903,2
361909,0
361919,0
361927,2
361943,0
361961,0
361967,0
361973,0
361979,2
361993,0
362003,0
362027,2
362051,2
362053,0
362059,0
362069,0
362081,0
362093,2
362099,4
362107,0
362137,0
362143,0
362147,2
362161,0
362177,2
362191,0
362203,2
362213,0
362221,0
362233,0
362237,0
362281,0
362291,0
362293,0
362303,0
362309,2
362333,2
362339,0
362347,2
362353,0
362357,2
362363,2
362371,4
362377,0
362381,2
362393,2
362407,0
362419,0
362429,0
362431,0
362443,2
362449,0
362459,0
362473,4
362521,0
362561,0
362569,2
362581,0
362599,0
362629,0
362633,0
362657,0
362693,0
362707,0
362717,4
362723,2
362741,0
362743,0
362749,2
362753,0
362759,2
362801,2
362851,0
362863,0
362867,0
362897,0
362903,0
362911,4
362927,0
362941,4
362951,2
362953,0
362969,0
362977,2
362983,2
362987,2
363017,0
363019,2
363037,0
363043,0
363047,0
363059,0
363061,2
363067,0
363119,0
363149,2
363151,0
363157,0
363161,0
363173,0
363179,0
363199,0
363211,0
363217,2
363257,0
363269,0
363271,0
363277,2
363313,0
363317,4
363329,0
363343,2
363359,0
363361,2
363367,2
363371,0
363373,2
363379,0
363397,2
363401,2
363403,0
363431,0
363437,2
363439,0
363463,0
363481,2
363491,4
363497,0
363523,2
363529,0
363533,0
363541,2
363551,0
363557,4
363563,0
363569,0
363577,2
363581,0
363589,2
363611,0
363619,4
363659,0
363677,6
363683,0
363691,0
363719,0
363731,0
363751,0
363757,0
363761,0
363767,2
363773,2
363799,0
363809,0
363829,2
363833,0
363841,2
363871,0
363887,0
363889,2
363901,0
363911,0
363917,2
363941,0
363947,2
363949,2
363959,0
363967,0
363977,2
363989,2
364027,4
364031,2
364069,0
364073,2
364079,4
364103,0
364127,0
364129,0
364141,4
364171,4
364183,2
364187,0
364193,0
364213,0
364223,0
364241,0
364267,0
364271,0
364289,0
364291,8
364303,0
364313,4
364321,0
364333,2
364337,2
364349,2
364373,0
364379,2
364393,2
364411,0
364417,0
364423,0
364433,0
364447,0
364451,0
364459,2
364471,4
364499,2
364513,0
364523,0
364537,0
364541,0
364543,4
364571,0
364583,2
364601,2
364607,2
364621,0
364627,2
364643,2
364657,0
364669,0
364687,2
364691,0
364699,0
364717,2
364739,0
364747,4
364751,0
364753,0
364759,0
364801,0
364829,0
364853,4
364873,0
364879,0
364883,0
364891,2
364909,0
364919,0
364921,0
364937,2
364943,4
364961,6
364979,0
364993,0
364997,0
365003,2
365017,0
365021,0
365039,0
365063,2
365069,2
365089,0
365107,0
365119,0
365129,0
365137,0
365147,0
365159,0
365173,0
365179,4
365201,0
365213,2
365231,0
365249,0
365251,0
365257,0
365291,2
365293,0
365297,0
365303,2
365327,0
365333,0
365357,0
365369,0
365377,2
365411,0
365413,0
365419,0
365423,0
365441,2
365461,2
365467,0
365471,2
365473,2
365479,0
365489,2
365507,2
365509,4
365513,2
365527,0
365531,0
365537,2
365557,0
365567,0
365569,0
365587,2
365591,0
365611,0
365627,0
365639,0
365641,2
365669,2
365683,0
365689,2
365699,2
365747,0
365749,0
365759,0
365773,2
365779,0
365791,0
365797,0
365809,0
365837,0
365839,0
365851,0
365903,0
365929,2
365933,0
365941,0
365969,0
365983,2
366001,0
366013,0
366019,2
366029,2
366031,2
366053,0
366077,0
366097,0
366103,0
366127,0
366133,0
366139,0
366161,0
366167,0
366169,0
366173,2
366181,0
366193,4
366199,0
366211,2
366217,2
366221,0
366227,0
366239,2
366259,0
366269,0
366277,0
366287,0
366293,0
366307,0
366313,0
366329,2
366341,0
366343,0
366347,0
366383,0
366397,0
366409,0
366419,0
366433,2
366437,2
366439,0
366461,2
366463,4
366467,0
366479,0
366497,0
366511,0
366517,0
366521,2
366547,0
366593,0
366599,2
366607,2
366631,0
366677,4
366683,0
366697,2
366701,0
366703,0
366713,2
366721,0
366727,0
366733,4
366787,0
366791,0
366811,2
366829,0
366841,2
366851,2
366853,2
366859,2
366869,2
366881,0
366889,2
366901,2
366907,0
366917,0
366923,0
366941,0
366953,2
366967,0
366973,2
366983,4
366997,0
367001,2
367007,0
367019,0
367021,4
367027,6
367033,0
367049,0
367069,0
367097,0
367121,0
367123,0
367127,2
367139,0
367163,0
367181,0
367189,0
367201,2
367207,0
367219,4
367229,0
367231,0
367243,0
367259,2
367261,0
367273,2
367277,2
367307,2
367309,0
367313,0
367321,0
367357,0
367369,4
367391,2
367397,2
367427,0
367453,2
367457,0
367469,0
367501,0
367519,0
367531,0
367541,2
367547,0
367559,0
367561,0
367573,0
367597,2
367603,0
367613,0
367621,0
367637,0
367649,0
367651,0
367663,0
367673,4
367687,0
367699,2
367711,0
367721,4
367733,0
367739,0
367751,4
367771,4
367777,4
367781,2
367789,2
367819,0
367823,2
367831,0
367841,0
367849,0
367853,0
367867,2
367879,0
367883,0
367889,0
367909,2
367949,4
367957,0
368021,2
368029,0
368047,0
368059,4
368077,0
368083,0
368089,4
368099,0
368107,4
368111,2
368117,0
368129,2
368141,0
368149,0
368153,0
368171,0
368189,0
368197,0
368227,0
368231,0
368233,0
368243,4
368273,2
368279,2
368287,0
368293,0
368323,2
368327,2
368359,2
368363,2
368369,0
368399,6
368411,0
368443,2
368447,0
368453,0
368471,0
368491,0
368507,2
368513,4
368521,2
368531,2
368539,0
368551,2
368579,2
368593,0
368597,4
368609,4
368633,0
368647,0
368651,2
368653,2
368689,2
368717,0
368729,0
368737,0
368743,2
368773,0
368783,0
368789,2
368791,0
368801,2
368803,4
368833,4
368857,2
368873,0
368881,0
368899,0
368911,0
368939,4
368947,0
368957,2
369007,0
369013,0
369023,0
369029,0
369067,0
369071,0
369077,0
369079,0
369097,2
369119,2
369133,0
369137,2
369143,0
369169,2
369181,0
369191,2
369197,2
369211,0
369247,0
369253,0
369263,2
369269,2
369283,0
369293,0
369301,0
369319,0
369331,0
369353,0
369361,4
369407,2
369409,0
369419,2
369469,2
369487,0
369491,0
369539,0
369553,0
369557,2
369581,0
369637,0
369647,0
369659,4
369661,2
369673,0
369703,0
369709,2
369731,2
369739,2
369751,0
369791,0
369793,0
369821,0
369827,0
369829,2
369833,0
369841,0
369851,0
369877,2
369893,2
369913,0
369917,4
369947,2
369959,0
369961,0
369979,2
369983,0
369991,0
369997,0
370003,2
370009,2
370021,4
370033,0
370057,0
370061,4
370067,0
370081,0
370091,0
370103,0
370121,2
370133,2
370147,0
370159,4
370169,0
370193,0
370199,0
370207,0
370213,0
370217,0
370241,0
370247,0
370261,0
370373,0
370387,2
370399,0
370411,0
370421,0
370423,0
370427,2
370439,0
370441,2
370451,0
370463,0
370471,0
370477,2
370483,0
370493,2
370511,0
370529,0
370537,0
370547,0
370561,2
370571,0
370597,2
370603,0
370609,6
370613,0
370619,2
370631,2
370661,0
370663,2
370673,2
370679,0
370687,0
370693,0
370723,0
370759,0
370793,2
370801,2
370813,0
370837,2
370871,0
370873,0
370879,2
370883,2
370891,0
370897,0
370919,2
370949,0
371027,0
371029,2
371057,2
371069,0
371071,2
371083,2
371087,0
371099,0
371131,4
371141,2
371143,0
371153,0
371177,0
371179,2
371191,0
371213,4
371227,0
371233,0
371237,0
371249,0
371251,0
371257,0
371281,0
371291,0
371299,2
371303,2
371311,2
371321,0
371333,2
371339,2
371341,0
371353,0
371359,4
371383,0
371387,0
371389,0
371417,0
371447,2
371453,0
371471,0
371479,0
371491,4
371509,2
371513,0
371549,2
371561,0
371573,2
371587,0
371617,0
371627,0
371633,0
371639,2
371663,0
371669,0
371699,0
371719,0
371737,0
371779,2
371797,2
371831,0
371837,0
371843,2
371851,2
371857,0
371869,2
371873,0
371897,2
371927,0
371929,2
371939,0
371941,0
371951,4
371957,0
371971,0
371981,4
371999,0
372013,2
372023,0
372037,0
372049,0
372059,0
372061,0
372067,0
372107,0
372121,0
372131,0
372137,0
372149,0
372167,2
372173,0
372179,2
372223,2
372241,2
372263,2
372269,0
372271,4
372277,0
372289,0
372293,4
372299,0
372311,2
372313,0
372353,0
372367,2
372371,2
372377,0
372397,0
372401,2
372409,0
372413,0
372443,2
372451,2
372461,2
372473,2
372481,0
372497,0
372511,4
372523,0
372539,0
372607,2
372611,2
372613,2
372629,2
372637,0
372653,0
372661,0
372667,4
372677,0
372689,0
372707,0
372709,4
372719,0
372733,0
372739,2
372751,0
372763,0
372769,0
372773,0
372797,0
372803,0
372809,0
372817,0
372829,0
372833,4
372839,2
372847,2
372859,0
372871,0
372877,0
372881,2
372901,0
372917,0
372941,0
372943,4
372971,0
372973,0
372979,2
373003,0
373007,0
373019,0
373049,0
373063,0
373073,0
373091,0
373127,0
373151,0
373157,0
373171,0
373181,0
373183,0
373187,0
373193,2
373199,0
373207,0
373211,2
373213,0
373229,0
373231,0
373273,0
373291,0
373297,4
373301,4
373327,0
373339,2
373343,0
373349,2
373357,0
373361,0
373363,2
373379,0
373393,0
373447,2
373453,0
373459,0
373463,0
373487,0
373489,0
373501,0
373517,2
373553,0
373561,0
373567,0
373613,0
373621,2
373631,0
373649,0
373657,4
373661,2
373669,2
373693,0
373717,0
373721,0
373753,0
373757,0
373777,0
373783,0
373823,2
373837,0
373859,0
373861,0
373903,2
373909,0
373937,0
373943,0
373951,0
373963,6
373969,0
373981,2
373987,0
373999,0
374009,0
374029,0
374039,2
374041,0
374047,0
374063,0
374069,4
374083,0
374089,0
374093,0
374111,0
374117,0
374123,0
374137,0
374149,0
374159,0
374173,2
374177,0
374189,2
374203,0
374219,0
374239,2
374287,0
374291,0
374293,0
374299,0
374317,2
374321,0
374333,0
374347,4
374351,0
374359,0
374389,0
374399,0
374441,0
374443,0
374447,0
374461,0
374483,0
374501,0
374531,0
374537,0
374557,2
374587,0
374603,0
374639,0
374641,0
374653,0
374669,0
374677,0
374681,0
374683,0
374687,0
374701,0
374713,4
374719,2
374729,0
374741,0
374753,0
374761,2
374771,0
374783,0
374789,0
374797,0
374807,0
374819,2
374837,4
374839,4
374849,0
374879,0
374887,2
374893,2
374903,0
374909,2
374929,0
374939,0
374953,2
374977,0
374981,2
374987,4
374989,2
374993,0
375017,0
375019,2
375029,2
375043,0
375049,0
375059,0
375083,0
375091,0
375097,2
375101,0
375103,2
375113,0
375119,0
375121,2
375127,2
375149,2
375157,0
375163,0
375169,0
375203,0
375209,0
375223,2
375227,2
375233,0
375247,0
375251,0
375253,2
375257,0
375259,0
375281,0
375283,0
375311,2
375341,0
375359,0
375367,2
375371,2
375373,0
375391,2
375407,2
375413,2
375443,0
375449,0
375451,0
375457,0
375467,4
375481,2
375509,2
375511,2
375523,0
375527,4
375533,4
375553,2
375559,2
375563,0
375569,0
375593,0
375607,4
375623,2
375631,0
375643,2
375647,0
375667,0
375673,0
375703,0
375707,0
375709,0
375743,0
375757,2
375761,0
375773,0
375779,0
375787,0
375799,0
375833,0
375841,0
375857,0
375899,2
375901,2
375923,2
375931,0
375967,2
375971,2
375979,2
375983,0
375997,0
376001,2
376003,0
376009,0
376021,0
376039,0
376049,4
376063,0
376081,2
376097,2
376099,0
376127,2
376133,0
376147,0
376153,0
376171,0
376183,2
376199,0
376231,2
376237,0
376241,2
376283,0
376291,4
376297,0
376307,0
376351,2
376373,2
376393,2
376399,2
376417,0
376463,0
376469,0
376471,0
376477,4
376483,0
376501,0
376511,2
376529,0
376531,2
376547,2
376573,0
376577,0
376583,0
376589,0
376603,2
376609,4
376627,2
376631,2
376633,0
376639,2
376657,0
376679,0
376687,2
376699,0
376709,0
376721,0
376729,2
376757,4
376759,0
376769,2
376787,0
376793,4
376801,2
376807,0
376811,0
376819,2
376823,2
376837,0
376841,0
376847,0
376853,2
376889,0
376891,0
376897,0
376921,2
376927,2
376931,0
376933,2
376949,2
376963,2
376969,2
377011,2
377021,0
377051,0
377059,0
377071,0
377099,0
377123,0
377129,2
377137,2
377147,0
377171,0
377173,0
377183,2
377197,0
377219,0
377231,0
377257,0
377263,0
377287,4
377291,2
377297,2
377327,4
377329,2
377339,2
377347,0
377353,2
377369,0
377371,0
377387,2
377393,2
377459,0
377471,0
377477,2
377491,0
377513,0
377521,0
377527,0
377537,0
377543,4
377557,4
377561,0
377563,2
377581,0
377593,0
377599,0
377617,0
377623,0
377633,2
377653,0
377681,0
377687,2
377711,0
377717,2
377737,0
377749,0
377761,0
377771,0
377779,0
377789,0
377801,2
377809,0
377827,0
377831,0
377843,0
377851,0
377873,0
377887,2
377911,2
377963,0
377981,6
377999,0
378011,0
378019,0
378023,0
378041,0
378071,2
378083,0
378089,0
378101,4
378127,0
378137,2
378149,0
378151,0
378163,0
378167,0
378179,0
378193,0
378223,0
378229,0
378239,2
378241,0
378253,2
378269,0
378277,0
378283,0
378289,0
378317,2
378353,0
378361,0
378379,2
378401,2
378407,0
378439,0
378449,0
378463,0
378467,0
378493,2
378503,2
378509,0
378523,2
378533,0
378551,6
378559,0
378569,2
378571,0
378583,0
378593,2
378601,2
378619,0
378629,0
378661,4
378667,0
378671,0
378683,0
378691,0
378713,0
378733,0
378739,0
378757,0
378761,0
378779,0
378793,0
378809,0
378817,0
378821,0
378823,0
378869,0
378883,2
378893,0
378901,0
378919,0
378929,0
378941,2
378949,0
378953,0
378967,4
378977,2
378997,0
379007,0
379009,2
379013,4
379033,0
379039,2
379073,4
379081,2
379087,0
379097,0
379103,2
379123,0
379133,0
379147,2
379157,0
379163,0
379177,0
379187,2
379189,2
379199,2
379207,0
379273,0
379277,0
379283,0
379289,0
379307,0
379319,2
379333,2
379343,4
379369,4
379387,2
379391,2
379397,4
379399,0
379417,0
379433,2
379439,2
379441,2
379451,0
379459,0
379499,0
379501,2
379513,6
379531,0
379541,0
379549,0
379571,2
379573,0
379579,0
379597,0
379607,2
379633,0
379649,0
379663,2
379667,2
379679,0
379681,2
379693,0
379699,2
379703,2
379721,0
379723,0
379727,2
379751,0
379777,0
379787,2
379811,0
379817,4
379837,0
379849,2
379853,0
379859,0
379877,0
379889,0
379903,2
379909,2
379913,0
379927,2
379931,0
379963,0
379979,2
379993,2
379997,0
379999,0
380041,0
380047,0
380059,0
380071,0
380117,0
380129,2
380131,0
380141,2
380147,2
380179,2
380189,4
380197,2
380201,0
380203,0
380207,0
380231,2
380251,0
380267,2
380269,2
380287,2
380291,2
380299,4
380309,0
380311,0
380327,2
380329,2
380333,0
380363,0
380377,0
380383,0
380417,2
380423,2
380441,0
380447,0
380453,0
380459,0
380461,4
380483,2
380503,0
380533,0
380557,4
380563,0
380591,2
380621,0
380623,0
380629,2
380641,2
380651,0
380657,0
380707,0
380713,0
380729,0
380753,2
380777,6
380797,0
380803,0
380819,2
380837,2
380839,2
380843,4
380867,2
380869,2
380879,0
380881,0
380909,0
380917,2
380929,2
380951,2
380957,0
380971,0
380977,0
380983,0
381001,0
381011,0
381019,0
381037,4
381047,0
381061,0
381071,2
381077,0
381097,0
381103,0
381167,2
381169,2
381181,2
381209,0
381221,0
381223,0
381233,2
381239,0
381253,2
381287,0
381289,0
381301,2
381319,0
381323,2
381343,0
381347,2
381371,0
381373,0
381377,4
381383,0
381389,2
381401,0
381413,0
381419,0
381439,0
381443,0
381461,2
381467,2
381481,0
381487,0
381509,0
381523,0
381527,0
381529,0
381533,0
381541,0
381559,4
381569,0
381607,2
381629,0
381631,0
381637,0
381659,0
381673,0
381697,0
381707,2
381713,2
381737,2
381739,0
381749,0
381757,0
381761,2
381791,6
381793,2
381817,0
381841,0
381853,0
381859,0
381911,2
381917,2
381937,0
381943,0
381949,0
381977,0
381989,2
381991,2
382001,4
382003,0
382021,0
382037,2
382061,0
382069,0
382073,2
382087,0
382103,0
382117,0
382163,0
382171,0
382189,0
382229,0
382231,0
382241,0
382253,0
382267,2
382271,0
382303,4
382331,0
382351,0
382357,0
382363,4
382373,2
382391,2
382427,0
382429,4
382457,2
382463,0
382493,0
382507,0
382511,0
382519,4
382541,0
382549,0
382553,0
382567,0
382579,0
382583,0
382589,0
382601,0
382621,2
382631,0
382643,2
382649,0
382661,0
382663,2
382693,2
382703,4
382709,0
382727,0
382729,6
382747,2
382751,0
382763,2
382769,0
382777,0
382801,2
382807,2
382813,0
382843,2
382847,0
382861,0
382867,0
382871,0
382873,2
382883,0
382919,0
382933,0
382939,0
382961,0
382979,4
382999,0
383011,4
383023,0
383029,0
383041,0
383051,2
383069,2
383077,0
383081,0
383083,2
383099,4
383101,0
383107,0
383113,2
383143,6
383147,0
383153,0
383171,0
383179,0
383219,0
383221,2
383261,0
383267,2
383281,0
383291,0
383297,0
383303,0
383321,0
383347,2
383371,0
383393,2
383399,0
383417,0
383419,2
383429,0
383459,0
383483,2
383489,0
383519,0
383521,0
383527,4
383533,4
383549,2
383557,0
383573,0
383587,2
383609,0
383611,2
383623,0
383627,0
383633,0
383651,0
383657,0
383659,0
383681,2
383683,0
383693,0
383723,0
383729,0
383753,4
383759,0
383767,0
383777,2
383791,0
383797,0
383807,0
383813,0
383821,0
383833,0
383837,2
383839,0
383869,0
383891,2
383909,0
383917,0
383923,0
383941,2
383951,4
383963,0
383969,2
383983,0
383987,0
384001,0
384017,0
384029,2
384049,0
384061,2
384067,2
384079,0
384089,2
384107,0
384113,0
384133,2
384143,0
384151,2
384157,0
384173,2
384187,0
384193,0
384203,0
384227,0
384247,2
384253,0
384257,2
384259,2
384277,0
384287,0
384289,0
384299,6
384301,0
384317,0
384331,0
384343,2
384359,2
384367,0
384383,0
384403,0
384407,0
384437,0
384469,0
384473,0
384479,0
384481,2
384487,2
384497,0
384509,6
384533,0
384547,0
384577,0
384581,2
384589,2
384599,2
384611,4
384619,2
384623,0
384641,0
384673,0
384691,2
384697,0
384701,0
384719,0
384733,0
384737,2
384751,2
384757,2
384773,0
384779,0
384817,0
384821,2
384827,2
384841,2
384847,0
384851,2
384889,0
384907,0
384913,0
384919,0
384941,0
384961,0
384973,2
385001,2
385013,0
385027,0
385039,0
385057,0
385069,6
385079,2
385081,0
385087,0
385109,2
385127,0
385129,2
385139,0
385141,0
385153,4
385159,0
385171,2
385193,0
385199,2
385223,2
385249,2
385261,2
385267,0
385279,0
385289,2
385291,4
385321,0
385327,0
385331,0
385351,2
385379,2
385391,0
385393,0
385397,2
385403,0
385417,0
385433,0
385471,2
385481,2
385493,4
385501,4
385519,0
385531,2
385537,2
385559,2
385571,2
385573,2
385579,0
385589,2
385591,0
385597,0
385607,4
385621,0
385631,0
385639,4
385657,2
385661,2
385663,4
385709,0
385739,0
385741,0
385771,0
385783,4
385793,2
385811,0
385817,4
385831,0
385837,0
385843,0
385859,0
385877,2
385897,2
385901,2
385907,6
385927,0
385939,0
385943,2
385967,4
385991,2
385997,0
386017,2
386039,0
386041,2
386047,0
386051,0
386083,4
386093,0
386117,0
386119,0
386129,0
386131,0
386143,2
386149,0
386153,0
386159,2
386161,2
386173,0
386219,2
386227,0
386233,2
386237,0
386249,4
386263,0
386279,0
386297,0
386299,2
386303,4
386329,0
386333,2
386339,0
386363,0
386369,2
386371,0
386381,2
386383,4
386401,2
386411,0
386413,2
386429,0
386431,2
386437,2
386471,2
386489,2
386501,0
386521,4
386537,0
386543,0
386549,0
386569,0
386587,2
386609,0
386611,2
386621,0
386629,2
386641,0
386647,2
386651,2
386677,0
386689,0
386693,0
386713,0
386719,0
386723,0
386731,0
386747,2
386777,0
386809,0
386839,2
386851,0
386887,0
386891,6
386921,0
386927,2
386963,2
386977,0
386987,0
386989,0
386993,0
387007,0
387017,0
387031,6
387047,2
387071,0
387077,2
387083,2
387089,0
387109,2
387137,2
387151,0
387161,2
387169,0
387173,0
387187,0
387197,2
387199,0
387203,6
387227,2
387253,0
387263,2
387269,0
387281,2
387307,2
387313,0
387329,0
387341,4
387371,0
387397,0
387403,0
387433,2
387437,2
387449,0
387463,2
387493,2
387503,2
387509,0
387529,0
387551,0
387577,0
387587,0
387613,0
387623,0
387631,0
387641,0
387659,0
387677,0
387679,2
387683,0
387707,0
387721,0
387727,0
387743,2
387749,4
387763,4
387781,0
387791,0
387799,0
387839,0
387853,0
387857,6
387911,0
387913,0
387917,0
387953,0
387967,0
387971,0
387973,2
387977,0
388009,2
388051,0
388057,0
388067,0
388081,0
388099,4
388109,2
388111,2
388117,0
388133,2
388159,0
388163,2
388169,2
388177,2
388181,0
388183,0
388187,4
388211,0
388231,2
388237,0
388253,0
388259,2
388273,2
388277,0
388301,0
388313,0
388319,0
388351,2
388363,0
388369,0
388373,0
388391,0
388403,4
388459,0
388471,4
388477,0
388481,0
388483,0
388489,0
388499,0
388519,0
388529,4
388541,0
388567,2
388573,0
388621,2
388651,0
388657,0
388673,2
388691,2
388693,0
388697,0
388699,0
388711,2
388727,0
388757,0
388777,4
388781,2
388789,0
388793,0
388813,4
388823,0
388837,0
388859,0
388879,0
388891,2
388897,0
388901,2
388903,0
388931,0
388933,2
388937,0
388961,4
388963,0
388991,0
389003,0
389023,0
389027,0
389029,0
389041,2
389047,2
389057,2
389083,2
389089,0
389099,0
389111,2
389117,0
389141,0
389149,0
389161,0
389167,2
389171,2
389173,0
389189,2
389219,0
389227,0
389231,2
389269,0
389273,2
389287,0
389297,0
389299,2
389303,2
389357,0
389369,2
389381,0
389399,0
389401,2
389437,2
389447,0
389461,2
389479,0
389483,4
389507,0
389513,0
389527,0
389531,0
389533,0
389539,0
389561,0
389563,0
389567,0
389569,0
389579,0
389591,0
389621,0
389629,0
389651,0
389659,2
389663,2
389687,2
389699,4
389713,0
389723,0
389743,2
389749,4
389761,2
389773,0
389783,2
389791,0
389797,2
389819,0
389839,0
389849,2
389867,6
389891,2
389897,2
389903,0
389911,0
389923,0
389927,0
389941,0
389947,0
389953,0
389957,0
389971,0
389981,0
389989,2
389999,0
390001,0
390043,2
390067,0
390077,0
390083,0
390097,0
390101,0
390107,2
390109,0
390113,0
390119,0
390151,2
390157,0
390161,4
390191,0
390193,0
390199,0
390209,0
390211,0
390223,0
390263,2
390281,0
390289,6
390307,4
390323,2
390343,0
390347,0
390353,0
390359,0
390367,0
390373,0
390389,0
390391,0
390407,0
390413,0
390419,0
390421,2
390433,0
390437,6
390449,2
390463,0
390479,0
390487,0
390491,0
390493,2
390499,0
390503,0
390527,4
390539,2
390553,0
390581,0
390647,0
390653,0
390671,2
390673,0
390703,0
390707,0
390721,0
390727,2
390737,0
390739,2
390743,0
390751,0
390763,0
390781,0
390791,0
390809,0
390821,0
390829,0
390851,2
390869,2
390877,2
390883,2
390889,4
390893,2
390953,2
390959,2
390961,0
390967,0
390989,0
390991,2
391009,6
391019,4
391021,0
391031,0
391049,0
391057,0
391063,0
391067,0
391073,0
391103,0
391117,0
391133,2
391151,2
391159,2
391163,0
391177,0
391199,0
391217,0
391219,2
391231,2
391247,0
391249,0
391273,0
391283,0
391291,2
391301,0
391331,0
391337,0
391351,0
391367,2
391373,8
391379,0
391387,2
391393,0
391397,0
391399,0
391403,2
391441,0
391451,2
391453,0
391487,2
391519,2
391537,0
391553,4
391579,6
391613,2
391619,0
391627,2
391631,0
391639,0
391661,6
391679,0
391691,0
391693,0
391711,2
391717,2
391733,0
391739,0
391751,2
391753,0
391757,0
391789,2
391801,4
391817,0
391823,2
391847,2
391861,2
391873,4
391879,2
391889,0
391891,0
391903,2
391907,2
391921,2
391939,0
391961,0
391967,0
391987,0
391999,0
392011,2
392033,2
392053,2
392059,2
392069,2
392087,0
392099,0
392101,0
392111,0
392113,0
392131,0
392143,0
392149,0
392153,2
392159,2
392177,2
392201,0
392209,0
392213,2
392221,0
392233,0
392239,0
392251,2
392261,2
392263,2
392267,0
392269,0
392279,2
392281,0
392297,0
392299,2
392321,0
392333,0
392339,4
392347,0
392351,0
392363,2
392383,0
392389,0
392423,0
392437,0
392443,0
392467,2
392473,4
392477,0
392489,0
392503,0
392519,0
392531,0
392543,2
392549,2
392569,2
392593,0
392599,0
392611,6
392629,0
392647,0
392663,0
392669,0
392699,0
392723,0
392737,0
392741,0
392759,0
392761,0
392767,4
392803,2
392807,6
392809,2
392827,0
392831,2
392837,2
392849,2
392851,6
392857,0
392879,2
392893,0
392911,0
392923,0
392927,0
392929,2
392957,0
392963,2
392969,0
392981,2
392983,0
393007,2
393013,2
393017,4
393031,0
393059,0
393073,0
393077,0
393079,0
393083,0
393097,2
393103,0
393109,0
393121,2
393137,2
393143,0
393157,0
393161,0
393181,0
393187,2
393191,0
393203,0
393209,0
393241,2
393247,0
393257,2
393271,0
393287,0
393299,2
393301,2
393311,2
393331,4
393361,0
393373,0
393377,0
393383,2
393401,0
393403,0
393413,0
393451,2
393473,0
393479,2
393487,0
393517,0
393521,2
393539,4
393541,0
393551,2
393557,4
393571,6
393577,0
393581,4
393583,2
393587,0
393593,2
393611,0
393629,0
393637,2
393649,0
393667,2
393671,0
393677,2
393683,6
393697,0
393709,0
393713,0
393721,4
393727,4
393739,0
393749,2
393761,2
393779,4
393797,0
393847,2
393853,0
393857,0
393859,2
393863,2
393871,4
393901,4
393919,0
393929,0
393931,0
393947,0
393961,2
393977,0
393989,0
393997,0
394007,0
394019,0
394039,2
394049,2
394063,2
394073,2
394099,2
394123,0
394129,2
394153,0
394157,2
394169,0
394187,0
394201,2
394211,0
394223,2
394241,0
394249,2
394259,0
394271,4
394291,0
394319,0
394327,0
394357,0
394363,0
394367,0
394369,2
394393,0
394409,0
394411,0
394453,2
394481,0
394489,2
394501,0
394507,0
394523,2
394529,2
394549,0
394571,0
394577,0
394579,0
394601,0
394619,0
394631,2
394633,0
394637,0
394643,0
394673,2
394699,8
394717,2
394721,0
394727,0
394729,2
394733,0
394739,0
394747,2
394759,2
394787,0
394811,0
394813,2
394817,2
394819,2
394829,2
394837,2
394861,0
394879,0
394897,0
394931,2
394943,0
394963,2
394967,0
394969,2
394981,0
394987,0
394993,2
395023,0
395027,2
395039,2
395047,2
395069,0
395089,2
395093,0
395107,0
395111,2
395113,0
395119,0
395137,0
395141,2
395147,0
395159,4
395173,0
395189,0
395191,0
395201,0
395231,2
395243,0
395251,0
395261,2
395273,4
395287,0
395293,0
395303,0
395309,0
395321,2
395323,2
395377,4
395383,2
395407,2
395429,0
395431,0
395443,4
395449,0
395453,2
395459,0
395491,0
395509,2
395513,0
395533,2
395537,2
395543,2
395581,0
395597,0
395611,0
395621,2
395627,0
395657,0
395671,0
395677,0
395687,0
395701,0
395719,0
395737,0
395741,2
395749,0
395767,0
395803,0
395849,4
395851,0
395873,6
395887,2
395891,0
395897,0
395909,0
395921,4
395953,0
395959,2
395971,2
396001,2
396029,2
396031,0
396041,2
396043,0
396061,0
396079,0
396091,2
396103,0
396107,0
396119,0
396157,0
396173,4
396181,4
396197,2
396199,0
396203,0
396217,0
396239,0
396247,0
396259,0
396269,0
396293,0
396299,6
396301,2
396311,0
396323,0
396349,0
396353,2
396373,0
396377,2
396379,2
396413,0
396427,0
396437,2
396443,2
396449,2
396479,4
396509,0
396523,0
396527,8
396533,2
396541,4
396547,0
396563,0
396577,2
396581,0
396601,0
396619,2
396623,2
396629,0
396631,2
396637,6
396647,4
396667,0
396679,0
396703,2
396709,0
396713,2
396719,0
396733,0
396833,2
396871,0
396881,2
396883,0
396887,0
396919,2
396931,0
396937,0
396943,2
396947,0
396953,0
396971,0
396983,0
396997,0
397013,2
397027,2
397037,2
397051,2
397057,2
397063,4
397073,0
397093,0
397099,0
397127,0
397151,6
397153,0
397181,0
397183,0
397211,0
397217,0
397223,0
397237,0
397253,0
397259,2
397283,0
397289,4
397297,0
397301,0
397303,2
397337,0
397351,2
397357,2
397361,2
397373,2
397379,0
397427,0
397429,0
397433,0
397459,0
397469,0
397489,2
397493,0
397517,0
397519,0
397541,0
397543,2
397547,0
397549,0
397567,6
397589,0
397591,2
397597,4
397633,0
397643,0
397673,0
397687,2
397697,4
397721,2
397723,0
397729,2
397751,2
397753,0
397757,0
397759,0
397763,0
397799,0
397807,0
397811,2
397829,0
397849,0
397867,0
397897,0
397907,2
397921,2
397939,0
397951,2
397963,4
397973,0
397981,2
398011,2
398023,0
398029,2
398033,2
398039,0
398053,0
398059,2
398063,2
398077,2
398087,0
398113,2
398117,0
398119,4
398129,2
398143,0
398149,0
398171,0
398207,0
398213,0
398219,4
398227,0
398249,4
398261,0
398267,2
398273,0
398287,4
398303,2
398311,0
398323,0
398339,4
398341,0
398347,2
398353,2
398357,0
398369,0
398393,0
398407,0
398417,0
398423,0
398441,0
398459,2
398467,0
398471,0
398473,0
398477,2
398491,0
398509,2
398539,0
398543,2
398549,0
398557,0
398569,2
398581,0
398591,0
398609,4
398611,2
398621,2
398627,2
398669,2
398681,0
398683,0
398693,2
398711,0
398729,2
398731,0
398759,4
398771,4
398813,0
398819,0
398821,0
398833,0
398857,0
398863,2
398887,0
398903,0
398917,0
398921,0
398933,0
398941,0
398969,0
398977,0
398989,0
399023,0
399031,0
399043,0
399059,0
399067,0
399071,0
399079,0
399097,6
399101,2
399107,2
399131,2
399137,0
399149,0
399151,0
399163,2
399173,0
399181,0
399197,0
399221,0
399227,0
399239,0
399241,0
399263,0
399271,0
399277,0
399281,0
399283,0
399353,0
399379,0
399389,0
399391,2
399401,0
399403,2
399409,0
399433,2
399439,2
399473,0
399481,2
399491,0
399493,0
399499,0
399523,4
399527,2
399541,0
399557,2
399571,2
399577,0
399583,4
399587,2
399601,0
399613,0
399617,0
399643,2
399647,0
399667,4
399677,0
399689,0
399691,0
399719,0
399727,0
399731,0
399739,4
399757,0
399761,0
399769,0
399781,0
399787,0
399793,4
399851,2
399853,0
399871,0
399887,2
399899,2
399911,2
399913,2
399937,0
399941,0
399953,4
399979,0
399983,0
399989,0
400009,2
400031,0
400033,2
400051,2
400067,0
400069,2
400087,2
400093,2
400109,0
400123,0
400151,2
400157,0
400187,0
400199,0
400207,0
400217,2
400237,2
400243,0
400247,0
400249,2
400261,0
400277,0
400291,2
400297,0
400307,0
400313,0
400321,2
400331,2
400339,2
400381,0
400391,6
400409,0
400417,0
400429,4
400441,0
400457,0
400471,0
400481,2
400523,0
400559,0
400579,0
400597,2
400601,0
400607,2
400619,0
400643,0
400651,0
400657,2
400679,0
400681,0
400703,2
400711,0
400721,2
400723,0
400739,0
400753,0
400759,0
400823,0
400837,0
400849,4
400853,0
400859,2
400871,2
400903,0
400927,0
400931,4
400943,0
400949,2
400963,0
400997,6
401017,0
401029,0
401039,2
401053,2
401057,0
401069,0
401077,0
401087,0
401101,0
401113,0
401119,0
401161,0
401173,0
401179,2
401201,2
401209,0
401231,0
401237,0
401243,2
401279,0
401287,0
401309,0
401311,0
401321,2
401329,0
401341,2
401347,0
401371,0
401381,0
401393,0
401407,4
401411,0
401417,6
401473,0
401477,0
401507,0
401519,0
401537,0
401539,4
401551,0
401567,0
401587,4
401593,2
401627,0
401629,2
401651,0
401669,0
401671,0
401689,0
401707,0
401711,0
401743,0
401771,0
401773,0
401809,0
401813,2
401827,2
401839,0
401861,0
401867,2
401887,0
401903,0
401909,0
401917,0
401939,2
401953,0
401957,0
401959,0
401981,2
401987,0
401993,0
402023,2
402029,0
402037,0
402043,0
402049,2
402053,2
402071,4
402089,2
402091,2
402107,0
402131,0
402133,0
402137,2
402139,0
402197,2
402221,2
402223,2
402239,0
402253,2
402263,0
402277,2
402299,0
402307,0
402313,0
402329,2
402331,0
402341,0
402343,0
402359,2
402361,0
402371,0
402379,0
402383,0
402403,2
402419,0
402443,0
402487,0
402503,0
402511,0
402517,4
402527,0
402529,4
402541,0
402551,2
402559,2
402581,0
402583,0
402587,2
402593,0
402601,2
402613,2
402631,0
402691,0
402697,0
402739,0
402751,2
402757,0
402761,2
402763,2
402767,0
402769,0
402797,0
402803,0
402817,0
402823,0
402847,0
402851,2
402859,0
402863,0
402869,0
402881,0
402923,6
402943,2
402947,2
402949,2
402991,0
403001,2
403003,0
403037,2
403043,0
403049,0
403057,0
403061,2
403063,0
403079,2
403097,0
403103,0
403133,2
403141,0
403159,0
403163,2
403181,2
403219,0
403241,0
403243,2
403253,4
403261,0
403267,0
403289,0
403301,2
403309,0
403327,2
403331,0
403339,0
403363,6
403369,0
403387,2
403391,2
403433,0
403439,0
403483,0
403499,0
403511,2
403537,6
403547,0
403549,0
403553,2
403567,2
403577,2
403591,0
403603,0
403607,0
403621,2
403649,0
403661,0
403679,0
403681,0
403687,0
403703,2
403717,2
403721,2
403729,0
403757,2
403783,2
403787,2
403817,0
403829,2
403831,0
403849,0
403861,4
403867,0
403877,0
403889,0
403901,0
403933,2
403951,2
403957,0
403969,0
403979,0
403981,0
403993,0
404009,0
404011,2
404017,0
404021,0
404029,0
404051,0
404081,2
404099,0
404113,2
404119,0
404123,2
404161,2
404167,0
404177,2
404189,0
404191,2
404197,0
404213,0
404221,4
404249,0
404251,0
404267,0
404269,0
404273,0
404291,2
404309,0
404321,0
404323,0
404357,2
404381,0
404387,2
404389,4
404399,0
404419,0
404423,2
404429,0
404431,0
404449,0
404461,0
404483,0
404489,0
404497,0
404507,0
404513,0
404527,2
404531,0
404533,4
404539,0
404557,0
404597,0
404671,2
404693,4
404699,4
404713,2
404773,2
404779,4
404783,0
404819,0
404827,0
404837,2
404843,2
404849,4
404851,0
404941,4
404951,2
404959,0
404969,2
404977,2
404981,2
404983,0
405001,2
405011,2
405029,0
405037,2
405047,0
405049,0
405071,0
405073,0
405089,0
405091,4
405143,2
405157,0
405179,0
405199,2
405211,2
405221,2
405227,0
405239,0
405241,0
405247,0
405253,2
405269,0
405277,2
405287,2
405299,0
405323,0
405341,0
405343,0
405347,0
405373,2
405401,0
405407,0
405413,0
405437,6
405439,0
405473,0
405487,0
405491,0
405497,2
405499,0
405521,0
405527,0
405529,0
405541,2
405553,0
405577,0
405599,0
405607,2
405611,2
405641,4
405659,0
405667,10
405677,0
405679,0
405683,0
405689,0
405701,0
405703,0
405709,2
405719,0
405731,0
405749,2
405763,0
405767,4
405781,2
405799,4
405817,0
405827,0
405829,4
405857,0
405863,2
405869,2
405871,0
405893,0
405901,0
405917,0
405947,0
405949,2
405959,2
405967,0
405989,2
405991,0
405997,0
406013,0
406027,4
406037,2
406067,0
406073,0
406093,0
406117,2
406123,2
406169,2
406171,2
406177,2
406183,2
406207,0
406247,2
406253,2
406267,2
406271,0
406309,2
406313,0
406327,0
406331,2
406339,0
406349,0
406361,0
406381,2
406397,0
406403,0
406423,0
406447,0
406481,0
406499,4
406501,0
406507,6
406513,2
406517,6
406531,4
406547,0
406559,2
406561,0
406573,0
406577,0
406579,2
406583,2
406591,0
406631,2
406633,0
406649,2
406661,0
406673,0
406697,2
406699,0
406717,2
406729,0
406739,0
406789,0
406807,2
406811,0
406817,0
406837,2
406859,2
406873,2
406883,2
406907,0
406951,2
406969,2
406981,2
406993,0
407023,2
407047,0
407059,0
407083,2
407119,0
407137,0
407149,2
407153,0
407177,2
407179,2
407191,0
407203,2
407207,0
407219,0
407221,0
407233,0
407249,2
407257,2
407263,0
407273,0
407287,4
407291,2
407299,4
407311,0
407317,0
407321,2
407347,0
407357,0
407359,0
407369,2
407377,2
407383,2
407401,2
407437,0
407471,0
407483,0
407489,0
407501,0
407503,0
407509,0
407521,2
407527,0
407567,0
407573,0
407579,2
407587,0
407599,0
407621,2
407633,0
407639,2
407651,4
407657,2
407669,0
407699,0
407707,4
407713,0
407717,2
407723,2
407741,0
407747,2
407783,0
407789,4
407791,0
407801,0
407807,0
407821,0
407833,0
407843,0
407857,2
407861,0
407879,2
407893,0
407899,0
407917,0
407923,0
407947,2
407959,2
407969,0
407971,0
407977,0
407993,0
408011,0
408019,0
408041,0
408049,4
408071,2
408077,2
408091,0
408127,0
408131,2
408137,0
408169,0
408173,2
408197,2
408203,2
408209,0
408211,2
408217,0
408223,0
408229,0
408241,0
408251,0
408263,2
408271,0
408283,0
408311,0
408337,0
408341,4
408347,4
408361,0
408379,0
408389,0
408403,2
408413,0
408427,2
408431,0
408433,0
408437,2
408461,0
408469,4
408479,2
408491,0
408497,2
408533,0
408539,0
408553,2
408563,0
408607,2
408623,2
408631,0
408637,0
408643,2
408659,0
408677,2
408689,2
408691,0
408701,2
408703,0
408713,0
408719,2
408743,2
408763,4
408769,0
408773,0
408787,0
408803,0
408809,0
408817,0
408841,2
408857,0
408869,0
408911,0
408913,0
408923,2
408943,4
408953,0
408959,0
408971,0
408979,2
408997,0
409007,0
409021,0
409027,0
409033,0
409043,4
409063,0
409069,0
409081,4
409099,0
409121,2
409153,2
409163,0
409177,2
409187,0
409217,6
409237,2
409259,0
409261,0
409267,0
409271,4
409289,0
409291,0
409327,0
409333,0
409337,0
409349,0
409351,0
409369,4
409379,0
409391,0
409397,2
409429,0
409433,0
409441,0
409463,2
409471,0
409477,0
409483,0
409499,0
409517,0
409523,0
409529,0
409543,2
409573,4
409579,2
409589,2
409597,2
409609,0
409639,2
409657,0
409691,0
409693,2
409709,0
409711,0
409723,0
409729,0
409733,6
409753,4
409769,0
409777,0
409781,0
409813,2
409817,0
409823,0
409831,0
409841,4
409861,0
409867,0
409879,0
409889,0
409891,2
409897,0
409901,0
409909,0
409933,4
409943,0
409951,4
409961,2
409967,0
409987,4
409993,2
409999,0
410009,4
410029,0
410063,2
410087,0
410093,0
410117,2
410119,0
410141,0
410143,0
410149,0
410171,4
410173,0
410203,2
410231,0
410233,0
410239,2
410243,0
410257,4
410279,0
410281,0
410299,4
410317,2
410323,0
410339,0
410341,2
410353,2
410359,0
410383,2
410387,2
410393,0
410401,0
410411,0
410413,0
410453,2
410461,6
410477,0
410489,0
410491,0
410497,2
410507,0
410513,0
410519,0
410551,2
410561,8
410587,4
410617,0
410621,0
410623,4
410629,0
410651,2
410659,2
410671,0
410687,0
410701,0
410717,0
410731,0
410741,0
410747,0
410749,0
410759,2
410783,0
410789,0
410801,0
410807,0
410819,0
410833,6
410857,2
410899,2
410903,2
410929,0
410953,2
410983,0
410999,4
411001,2
411007,2
411011,0
411013,2
411031,2
411041,2
411049,2
411067,2
411071,0
411083,4
411101,0
411113,2
411119,0
411127,0
411143,2
411157,0
411167,2
411193,0
411197,0
411211,0
411233,0
411241,0
411251,0
411253,2
411259,0
411287,0
411311,0
411337,0
411347,0
411361,0
411371,6
411379,0
411409,4
411421,0
411443,0
411449,0
411469,0
411473,0
411479,0
411491,0
411503,0
411527,2
411529,0
411557,0
411563,0
411569,2
411577,0
411583,2
411589,2
411611,2
411613,0
411617,0
411637,0
411641,2
411667,0
411679,0
411683,2
411703,2
411707,0
411709,0
411721,2
411727,0
411737,0
411739,2
411743,2
411751,0
411779,2
411799,0
411809,0
411821,2
411823,0
411833,0
411841,0
411883,0
411919,0
411923,2
411937,0
411941,2
411947,0
411967,0
411991,4
412001,2
412007,0
412019,0
412031,0
412033,0
412037,2
412039,0
412051,2
412067,2
412073,0
412081,0
412099,0
412109,2
412123,0
412127,0
412133,0
412147,4
412157,2
412171,0
412187,0
412189,2
412193,0
412201,0
412211,0
412213,4
412219,0
412249,0
412253,4
412273,0
412277,0
412289,0
412303,0
412333,0
412339,0
412343,0
412387,0
412397,4
412411,0
412457,2
412463,0
412481,0
412487,0
412493,0
412537,2
412561,2
412567,0
412571,0
412589,2
412591,0
412603,0
412609,2
412619,2
412627,4
412637,4
412639,0
412651,0
412663,2
412667,2
412717,0
412739,2
412771,2
412793,2
412807,2
412831,2
412849,0
412859,2
412891,0
412901,2
412903,2
412939,0
412943,4
412949,0
412967,0
412987,2
413009,0
413027,0
413033,2
413053,2
413069,2
413071,0
413081,2
413087,2
413089,0
413093,0
413111,0
413113,0
413129,0
413141,2
413143,0
413159,2
413167,0
413183,0
413197,2
413201,0
413207,4
413233,2
413243,0
413251,2
413263,2
413267,0
413293,2
413299,2
413353,0
413411,2
413417,0
413429,2
413443,4
413461,0
413477,2
413521,0
413527,0
413533,2
413537,4
413551,0
413557,4
413579,2
413587,0
413597,4
413629,0
413653,6
413681,2
413683,2
413689,0
413711,4
413713,2
413719,0
413737,2
413753,0
413759,0
413779,2
413783,4
413807,0
413827,0
413849,2
413863,0
413867,0
413869,0
413879,0
413887,2
413911,0
413923,2
413951,0
413981,0
414013,0
414017,4
414019,2
414031,0
414049,0
414053,0
414061,0
414077,0
414083,2
414097,2
414101,0
414107,0
414109,2
414131,2
414157,2
414179,0
414199,0
414203,2
414209,0
414217,2
414221,2
414241,0
414259,4
414269,0
414277,2
414283,0
414311,4
414313,0
414329,0
414331,2
414347,0
414361,0
414367,0
414383,0
414389,0
414397,0
414413,0
414431,2
414433,0
414451,0
414457,4
414461,2
414467,2
414487,6
414503,0
414521,2
414539,4
414553,0
414559,0
414571,2
414577,0
414607,0
414611,6
414629,0
414641,0
414643,0
414653,0
414677,4
414679,2
414683,0
414691,2
414697,0
414703,0
414707,0
414709,0
414721,4
414731,0
414737,0
414763,2
414767,2
414769,2
414773,0
414779,2
414793,4
414803,2
414809,2
414833,0
414857,2
414871,0
414889,2
414893,2
414899,0
414913,0
414923,0
414929,0
414949,2
414959,2
414971,0
414977,0
414991,2
415013,0
415031,0
415039,0
415061,0
415069,2
415073,6
415087,0
415097,0
415109,0
415111,0
415133,0
415141,0
415147,0
415153,0
415159,0
415171,0
415187,2
415189,0
415201,0
415213,0
415231,0
415253,0
415271,0
415273,0
415319,0
415343,4
415379,2
415381,4
415391,2
415409,0
415427,2
415447,0
415469,2
415477,4
415489,0
415507,4
415517,0
415523,2
415543,0
415553,2
415559,4
415567,0
415577,2
415603,0
415607,2
415609,2
415627,2
415631,0
415643,0
415651,4
415661,2
415669,2
415673,0
415687,0
415691,0
415697,0
415717,0
415721,2
415729,0
415759,0
415783,0
415787,2
415799,0
415801,0
415819,0
415823,0
415861,6
415873,8
415879,0
415901,0
415931,2
415937,0
415949,0
415951,2
415957,2
415963,2
415969,0
415979,0
415993,0
415999,0
416011,2
416023,2
416071,0
416077,0
416089,2
416107,2
416147,2
416149,0
416153,0
416159,2
416167,2
416201,0
416219,0
416239,2
416243,0
416249,0
416257,0
416263,2
416281,0
416291,0
416333,0
416359,0
416387,4
416389,2
416393,4
416399,0
416401,0
416407,2
416413,4
416417,0
416419,2
416441,0
416443,0
416459,0
416473,2
416477,0
416491,4
416497,4
416501,0
416503,0
416513,0
416531,0
416543,0
416573,0
416579,0
416593,0
416621,2
416623,2
416629,2
416659,2
416677,0
416693,2
416719,0
416761,2
416797,0
416821,0
416833,2
416839,2
416849,2
416851,2
416873,0
416881,0
416887,2
416947,2
416957,0
416963,0
416989,2
417007,0
417017,2
417019,6
417023,0
417037,2
417089,2
417097,4
417113,0
417119,0
417127,0
417133,2
417161,0
417169,0
417173,0
417181,0
417187,0
417191,0
417203,0
417217,4
417227,0
417239,2
417251,0
417271,0
417283,2
417293,0
417311,0
417317,0
417331,0
417337,0
417371,2
417377,0
417379,2
417383,2
417419,0
417437,0
417451,2
417457,0
417479,0
417491,4
417493,2
417509,4
417511,2
417523,2
417541,2
417553,2
417559,0
417577,0
417581,0
417583,2
417617,2
417623,0
417631,0
417643,0
417649,2
417671,0
417691,2
417719,2
417721,0
417727,0
417731,0
417733,0
417737,4
417751,2
417763,2
417773,0
417793,0
417811,2
417821,2
417839,0
417863,0
417869,2
417881,0
417883,2
417899,2
417931,2
417941,0
417947,0
417953,0
417959,2
417961,0
417983,0
417997,0
418007,2
418009,4
418027,2
418031,4
418043,2
418051,0
418069,0
418073,2
418079,0
418087,2
418109,0
418129,0
418157,4
418169,4
418177,2
418181,0
418189,0
418199,0
418207,0
418219,0
418259,0
418273,0
418279,2
418289,0
418303,2
418321,0
418331,0
418337,0
418339,0
418343,0
418349,0
418351,0
418357,2
418373,2
418381,0
418391,0
418423,2
418427,0
418447,4
418459,2
418471,4
418493,2
418511,0
418553,0
418559,2
418597,2
418601,0
418603,0
418631,0
418633,2
418637,0
418657,2
418667,0
418699,0
418709,0
418721,0
418739,2
418751,2
418763,0
418771,0
418783,0
418787,0
418793,0
418799,2
418811,0
418813,0
418819,0
418837,2
418843,0
418849,0
418861,0
418867,2
418871,2
418883,2
418889,0
418909,0
418921,4
418927,0
418933,0
418939,2
418961,0
418981,4
418987,2
418993,4
418997,2
419047,2
419051,0
419053,0
419057,0
419059,2
419087,2
419141,2
419147,0
419161,2
419171,0
419183,2
419189,0
419191,0
419201,0
419231,0
419249,2
419261,0
419281,4
419291,0
419297,0
419303,2
419317,0
419329,0
419351,0
419383,0
419401,2
419417,2
419423,0
419429,0
419443,2
419449,0
419459,0
419467,2
419473,2
419477,2
419483,0
419491,0
419513,0
419527,0
419537,2
419557,2
419561,0
419563,2
419567,2
419579,0
419591,2
419597,0
419599,2
419603,2
419609,2
419623,0
419651,2
419687,4
419693,0
419701,0
419711,0
419743,0
419753,0
419777,2
419789,0
419791,2
419801,2
419803,2
419821,2
419827,4
419831,0
419873,2
419893,0
419921,2
419927,2
419929,2
419933,6
419953,0
419959,2
419999,0
420001,2
420029,2
420037,0
420041,2
420047,2
420073,0
420097,6
420103,2
420149,0
420163,0
420191,2
420193,0
420221,0
420241,2
420253,0
420263,0
420269,0
420271,2
420293,0
420307,0
420313,4
420317,6
420319,2
420323,2
420331,0
420341,2
420349,0
420353,0
420361,0
420367,0
420383,0
420397,2
420419,0
420421,0
420439,0
420457,2
420467,0
420479,2
420481,0
420499,2
420503,2
420521,2
420551,6
420557,0
420569,0
420571,0
420593,0
420599,2
420613,0
420671,2
420677,2
420683,0
420691,0
420731,0
420737,0
420743,0
420757,0
420769,0
420779,2
420781,0
420799,4
420803,2
420809,2
420811,2
420851,0
420853,0
420857,0
420859,0
420899,2
420919,0
420929,2
420941,0
420967,2
420977,4
420997,4
421009,0
421019,0
421033,0
421037,0
421049,2
421079,2
421081,0
421093,0
421103,0
421121,2
421123,0
421133,0
421147,2
421159,0
421163,0
421177,0
421181,2
421189,0
421207,2
421241,0
421273,2
421279,0
421303,0
421313,4
421331,0
421339,2
421349,2
421361,0
421381,0
421397,4
421409,0
421417,4
421423,2
421433,0
421453,0
421459,0
421469,0
421471,0
421483,0
421493,2
421501,0
421517,0
421559,2
421607,2
421609,0
421621,2
421633,0
421639,0
421643,0
421657,2
421661,2
421691,0
421697,0
421699,0
421703,4
421709,2
421711,0
421717,0
421727,0
421739,2
421741,0
421783,0
421801,0
421807,0
421831,0
421847,0
421891,0
421907,2
421913,0
421943,0
421973,2
421987,2
421997,4
422029,0
422041,0
422057,0
422063,0
422069,4
422077,0
422083,0
422087,2
422089,0
422099,0
422101,0
422111,0
422113,0
422129,0
422137,0
422141,4
422183,0
422203,2
422209,0
422231,0
422239,0
422243,0
422249,0
422267,0
422287,0
422291,4
422309,0
422311,2
422321,0
422339,0
422353,2
422363,0
422369,0
422377,0
422393,0
422407,0
422431,2
422453,0
422459,0
422479,2
422537,2
422549,6
422551,0
422557,0
422563,0
422567,2
422573,0
422581,0
422621,0
422627,0
422657,0
422689,2
422701,0
422707,0
422711,0
422749,0
422753,2
422759,0
422761,2
422789,2
422797,0
422803,0
422827,2
422857,2
422861,0
422867,0
422869,2
422879,0
422881,0
422893,0
422897,0
422899,2
422911,2
422923,4
422927,0
422969,0
422987,2
423001,0
423013,2
423019,2
423043,0
423053,2
423061,0
423067,4
423083,0
423091,2
423097,2
423103,0
423109,0
423121,0
423127,0
423133,0
423173,0
423179,2
423191,2
423209,0
423221,4
423229,0
423233,2
423251,0
423257,0
423259,0
423277,0
423281,2
423287,0
423289,0
423299,2
423307,0
423323,0
423341,0
423347,0
423389,2
423403,0
423413,0
423427,0
423431,2
423439,0
423457,0
423461,0
423463,0
423469,0
423481,0
423497,0
423503,0
423509,0
423541,0
423547,2
423557,0
423559,0
423581,0
423587,2
423601,0
423617,0
423649,0
423667,2
423697,0
423707,4
423713,2
423727,0
423749,0
423751,0
423763,0
423769,0
423779,0
423781,0
423791,0
423803,0
423823,0
423847,2
423853,0
423859,0
423869,0
423883,4
423887,4
423931,0
423949,2
423961,0
423977,0
423989,0
423991,0
424001,2
424003,0
424007,0
424019,2
424027,0
424037,0
424079,2
424091,0
424093,4
424103,0
424117,0
424121,2
424129,2
424139,2
424147,0
424157,2
424163,0
424169,0
424187,0
424199,2
424223,0
424231,4
424243,0
424247,2
424261,0
424267,0
424271,0
424273,0
424313,0
424331,2
424339,0
424343,0
424351,2
424397,0
424423,0
424429,2
424433,0
424451,0
424471,0
424481,0
424493,2
424519,0
424537,0
424547,0
424549,2
424559,2
424573,0
424577,0
424597,0
424601,2
424639,0
424661,0
424667,2
424679,4
424687,0
424693,0
424709,0
424727,0
424729,0
424757,0
424769,0
424771,4
424777,2
424811,0
424817,0
424819,0
424829,2
424841,0
424843,2
424849,0
424861,0
424867,0
424889,0
424891,0
424903,0
424909,0
424913,4
424939,4
424961,0
424967,2
424997,0
425003,0
425027,0
425039,0
425057,0
425059,0
425071,2
425083,2
425101,0
425107,2
425123,0
425147,0
425149,6
425189,0
425197,0
425207,0
425233,0
425237,4
425251,2
425273,0
425279,6
425281,0
425291,4
425297,0
425309,2
425317,0
425329,0
425333,0
425363,2
425377,0
425387,0
425393,0
425417,0
425419,0
425423,0
425441,2
425443,4
425471,0
425473,0
425489,0
425501,4
425519,2
425521,0
425533,0
425549,0
425563,0
425591,4
425603,0
425609,2
425641,0
425653,2
425681,4
425701,2
425713,2
425779,2
425783,0
425791,0
425801,0
425813,0
425819,2
425837,0
425839,2
425851,0
425857,2
425861,2
425869,2
425879,4
425899,2
425903,0
425911,0
425939,2
425959,0
425977,0
425987,0
425989,0
426007,0
426011,2
426061,0
426073,2
426077,0
426089,0
426091,2
426103,2
426131,0
426161,0
426163,2
426193,0
426197,2
426211,0
426229,0
426233,0
426253,0
426287,0
426301,0
426311,0
426319,0
426331,0
426353,4
426383,0
426389,0
426401,0
426407,2
426421,2
426427,0
426469,0
426487,2
426527,0
426541,0
426551,0
426553,2
426563,2
426583,2
426611,2
426631,0
426637,0
426641,0
426661,0
426691,0
426697,0
426707,2
426709,0
426731,0
426737,0
426739,0
426743,0
426757,2
426761,2
426763,0
426773,4
426779,2
426787,0
426799,2
426841,2
426859,0
426863,0
426871,0
426889,2
426893,2
426913,4
426917,2
426919,0
426931,0
426941,2
426971,0
426973,0
426997,0
427001,0
427013,2
427039,0
427043,0
427067,2
427069,0
427073,0
427079,0
427081,0
427103,2
427117,2
427151,2
427169,6
427181,0
427213,0
427237,0
427241,4
427243,6
427247,0
427249,2
427279,0
427283,2
427307,2
427309,0
427327,4
427333,0
427351,0
427369,2
427379,2
427381,0
427403,0
427417,0
427421,2
427423,2
427429,2
427433,4
427439,2
427447,2
427451,0
427457,0
427477,2
427513,0
427517,0
427523,0
427529,0
427541,0
427579,0
427591,0
427597,0
427619,0
427621,0
427681,0
427711,0
427717,2
427723,2
427727,4
427733,2
427751,2
427781,0
427787,2
427789,0
427813,0
427849,0
427859,2
427877,0
427879,0
427883,2
427913,2
427919,2
427939,0
427949,2
427951,0
427957,0
427967,2
427969,0
427991,0
427993,2
427997,0
428003,0
428023,0
428027,0
428033,0
428039,0
428041,0
428047,0
428083,2
428093,0
428137,0
428143,0
428147,0
428149,4
428161,0
428167,2
428173,2
428177,0
428221,2
428227,0
428231,0
428249,0
428251,0
428273,0
428297,0
428299,0
428303,0
428339,0
428353,0
428369,0
428401,2
428411,0
428429,0
428471,0
428473,4
428489,0
428503,2
428509,0
428531,6
428539,0
428551,0
428557,2
428563,2
428567,2
428569,2
428579,2
428629,2
428633,0
428639,0
428657,2
428663,0
428671,0
428677,0
428683,0
428693,0
428731,0
428741,0
428759,0
428777,0
428797,2
428801,2
428807,2
428809,0
428833,0
428843,6
428851,0
428863,0
428873,0
428899,0
428951,0
428957,0
428977,2
429007,2
429017,2
429043,0
429083,2
429101,2
429109,0
429119,6
429127,0
429137,0
429139,2
429161,0
429181,4
429197,2
429211,2
429217,2
429223,2
429227,2
429241,2
429259,0
429271,4
429277,0
429281,2
429283,0
429329,0
429347,0
429349,0
429361,0
429367,2
429389,0
429397,4
429409,0
429413,0
429427,2
429431,2
429449,2
429463,0
429467,0
429469,0
429487,0
429497,0
429503,2
429509,0
429511,0
429521,0
429529,2
429547,0
429551,0
429563,0
429581,0
429587,0
429589,2
429599,0
429631,2
429643,0
429659,0
429661,0
429673,0
429677,4
429679,2
429683,4
429701,2
429719,2
429727,0
429731,0
429733,2
429773,0
429791,0
429797,0
429817,4
429823,2
429827,2
429851,0
429853,2
429881,0
429887,2
429889,2
429899,0
429901,4
429907,2
429911,2
429917,0
429929,0
429931,0
429937,0
429943,4
429953,0
429971,6
429973,4
429991,0
430007,0
430009,4
430013,2
430019,2
430057,0
430061,0
430081,0
430091,2
430093,0
430121,2
430139,0
430147,0
430193,0
430259,2
430267,0
430277,0
430279,0
430289,2
430303,2
430319,0
430333,0
430343,0
430357,0
430393,0
430411,0
430427,0
430433,0
430453,0
430487,2
430499,0
430511,0
430513,2
430517,0
430543,2
430553,0
430571,0
430579,4
430589,0
430601,0
430603,0
430649,0
430663,0
430691,0
430697,0
430699,0
430709,0
430723,0
430739,0
430741,0
430747,0
430751,0
430753,0
430769,0
430783,2
430789,0
430799,2
430811,0
430819,0
430823,0
430841,2
430847,2
430861,0
430873,0
430879,0
430883,2
430891,2
430897,2
430907,0
430909,2
430921,2
430949,2
430957,0
430979,0
430981,4
430987,0
430999,0
431017,0
431021,2
431029,4
431047,0
431051,0
431063,0
431077,2
431083,0
431099,6
431107,4
431141,2
431147,4
431153,0
431173,2
431191,2
431203,0
431213,2
431219,4
431237,0
431251,0
431257,0
431267,4
431269,0
431287,0
431297,0
431311,2
431329,0
431339,0
431363,0
431369,2
431377,0
431381,2
431399,0
431423,2
431429,0
431441,0
431447,0
431449,2
431479,0
431513,2
431521,0
431533,4
431567,2
431581,0
431597,2
431603,0
431611,6
431617,2
431621,2
431657,0
431659,2
431663,0
431671,0
431693,0
431707,0
431729,2
431731,0
431759,0
431777,6
431797,0
431801,0
431803,2
431807,2
431831,0
431833,4
431857,0
431863,0
431867,0
431869,0
431881,2
431887,2
431891,2
431903,4
431911,0
431929,0
431933,0
431947,0
431983,2
431993,0
432001,0
432007,0
432023,0
432031,2
432037,6
432043,2
432053,2
432059,0
432067,2
432073,0
432097,0
432121,0
432137,2
432139,0
432143,0
432149,2
432161,2
432163,0
432167,0
432199,0
432203,0
432227,0
432241,0
432251,4
432277,2
432281,0
432287,0
432301,0
432317,0
432323,0
432337,0
432343,0
432349,0
432359,0
432373,0
432389,0
432391,0
432401,2
432413,4
432433,2
432437,0
432449,0
432457,0
432479,4
432491,0
432499,0
432503,0
432511,2
432527,0
432539,0
432557,0
432559,2
432569,2
432577,4
432587,2
432589,0
432613,4
432631,2
432637,0
432659,4
432661,0
432713,2
432721,0
432727,0
432737,0
432743,0
432749,0
432781,2
432793,4
432797,2
432799,4
432833,2
432847,0
432857,0
432869,0
432893,0
432907,0
432923,0
432931,2
432959,0
432961,0
432979,0
432983,0
432989,0
433003,4
433033,0
433049,2
433051,0
433061,0
433073,0
433079,2
433087,0
433093,2
433099,2
433117,0
433123,0
433141,0
433151,2
433187,0
433193,0
433201,2
433207,0
433229,0
433241,0
433249,2
433253,0
433259,0
433261,0
433267,2
433271,0
433291,4
433309,2
433319,2
433337,0
433351,0
433357,0
433361,0
433369,0
433373,0
433393,0
433399,0
433421,4
433429,2
433439,2
433453,0
433469,2
433471,0
433501,0
433507,0
433513,2
433549,0
433571,6
433577,0
433607,2
433627,0
433633,0
433639,2
433651,0
433661,0
433663,0
433673,4
433679,0
433681,0
433703,0
433723,0
433729,0
433747,2
433759,2
433777,0
433781,2
433787,0
433813,0
433817,0
433847,0
433859,2
433861,4
433877,0
433883,0
433889,2
433931,0
433943,0
433963,4
433967,2
433981,0
434009,0
434011,0
434029,2
434039,0
434081,4
434087,0
434107,0
434111,2
434113,0
434117,0
434141,0
434167,0
434179,2
434191,0
434201,0
434209,2
434221,0
434237,0
434243,0
434249,2
434261,2
434267,2
434293,2
434297,0
434303,6
434311,0
434323,0
434347,0
434353,0
434363,0
434377,0
434383,0
434387,0
434389,2
434407,0
434411,0
434431,0
434437,0
434459,4
434461,0
434471,0
434479,2
434501,0
434509,2
434521,0
434561,0
434563,0
434573,0
434593,0
434597,0
434611,0
434647,0
434659,0
434683,4
434689,0
434699,0
434717,0
434719,2
434743,0
434761,0
434783,0
434803,0
434807,0
434813,0
434821,0
434827,0
434831,0
434839,0
434849,2
434857,4
434867,0
434873,0
434881,2
434909,0
434921,0
434923,0
434927,2
434933,0
434939,4
434947,0
434957,2
434963,2
434977,2
434981,4
434989,2
435037,2
435041,0
435059,2
435103,0
435107,0
435109,4
435131,0
435139,0
435143,2
435151,4
435161,0
435179,0
435181,2
435187,0
435191,0
435221,4
435223,0
435247,0
435257,0
435263,2
435277,0
435283,0
435287,0
435307,0
435317,4
435343,2
435349,0
435359,0
435371,0
435397,0
435401,0
435403,0
435419,0
435427,0
435437,0
435439,0
435451,0
435481,0
435503,0
435529,0
435541,0
435553,0
435559,4
435563,2
435569,0
435571,0
435577,0
435583,4
435593,0
435619,0
435623,4
435637,0
435641,0
435647,0
435649,0
435653,0
435661,0
435679,0
435709,2
435731,0
435733,0
435739,0
435751,2
435763,0
435769,0
435779,0
435817,0
435839,2
435847,0
435857,2
435859,0
435881,0
435889,2
435893,2
435907,4
435913,2
435923,0
435947,0
435949,0
435973,0
435983,2
435997,0
436003,0
436013,2
436027,0
436061,4
436081,0
436087,0
436091,2
436097,0
436127,0
436147,6
436151,2
436157,0
436171,0
436181,0
436217,2
436231,0
436253,2
436273,2
436279,0
436283,0
436291,0
436307,2
436309,0
436313,0
436343,0
436357,4
436399,2
436417,0
436427,2
436439,2
436459,0
436463,4
436477,2
436481,2
436483,2
436507,2
436523,0
436529,2
436531,0
436547,2
436549,0
436571,0
436591,0
436607,2
436621,0
436627,0
436649,0
436651,0
436673,0
436687,2
436693,2
436717,0
436727,0
436729,2
436739,2
436741,0
436757,0
436801,0
436811,4
436819,0
436831,0
436841,2
436853,0
436871,4
436889,0
436913,4
436957,0
436963,0
436967,0
436973,0
436979,0
436993,0
436999,0
437011,2
437033,0
437071,2
437077,2
437083,0
437093,0
437111,4
437113,0
437137,0
437141,0
437149,4
437153,2
437159,0
437191,0
437201,0
437219,2
437237,4
437243,0
437263,2
437273,0
437279,0
437287,0
437293,2
437321,0
437351,2
437357,0
437363,0
437387,2
437389,2
437401,0
437413,2
437467,0
437471,2
437473,0
437497,2
437501,2
437509,0
437519,2
437527,0
437533,0
437539,2
437543,0
437557,4
437587,2
437629,0
437641,0
437651,0
437653,0
437677,0
437681,2
437687,2
437693,0
437719,0
437729,0
437743,0
437753,0
437771,0
437809,2
437819,2
437837,2
437849,0
437861,0
437867,0
437881,0
437909,0
437923,0
437947,2
437953,2
437959,0
437977,4
438001,0
438017,2
438029,0
438047,0
438049,0
438091,0
438131,0
438133,0
438143,0
438169,0
438203,0
438211,0
438223,0
438233,0
438241,2
438253,2
438259,0
438271,2
438281,0
438287,2
438301,0
438313,0
438329,0
438341,0
438377,0
438391,2
438401,2
438409,0
438419,0
438439,4
438443,0
438467,0
438479,0
438499,2
438517,0
438521,2
438523,0
438527,4
438533,0
438551,2
438569,2
438589,4
438601,0
438611,0
438623,0
438631,0
438637,2
438661,0
438667,0
438671,2
438701,0
438707,2
438721,2
438733,0
438761,4
438769,2
438793,0
438827,0
438829,0
438833,0
438847,0
438853,0
438869,0
438877,0
438887,0
438899,0
438913,0
438937,4
438941,0
438953,2
438961,0
438967,2
438979,0
438983,0
438989,4
439007,0
439009,0
439063,0
439081,2
439123,0
439133,0
439141,0
439157,2
439163,2
439171,2
439183,0
439199,0
439217,0
439253,0
439273,0
439279,0
439289,0
439303,0
439339,2
439349,2
439357,2
439367,4
439381,2
439409,0
439421,0
439427,2
439429,2
439441,2
439459,0
439463,4
439471,0
439493,0
439511,0
439519,2
439541,0
439559,0
439567,0
439573,0
439577,0
439583,2
439601,0
439613,0
439631,2
439639,0
439661,0
439667,0
439687,4
439693,4
439697,4
439709,0
439723,2
439729,0
439753,0
439759,0
439763,2
439771,0
439781,2
439787,0
439799,0
439811,2
439823,0
439849,2
439853,2
439861,4
439867,2
439883,2
439891,0
439903,0
439919,4
439949,0
439961,2
439969,2
439973,0
439981,0
439991,6
440009,2
440023,0
440039,0
440047,0
440087,2
440093,2
440101,0
440131,0
440159,0
440171,4
440177,2
440179,2
440183,0
440203,0
440207,2
440221,0
440227,0
440239,4
440261,0
440269,2
440281,2
440303,0
440311,0
440329,2
440333,0
440339,2
440347,0
440371,0
440383,0
440389,0
440393,0
440399,2
440431,0
440441,4
440443,0
440471,4
440497,0
440501,4
440507,0
440509,2
440527,0
440537,0
440543,0
440549,0
440551,0
440567,0
440569,0
440579,0
440581,0
440641,0
440651,0
440653,2
440669,0
440677,4
440681,0
440683,0
440711,2
440717,2
440723,2
440731,2
440753,0
440761,0
440773,0
440807,4
440809,2
440821,0
440831,0
440849,0
440863,0
440893,0
440903,0
440911,2
440939,2
440941,0
440953,2
440959,2
440983,0
440987,2
440989,2
441011,0
441029,0
441041,0
441043,0
441053,0
441073,0
441079,2
441101,0
441107,0
441109,0
441113,0
441121,0
441127,0
441157,6
441169,2
441179,2
441187,0
441191,0
441193,6
441229,2
441247,0
441251,2
441257,2
441263,0
441281,2
441307,0
441319,2
441349,0
441359,0
441361,0
441403,0
441421,2
441443,0
441449,4
441461,2
441479,0
441499,0
441517,0
441523,2
441527,2
441547,0
441557,0
441563,2
441569,2
441587,2
441607,6
441613,0
441619,2
441631,0
441647,0
441667,0
441697,0
441703,2
441713,0
441737,4
441751,0
441787,4
441797,0
441799,0
441811,2
441827,2
441829,0
441839,0
441841,0
441877,2
441887,2
441907,2
441913,0
441923,0
441937,2
441953,0
441971,0
442003,0
442007,2
442009,6
442019,0
442027,0
442031,0
442033,0
442061,2
442069,0
442097,0
442109,0
442121,4
442139,2
442147,0
442151,2
442157,2
442171,0
442177,2
442181,0
442193,0
442201,2
442207,2
442217,2
442229,0
442237,2
442243,0
442271,0
442283,0
442291,4
442319,0
442327,0
442333,2
442363,0
442367,4
442397,2
442399,0
442439,2
442447,2
442457,6
442469,0
442487,0
442489,2
442499,0
442501,0
442517,0
442531,0
442537,4
442571,0
442573,2
442577,0
442579,0
442601,4
442609,0
442619,2
442633,2
442691,0
442699,2
442703,0
442721,0
442733,2
442747,2
442753,0
442763,0
442769,0
442777,0
442781,0
442789,0
442807,4
442817,2
442823,4
442829,0
442831,0
442837,0
442843,4
442861,0
442879,0
442903,0
442919,0
442961,2
442963,0
442973,2
442979,0
442987,4
442991,0
442997,0
443011,0
443017,0
443039,2
443041,0
443057,4
443059,0
443063,2
443077,2
443089,0
443117,0
443123,0
443129,0
443147,2
443153,0
443159,2
443161,0
443167,0
443171,0
443189,0
443203,2
443221,0
443227,0
443231,2
443237,4
443243,0
443249,0
443263,2
443273,0
443281,0
443291,0
443293,0
443341,4
443347,2
443353,2
443363,2
443369,2
443389,0
443407,0
443413,0
443419,0
443423,0
443431,0
443437,2
443453,0
443467,0
443489,0
443501,2
443533,2
443543,2
443551,0
443561,0
443563,4
443567,2
443587,2
443591,2
443603,2
443609,2
443629,2
443659,0
443687,0
443689,0
443701,0
443711,6
443731,0
443749,0
443753,0
443759,0
443761,2
443771,2
443777,4
443791,2
443837,4
443851,2
443867,0
443869,0
443873,0
443879,0
443881,0
443893,0
443899,0
443909,0
443917,0
443939,0
443941,0
443953,0
443983,2
443987,0
443999,0
444001,0
444007,0
444029,0
444043,0
444047,2
444079,0
444089,0
444109,0
444113,0
444121,0
444127,0
444131,0
444151,2
444167,0
444173,0
444179,2
444181,2
444187,0
444209,0
444253,2
444271,0
444281,0
444287,0
444289,2
444293,0
444307,0
444341,2
444343,0
444347,2
444349,0
444401,6
444403,0
444421,2
444443,8
444449,0
444461,0
444463,2
444469,0
444473,2
444487,2
444517,2
444523,0
444527,0
444529,2
444539,0
444547,0
444553,0
444557,0
444569,0
444589,0
444607,0
444623,2
444637,2
444641,0
444649,0
444671,0
444677,2
444701,0
444713,0
444739,4
444767,2
444791,2
444793,0
444803,0
444811,0
444817,0
444833,0
444841,2
444859,2
444863,0
444869,0
444877,0
444883,0
444887,0
444893,2
444901,0
444929,0
444937,0
444953,2
444967,0
444971,2
444979,0
445001,2
445019,0
445021,2
445031,0
445033,2
445069,2
445087,0
445091,4
445097,0
445103,0
445141,0
445157,2
445169,2
445183,0
445187,4
445199,2
445229,4
445261,2
445271,2
445279,2
445283,0
445297,4
445307,0
445321,4
445339,0
445363,2
445427,2
445433,0
445447,0
445453,2
445463,2
445477,0
445499,2
445507,0
445537,2
445541,2
445567,0
445573,2
445583,2
445589,4
445597,0
445619,0
445631,2
445633,0
445649,0
445657,4
445691,2
445699,2
445703,0
445741,0
445747,0
445769,0
445771,4
445789,0
445799,0
445807,2
445829,2
445847,2
445853,4
445871,0
445877,2
445883,6
445891,4
445931,0
445937,4
445943,0
445967,0
445969,0
446003,0
446009,0
446041,0
446053,2
446081,0
446087,4
446111,0
446123,0
446129,0
446141,0
446179,0
446189,0
446191,2
446197,0
446221,2
446227,0
446231,2
446261,0
446263,2
446273,0
446279,2
446293,2
446309,0
446323,4
446333,0
446353,0
446363,2
446387,0
446389,0
446399,0
446401,0
446417,2
446441,0
446447,2
446461,2
446473,0
446477,2
446503,0
446533,2
446549,0
446561,4
446569,2
446597,2
446603,2
446609,0
446647,0
446657,0
446713,0
446717,2
446731,0
446753,2
446759,2
446767,0
446773,2
446819,0
446827,4
446839,0
446863,4
446881,0
446891,2
446893,2
446909,0
446911,0
446921,0
446933,0
446951,0
446969,4
446983,0
447001,0
447011,2
447019,2
447053,0
447067,0
447079,0
447101,0
447107,0
447119,4
447133,2
447137,0
447173,0
447179,0
447193,0
447197,2
447211,0
447217,4
447221,0
447233,4
447247,2
447257,2
447259,0
447263,2
447311,0
447319,0
447323,0
447331,2
447353,2
447401,0
447409,2
447427,2
447439,0
447443,0
447449,0
447451,0
447463,0
447467,2
447481,0
447509,0
447521,0
447527,2
447541,0
447569,2
447571,2
447611,0
447617,2
447637,0
447641,0
447677,0
447683,0
447701,4
447703,2
447743,2
447749,0
447757,0
447779,0
447791,2
447793,2
447817,0
447823,0
447827,2
447829,0
447841,0
447859,0
447877,0
447883,0
447893,0
447901,0
447907,0
447943,0
447961,0
447983,0
447991,0
448003,0
448013,4
448027,2
448031,0
448057,0
448067,0
448073,4
448093,0
448111,0
448121,0
448139,0
448141,4
448157,0
448159,2
448169,4
448177,0
448187,2
448193,4
448199,0
448207,0
448241,2
448249,0
448303,0
448309,0
448313,4
448321,4
448351,0
448363,0
448367,0
448373,0
448379,0
448387,0
448397,2
448421,0
448451,2
448519,0
448531,0
448561,0
448597,2
448607,2
448627,0
448631,0
448633,2
448667,4
448687,0
448697,0
448703,0
448727,2
448733,8
448741,0
448769,0
448793,0
448801,0
448807,0
448829,0
448843,0
448853,0
448859,6
448867,4
448871,0
448873,2
448879,4
448883,0
448907,0
448927,2
448939,0
448969,0
448993,2
448997,0
448999,0
449003,2
449011,0
449051,2
449077,0
449083,0
449093,2
449107,2
449117,0
449129,2
449131,4
449149,0
449153,2
449161,2
449171,0
449173,2
449201,2
449203,6
449209,0
449227,0
449243,2
449249,0
449261,2
449263,0
449269,0
449287,0
449299,0
449303,2
449311,0
449321,2
449333,0
449347,2
449353,2
449363,2
449381,2
449399,0
449411,2
449417,0
449419,0
449437,0
449441,4
449459,0
449473,0
449543,2
449549,0
449557,2
449563,2
449567,0
449569,0
449591,0
449609,0
449621,0
449629,0
449653,2
449663,0
449671,0
449677,4
449681,0
449689,0
449693,0
449699,0
449741,2
449759,0
449767,2
449773,0
449783,0
449797,4
449807,0
449821,0
449833,0
449851,0
449879,0
449921,0
449929,0
449941,2
449951,0
449959,2
449963,4
449971,4
449987,0
449989,0
450001,2
450011,0
450019,0
450029,0
450067,0
450071,0
450077,0
450083,2
450101,0
450103,4
450113,2
450127,0
450137,0
450161,2
450169,0
450193,0
450199,2
450209,0
450217,2
450223,0
450227,4
450239,0
450257,0
450259,2
450277,0
450287,0
450293,0
450299,4
450301,2
450311,0
450343,0
450349,2
450361,0
450367,0
450377,0
450383,0
450391,0
450403,0
450413,0
450421,2
450431,2
450451,0
450473,4
450479,0
450481,0
450487,2
450493,0
450503,4
450529,4
450533,2
450557,0
450563,0
450581,2
450587,0
450599,2
450601,0
450617,0
450641,2
450643,0
450649,0
450677,0
450691,2
450707,0
450719,2
450727,0
450761,0
450767,0
450787,2
450797,6
450799,2
450803,0
450809,0
450811,2
450817,0
450829,2
450839,0
450841,0
450847,2
450859,0
450881,2
450883,6
450887,2
450893,2
450899,0
450913,0
450917,0
450929,2
450943,2
450949,2
450971,4
450991,2
450997,2
451013,0
451039,2
451051,2
451057,0
451069,2
451093,0
451097,2
451103,4
451109,0
451159,0
451177,2
451181,0
451183,0
451201,2
451207,2
451249,0
451277,0
451279,2
451301,2
451303,0
451309,2
451313,2
451331,0
451337,0
451343,0
451361,0
451387,0
451397,0
451411,0
451439,2
451441,0
451481,0
451499,0
451519,2
451523,2
451541,2
451547,0
451553,2
451579,0
451601,2
451609,2
451621,0
451637,2
451657,0
451663,0
451667,2
451669,0
451679,2
451681,0
451691,0
451699,2
451709,4
451723,0
451747,2
451753,2
451771,4
451783,0
451793,2
451799,4
451823,0
451831,0
451837,2
451859,0
451873,2
451879,0
451897,0
451901,2
451903,0
451909,0
451921,2
451933,0
451937,0
451939,0
451961,0
451967,2
451987,2
452009,0
452017,0
452027,0
452033,0
452041,0
452077,0
452083,2
452087,2
452131,0
452159,2
452161,4
452171,0
452191,0
452201,2
452213,0
452227,0
452233,2
452239,2
452269,2
452279,4
452293,0
452297,0
452329,0
452363,0
452377,4
452393,2
452401,0
452443,4
452453,0
452497,4
452519,4
452521,0
452531,0
452533,0
452537,2
452539,0
452549,0
452579,0
452587,0
452597,0
452611,0
452629,0
452633,0
452671,4
452687,6
452689,0
452701,0
452731,2
452759,0
452773,0
452797,0
452807,2
452813,0
452821,2
452831,2
452857,0
452869,0
452873,0
452923,2
452953,0
452957,2
452983,2
452989,2
453023,2
453029,0
453053,0
453073,0
453107,2
453119,2
453133,2
453137,2
453143,0
453157,2
453161,2
453181,2
453197,0
453199,0
453209,0
453217,0
453227,0
453239,0
453247,8
453269,0
453289,2
453293,0
453301,4
453311,2
453317,2
453329,0
453347,0
453367,0
453371,0
453377,2
453379,2
453421,0
453451,0
453461,4
453527,0
453553,0
453559,0
453569,0
453571,0
453599,0
453601,0
453617,2
453631,2
453637,0
453641,0
453643,0
453659,2
453667,2
453671,0
453683,0
453703,0
453707,2
453709,0
453737,0
453757,0
453797,2
453799,0
453823,0
453833,2
453847,0
453851,6
453877,2
453889,0
453907,0
453913,0
453923,0
453931,0
453949,2
453961,0
453977,0
453983,4
453991,0
454009,0
454021,0
454031,2
454033,2
454039,2
454061,2
454063,2
454079,2
454109,0
454141,0
454151,0
454159,0
454183,0
454199,0
454211,0
454213,2
454219,0
454229,2
454231,2
454247,0
454253,2
454277,0
454297,0
454303,0
454313,0
454331,2
454351,0
454357,4
454361,2
454379,2
454387,4
454409,0
454417,2
454451,0
454453,0
454483,0
454501,2
454507,2
454513,0
454541,0
454543,0
454547,0
454577,0
454579,2
454603,2
454609,0
454627,0
454637,0
454673,4
454679,0
454709,0
454711,0
454721,0
454723,0
454759,2
454763,2
454777,0
454799,0
454823,0
454843,0
454847,6
454849,0
454859,0
454889,0
454891,0
454907,0
454919,2
454921,2
454931,2
454943,0
454967,0
454969,0
454973,0
454991,0
455003,2
455011,0
455033,2
455047,0
455053,0
455093,2
455099,0
455123,6
455149,2
455159,6
455167,0
455171,0
455177,0
455201,0
455219,2
455227,0
455233,2
455237,4
455261,0
455263,0
455269,2
455291,0
455309,4
455317,0
455321,2
455333,0
455339,0
455341,2
455353,0
455381,0
455393,0
455401,0
455407,0
455419,0
455431,0
455437,0
455443,4
455461,0
455471,0
455473,2
455479,0
455489,4
455491,0
455513,0
455527,0
455531,0
455537,2
455557,0
455573,0
455579,0
455597,2
455599,0
455603,4
455627,0
455647,2
455659,0
455681,0
455683,0
455687,0
455701,0
455711,0
455717,2
455737,2
455761,2
455783,2
455789,0
455809,0
455827,0
455831,2
455849,0
455863,4
455881,0
455899,0
455921,2
455933,2
455941,0
455953,0
455969,0
455977,0
455989,0
455993,0
455999,0
456007,2
456013,0
456023,2
456037,0
456047,4
456061,2
456091,0
456107,0
456109,2
456119,0
456149,2
456151,0
456167,0
456193,4
456223,2
456233,2
456241,0
456283,0
456293,0
456329,6
456349,0
456353,0
456367,0
456377,2
456403,2
456409,2
456427,0
456439,2
456451,4
456457,0
456461,2
456499,4
456503,2
456517,0
456523,0
456529,0
456539,0
456553,0
456557,2
456559,0
456571,0
456581,0
456587,2
456607,0
456611,2
456613,0
456623,2
456641,0
456647,0
456649,0
456653,0
456679,0
456683,2
456697,0
456727,0
456737,0
456763,2
456767,2
456769,0
456791,0
456809,0
456811,4
456821,0
456871,0
456877,0
456881,2
456899,0
456901,0
456923,0
456949,2
456959,4
456979,0
456991,2
457001,2
457003,0
457013,0
457021,2
457043,0
457049,2
457057,0
457087,0
457091,0
457097,2
457099,0
457117,0
457139,0
457151,0
457153,0
457183,0
457189,2
457201,4
457213,0
457229,0
457241,0
457253,0
457267,2
457271,0
457277,0
457279,0
457307,2
457319,2
457333,2
457339,0
457363,0
457367,0
457381,0
457393,2
457397,0
457399,0
457403,0
457411,0
457421,2
457433,2
457459,0
457469,0
457507,0
457511,0
457517,4
457547,4
457553,0
457559,2
457571,0
457607,0
457609,0
457621,4
457643,0
457651,0
457661,0
457669,2
457673,0
457679,0
457687,0
457697,0
457711,0
457739,0
457757,0
457789,0
457799,0
457813,2
457817,0
457829,0
457837,0
457871,0
457889,2
457903,0
457913,4
457943,0
457979,0
457981,0
457987,0
458009,2
458027,0
458039,2
458047,0
458053,0
458057,0
458063,0
458069,2
458119,0
458123,0
458173,0
458179,0
458189,2
458191,2
458197,0
458207,0
458219,0
458239,0
458309,0
458317,0
458323,0
458327,2
458333,2
458357,0
458363,2
458377,2
458399,0
458401,0
458407,0
458449,0
458477,6
458483,2
458501,0
458531,0
458533,2
458543,4
458567,0
458569,0
458573,2
458593,0
458599,0
458611,0
458621,4
458629,0
458639,0
458651,4
458663,0
458669,0
458683,2
458701,0
458719,2
458729,0
458747,0
458789,0
458791,0
458797,0
458807,2
458819,0
458849,2
458863,0
458879,0
458891,4
458897,0
458917,2
458921,2
458929,4
458947,0
458957,2
458959,0
458963,2
458971,2
458977,0
458981,0
458987,0
458993,0
459007,2
459013,0
459023,0
459029,2
459031,2
459037,0
459047,6
459089,0
459091,2
459113,2
459127,4
459167,0
459169,0
459181,2
459209,0
459223,0
459229,0
459233,0
459257,0
459271,0
459293,2
459301,2
459313,0
459317,0
459337,2
459341,0
459343,0
459353,2
459373,0
459377,0
459383,2
459397,0
459421,0
459427,0
459443,0
459463,0
459467,2
459469,6
459479,4
459509,4
459521,0
459523,2
459593,2
459607,0
459611,0
459619,0
459623,4
459631,2
459647,0
459649,0
459671,0
459677,2
459691,2
459703,2
459749,0
459763,0
459791,0
459803,2
459817,0
459829,2
459841,4
459847,6
459883,0
459913,0
459923,0
459929,0
459937,2
459961,0
460013,0
460039,0
460051,0
460063,0
460073,4
460079,0
460081,0
460087,0
460091,2
460099,0
460111,0
460127,0
460147,0
460157,6
460171,0
460181,0
460189,2
460211,2
460217,0
460231,4
460247,2
460267,2
460289,2
460297,2
460301,0
460337,2
460349,2
460373,0
460379,0
460387,2
460393,2
460403,0
460409,0
460417,4
460451,0
460463,0
460477,0
460531,0
460543,0
460561,0
460571,0
460589,0
460609,0
460619,2
460627,2
460633,0
460637,0
460643,0
460657,0
460673,0
460697,0
460709,0
460711,0
460721,2
460771,2
460777,2
460787,0
460793,0
460813,0
460829,2
460841,2
460843,0
460871,2
460891,0
460903,2
460907,4
460913,0
460919,0
460937,0
460949,2
460951,0
460969,4
460973,0
460979,4
460981,0
460987,0
460991,0
461009,0
461011,4
461017,6
461051,0
461053,0
461059,0
461093,0
461101,0
461119,4
461143,4
461147,0
461171,0
461183,0
461191,4
461207,0
461233,0
461239,0
461257,2
461269,0
461273,0
461297,2
461299,0
461309,0
461317,0
461323,2
461327,0
461333,0
461359,0
461381,0
461393,0
461407,2
461411,2
461413,0
461437,0
461441,0
461443,0
461467,2
461479,2
461507,2
461521,0
461561,2
461569,0
461581,0
461599,0
461603,0
461609,0
461627,2
461639,0
461653,0
461677,0
461687,2
461689,0
461693,2
461707,0
461717,0
461801,0
461803,0
461819,2
461843,0
461861,2
461887,0
461891,4
461917,0
461921,6
461933,2
461957,2
461971,0
461977,2
461983,2
462013,2
462041,0
462067,4
462073,2
462079,0
462097,2
462103,2
462109,2
462113,2
462131,2
462149,0
462181,2
462191,2
462199,4
462221,0
462239,0
462263,2
462271,0
462307,2
462311,2
462331,0
462337,4
462361,0
462373,2
462377,0
462401,2
462409,0
462419,2
462421,0
462437,4
462443,2
462467,2
462481,2
462491,0
462493,2
462499,2
462529,2
462541,0
462547,2
462557,0
462569,0
462571,0
462577,0
462589,0
462607,0
462629,2
462641,0
462643,4
462653,0
462659,2
462667,2
462673,0
462677,2
462697,0
462713,4
462719,0
462727,0
462733,0
462739,0
462773,6
462827,0
462841,0
462851,0
462863,0
462871,0
462881,0
462887,0
462899,0
462901,0
462911,0
462937,0
462947,2
462953,2
462983,0
463003,2
463031,0
463033,0
463093,0
463103,2
463157,2
463181,4
463189,0
463207,0
463213,0
463219,0
463231,2
463237,0
463247,0
463249,0
463261,0
463283,2
463291,2
463297,2
463303,0
463313,2
463319,2
463321,2
463339,0
463343,0
463363,0
463387,6
463399,0
463433,2
463447,0
463451,0
463453,0
463457,0
463459,2
463483,0
463501,2
463511,0
463513,0
463523,2
463531,0
463537,0
463549,0
463579,0
463613,2
463627,0
463633,0
463643,2
463649,2
463663,4
463679,0
463693,0
463711,0
463717,2
463741,0
463747,2
463753,0
463763,2
463781,0
463787,0
463807,2
463823,0
463829,2
463831,0
463849,2
463861,0
463867,0
463873,0
463889,2
463891,2
463907,0
463919,0
463921,2
463949,0
463963,4
463973,2
463987,0
463993,2
464003,2
464011,2
464021,0
464033,0
464047,2
464069,0
464081,0
464089,0
464119,2
464129,0
464131,0
464137,2
464141,0
464143,0
464171,2
464173,0
464197,0
464201,2
464213,2
464237,0
464251,0
464257,2
464263,0
464279,0
464281,2
464291,2
464309,0
464311,4
464327,0
464351,0
464371,2
464381,4
464383,4
464413,2
464419,0
464437,0
464447,2
464459,2
464467,0
464479,0
464483,0
464521,2
464537,2
464539,4
464549,0
464557,0
464561,0
464587,0
464591,0
464603,0
464617,0
464621,0
464647,2
464663,0
464687,0
464699,6
464741,0
464747,0
464749,0
464753,0
464767,0
464771,2
464773,0
464777,2
464801,0
464803,0
464809,2
464813,2
464819,0
464843,4
464857,0
464879,2
464897,0
464909,4
464917,2
464923,2
464927,0
464939,0
464941,2
464951,0
464953,2
464963,2
464983,0
464993,0
464999,0
465007,0
465011,4
465013,2
465019,2
465041,0
465061,2
465067,0
465071,2
465077,4
465079,0
465089,2
465107,2
465119,0
465133,2
465151,0
465161,0
465163,0
465167,0
465169,2
465173,4
465187,0
465209,4
465211,0
465259,0
465271,0
465277,2
465281,0
465293,2
465299,2
465317,4
465319,2
465331,0
465337,0
465373,6
465379,2
465383,2
465407,2
465419,0
465433,2
465463,0
465469,0
465523,4
465529,2
465541,0
465551,2
465581,0
465587,2
465611,2
465631,2
465643,0
465649,0
465659,0
465679,4
465701,0
465721,0
465739,4
465743,2
465761,6
465781,0
465797,4
465799,4
465809,2
465821,0
465833,2
465841,2
465887,2
465893,0
465901,2
465917,2
465929,2
465931,2
465947,4
465977,0
465989,0
466009,2
466019,0
466027,2
466033,0
466043,4
466061,0
466069,0
466073,2
466079,0
466087,0
466091,2
466121,2
466139,2
466153,4
466171,2
466181,0
466183,2
466201,0
466243,2
466247,0
466261,0
466267,0
466273,0
466283,0
466303,0
466321,2
466331,0
466339,2
466357,2
466369,0
466373,0
466409,0
466423,4
466441,0
466451,0
466483,4
466517,0
466537,0
466547,4
466553,2
466561,0
466567,0
466573,0
466579,0
466603,0
466619,0
466637,2
466649,0
466651,0
466673,2
466717,4
466723,4
466729,0
466733,0
466747,4
466751,0
466777,0
466787,0
466801,0
466819,0
466853,0
466859,0
466897,0
466909,0
466913,2
466919,2
466951,0
466957,2
466997,0
467003,0
467009,4
467017,0
467021,0
467063,4
467081,0
467083,0
467101,0
467119,2
467123,0
467141,0
467147,0
467171,4
467183,0
467197,0
467209,2
467213,0
467237,0
467239,0
467261,0
467293,0
467297,2
467317,0
467329,0
467333,0
467353,0
467371,2
467399,0
467417,0
467431,2
467437,4
467447,0
467471,0
467473,2
467477,2
467479,2
467491,2
467497,0
467503,0
467507,0
467527,2
467531,0
467543,4
467549,0
467557,0
467587,0
467591,2
467611,4
467617,0
467627,0
467629,4
467633,2
467641,0
467651,0
467657,2
467669,0
467671,0
467681,0
467689,2
467699,2
467713,2
467729,2
467737,0
467743,0
467749,2
467773,0
467783,4
467813,0
467827,2
467833,0
467867,0
467869,0
467879,0
467881,0
467893,2
467897,2
467899,2
467903,2
467927,2
467941,0
467953,2
467963,0
467977,2
468001,0
468011,0
468019,2
468029,4
468049,4
468059,0
468067,2
468071,0
468079,2
468107,0
468109,0
468113,0
468121,0
468133,2
468137,2
468151,0
468157,0
468173,0
468187,2
468191,0
468199,2
468239,0
468241,2
468253,0
468271,2
468277,0
468289,0
468319,2
468323,2
468353,2
468359,0
468371,0
468389,0
468421,0
468439,2
468451,2
468463,2
468473,0
468491,2
468493,0
468499,0
468509,0
468527,2
468551,0
468557,4
468577,2
468581,2
468593,0
468599,0
468613,2
468619,0
468623,0
468641,0
468647,2
468653,0
468661,0
468667,2
468683,0
468691,0
468697,0
468703,0
468709,0
468719,2
468737,0
468739,2
468761,0
468773,4
468781,0
468803,0
468817,0
468821,0
468841,0
468851,4
468859,0
468869,0
468883,0
468887,0
468889,2
468893,2
468899,2
468913,0
468953,2
468967,0
468973,0
468983,4
469009,0
469031,0
469037,4
469069,2
469099,0
469121,0
469127,0
469141,0
469153,2
469169,0
469193,0
469207,0
469219,0
469229,0
469237,4
469241,4
469253,2
469267,2
469279,0
469283,0
469303,0
469321,0
469331,2
469351,0
469363,0
469367,2
469369,4
469379,0
469397,0
469411,0
469429,4
469439,0
469457,0
469487,0
469501,4
469529,0
469541,0
469543,2
469561,0
469583,0
469589,0
469613,4
469627,0
469631,0
469649,0
469657,0
469673,0
469687,0
469691,0
469717,0
469723,2
469747,2
469753,0
469757,4
469769,0
469787,0
469793,0
469801,0
469811,0
469823,2
469841,0
469849,0
469877,0
469879,4
469891,2
469907,2
469919,2
469939,0
469957,0
469969,0
469979,2
469993,0
470021,0
470039,2
470059,0
470077,0
470081,2
470083,2
470087,0
470089,0
470131,2
470149,4
470153,0
470161,0
470167,0
470179,2
470201,0
470207,2
470209,8
470213,0
470219,0
470227,0
470243,0
470251,0
470263,2
470279,0
470297,2
470299,2
470303,0
470317,2
470333,0
470347,2
470359,2
470389,2
470399,0
470411,0
470413,0
470417,2
470429,0
470443,0
470447,2
470453,0
470461,0
470471,0
470473,0
470489,0
470501,2
470513,0
470521,2
470531,0
470539,0
470551,0
470579,4
470593,4
470597,0
470599,0
470609,0
470621,2
470627,2
470647,0
470651,0
470653,0
470663,0
470669,0
470689,0
470711,0
470719,0
470731,2
470749,4
470779,0
470783,2
470791,6
470819,0
470831,0
470837,0
470863,0
470867,0
470881,0
470887,2
470891,0
470903,2
470927,0
470933,2
470941,4
470947,0
470957,2
470959,0
470993,0
470999,2
471007,0
471041,0
471061,0
471073,2
471089,2
471091,2
471101,0
471137,2
471139,0
471161,2
471173,0
471179,0
471187,2
471193,0
471209,0
471217,2
471241,0
471253,0
471259,0
471277,2
471281,0
471283,0
471299,0
471301,4
471313,2
471353,2
471389,2
471391,0
471403,0
471407,0
471439,0
471451,0
471467,0
471481,0
471487,0
471503,2
471509,4
471521,2
471533,0
471539,2
471553,0
471571,2
471589,2
471593,2
471607,0
471617,0
471619,2
471641,2
471649,2
471659,0
471671,2
471673,0
471677,0
471683,2
471697,0
471703,0
471719,0
471721,2
471749,0
471769,0
471781,0
471791,0
471803,0
471817,0
471841,2
471847,2
471853,0
471871,0
471893,0
471901,0
471907,2
471923,0
471929,0
471931,0
471943,0
471949,0
471959,0
471997,0
472019,0
472027,0
472051,0
472057,0
472063,0
472067,0
472103,0
472111,0
472123,2
472127,0
472133,0
472139,0
472151,0
472159,2
472163,2
472189,0
472193,2
472247,0
472249,0
472253,4
472261,0
472273,0
472289,0
472301,0
472309,0
472319,0
472331,0
472333,0
472349,4
472369,0
472391,0
472393,2
472399,0
472411,0
472421,0
472457,0
472469,0
472477,0
472523,0
472541,2
472543,0
472559,0
472561,4
472573,0
472597,0
472631,0
472639,2
472643,0
472669,2
472687,0
472691,2
472697,0
472709,2
472711,2
472721,2
472741,4
472751,0
472763,2
472793,0
472799,0
472817,0
472831,0
472837,0
472847,0
472859,0
472883,0
472907,0
472909,4
472921,2
472937,0
472939,0
472963,6
472993,2
473009,0
473021,2
473027,4
473089,2
473101,2
473117,0
473141,0
473147,0
473159,0
473167,0
473173,2
473191,0
473197,0
473201,4
473203,0
473219,2
473227,2
473257,0
473279,0
473287,0
473293,0
473311,2
473321,2
473327,0
473351,2
473353,4
473377,0
473381,0
473383,0
473411,4
473419,0
473441,4
473443,0
473453,2
473471,0
473477,0
473479,2
473497,0
473503,0
473507,0
473513,2
473519,0
473527,2
473531,0
473533,0
473549,0
473579,0
473597,2
473611,0
473617,2
473633,2
473647,2
473659,0
473719,6
473723,0
473729,2
473741,0
473743,0
473761,0
473789,2
473833,0
473839,0
473857,0
473861,2
473867,0
473887,0
473899,2
473911,0
473923,0
473927,0
473929,2
473939,0
473951,0
473953,0
473971,0
473981,0
473987,0
473999,0
474017,0
474029,0
474037,0
474043,0
474049,2
474059,0
474073,2
474077,0
474101,0
474119,0
474127,0
474137,2
474143,2
474151,2
474163,0
474169,0
474197,2
474211,0
474223,0
474241,4
474263,0
474289,2
474307,0
474311,2
474319,0
474337,2
474343,2
474347,2
474359,0
474379,0
474389,0
474391,0
474413,2
474433,2
474437,2
474443,2
474479,0
474491,2
474497,0
474499,2
474503,0
474533,0
474541,2
474547,2
474557,0
474569,2
474571,0
474581,0
474583,2
474619,0
474629,0
474647,0
474659,2
474667,0
474671,0
474707,0
474709,0
474737,0
474751,0
474757,0
474769,2
474779,0
474787,4
474809,4
474811,0
474839,0
474847,2
474857,2
474899,2
474907,0
474911,0
474917,0
474923,0
474931,0
474937,0
474941,0
474949,4
474959,2
474977,0
474983,0
475037,2
475051,0
475073,0
475081,2
475091,2
475093,2
475103,2
475109,2
475141,0
475147,0
475151,0
475159,4
475169,0
475207,2
475219,0
475229,2
475243,0
475271,2
475273,0
475283,0
475289,0
475297,4
475301,0
475327,2
475331,2
475333,0
475351,4
475367,2
475369,0
475379,4
475381,2
475403,2
475417,0
475421,2
475427,2
475429,0
475441,0
475457,0
475469,0
475483,4
475511,0
475523,6
475529,2
475549,0
475583,2
475597,0
475613,0
475619,2
475621,0
475637,4
475639,2
475649,0
475669,4
475679,2
475681,0
475691,0
475693,0
475697,2
475721,0
475729,0
475751,0
475753,2
475759,0
475763,2
475777,2
475789,2
475793,4
475807,6
475823,0
475831,0
475837,6
475841,0
475859,0
475877,0
475879,0
475889,2
475897,0
475903,2
475907,0
475921,4
475927,0
475933,4
475957,0
475973,2
475991,0
475997,0
476009,0
476023,0
476027,0
476029,0
476039,4
476041,4
476059,0
476081,0
476087,2
476089,2
476101,4
476107,2
476111,0
476137,0
476143,0
476167,0
476183,0
476219,4
476233,0
476237,4
476243,0
476249,0
476279,4
476299,2
476317,2
476347,4
476351,0
476363,2
476369,2
476381,0
476401,2
476407,0
476419,2
476423,0
476429,2
476467,0
476477,2
476479,0
476507,0
476513,4
476519,2
476579,2
476587,0
476591,0
476599,0
476603,0
476611,2
476633,0
476639,0
476647,4
476659,0
476681,0
476683,0
476701,2
476713,0
476719,2
476737,4
476743,0
476753,0
476759,2
476783,0
476803,0
476831,0
476849,0
476851,0
476863,2
476869,0
476887,0
476891,0
476911,0
476921,2
476929,0
476977,0
476981,0
476989,2
477011,0
477013,0
477017,6
477019,2
477031,2
477047,2
477073,2
477077,0
477091,0
477131,2
477149,0
477163,0
477209,0
477221,6
477229,0
477259,4
477277,2
477293,0
477313,2
477317,0
477329,0
477341,2
477359,0
477361,2
477383,0
477409,2
477439,2
477461,0
477469,2
477497,2
477511,4
477517,0
477523,2
477539,0
477551,6
477553,0
477557,0
477571,0
477577,0
477593,2
477619,2
477623,2
477637,0
477671,0
477677,2
477721,4
477727,0
477731,0
477739,2
477767,2
477769,0
477791,2
477797,2
477809,2
477811,2
477821,0
477823,0
477839,0
477847,2
477857,2
477863,0
477881,0
477899,0
477913,2
477941,0
477947,2
477973,0
477977,0
477991,4
478001,2
478039,4
478063,0
478067,0
478069,2
478087,2
478099,0
478111,0
478129,2
478139,0
478157,0
478169,2
478171,2
478189,2
478199,0
478207,2
478213,0
478241,2
478243,0
478253,0
478259,0
478271,0
478273,2
478321,2
478339,0
478343,2
478351,0
478391,2
478399,0
478403,4
478411,0
478417,0
478421,2
478427,0
478433,0
478441,0
478451,0
478453,2
478459,0
478481,0
478483,2
478493,0
478523,2
478531,0
478571,0
478573,0
478579,0
478589,2
478603,0
478627,0
478631,2
478637,0
478651,6
478679,2
478697,0
478711,2
478727,0
478729,0
478739,0
478741,0
478747,4
478763,0
478769,2
478787,4
478801,0
478811,0
478813,0
478823,0
478831,0
478843,0
478853,0
478861,0
478871,0
478879,0
478897,4
478901,2
478913,0
478927,0
478931,0
478937,2
478943,0
478963,0
478967,0
478991,2
478999,0
479023,0
479027,0
479029,2
479041,0
479081,0
479131,6
479137,0
479147,0
479153,0
479189,2
479191,2
479201,0
479209,0
479221,0
479231,2
479239,0
479243,4
479263,4
479267,0
479287,4
479299,2
479309,4
479317,4
479327,4
479357,0
479371,2
479377,0
479387,2
479419,0
479429,2
479431,0
479441,4
479461,0
479473,4
479489,2
479497,0
479509,0
479513,0
479533,2
479543,0
479561,0
479569,0
479581,2
479593,0
479599,4
479623,0
479629,6
479639,0
479701,2
479749,2
479753,0
479761,2
479771,0
479777,0
479783,0
479797,0
479813,0
479821,2
479833,2
479839,0
479861,2
479879,0
479881,0
479891,0
479903,2
479909,2
479939,2
479951,0
479953,6
479957,2
479971,0
480013,0
480017,0
480019,0
480023,2
480043,4
480047,0
480049,2
480059,0
480061,0
480071,0
480091,2
480101,4
480107,4
480113,0
480133,0
480143,0
480157,2
480167,2
480169,0
480203,2
480209,0
480287,0
480299,4
480317,2
480329,0
480341,0
480343,2
480349,0
480367,2
480373,0
480379,0
480383,2
480391,2
480409,2
480419,4
480427,2
480449,0
480451,2
480461,0
480463,2
480499,0
480503,2
480509,0
480517,2
480521,0
480527,0
480533,2
480541,2
480553,0
480563,0
480569,2
480583,0
480587,4
480647,0
480661,2
480707,0
480713,0
480731,2
480737,0
480749,2
480761,2
480773,2
480787,0
480803,0
480827,4
480839,0
480853,4
480881,0
480911,0
480919,0
480929,2
480937,0
480941,0
480959,0
480967,0
480979,0
480989,2
481001,2
481003,2
481009,0
481021,0
481043,2
481051,4
481067,2
481073,0
481087,2
481093,0
481097,0
481109,2
481123,0
481133,0
481141,0
481147,0
481153,4
481157,2
481171,0
481177,0
481181,2
481199,2
481207,0
481211,0
481231,0
481249,0
481297,2
481301,2
481303,0
481307,0
481343,0
481363,0
481373,2
481379,0
481387,0
481409,0
481417,4
481433,0
481447,0
481469,0
481489,0
481501,2
481513,2
481531,0
481549,2
481571,2
481577,2
481589,0
481619,8
481633,0
481639,0
481651,2
481667,2
481673,6
481681,0
481693,4
481697,0
481699,0
481721,0
481751,2
481753,0
481769,0
481787,0
481801,0
481807,0
481813,0
481837,2
481843,2
481847,4
481849,6
481861,0
481867,0
481879,0
481883,0
481909,0
481939,0
481963,0
481997,4
482017,0
482021,0
482029,2
482033,0
482039,0
482051,4
482071,2
482093,2
482099,0
482101,0
482117,2
482123,2
482179,2
482189,2
482203,0
482213,2
482227,0
482231,2
482233,0
482243,2
482263,0
482281,2
482309,2
482323,2
482347,2
482351,0
482359,2
482371,4
482387,4
482393,4
482399,0
482401,0
482407,4
482413,0
482423,0
482437,2
482441,0
482483,0
482501,2
482507,2
482509,0
482513,0
482519,0
482527,2
482539,2
482569,2
482593,0
482597,2
482621,0
482627,2
482633,0
482641,2
482659,2
482663,0
482683,0
482687,2
482689,2
482707,0
482711,2
482717,2
482719,2
482731,0
482743,2
482753,0
482759,0
482767,0
482773,0
482789,0
482803,0
482819,0
482827,0
482837,0
482861,2
482863,0
482873,0
482897,4
482899,6
482917,0
482941,0
482947,2
482957,0
482971,0
483017,2
483031,0
483061,2
483071,0
483097,2
483127,0
483139,0
483163,0
483167,0
483179,0
483209,0
483211,0
483221,0
483229,0
483233,0
483239,0
483247,2
483251,0
483281,2
483289,2
483317,0
483323,0
483337,0
483347,0
483367,0
483377,0
483389,2
483397,2
483407,0
483409,2
483433,0
483443,0
483467,0
483481,2
483491,0
483499,0
483503,0
483523,0
483541,0
483551,0
483557,2
483563,2
483577,4
483611,0
483619,0
483629,0
483643,2
483649,2
483671,2
483697,2
483709,2
483719,0
483727,0
483733,0
483751,0
483757,2
483761,0
483767,4
483773,0
483787,0
483809,0
483811,2
483827,2
483829,2
483839,0
483853,2
483863,2
483869,0
483883,0
483907,2
483929,2
483937,0
483953,2
483971,0
483991,0
484019,0
484027,0
484037,2
484061,2
484067,2
484079,0
484091,0
484111,0
484117,0
484123,0
484129,2
484151,2
484153,0
484171,2
484181,2
484193,2
484201,0
484207,4
484229,2
484243,0
484259,0
484283,0
484301,2
484303,0
484327,0
484339,0
484361,2
484369,2
484373,0
484397,0
484411,0
484417,0
484439,2
484447,2
484457,4
484459,0
484487,0
484489,0
484493,0
484531,0
484543,0
484577,0
484597,0
484607,0
484609,0
484613,0
484621,0
484639,0
484643,0
484691,0
484703,0
484727,0
484733,4
484751,0
484763,4
484769,0
484777,0
484787,0
484829,2
484853,4
484867,2
484927,0
484951,0
484987,0
484999,8
485021,2
485029,0
485041,0
485053,0
485059,0
485063,2
485081,2
485101,4
485113,0
485123,0
485131,2
485137,2
485161,2
485167,2
485171,2
485201,2
485207,0
485209,0
485263,0
485311,2
485347,0
485351,2
485363,0
485371,0
485383,0
485389,0
485411,0
485417,0
485423,0
485437,2
485447,2
485479,0
485497,0
485509,0
485519,0
485543,0
485567,0
485587,0
485593,0
485603,2
485609,0
485647,0
485657,0
485671,0
485689,2
485701,2
485717,0
485729,0
485731,0
485753,2
485777,0
485819,0
485827,2
485831,0
485833,0
485893,2
485899,0
485909,0
485923,0
485941,0
485959,4
485977,2
485993,2
486023,2
486037,0
486041,4
486043,0
486053,0
486061,2
486071,2
486091,0
486103,0
486119,0
486133,2
486139,0
486163,2
486179,2
486181,0
486193,0
486203,0
486221,2
486223,0
486247,0
486281,0
486293,0
486307,2
486313,0
486323,0
486329,0
486331,0
486341,2
486349,0
486377,0
486379,0
486389,2
486391,0
486397,0
486407,6
486433,0
486443,0
486449,2
486481,2
486491,0
486503,2
486509,0
486511,0
486527,2
486539,0
486559,8
486569,0
486583,2
486589,0
486601,0
486617,0
486637,0
486641,4
486643,0
486653,0
486667,0
486671,0
486677,2
486679,0
486683,0
486697,2
486713,4
486721,0
486757,0
486767,0
486769,2
486781,0
486797,0
486817,0
486821,0
486833,2
486839,0
486869,0
486907,0
486923,0
486929,0
486943,2
486947,0
486949,4
486971,0
486977,0
486991,2
487007,4
487013,0
487021,2
487049,0
487051,2
487057,0
487073,2
487079,2
487093,2
487099,2
487111,0
487133,0
487177,2
487183,4
487187,0
487211,4
487213,0
487219,0
487247,0
487261,0
487283,2
487303,0
487307,0
487313,2
487349,4
487363,0
487381,2
487387,2
487391,0
487397,0
487423,0
487427,2
487429,4
487447,0
487457,0
487463,2
487469,0
487471,0
487477,0
487481,0
487489,0
487507,0
487561,0
487589,0
487601,0
487603,2
487607,2
487637,0
487649,0
487651,0
487657,4
487681,0
487691,2
487703,0
487709,0
487717,0
487727,0
487733,4
487741,4
487757,0
487769,0
487783,2
487789,0
487793,0
487811,2
487819,2
487829,0
487831,0
487843,2
487873,0
487889,2
487891,0
487897,0
487933,0
487943,0
487973,2
487979,2
487997,0
488003,0
488009,0
488011,2
488021,0
488051,0
488057,0
488069,0
488119,2
488143,2
488149,0
488153,0
488161,0
488171,0
488197,2
488203,0
488207,2
488209,0
488227,0
488231,6
488233,0
488239,0
488249,0
488261,0
488263,2
488287,0
488303,0
488309,2
488311,2
488317,4
488321,0
488329,0
488333,2
488339,0
488347,0
488353,0
488381,0
488399,2
488401,2
488407,0
488417,0
488419,0
488441,2
488459,0
488473,0
488503,2
488513,0
488539,2
488567,2
488573,0
488603,0
488611,4
488617,0
488627,0
488633,0
488639,0
488641,0
488651,0
488687,0
488689,0
488701,0
488711,2
488717,2
488723,2
488729,0
488743,0
488749,2
488759,0
488779,0
488791,2
488797,2
488821,2
488827,0
488833,0
488861,0
488879,0
488893,0
488897,0
488909,4
488921,0
488947,0
488959,0
488981,0
488993,2
489001,0
489011,2
489019,2
489043,0
489053,0
489061,2
489101,2
489109,2
489113,0
489127,2
489133,2
489157,0
489161,2
489179,0
489191,4
489197,2
489217,0
489239,0
489241,0
489257,0
489263,0
489283,0
489299,0
489329,2
489337,0
489343,0
489361,4
489367,0
489389,2
489407,2
489409,0
489427,0
489431,0
489439,0
489449,0
489457,0
489479,0
489487,0
489493,0
489529,0
489539,0
489551,2
489553,2
489557,0
489571,0
489613,2
489631,2
489653,0
489659,0
489673,0
489677,2
489679,0
489689,0
489691,0
489733,0
489743,0
489761,0
489791,0
489793,2
489799,0
489803,0
489817,0
489823,0
489833,2
489847,2
489851,0
489869,2
489871,4
489887,0
489901,0
489911,2
489913,2
489941,0
489943,2
489959,2
489961,0
489977,2
489989,4
490001,2
490003,0
490019,0
490031,0
490033,0
490057,2
490097,0
490103,0
490111,2
490117,2
490121,0
490151,2
490159,0
490169,2
490183,4
490201,0
490207,0
490223,2
490241,0
490247,0
490249,2
490267,0
490271,4
490277,2
490283,0
490309,2
490313,2
490339,4
490367,0
490393,0
490417,2
490421,0
490453,0
490459,2
490463,0
490481,0
490493,2
490499,0
490519,2
490537,4
490541,2
490543,0
490549,0
490559,2
490571,2
490573,2
490577,0
490579,2
490591,0
490619,0
490627,0
490631,2
490643,0
490661,2
490663,0
490697,0
490733,0
490741,0
490769,2
490771,0
490783,0
490829,2
490837,0
490849,0
490859,0
490877,0
490891,0
490913,0
490921,2
490927,0
490937,2
490949,0
490951,0
490957,0
490967,0
490969,0
490991,0
490993,2
491003,2
491039,2
491041,0
491059,2
491081,0
491083,0
491129,0
491137,2
491149,2
491159,0
491167,0
491171,4
491201,0
491213,2
491219,2
491251,0
491261,0
491273,0
491279,2
491297,0
491299,0
491327,0
491329,2
491333,0
491339,0
491341,0
491353,0
491357,2
491371,0
491377,0
491417,2
491423,2
491429,2
491461,2
491483,0
491489,0
491497,0
491501,2
491503,2
491527,0
491531,2
491537,0
491539,2
491581,0
491591,0
491593,0
491611,2
491627,0
491633,0
491639,2
491651,0
491653,4
491669,2
491677,0
491707,0
491719,0
491731,4
491737,2
491747,0
491773,2
491783,2
491789,0
491797,2
491819,0
491833,0
491837,0
491851,0
491857,0
491867,0
491873,2
491899,0
491923,2
491951,0
491969,0
491977,0
491983,0
492007,0
492013,2
492017,0
492029,0
492047,2
492053,2
492059,4
492061,0
492067,2
492077,4
492083,2
492103,2
492113,2
492227,2
492251,0
492253,0
492257,0
492281,2
492293,0
492299,2
492319,0
492377,0
492389,0
492397,0
492403,0
492409,0
492413,2
492421,0
492431,0
492463,0
492467,2
492487,2
492491,0
492511,2
492523,2
492551,0
492563,0
492587,0
492601,2
492617,0
492619,2
492629,0
492631,0
492641,2
492647,0
492659,2
492671,0
492673,0
492707,2
492719,0
492721,0
492731,2
492757,4
492761,0
492763,0
492769,0
492781,2
492799,0
492839,0
492853,2
492871,4
492883,0
492893,0
492901,0
492911,2
492967,0
492979,0
493001,2
493013,0
493021,0
493027,4
493043,4
493049,0
493067,0
493093,4
493109,0
493111,0
493121,2
493123,0
493127,0
493133,0
493139,2
493147,0
493159,2
493169,2
493177,0
493193,2
493201,4
493211,2
493217,2
493219,2
493231,0
493243,4
493249,0
493277,0
493279,0
493291,0
493301,2
493313,0
493333,0
493351,0
493369,0
493393,0
493397,0
493399,0
493403,0
493433,2
493447,0
493457,2
493463,0
493481,6
493523,2
493531,0
493541,0
493567,2
493573,2
493579,4
493583,0
493607,0
493621,0
493627,2
493643,2
493657,0
493693,0
493709,2
493711,2
493721,0
493729,0
493733,2
493747,2
493777,0
493793,0
493807,0
493811,0
493813,0
493817,0
493853,0
493859,0
493873,0
493877,2
493897,0
493919,2
493931,0
493937,0
493939,4
493967,0
493973,0
493979,4
493993,0
494023,0
494029,0
494041,0
494051,2
494069,0
494077,0
494083,0
494093,0
494101,0
494107,0
494129,2
494141,2
494147,2
494167,2
494191,0
494213,0
494237,4
494251,0
494257,4
494267,0
494269,2
494281,0
494287,0
494317,4
494327,2
494341,0
494353,2
494359,0
494369,2
494381,2
494383,4
494387,4
494407,0
494413,2
494441,4
494443,0
494471,0
494497,4
494519,0
494521,2
494539,0
494561,0
494563,2
494567,0
494587,0
494591,0
494609,2
494617,0
494621,0
494639,0
494647,0
494651,0
494671,0
494677,0
494687,0
494693,0
494699,0
494713,2
494719,0
494723,2
494731,2
494737,2
494743,0
494749,0
494759,0
494761,2
494783,0
494789,2
494803,0
494843,2
494849,0
494873,0
494899,2
494903,0
494917,0
494927,0
494933,0
494939,2
494959,0
494987,0
495017,2
495037,0
495041,2
495043,0
495067,0
495071,0
495109,0
495113,2
495119,0
495133,0
495139,0
495149,2
495151,2
495161,0
495181,2
495199,0
495211,2
495221,0
495241,4
495269,0
495277,0
495289,0
495301,0
495307,2
495323,0
495337,0
495343,0
495347,0
495359,0
495361,2
495371,0
495377,4
495389,2
495401,0
495413,0
495421,0
495433,2
495437,0
495449,0
495457,0
495461,0
495491,0
495511,0
495527,4
495557,4
495559,2
495563,2
495569,2
495571,2
495587,0
495589,0
495611,2
495613,0
495617,0
495619,0
495629,2
495637,0
495647,0
495667,4
495679,2
495701,0
495707,0
495713,0
495749,0
495751,2
495757,0
495769,4
495773,2
495787,6
495791,0
495797,0
495799,0
495821,0
495827,0
495829,0
495851,0
495877,0
495893,2
495899,2
495923,0
495931,2
495947,0
495953,0
495959,0
495967,0
495973,2
495983,0
496007,0
496019,2
496039,4
496051,0
496063,0
496073,0
496079,4
496123,0
496127,2
496163,0
496187,0
496193,0
496211,0
496229,0
496231,0
496259,0
496283,0
496289,0
496291,2
496297,0
496303,0
496313,4
496333,4
496339,0
496343,0
496381,0
496399,4
496427,0
496439,2
496453,0
496459,0
496471,0
496477,2
496481,2
496487,2
496493,2
496499,0
496511,2
496549,0
496579,2
496583,0
496609,0
496631,2
496669,0
496681,0
496687,0
496703,0
496711,2
496733,0
496747,0
496763,4
496789,2
496813,2
496817,0
496841,0
496849,2
496871,0
496877,2
496889,2
496891,0
496897,0
496901,0
496913,0
496919,0
496949,4
496963,2
496997,0
496999,2
497011,2
497017,4
497041,2
497047,2
497051,0
497069,0
497093,0
497111,4
497113,0
497117,0
497137,0
497141,0
497153,0
497171,2
497177,0
497197,0
497239,0
497257,0
497261,4
497269,4
497279,2
497281,4
497291,0
497297,0
497303,2
497309,0
497323,0
497339,0
497351,2
497389,0
497411,0
497417,0
497423,0
497449,0
497461,0
497473,2
497479,0
497491,0
497501,2
497507,0
497509,0
497521,0
497537,2
497551,2
497557,0
497561,0
497579,0
497587,2
497597,4
497603,2
497633,0
497659,0
497663,2
497671,2
497677,0
497689,0
497701,0
497711,0
497719,2
497729,2
497737,4
497741,2
497771,0
497773,0
497801,0
497813,0
497831,0
497839,0
497851,0
497867,2
497869,0
497873,2
497899,0
497929,0
497957,0
497963,2
497969,2
497977,0
497989,0
497993,0
497999,0
498013,2
498053,2
498061,2
498073,0
498089,0
498101,2
498103,0
498119,2
498143,0
498163,0
498167,0
498181,2
498209,0
498227,0
498257,0
498259,2
498271,2
498301,0
498331,0
498343,2
498361,0
498367,2
498391,0
498397,2
498401,0
498403,0
498409,2
498439,0
498461,0
498467,0
498469,2
498493,0
498497,0
498521,0
498523,2
498527,0
498551,4
498557,2
498577,4
498583,0
498599,0
498611,0
498613,0
498643,0
498647,2
498653,0
498679,0
498689,0
498691,0
498733,0
498739,0
498749,2
498761,0
498767,0
498779,0
498781,2
498787,0
498791,0
498803,2
498833,0
498857,4
498859,0
498881,0
498907,2
498923,0
498931,2
498937,0
498947,0
498961,0
498973,2
498977,0
498989,0
499021,0
499027,0
499033,0
499039,0
499063,2
499067,0
499099,0
499117,2
499127,2
499129,0
499133,0
499139,0
499141,0
499151,0
499157,4
499159,0
499181,0
499183,2
499189,0
499211,0
499229,0
499253,0
499267,0
499277,0
499283,0
499309,0
499321,2
499327,0
499349,4
499361,0
499363,0
499391,0
499397,0
499403,0
499423,0
499439,4
499459,0
499481,2
499483,0
499493,0
499507,2
499519,0
499523,0
499549,2
499559,2
499571,2
499591,0
499601,0
499607,4
499621,0
499633,2
499637,4
499649,2
499661,0
499663,6
499669,2
499673,0
499679,0
499687,0
499691,0
499693,0
499711,0
499717,0
499729,2
499739,0
499747,0
499781,0
499787,0
499801,0
499819,2
499853,0
499879,2
499883,6
499897,4
499903,2
499927,0
499943,0
499957,2
499969,0
499973,0
499979,0
500009,2
500029,2
500041,0
500057,2
500069,0
500083,0
500107,0
500111,0
500113,4
500119,0
500153,2
500167,2
500173,0
500177,0
500179,0
500197,2
500209,2
500231,0
500233,4
500237,2
500239,2
500249,0
500257,0
500287,0
500299,0
500317,0
500321,2
500333,6
500341,2
500363,4
500369,2
500389,0
500393,0
500413,0
500417,2
500431,0
500443,0
500459,0
500471,2
500473,2
500483,2
500501,0
500509,4
500519,0
500527,2
500567,0
500579,0
500587,2
500603,2
500629,0
500671,0
500677,0
500693,0
500699,0
500713,0
500719,0
500723,0
500729,2
500741,0
500777,0
500791,2
500807,2
500809,4
500831,0
500839,0
500861,0
500873,2
500881,2
500887,4
500891,2
500909,0
500911,0
500921,2
500923,0
500933,0
500947,0
500953,6
500957,0
500977,0
501001,0
501013,2
501019,2
501029,0
501031,0
501037,0
501043,2
501077,2
501089,0
501103,0
501121,0
501131,4
501133,0
501139,0
501157,0
501173,0
501187,4
501191,2
501197,2
501203,0
501209,0
501217,0
501223,0
501229,0
501233,0
501257,0
501271,2
501287,0
501299,0
501317,2
501341,0
501343,2
501367,4
501383,2
501401,2
501409,2
501419,2
501427,0
501451,4
501463,0
501493,0
501503,0
501511,2
501563,0
501577,2
501593,6
501601,0
501617,2
501623,0
501637,2
501659,2
501691,2
501701,0
501703,0
501707,0
501719,0
501731,0
501769,0
501779,0
501803,2
501817,2
501821,0
501827,2
501829,4
501841,0
501863,0
501889,0
501911,4
501931,0
501947,0
501953,0
501967,0
501971,0
501997,0
502001,6
502013,4
502039,0
502043,4
502057,2
502063,0
502079,0
502081,0
502087,2
502093,2
502121,8
502133,0
502141,2
502171,2
502181,2
502217,2
502237,0
502247,0
502259,2
502261,0
502277,0
502301,0
502321,0
502339,0
502393,0
502409,0
502421,0
502429,2
502441,0
502451,0
502487,0
502499,2
502501,0
502507,0
502517,2
502543,2
502549,0
502553,0
502591,4
502597,0
502613,4
502631,4
502633,0
502643,0
502651,2
502669,0
502687,0
502699,0
502703,0
502717,2
502729,0
502769,2
502771,0
502781,0
502787,2
502807,0
502819,0
502829,0
502841,0
502847,4
502861,0
502883,2
502919,4
502921,0
502937,0
502961,4
502973,2
503003,4
503017,0
503039,2
503053,0
503077,0
503123,4
503131,0
503137,0
503147,0
503159,0
503197,0
503207,2
503213,0
503227,0
503231,2
503233,0
503249,2
503267,0
503287,0
503297,2
503303,0
503317,0
503339,0
503351,4
503359,2
503369,0
503381,0
503383,0
503389,0
503407,0
503413,0
503423,0
503431,0
503441,0
503453,2
503483,0
503501,2
503543,2
503549,0
503551,2
503563,0
503593,2
503599,0
503609,4
503611,0
503621,2
503623,4
503647,0
503653,0
503663,2
503707,0
503717,0
503743,2
503753,2
503771,2
503777,2
503779,0
503791,0
503803,0
503819,0
503821,0
503827,0
503851,2
503857,2
503869,0
503879,0
503911,0
503927,4
503929,2
503939,2
503947,4
503959,4
503963,2
503969,2
503983,0
503989,0
504001,0
504011,0
504017,2
504047,0
504061,2
504073,8
504103,2
504121,2
504139,0
504143,0
504149,0
504151,0
504157,0
504181,0
504187,0
504197,0
504209,0
504221,0
504247,2
504269,4
504289,0
504299,6
504307,0
504311,2
504323,0
504337,2
504349,0
504353,0
504359,2
504377,4
504379,0
504389,0
504403,2
504457,0
504461,0
504473,0
504479,0
504521,0
504523,0
504527,0
504547,2
504563,4
504593,0
504599,4
504607,0
504617,4
504619,0
504631,0
504661,0
504667,2
504671,0
504677,6
504683,0
504727,0
504767,4
504787,0
504797,0
504799,0
504817,0
504821,0
504851,2
504853,2
504857,0
504871,0
504877,0
504893,2
504901,0
504929,0
504937,0
504943,0
504947,0
504953,0
504967,0
504983,0
504989,0
504991,0
505027,0
505031,2
505033,0
505049,0
505051,0
505061,2
505067,0
505073,0
505091,2
505097,0
505111,0
505117,0
505123,0
505129,4
505139,4
505157,4
505159,2
505181,0
505187,0
505201,2
505213,2
505231,0
505237,0
505277,0
505279,0
505283,0
505301,0
505313,0
505319,0
505321,0
505327,0
505339,2
505357,0
505367,0
505369,0
505399,2
505409,2
505411,2
505429,0
505447,0
505459,0
505469,0
505481,0
505493,4
505501,0
505511,0
505513,0
505523,0
505537,0
505559,0
505573,0
505601,0
505607,2
505613,0
505619,0
505633,0
505639,2
505643,2
505657,2
505663,0
505669,2
505691,0
505693,0
505709,4
505711,4
505727,0
505759,4
505763,0
505777,2
505781,0
505811,2
505819,0
505823,2
505867,2
505871,4
505877,2
505907,2
505919,4
505927,2
505949,0
505961,0
505969,0
505979,0
506047,0
506071,0
506083,2
506101,2
506113,4
506119,2
506131,2
506147,0
506171,0
506173,4
506183,0
506201,0
506213,0
506251,0
506263,0
506269,0
506281,0
506291,0
506327,0
506329,0
506333,2
506339,4
506347,0
506351,2
506357,2
506381,0
506393,0
506417,0
506423,0
506449,0
506459,2
506461,0
506479,2
506491,0
506501,2
506507,0
506531,4
506533,0
506537,6
506551,2
506563,0
506573,0
506591,6
506593,2
506599,0
506609,0
506629,0
506647,0
506663,2
506683,0
506687,0
506689,4
506699,4
506729,2
506731,0
506743,0
506773,0
506783,0
506791,2
506797,6
506809,2
506837,2
506843,0
506861,0
506873,0
506887,6
506893,2
506899,2
506903,2
506911,4
506929,0
506941,0
506963,0
506983,0
506993,0
506999,0
507029,4
507049,2
507071,0
507077,0
507079,0
507103,0
507109,0
507113,0
507119,0
507137,2
507139,2
507149,0
507151,0
507163,0
507193,2
507197,2
507217,0
507289,2
507301,0
507313,0
507317,0
507329,2
507347,2
507349,0
507359,6
507361,0
507371,0
507383,0
507401,4
507421,0
507431,0
507461,2
507491,0
507497,0
507499,2
507503,2
507523,0
507557,4
507571,2
507589,2
507593,2
507599,2
507607,0
507631,0
507641,2
507667,2
507673,0
507691,0
507697,0
507713,2
507719,0
507743,0
507757,0
507779,0
507781,0
507797,0
507803,2
507809,2
507821,0
507827,2
507839,0
507883,2
507901,0
507907,0
507917,0
507919,0
507937,2
507953,0
507961,0
507971,0
507979,0
508009,4
508019,0
508021,0
508033,2
508037,2
508073,0
508087,0
508091,0
508097,0
508103,0
508129,0
508159,0
508171,0
508187,0
508213,0
508223,2
508229,0
508237,2
508243,6
508259,0
508271,0
508273,0
508297,0
508301,2
508327,2
508331,0
508349,0
508363,2
508367,0
508373,0
508393,2
508433,0
508439,0
508451,4
508471,0
508477,2
508489,2
508499,0
508513,0
508517,4
508531,0
508549,2
508559,4
508567,2
508577,0
508579,0
508583,0
508619,4
508621,0
508637,0
508643,0
508661,0
508693,2
508709,0
508727,2
508771,0
508789,0
508799,2
508811,4
508817,2
508841,0
508847,0
508867,0
508901,4
508903,0
508909,4
508913,0
508919,0
508931,6
508943,2
508951,0
508957,2
508961,4
508969,0
508973,2
508987,0
509023,2
509027,0
509053,2
509063,0
509071,0
509087,2
509101,0
509123,0
509137,0
509147,0
509149,2
509203,0
509221,4
509227,2
509239,2
509263,0
509281,0
509287,6
509293,0
509297,0
509317,0
509329,2
509359,2
509363,0
509389,0
509393,0
509413,2
509417,2
509429,0
509441,0
509449,2
509477,6
509513,0
509521,0
509543,0
509549,0
509557,4
509563,0
509569,4
509573,4
509581,0
509591,2
509603,2
509623,0
509633,4
509647,0
509653,4
509659,0
509681,2
509687,0
509689,4
509693,2
509699,2
509723,0
509731,0
509737,0
509741,0
509767,2
509783,0
509797,2
509801,0
509833,2
509837,0
509843,2
509863,0
509867,0
509879,4
509909,0
509911,0
509921,0
509939,2
509947,0
509959,4
509963,0
509989,2
510007,2
510031,2
510047,0
510049,4
510061,8
510067,0
510073,0
510077,0
510079,0
510089,2
510101,2
510121,4
510127,0
510137,2
510157,2
510179,2
510199,0
510203,0
510217,0
510227,0
510233,0
510241,2
510247,2
510253,0
510271,2
510287,2
510299,0
510311,0
510319,0
510331,2
510361,4
510379,0
510383,2
510401,0
510403,4
510449,0
510451,2
510457,2
510463,0
510481,0
510529,0
510551,0
510553,0
510569,0
510581,0
510583,2
510589,0
510611,0
510613,0
510617,2
510619,0
510677,2
510683,0
510691,0
510707,0
510709,0
510751,0
510767,0
510773,4
510793,2
510803,0
510817,0
510823,0
510827,0
510847,0
510889,0
510907,2
510919,0
510931,0
510941,2
510943,0
510989,0
511001,0
511013,6
511019,0
511033,0
511039,0
511057,0
511061,0
511087,0
511109,2
511111,2
511123,2
511151,0
511153,2
511163,0
511169,0
511171,0
511177,0
511193,4
511201,0
511211,2
511213,0
511223,0
511237,2
511243,0
511261,2
511279,4
511289,4
511297,0
511327,2
511333,2
511337,0
511351,2
511361,0
511387,2
511391,2
511409,0
511417,2
511439,6
511447,0
511453,0
511457,4
511463,0
511477,0
511487,0
511507,0
511519,6
511523,0
511541,0
511549,0
511559,0
511573,4
511579,0
511583,4
511591,0
511603,4
511627,2
511631,0
511633,0
511669,2
511691,4
511703,0
511711,0
511723,2
511757,2
511787,2
511793,0
511801,2
511811,2
511831,0
511843,2
511859,0
511867,0
511873,0
511891,2
511897,4
511909,0
511933,0
511939,0
511961,2
511963,2
511991,0
511997,4
512009,0
512011,2
512021,0
512047,2
512059,0
512093,0
512101,0
512137,0
512147,0
512167,0
512207,0
512249,0
512251,0
512269,0
512287,0
512311,0
512321,4
512333,0
512353,2
512389,0
512419,0
512429,0
512443,0
512467,0
512497,4
512503,4
512507,0
512521,2
512531,2
512537,0
512543,2
512569,2
512573,0
512579,0
512581,2
512591,0
512593,2
512597,4
512609,2
512621,0
512641,2
512657,0
512663,0
512671,0
512683,2
512711,2
512713,2
512717,4
512741,0
512747,2
512761,4
512767,0
512779,0
512797,2
512803,0
512819,2
512821,0
512843,2
512849,0
512891,2
512899,4
512903,2
512917,2
512921,2
512927,2
512929,0
512959,0
512977,0
512989,0
512999,0
513001,0
513013,0
513017,0
513031,0
513041,0
513047,0
513053,4
513059,0
513067,2
513083,0
513101,2
513103,0
513109,4
513131,0
513137,0
513157,0
513167,0
513169,4
513173,2
513203,2
513239,0
513257,0
513269,0
513277,2
513283,4
513307,0
513311,0
513313,0
513319,0
513341,0
513347,0
513353,0
513367,2
513371,0
513397,4
513407,2
513419,2
513427,0
513431,2
513439,0
513473,0
513479,0
513481,0
513509,0
513511,2
513529,2
513533,2
513593,4
513631,4
513641,0
513649,2
513673,2
513679,0
513683,4
513691,4
513697,2
513719,2
513727,0
513731,0
513739,0
513749,0
513761,0
513767,2
513769,2
513781,0
513829,0
513839,0
513841,6
513871,2
513881,0
513899,0
513917,2
513923,0
513937,0
513943,2
513977,0
513991,0
514001,0
514009,0
514013,4
514021,0
514049,0
514051,2
514057,0
514061,6
514079,0
514081,0
514093,2
514103,2
514117,0
514123,0
514127,0
514147,4
514177,2
514187,0
514201,0
514219,2
514229,0
514243,0
514247,0
514249,0
514271,2
514277,2
514289,2
514309,0
514313,4
514333,2
514343,4
514357,4
514361,0
514379,0
514399,4
514417,0
514429,0
514433,0
514453,0
514499,0
514513,0
514519,0
514523,0
514529,2
514531,2
514543,0
514561,2
514571,0
514621,2
514637,0
514639,0
514643,0
514649,2
514651,0
514669,0
514681,0
514711,4
514733,0
514739,0
514741,0
514747,0
514751,2
514757,2
514769,2
514783,0
514793,0
514819,4
514823,0
514831,0
514841,0
514847,0
514853,4
514859,2
514867,0
514873,4
514889,0
514903,0
514933,0
514939,0
514949,0
514967,2
515041,2
515087,0
515089,2
515111,2
515143,0
515149,6
515153,2
515173,2
515191,0
515227,2
515231,2
515233,0
515237,2
515279,0
515293,2
515311,2
515323,0
515351,2
515357,0
515369,0
515371,0
515377,0
515381,4
515401,0
515429,2
515477,2
515507,0
515519,2
515539,2
515563,0
515579,0
515587,0
515597,0
515611,0
515621,0
515639,0
515651,4
515653,2
515663,0
515677,0
515681,2
515687,0
515693,4
515701,4
515737,0
515741,0
515761,2
515771,0
515773,2
515777,0
515783,0
515803,2
515813,0
515839,0
515843,4
515857,0
515861,2
515873,2
515887,0
515917,2
515923,4
515929,0
515941,2
515951,2
515969,0
515993,2
516017,2
516023,2
516049,2
516053,2
516077,2
516091,4
516127,0
516151,2
516157,8
516161,0
516163,2
516169,0
516179,2
516193,2
516199,4
516209,0
516223,2
516227,2
516233,2
516247,0
516251,0
516253,0
516277,0
516283,0
516293,2
516319,2
516323,2
516349,0
516359,0
516361,0
516371,4
516377,0
516391,0
516407,0
516421,0
516431,0
516433,2
516437,0
516449,0
516457,0
516469,0
516493,2
516499,0
516517,0
516521,0
516539,2
516541,2
516563,0
516587,0
516589,0
516599,0
516611,2
516617,0
516619,2
516623,0
516643,0
516653,2
516673,0
516679,0
516689,0
516701,0
516709,0
516713,0
516721,2
516727,0
516757,0
516793,0
516811,0
516821,0
516829,2
516839,0
516847,0
516871,0
516877,2
516883,0
516907,0
516911,0
516931,2
516947,0
516949,0
516959,8
516973,0
516977,2
516979,0
516991,0
517003,0
517043,2
517061,2
517067,0
517073,0
517079,0
517081,0
517087,0
517091,0
517129,0
517151,0
517169,4
517177,0
517183,0
517189,0
517207,2
517211,2
517217,0
517229,2
517241,2
517243,4
517249,2
517261,2
517267,4
517277,0
517289,4
517303,0
517337,2
517343,4
517367,0
517373,2
517381,0
517393,0
517399,0
517403,0
517411,0
517417,4
517457,0
517459,2
517469,0
517471,0
517481,0
517487,0
517499,0
517501,0
517507,2
517511,0
517513,2
517547,0
517549,0
517553,2
517571,0
517577,0
517589,2
517597,2
517603,0
517609,0
517613,2
517619,0
517637,0
517639,0
517711,4
517717,0
517721,0
517729,0
517733,0
517739,2
517747,0
517817,0
517823,2
517831,2
517861,4
517873,0
517877,0
517901,2
517919,2
517927,0
517931,0
517949,4
517967,0
517981,0
517991,0
517999,0
518017,4
518047,0
518057,2
518059,0
518083,0
518099,0
518101,0
518113,2
518123,0
518129,0
518131,2
518137,0
518153,0
518159,0
518171,6
518179,0
518191,2
518207,2
518209,2
518233,0
518237,0
518239,2
518249,4
518261,2
518291,0
518299,2
518311,4
518327,0
518341,0
518387,0
518389,0
518411,2
518417,2
518429,4
518431,0
518447,0
518467,0
518471,0
518473,0
518509,0
518521,0
518533,0
518543,0
518579,0
518587,0
518597,0
518611,0
518621,0
518657,0
518689,0
518699,2
518717,6
518729,0
518737,4
518741,0
518743,0
518747,0
518759,0
518761,0
518767,0
518779,2
518801,0
518803,0
518807,0
518809,0
518813,0
518831,0
518863,2
518867,0
518893,0
518911,0
518933,2
518953,2
518981,0
518983,0
518989,0
519011,0
519031,0
519037,0
519067,0
519083,0
519089,0
519091,2
519097,0
519107,0
519119,2
519121,0
519131,0
519151,0
519161,2
519193,0
519217,4
519227,2
519229,0
519247,0
519257,0
519269,0
519283,0
519287,4
519301,6
519307,2
519349,2
519353,0
519359,2
519371,0
519373,0
519383,0
519391,2
519413,2
519427,2
519433,0
519457,0
519487,0
519499,0
519509,4
519521,2
519523,0
519527,0
519539,0
519551,0
519553,0
519577,4
519581,2
519587,0
519611,0
519619,0
519643,0
519647,4
519667,0
519683,0
519691,0
519703,0
519713,6
519733,0
519737,0
519769,6
519787,0
519793,2
519797,0
519803,0
519817,4
519863,0
519881,2
519889,0
519907,0
519917,0
519919,0
519923,0
519931,0
519943,2
519947,2
519971,0
519989,4
519997,0
520019,2
520021,2
520031,0
520043,0
520063,4
520067,6
520073,0
520103,0
520111,2
520123,0
520129,0
520151,0
520193,2
520213,0
520241,0
520279,0
520291,2
520297,0
520307,0
520309,0
520313,0
520339,2
520349,0
520357,0
520361,4
520363,2
520369,0
520379,2
520381,0
520393,2
520409,2
520411,0
520423,0
520427,0
520433,0
520447,0
520451,2
520529,2
520547,2
520549,0
520567,2
520571,2
520589,2
520607,2
520609,0
520621,2
520631,0
520633,4
520649,4
520679,0
520691,2
520699,2
520703,2
520717,0
520721,0
520747,0
520759,2
520763,2
520787,0
520813,0
520837,0
520841,0
520853,4
520867,2
520889,0
520913,2
520921,6
520943,0
520957,0
520963,0
520967,2
520969,2
520981,0
521009,0
521021,0
521023,0
521039,0
521041,2
521047,0
521051,0
521063,0
521107,0
521119,0
521137,0
521153,0
521161,0
521167,2
521173,0
521177,2
521179,0
521201,2
521231,2
521243,0
521251,2
521267,2
521281,2
521299,0
521309,0
521317,2
521329,2
521357,2
521359,2
521363,2
521369,0
521377,0
521393,2
521399,2
521401,0
521429,2
521447,4
521471,2
521483,0
521491,2
521497,2
521503,0
521519,2
521527,0
521533,2
521537,0
521539,0
521551,0
521557,0
521567,0
521581,2
521603,0
521641,0
521657,4
521659,0
521669,0
521671,0
521693,2
521707,2
521723,2
521743,0
521749,2
521753,2
521767,0
521777,0
521789,0
521791,2
521809,2
521813,2
521819,0
521831,2
521861,2
521869,0
521879,2
521881,0
521887,2
521897,0
521903,2
521923,0
521929,0
521981,2
521993,0
521999,0
522017,0
522037,0
522047,0
522059,0
522061,2
522073,0
522079,2
522083,0
522113,0
522127,2
522157,2
522161,0
522167,4
522191,0
522199,4
522211,4
522227,2
522229,4
522233,0
522239,0
522251,2
522259,0
522281,2
522283,0
522289,4
522317,0
522323,2
522337,0
522371,2
522373,0
522383,0
522391,0
522409,2
522413,0
522439,2
522449,0
522469,0
522479,0
522497,4
522517,0
522521,4
522523,10
522541,0
522553,0
522569,0
522601,0
522623,0
522637,2
522659,2
522661,2
522673,0
522677,0
522679,0
522689,0
522703,0
522707,4
522719,0
522737,0
522749,2
522757,0
522761,0
522763,0
522787,2
522811,0
522827,0
522829,0
522839,2
522853,0
522857,0
522871,0
522881,0
522883,4
522887,0
522919,0
522943,6
522947,4
522959,2
522961,0
522989,2
523007,2
523021,0
523031,0
523049,4
523093,0
523097,0
523109,4
523129,0
523169,0
523177,2
523207,2
523213,2
523219,0
523261,0
523297,0
523307,0
523333,0
523349,0
523351,0
523357,4
523387,2
523403,0
523417,0
523427,2
523433,0
523459,0
523463,0
523487,4
523489,2
523493,0
523511,0
523519,0
523541,2
523543,0
523553,2
523571,0
523573,0
523577,2
523597,0
523603,2
523631,2
523637,2
523639,0
523657,2
523667,2
523669,4
523673,0
523681,0
523717,0
523729,0
523741,0
523759,0
523763,0
523771,2
523777,2
523793,0
523801,0
523829,0
523847,0
523867,0
523877,0
523903,0
523907,0
523927,4
523937,0
523949,0
523969,4
523987,2
523997,0
524047,2
524053,0
524057,0
524063,2
524071,4
524081,0
524087,0
524099,2
524113,0
524119,0
524123,0
524149,0
524171,0
524189,0
524197,0
524201,2
524203,0
524219,2
524221,0
524231,0
524243,2
524257,0
524261,2
524269,2
524287,0
524309,0
524341,0
524347,4
524351,0
524353,0
524369,0
524387,0
524389,0
524411,0
524413,0
524429,0
524453,0
524497,0
524507,0
524509,2
524519,0
524521,0
524591,0
524593,0
524599,0
524633,2
524669,2
524681,0
524683,2
524701,4
524707,0
524731,0
524743,0
524789,2
524801,2
524803,0
524827,0
524831,0
524857,6
524863,2
524869,0
524873,0
524893,2
524899,0
524921,2
524933,0
524939,0
524941,0
524947,0
524957,2
524959,0
524963,0
524969,0
524971,0
524981,4
524983,0
524999,2
525001,4
525013,0
525017,4
525029,0
525043,0
525101,0
525127,2
525137,0
525143,0
525157,2
525163,2
525167,0
525191,0
525193,0
525199,0
525209,2
525221,2
525241,2
525247,4
525253,0
525257,2
525299,0
525313,2
525353,0
525359,0
525361,0
525373,0
525377,2
525379,2
525391,0
525397,0
525409,0
525431,2
525433,2
525439,0
525457,0
525461,2
525467,0
525491,0
525493,2
525517,2
525529,0
525533,4
525541,0
525571,0
525583,0
525593,0
525599,0
525607,4
525641,0
525649,2
525671,0
525677,0
525697,0
525709,2
525713,2
525719,0
525727,0
525731,0
525739,0
525769,0
525773,2
525781,0
525809,0
525817,0
525839,2
525869,2
525871,0
525887,0
525893,2
525913,0
525923,0
525937,2
525947,0
525949,2
525953,2
525961,0
525979,0
525983,0
526027,2
526037,0
526049,0
526051,0
526063,0
526067,0
526069,2
526073,4
526087,0
526117,0
526121,0
526139,0
526157,0
526159,2
526189,0
526193,0
526199,0
526213,0
526223,0
526231,4
526249,2
526271,0
526283,4
526289,0
526291,2
526297,2
526307,0
526367,0
526373,0
526381,2
526387,0
526391,0
526397,0
526423,2
526429,2
526441,0
526453,2
526459,0
526483,0
526499,2
526501,2
526511,0
526531,0
526543,2
526571,4
526573,0
526583,0
526601,4
526619,0
526627,0
526633,0
526637,0
526649,4
526651,0
526657,4
526667,0
526679,0
526681,2
526703,2
526709,0
526717,4
526733,0
526739,2
526741,0
526759,0
526763,2
526777,0
526781,0
526829,0
526831,2
526837,0
526853,0
526859,4
526871,0
526909,0
526913,4
526931,0
526937,0
526943,2
526951,0
526957,0
526963,0
526993,0
526997,0
527053,2
527057,2
527063,0
527069,0
527071,0
527081,0
527099,4
527123,0
527129,2
527143,2
527159,0
527161,2
527173,0
527179,0
527203,0
527207,0
527209,2
527237,2
527251,0
527273,4
527281,0
527291,2
527327,0
527333,2
527347,4
527353,0
527377,2
527381,0
527393,2
527399,4
527407,0
527411,0
527419,2
527441,2
527447,0
527453,0
527489,0
527507,2
527533,0
527557,4
527563,0
527581,0
527591,0
527599,0
527603,0
527623,2
527627,0
527633,0
527671,2
527699,2
527701,0
527729,0
527741,2
527749,0
527753,4
527789,2
527803,0
527809,0
527819,0
527843,0
527851,0
527869,0
527881,2
527897,4
527909,0
527921,0
527929,0
527941,0
527981,0
527983,0
527987,2
527993,0
528001,0
528013,2
528041,2
528043,0
528053,0
528091,0
528097,2
528107,4
528127,2
528131,0
528137,0
528163,0
528167,0
528191,2
528197,0
528217,0
528223,0
528247,0
528263,2
528289,2
528299,0
528313,2
528317,2
528329,0
528373,0
528383,2
528391,0
528401,0
528403,0
528413,2
528419,2
528433,0
528469,0
528487,0
528491,2
528509,2
528511,0
528527,0
528559,2
528611,0
528623,0
528629,4
528631,4
528659,0
528667,0
528673,2
528679,2
528691,2
528707,2
528709,2
528719,0
528763,0
528779,0
528791,2
528799,0
528811,0
528821,6
528823,0
528833,4
528863,2
528877,0
528881,0
528883,0
528911,2
528929,2
528947,0
528967,0
528971,2
528973,0
528991,2
529003,0
529007,2
529027,0
529033,4
529037,2
529043,0
529049,0
529051,0
529097,2
529103,0
529117,0
529121,2
529127,2
529129,0
529153,0
529157,2
529181,4
529183,0
529213,2
529229,0
529237,2
529241,2
529259,0
529271,0
529273,0
529301,0
529307,0
529313,4
529327,0
529343,0
529349,2
529357,0
529381,0
529393,2
529411,4
529421,2
529423,0
529471,4
529489,0
529513,0
529517,0
529519,0
529531,2
529547,0
529577,2
529579,0
529603,2
529619,0
529637,2
529649,0
529657,2
529673,0
529681,2
529687,0
529691,0
529693,2
529709,2
529723,0
529741,4
529747,0
529751,2
529807,2
529811,0
529813,0
529819,2
529829,2
529847,2
529871,0
529927,0
529933,0
529939,0
529957,0
529961,0
529973,2
529979,0
529981,0
529987,2
529999,2
530017,2
530021,2
530027,0
530041,0
530051,2
530063,2
530087,0
530093,0
530129,0
530137,2
530143,2
530177,0
530183,2
530197,0
530203,2
530209,2
530227,2
530237,0
530249,2
530251,0
530261,4
530267,2
530279,0
530293,0
530297,2
530303,0
530329,0
530333,4
530339,2
530353,0
530359,0
530389,0
530393,0
530401,0
530429,0
530443,0
530447,4
530501,2
530507,0
530513,0
530527,0
530531,0
530533,0
530539,0
530549,0
530567,2
530597,0
530599,2
530603,2
530609,4
530641,2
530653,0
530659,2
530669,0
530693,0
530701,4
530711,0
530713,2
530731,0
530741,2
530743,0
530753,6
530767,0
530773,0
530797,0
530807,2
530833,0
530837,0
530843,0
530851,0
530857,0
530861,0
530869,2
530897,2
530911,0
530947,0
530969,0
530977,0
530983,0
530989,0
531017,0
531023,0
531043,2
531071,0
531079,2
531101,2
531103,0
531121,0
531133,0
531143,0
531163,0
531169,4
531173,4
531197,2
531203,0
531229,6
531239,0
531253,2
531263,0
531281,0
531287,4
531299,0
531331,0
531337,0
531343,6
531347,0
531353,2
531359,0
531383,2
531457,0
531481,2
531497,0
531521,0
531547,2
531551,4
531569,4
531571,0
531581,0
531589,2
531611,0
531613,2
531623,0
531631,0
531637,0
531667,0
531673,2
531689,0
531701,8
531731,2
531793,2
531799,0
531821,0
531823,0
531827,0
531833,4
531841,0
531847,0
531857,0
531863,2
531871,2
531877,2
531901,0
531911,0
531919,2
531977,0
531983,2
531989,2
531997,0
532001,0
532009,0
532027,0
532033,0
532061,0
532069,0
532093,0
532099,0
532141,2
532153,0
532159,6
532163,0
532183,4
532187,0
532193,4
532199,2
532241,2
532249,0
532261,2
532267,0
532277,2
532283,2
532307,0
532313,0
532327,4
532331,0
532333,2
532349,0
532373,0
532379,0
532391,0
532403,0
532417,0
532421,4
532439,0
532447,0
532451,0
532453,4
532489,0
532501,2
532523,0
532529,0
532531,0
532537,0
532547,2
532561,0
532601,0
532603,2
532607,2
532619,2
532621,2
532633,0
532639,6
532663,2
532669,2
532687,0
532691,0
532709,0
532733,0
532739,2
532751,4
532757,0
532771,2
532781,0
532783,0
532789,2
532801,0
532811,2
532823,2
532849,4
532853,2
532867,2
532907,0
532919,0
532949,2
532951,0
532981,0
532993,0
532999,0
533003,2
533009,2
533011,0
533033,0
533051,0
533053,2
533063,0
533077,0
533089,2
533111,0
533129,0
533149,2
533167,0
533177,4
533189,0
533191,2
533213,2
533219,8
533227,0
533237,0
533249,0
533257,10
533261,0
533263,0
533297,2
533303,2
533317,0
533321,6
533327,0
533353,0
533363,0
533371,0
533389,0
533399,2
533413,0
533447,0
533453,0
533459,2
533509,0
533543,0
533549,0
533573,2
533581,0
533593,0
533633,0
533641,0
533671,2
533693,0
533711,0
533713,4
533719,4
533723,0
533737,0
533747,0
533777,0
533801,0
533809,0
533821,0
533831,2
533837,0
533857,2
533879,0
533887,0
533893,0
533909,2
533921,0
533927,2
533959,2
533963,0
533969,0
533971,0
533989,4
533993,0
533999,2
534007,0
534013,0
534019,0
534029,0
534043,2
534047,2
534049,0
534059,0
534073,0
534077,0
534091,0
534101,0
534113,2
534137,2
534167,2
534173,2
534199,0
534203,0
534211,2
534229,2
534241,0
534253,4
534283,2
534301,0
534307,2
534311,4
534323,0
534329,0
534341,0
534367,0
534371,2
534403,0
534407,0
534431,0
534439,0
534473,2
534491,0
534511,0
534529,0
534553,4
534571,0
534577,0
534581,2
534601,4
534607,0
534617,0
534629,4
534631,0
534637,2
534647,2
534649,2
534659,0
534661,0
534671,4
534697,0
534707,0
534739,0
534799,0
534811,0
534827,0
534839,2
534841,4
534851,0
534857,0
534883,2
534889,2
534913,0
534923,0
534931,0
534943,0
534949,2
534971,0
535013,2
535019,2
535033,2
535037,0
535061,2
535099,0
535103,0
535123,4
535133,0
535151,2
535159,6
535169,0
535181,2
535193,0
535207,0
535219,2
535229,2
535237,0
535243,0
535273,2
535303,0
535319,0
535333,4
535349,2
535351,4
535361,0
535387,2
535391,2
535399,0
535481,2
535487,4
535489,2
535499,2
535511,0
535523,0
535529,0
535547,0
535571,0
535573,2
535589,0
535607,0
535609,2
535627,0
535637,0
535663,0
535669,0
535673,2
535679,0
535697,0
535709,2
535727,0
535741,2
535751,2
535757,0
535771,2
535783,0
535793,0
535811,2
535849,2
535859,2
535861,2
535879,2
535919,0
535937,0
535939,4
535943,0
535957,0
535967,2
535973,0
535991,2
535999,0
536017,0
536023,4
536051,0
536057,0
536059,0
536069,2
536087,0
536099,0
536101,0
536111,2
536141,2
536147,0
536149,2
536189,2
536191,0
536203,0
536213,4
536219,2
536227,0
536233,2
536243,2
536267,2
536273,0
536279,2
536281,0
536287,2
536293,2
536311,2
536323,2
536353,2
536357,2
536377,0
536399,2
536407,0
536423,0
536441,0
536443,2
536447,2
536449,0
536453,2
536461,0
536467,4
536479,2
536491,4
536509,0
536513,0
536531,0
536533,2
536561,2
536563,0
536593,0
536609,0
536621,2
536633,0
536651,0
536671,0
536677,0
536687,0
536699,2
536717,0
536719,0
536729,0
536743,2
536749,0
536771,0
536773,0
536777,0
536779,0
536791,2
536801,0
536803,2
536839,2
536849,4
536857,2
536867,4
536869,2
536891,0
536909,2
536917,0
536923,0
536929,2
536933,0
536947,2
536953,2
536971,0
536989,0
536999,0
537001,2
537007,0
537011,0
537023,2
537029,4
537037,2
537041,2
537067,2
537071,0
537079,0
537091,0
537127,0
537133,0
537143,2
537157,0
537169,6
537181,0
537191,2
537197,2
537221,0
537233,0
537241,0
537269,0
537281,0
537287,2
537307,0
537331,0
537343,0
537347,0
537373,2
537379,2
537401,6
537403,0
537413,0
537497,2
537527,0
537547,2
537569,2
537583,2
537587,0
537599,0
537611,0
537637,0
537661,2
537673,0
537679,0
537703,0
537709,2
537739,2
537743,6
537749,2
537769,0
537773,4
537781,0
537787,0
537793,0
537811,0
537841,4
537847,0
537853,0
537877,4
537883,4
537899,4
537913,0
537919,0
537941,0
537991,6
538001,0
538019,0
538049,0
538051,8
538073,2
538079,0
538093,0
538117,0
538121,2
538123,0
538127,2
538147,2
538151,2
538157,0
538159,0
538163,0
538199,2
538201,0
538247,0
538249,0
538259,0
538267,0
538283,0
538297,0
538301,0
538303,0
538309,2
538331,0
538333,0
538357,0
538367,0
538397,0
538399,2
538411,4
538423,0
538457,2
538471,2
538481,0
538487,0
538511,2
538513,0
538519,0
538523,4
538529,0
538553,0
538561,0
538567,0
538579,0
538589,0
538597,2
538621,2
538649,0
538651,0
538697,0
538709,4
538711,0
538721,0
538723,0
538739,0
538751,0
538763,2
538771,2
538777,0
538789,6
538799,0
538801,0
538817,10
538823,2
538829,0
538841,0
538871,4
538877,2
538921,0
538927,2
538931,0
538939,0
538943,0
538987,0
539003,6
539009,0
539039,2
539047,0
539089,2
539093,0
539101,0
539107,4
539111,0
539113,0
539129,0
539141,2
539153,2
539159,0
539167,0
539171,0
539207,2
539219,0
539233,2
539237,4
539261,2
539267,4
539269,2
539293,0
539303,0
539309,2
539311,0
539321,0
539323,0
539339,4
539347,0
539351,0
539389,2
539401,0
539447,2
539449,0
539479,0
539501,6
539503,0
539507,2
539509,0
539533,0
539573,2
539621,0
539629,2
539633,0
539639,0
539641,2
539653,0
539663,0
539677,0
539687,2
539711,0
539713,2
539723,0
539729,0
539743,0
539761,0
539783,2
539797,2
539837,0
539839,0
539843,0
539849,2
539863,0
539881,0
539897,2
539899,0
539921,0
539947,0
539993,0
540041,0
540061,2
540079,0
540101,2
540119,0
540121,2
540139,0
540149,2
540157,2
540167,0
540173,0
540179,2
540181,0
540187,0
540203,0
540217,4
540233,0
540251,2
540269,0
540271,0
540283,0
540301,2
540307,0
540343,0
540347,0
540349,0
540367,0
540373,0
540377,0
540383,0
540389,0
540391,6
540433,2
540437,2
540461,0
540469,0
540509,0
540511,0
540517,0
540539,0
540541,0
540557,0
540559,0
540577,4
540587,4
540599,0
540611,0
540613,0
540619,0
540629,0
540677,2
540679,0
540689,2
540691,4
540697,2
540703,2
540713,2
540751,0
540769,4
540773,0
540779,0
540781,0
540803,0
540809,0
540823,2
540851,2
540863,0
540871,2
540877,0
540901,0
540907,0
540961,0
540989,2
541001,2
541007,0
541027,0
541049,0
541061,0
541087,0
541097,0
541129,2
541133,0
541141,0
541153,0
541181,0
541193,0
541201,0
541217,0
541231,0
541237,0
541249,2
541267,0
541271,0
541283,2
541301,2
541309,4
541339,0
541349,2
541361,0
541363,0
541369,0
541381,0
541391,0
541417,2
541439,0
541447,2
541469,0
541483,2
541507,4
541511,0
541523,0
541529,2
541531,0
541537,2
541543,2
541547,0
541549,0
541571,0
541577,0
541579,2
541589,2
541613,2
541631,0
541657,0
541661,0
541669,0
541693,0
541699,2
541711,0
541721,2
541727,0
541759,0
541763,0
541771,0
541777,0
541781,2
541799,2
541817,4
541831,2
541837,2
541859,0
541889,6
541901,0
541927,2
541951,0
541967,2
541987,0
541991,0
541993,2
541999,0
542021,0
542023,0
542027,2
542053,2
542063,0
542071,0
542081,4
542083,2
542093,0
542111,2
542117,0
542119,0
542123,2
542131,2
542141,4
542149,2
542153,4
542167,2
542183,0
542189,2
542197,2
542207,2
542219,2
542237,0
542251,0
542261,6
542263,0
542281,0
542293,2
542299,0
542323,0
542371,0
542401,4
542441,0
542447,0
542461,0
542467,2
542483,0
542489,0
542497,0
542519,0
542533,0
542537,0
542539,2
542551,2
542557,0
542567,0
542579,2
542587,2
542599,0
542603,0
542683,2
542687,2
542693,2
542713,2
542719,0
542723,0
542747,0
542761,0
542771,0
542783,2
542791,0
542797,0
542821,2
542831,0
542837,0
542873,0
542891,0
542911,0
542921,0
542923,0
542933,0
542939,4
542947,0
542951,2
542981,0
542987,0
542999,4
543017,0
543019,2
543029,0
543061,2
543097,2
543113,2
543131,0
543139,2
543143,0
543149,0
543157,0
543161,0
543163,0
543187,0
543203,4
543217,0
543223,2
543227,4
543233,0
543241,2
543253,0
543259,0
543281,0
543287,2
543289,4
543299,2
543307,0
543311,0
543313,0
543341,2
543349,0
543353,0
543359,0
543379,0
543383,0
543407,4
543427,2
543463,2
543497,6
543503,0
543509,0
543539,0
543551,0
543553,0
543593,0
543601,0
543607,2
543611,4
543617,0
543637,2
543659,0
543661,0
543671,2
543679,2
543689,0
543703,0
543707,2
543713,0
543769,0
543773,0
543787,0
543791,2
543793,2
543797,2
543811,0
543827,2
543841,0
543853,4
543857,2
543859,2
543871,0
543877,4
543883,2
543887,2
543889,0
543901,2
543911,0
543929,2
543967,2
543971,0
543997,0
544001,4
544007,6
544009,0
544013,0
544021,0
544031,2
544097,0
544099,4
544109,2
544123,2
544129,2
544133,0
544139,0
544171,2
544177,0
544183,0
544199,0
544223,0
544259,2
544273,2
544277,0
544279,8
544367,2
544373,2
544399,0
544403,0
544429,0
544451,0
544471,2
544477,0
544487,2
544501,0
544513,2
544517,2
544543,0
544549,0
544601,0
544613,2
544627,0
544631,4
544651,0
544667,2
544699,0
544717,0
544721,0
544723,0
544727,2
544757,4
544759,2
544771,2
544781,0
544793,0
544807,0
544813,0
544837,2
544861,0
544877,0
544879,0
544883,0
544889,0
544897,0
544903,2
544919,0
544927,2
544937,4
544961,0
544963,2
544979,2
545023,0
545029,2
545033,2
545057,0
545063,0
545087,0
545089,2
545093,0
545117,2
545131,2
545141,2
545143,2
545161,0
545189,0
545203,0
545213,0
545231,0
545239,2
545257,2
545267,2
545291,2
545329,0
545371,0
545387,0
545429,2
545437,2
545443,2
545449,0
545473,0
545477,2
545483,4
545497,2
545521,0
545527,2
545533,0
545543,0
545549,0
545551,2
545579,0
545599,4
545609,0
545617,0
545621,4
545641,2
545647,2
545651,0
545663,4
545711,2
545723,2
545731,0
545747,0
545749,2
545759,2
545773,0
545789,0
545791,0
545827,0
545843,0
545863,2
545873,2
545893,0
545899,2
545911,2
545917,0
545929,0
545933,2
545939,0
545947,0
545959,0
546001,0
546017,0
546019,0
546031,0
546047,0
546053,0
546067,0
546071,0
546097,0
546101,2
546103,2
546109,0
546137,2
546149,0
546151,2
546173,4
546179,0
546197,0
546211,0
546233,0
546239,0
546241,2
546253,0
546263,2
546283,0
546289,0
546317,0
546323,0
546341,2
546349,2
546353,0
546361,0
546367,2
546373,0
546391,0
546461,0
546467,0
546479,0
546509,0
546523,0
546547,6
546569,0
546583,2
546587,0
546599,4
546613,0
546617,0
546619,2
546631,0
546643,0
546661,0
546671,0
546677,2
546683,2
546691,0
546709,2
546719,0
546731,2
546739,2
546781,0
546841,4
546859,0
546863,2
546869,0
546881,2
546893,0
546919,0
546937,0
546943,2
546947,0
546961,2
546967,2
546977,0
547007,0
547021,0
547037,2
547061,2
547087,0
547093,2
547097,0
547103,2
547121,0
547133,4
547139,4
547171,0
547223,2
547229,4
547237,0
547241,0
547249,2
547271,0
547273,4
547291,0
547301,2
547321,0
547357,0
547361,0
547363,0
547369,0
547373,4
547387,0
547397,0
547399,2
547411,2
547441,0
547453,0
547471,2
547483,2
547487,2
547493,6
547499,4
547501,0
547513,0
547529,2
547537,0
547559,0
547567,2
547577,2
547583,0
547601,2
547609,0
547619,0
547627,2
547639,2
547643,0
547661,0
547663,2
547681,2
547709,2
547727,0
547741,0
547747,0
547753,0
547763,2
547769,0
547787,0
547817,2
547819,0
547823,0
547831,2
547849,0
547853,0
547871,0
547889,0
547901,4
547909,2
547951,2
547957,0
547999,0
548003,2
548039,2
548059,4
548069,2
548083,2
548089,2
548099,0
548117,4
548123,0
548143,0
548153,0
548189,0
548201,0
548213,2
548221,0
548227,2
548239,0
548243,0
548263,0
548291,2
548309,0
548323,2
548347,2
548351,0
548363,2
548371,0
548393,0
548399,2
548407,2
548417,2
548423,2
548441,2
548453,2
548459,2
548461,4
548489,2
548501,0
548503,0
548519,2
548521,0
548533,0
548543,0
548557,2
548567,0
548579,0
548591,0
548623,0
548629,0
548657,4
548671,2
548677,2
548687,0
548693,0
548707,0
548719,2
548749,2
548753,2
548761,0
548771,0
548783,0
548791,0
548827,2
548831,4
548833,0
548837,0
548843,0
548851,0
548861,0
548869,2
548893,2
548897,0
548903,2
548909,2
548927,2
548953,2
548957,0
548963,0
549001,0
549011,2
549013,0
549019,4
549023,2
549037,0
549071,0
549089,0
549091,4
549097,0
549121,0
549139,0
549149,0
549161,2
549163,0
549167,0
549169,2
549193,2
549203,2
549221,0
549229,0
549247,0
549257,0
549259,0
549281,0
549313,0
549319,0
549323,0
549331,0
549379,0
549391,0
549403,2
549421,0
549431,2
549443,0
549449,0
549481,2
549503,2
549509,0
549511,0
549517,0
549533,0
549547,0
549551,2
549553,0
549569,2
549587,0
549589,2
549607,2
549623,0
549641,2
549643,0
549649,0
549667,0
549683,0
549691,0
549701,0
549707,0
549713,0
549719,0
549733,2
549737,0
549739,0
549749,2
549751,2
549767,0
549817,0
549833,0
549839,4
549863,0
549877,0
549883,2
549911,4
549937,0
549943,0
549949,2
549977,0
549979,0
550007,0
550009,0
550027,0
550049,0
550061,0
550063,0
550073,4
550111,0
550117,0
550127,0
550129,0
550139,0
550163,2
550169,0
550177,0
550181,4
550189,0
550211,0
550213,2
550241,2
550267,0
550279,0
550283,0
550289,2
550309,4
550337,2
550351,2
550369,0
550379,6
550427,0
550439,0
550441,0
550447,0
550457,0
550469,0
550471,0
550489,2
550513,4
550519,0
550531,0
550541,0
550553,4
550577,0
550607,0
550609,0
550621,0
550631,0
550637,0
550651,0
550657,2
550661,0
550663,2
550679,2
550691,2
550703,0
550717,2
550721,0
550733,0
550757,6
550763,0
550789,0
550801,2
550811,0
550813,4
550831,0
550841,6
550843,0
550859,0
550861,0
550903,0
550909,4
550937,2
550939,2
550951,0
550961,0
550969,2
550973,0
550993,0
550997,4
551003,0
551017,0
551027,0
551039,4
551059,0
551063,4
551069,0
551093,2
551099,2
551107,2
551113,0
551129,0
551143,4
551179,0
551197,0
551207,0
551219,0
551231,0
551233,0
551269,2
551281,2
551297,4
551311,0
551321,2
551339,0
551347,2
551363,0
551381,2
551387,2
551407,0
551423,0
551443,0
551461,2
551483,0
551489,0
551503,0
551519,0
551539,0
551543,2
551549,0
551557,2
551569,6
551581,0
551587,0
551597,0
551651,0
551653,2
551659,0
551671,2
551689,0
551693,0
551713,0
551717,0
551723,0
551729,0
551731,2
551743,0
551753,0
551767,0
551773,4
551801,0
551809,0
551813,0
551843,0
551849,0
551861,2
551909,0
551911,0
551917,0
551927,0
551933,2
551951,2
551959,0
551963,0
551981,4
552001,0
552011,0
552029,0
552031,2
552047,0
552053,2
552059,0
552089,2
552091,2
552103,0
552107,4
552113,0
552127,0
552137,0
552179,0
552193,2
552217,0
552239,2
552241,4
552259,2
552263,2
552271,2
552283,2
552301,0
552317,0
552341,2
552353,0
552379,2
552397,0
552401,2
552403,0
552469,0
552473,0
552481,0
552491,0
552493,0
552511,2
552523,0
552527,2
552553,0
552581,2
552583,0
552589,0
552611,0
552649,2
552659,0
552677,2
552703,2
552707,2
552709,0
552731,0
552749,4
552751,0
552757,0
552787,2
552791,2
552793,0
552809,0
552821,0
552833,0
552841,2
552847,0
552859,0
552883,0
552887,0
552899,2
552913,0
552917,0
552971,0
552983,0
552991,0
553013,0
553037,0
553043,0
553051,0
553057,2
553067,0
553073,2
553093,0
553097,4
553099,2
553103,0
553123,0
553139,0
553141,0
553153,0
553171,0
553181,2
553193,2
553207,4
553211,0
553229,0
553249,0
553253,0
553277,2
553279,2
553309,2
553351,0
553363,0
553369,0
553411,2
553417,0
553433,0
553439,0
553447,0
553457,2
553463,0
553471,2
553481,0
553507,2
553513,0
553517,0
553529,0
553543,0
553549,0
553561,0
553573,0
553583,0
553589,2
553591,0
553601,2
553607,2
553627,0
553643,0
553649,4
553667,0
553681,0
553687,0
553699,2
553703,4
553727,0
553733,0
553747,0
553757,2
553759,4
553769,2
553789,0
553811,0
553837,6
553849,0
553867,2
553873,0
553897,2
553901,0
553919,2
553921,0
553933,2
553961,2
553963,0
553981,2
553991,2
554003,0
554011,2
554017,2
554051,6
554077,0
554087,0
554089,0
554117,2
554123,2
554129,0
554137,2
554167,2
554171,2
554179,0
554189,0
554207,0
554209,0
554233,0
554237,0
554263,0
554269,0
554293,0
554299,0
554303,0
554317,2
554347,4
554377,0
554383,0
554417,0
554419,2
554431,4
554447,2
554453,0
554467,0
554503,2
554527,0
554531,0
554569,2
554573,0
554597,0
554611,2
554627,0
554633,0
554639,0
554641,6
554663,0
554669,0
554677,2
554699,4
554707,2
554711,0
554731,0
554747,0
554753,0
554759,4
554767,2
554779,0
554789,0
554791,0
554797,4
554803,0
554821,2
554833,0
554837,0
554839,0
554843,2
554849,2
554887,0
554891,0
554893,0
554899,4
554923,0
554927,2
554951,0
554959,0
554969,2
554977,0
555029,0
555041,0
555043,0
555053,0
555073,2
555077,0
555083,0
555091,0
555097,2
555109,0
555119,0
555143,0
555167,0
555209,0
555221,0
555251,0
555253,2
555257,2
555277,0
555287,0
555293,0
555301,0
555307,2
555337,2
555349,2
555361,0
555383,0
555391,4
555419,2
555421,0
555439,0
555461,0
555487,0
555491,0
555521,2
555523,0
555557,0
555589,0
555593,2
555637,0
555661,2
555671,2
555677,0
555683,0
555691,2
555697,2
555707,4
555739,2
555743,0
555761,0
555767,0
555823,0
555827,2
555829,2
555853,2
555857,2
555871,0
555931,0
555941,0
555953,0
555967,4
556007,0
556021,2
556027,0
556037,2
556043,0
556051,0
556067,2
556069,0
556093,4
556103,2
556123,0
556159,0
556177,0
556181,0
556211,0
556219,0
556229,2
556243,0
556253,0
556261,0
556267,0
556271,0
556273,2
556279,2
556289,0
556313,0
556321,0
556327,4
556331,2
556343,0
556351,0
556373,0
556399,0
556403,2
556441,0
556459,2
556477,0
556483,2
556487,0
556513,0
556519,0
556537,0
556559,0
556573,0
556579,2
556583,0
556601,0
556607,2
556609,4
556613,2
556627,0
556639,2
556651,4
556679,0
556687,0
556691,6
556693,0
556697,4
556709,2
556723,0
556727,0
556741,0
556753,0
556763,0
556769,0
556781,0
556789,0
556793,0
556799,4
556811,2
556817,0
556819,2
556823,2
556841,2
556849,2
556859,0
556861,0
556867,0
556883,0
556891,0
556931,2
556939,2
556943,0
556957,2
556967,0
556981,0
556987,2
556999,2
557017,0
557021,0
557027,0
557033,0
557041,0
557057,0
557059,0
557069,2
557087,2
557093,4
557153,0
557159,0
557197,2
557201,0
557261,2
557269,2
557273,2
557281,0
557303,2
557309,0
557321,0
557329,0
557339,0
557369,0
557371,0
557377,0
557423,0
557443,0
557449,2
557461,4
557483,2
557489,2
557519,2
557521,2
557533,0
557537,4
557551,0
557567,0
557573,0
557591,0
557611,0
557633,0
557639,0
557663,0
557671,4
557693,0
557717,2
557729,2
557731,0
557741,4
557743,0
557747,0
557759,2
557761,0
557779,0
557789,0
557801,0
557803,0
557831,0
557857,0
557861,0
557863,2
557891,0
557899,0
557903,2
557927,0
557981,0
557987,0
558007,2
558017,0
558029,4
558053,0
558067,0
558083,0
558091,0
558109,0
558113,2
558121,0
558139,4
558149,0
558167,4
558179,2
558197,2
558203,0
558209,0
558223,0
558241,0
558251,0
558253,0
558287,0
558289,4
558307,0
558319,0
558343,2
558401,0
558413,2
558421,2
558427,0
558431,6
558457,2
558469,0
558473,2
558479,0
558491,6
558497,0
558499,2
558521,0
558529,2
558533,0
558539,4
558541,0
558563,2
558583,2
558587,4
558599,0
558611,4
558629,2
558643,2
558661,0
558683,2
558703,2
558721,2
558731,2
558757,0
558769,0
558781,2
558787,0
558791,2
558793,0
558827,2
558829,2
558863,0
558869,0
558881,2
558893,0
558913,0
558931,0
558937,0
558947,0
558973,2
558979,0
558997,0
559001,2
559049,2
559051,0
559067,2
559081,0
559093,0
559099,0
559123,2
559133,2
559157,0
559177,0
559183,0
559201,0
559211,0
559213,0
559217,0
559219,0
559231,0
559243,2
559259,2
559277,0
559297,0
559313,2
559319,2
559343,0
559357,2
559367,2
559369,2
559397,2
559421,0
559451,0
559459,0
559469,4
559483,0
559511,0
559513,0
559523,2
559529,0
559541,0
559547,0
559549,0
559561,2
559571,2
559577,0
559583,0
559591,0
559597,0
559631,0
559633,0
559639,0
559649,0
559667,0
559673,0
559679,0
559687,2
559703,2
559709,2
559739,0
559747,2
559777,0
559781,0
559799,0
559807,2
559813,0
559831,0
559841,2
559849,2
559859,2
559877,0
559883,2
559901,0
559907,2
559913,0
559939,2
559967,0
559973,0
559991,0
560017,4
560023,0
560029,2
560039,2
560047,2
560081,0
560083,2
560089,0
560093,0
560107,0
560113,0
560117,2
560123,0
560137,2
560149,0
560159,0
560171,2
560173,4
560179,0
560191,0
560207,2
560213,2
560221,0
560227,0
560233,0
560237,0
560239,0
560243,2
560249,0
560281,0
560293,4
560297,4
560299,0
560311,0
560317,2
560341,2
560353,0
560393,0
560411,0
560437,0
560447,0
560459,0
560471,6
560477,0
560479,0
560489,0
560491,0
560501,2
560503,0
560531,0
560543,0
560551,4
560561,4
560597,0
560617,2
560621,0
560639,0
560641,0
560653,0
560669,0
560683,0
560689,2
560701,2
560719,2
560737,2
560753,2
560761,2
560767,0
560771,0
560783,0
560797,2
560803,0
560827,0
560837,6
560863,0
560869,2
560873,0
560887,0
560891,0
560893,0
560897,2
560929,2
560939,4
560941,0
560969,0
560977,0
561019,0
561047,2
561053,0
561059,0
561061,2
561079,2
561083,4
561091,2
561097,0
561101,2
561103,2
561109,0
561161,2
561173,2
561181,0
561191,0
561199,0
561229,4
561251,2
561277,2
561307,0
561313,2
561343,0
561347,2
561359,2
561367,0
561373,4
561377,0
561389,0
561409,0
561419,0
561439,0
561461,0
561521,4
561529,0
561551,0
561553,2
561559,2
561599,0
561607,0
561667,0
561703,2
561713,0
561733,2
561761,6
561767,2
561787,0
561797,4
561809,4
561829,2
561839,2
561907,0
561917,0
561923,6
561931,2
561943,2
561947,2
561961,0
561973,0
561983,2
561997,2
562007,0
562019,0
562021,2
562043,0
562091,2
562103,0
562129,2
562147,0
562169,0
562181,2
562193,2
562201,0
562231,0
562259,0
562271,0
562273,2
562283,0
562291,2
562297,0
562301,0
562307,2
562313,0
562333,4
562337,0
562349,2
562351,2
562357,0
562361,0
562399,4
562403,2
562409,2
562417,4
562421,0
562427,2
562439,0
562459,2
562477,4
562493,2
562501,0
562517,2
562519,4
562537,0
562577,0
562579,4
562589,0
562591,0
562607,2
562613,4
562621,0
562631,4
562633,0
562651,2
562663,0
562669,0
562673,0
562691,0
562693,2
562699,2
562703,2
562711,0
562721,0
562739,0
562753,0
562759,2
562763,2
562781,0
562789,0
562813,4
562831,0
562841,0
562871,2
562897,2
562901,0
562909,4
562931,6
562943,0
562949,0
562963,0
562967,0
562973,0
562979,2
562987,0
562997,2
563009,2
563011,2
563021,2
563039,0
563041,0
563047,0
563051,2
563077,0
563081,0
563099,0
563113,0
563117,0
563119,2
563131,0
563149,0
563153,2
563183,0
563197,0
563219,0
563249,0
563263,0
563287,2
563327,0
563351,2
563357,0
563359,0
563377,0
563401,0
563411,4
563413,0
563417,0
563419,6
563447,2
563449,2
563467,0
563489,2
563501,0
563503,0
563543,0
563551,2
563561,2
563587,0
563593,0
563599,0
563623,2
563657,0
563663,2
563723,0
563743,4
563747,0
563777,2
563809,2
563813,2
563821,0
563831,2
563837,0
563851,0
563869,2
563881,2
563887,0
563897,0
563929,2
563933,2
563947,0
563971,0
563987,2
563999,0
564013,0
564017,6
564041,0
564049,0
564059,2
564061,0
564089,0
564097,0
564103,0
564127,2
564133,0
564149,0
564163,2
564173,2
564191,2
564197,0
564227,2
564229,0
564233,2
564251,0
564257,0
564269,0
564271,6
564299,0
564301,0
564307,0
564313,2
564323,0
564353,0
564359,0
564367,2
564371,4
564373,0
564391,0
564401,0
564407,2
564409,2
564419,0
564437,2
564449,0
564457,0
564463,2
564467,2
564491,0
564497,0
564523,0
564533,6
564593,4
564607,0
564617,0
564643,2
564653,0
564667,0
564671,0
564679,2
564701,0
564703,0
564709,0
564713,2
564761,2
564779,4
564793,0
564797,0
564827,0
564871,2
564881,4
564899,2
564917,2
564919,0
564923,0
564937,2
564959,4
564973,0
564979,2
564983,4
564989,2
564997,2
565013,0
565039,2
565049,2
565057,0
565069,2
565109,0
565111,4
565127,0
565163,0
565171,0
565177,0
565183,2
565189,2
565207,0
565237,0
565241,0
565247,6
565259,0
565261,4
565273,2
565283,0
565289,0
565303,0
565319,0
565333,2
565337,0
565343,2
565361,0
565379,0
565381,2
565387,2
565391,2
565393,2
565427,2
565429,0
565441,0
565451,2
565463,0
565469,0
565483,0
565489,2
565507,0
565511,0
565517,4
565519,0
565549,0
565553,0
565559,4
565567,2
565571,0
565583,2
565589,0
565597,0
565603,2
565613,0
565637,2
565651,0
565661,2
565667,0
565723,0
565727,0
565769,2
565771,0
565787,0
565793,0
565813,0
565849,4
565867,0
565889,0
565891,0
565907,0
565909,0
565919,2
565921,0
565937,0
565973,4
565979,2
565997,0
566011,0
566023,2
566047,0
566057,0
566077,0
566089,2
566101,2
566107,2
566131,2
566149,2
566161,2
566173,0
566179,2
566183,0
566201,0
566213,2
566227,0
566231,0
566233,2
566273,2
566311,0
566323,4
566347,4
566387,0
566393,2
566413,0
566417,4
566429,2
566431,2
566437,0
566441,4
566443,4
566453,0
566521,0
566537,0
566539,0
566543,0
566549,2
566551,0
566557,0
566563,4
566567,0
566617,2
566633,0
566639,2
566653,0
566659,0
566677,0
566681,0
566693,2
566701,2
566707,2
566717,0
566719,2
566723,0
566737,0
566759,2
566767,2
566791,2
566821,0
566833,0
566851,0
566857,0
566879,0
566911,0
566939,0
566947,0
566963,2
566971,0
566977,2
566987,0
566999,0
567011,2
567013,0
567031,0
567053,0
567059,0
567067,2
567097,0
567101,2
567107,0
567121,0
567143,0
567179,2
567181,2
567187,0
567209,0
567257,4
567263,2
567277,0
567319,4
567323,2
567367,0
567377,0
567383,0
567389,2
567401,0
567407,6
567439,0
567449,0
567451,2
567467,0
567487,0
567493,0
567499,0
567527,0
567529,2
567533,2
567569,0
567601,0
567607,0
567631,6
567649,0
567653,2
567659,0
567661,2
567667,0
567673,2
567689,0
567719,2
567737,0
567751,4
567761,2
567767,0
567779,2
567793,4
567811,2
567829,0
567841,2
567857,0
567863,0
567871,2
567877,0
567881,0
567883,0
567899,0
567937,2
567943,0
567947,2
567949,0
567961,2
567979,2
567991,2
567997,0
568019,0
568027,0
568033,0
568049,0
568069,0
568091,0
568097,4
568109,2
568133,4
568151,0
568153,0
568163,2
568171,0
568177,0
568187,2
568189,0
568193,0
568201,4
568207,0
568231,0
568237,0
568241,0
568273,2
568279,0
568289,0
568303,0
568349,0
568363,0
568367,0
568387,0
568391,0
568433,2
568439,0
568441,0
568453,0
568471,0
568481,2
568493,2
568523,0
568541,0
568549,0
568577,0
568609,4
568619,0
568627,2
568643,0
568657,0
568669,0
568679,0
568691,0
568699,0
568709,2
568723,2
568751,0
568783,0
568787,0
568807,0
568823,0
568831,2
568853,0
568877,0
568891,0
568903,0
568907,0
568913,2
568921,0
568963,4
568979,2
568987,4
568991,2
568999,0
569003,4
569011,0
569021,0
569047,0
569053,2
569057,2
569071,2
569077,0
569081,0
569083,4
569111,2
569117,0
569137,0
569141,0
569159,0
569161,0
569189,0
569197,0
569201,0
569209,2
569213,0
569237,2
569243,0
569249,0
569251,2
569263,0
569267,0
569269,8
569321,0
569323,2
569369,0
569417,0
569419,0
569423,0
569431,4
569447,0
569461,0
569479,0
569497,2
569507,2
569533,0
569573,0
569579,0
569581,0
569599,2
569603,2
569609,4
569617,2
569623,4
569659,2
569663,0
569671,2
569683,2
569711,2
569713,0
569717,0
569729,0
569731,0
569747,2
569759,0
569771,0
569773,2
569797,2
569809,0
569813,0
569819,0
569831,0
569839,2
569843,2
569851,0
569861,0
569869,2
569887,0
569893,4
569897,2
569903,4
569927,0
569939,2
569957,2
569983,2
570001,0
570013,0
570029,2
570041,0
570043,0
570047,0
570049,2
570071,4
570077,0
570079,0
570083,2
570091,0
570107,8
570109,0
570113,0
570131,2
570139,0
570161,2
570173,0
570181,0
570191,2
570217,2
570221,0
570233,0
570253,0
570329,0
570359,0
570373,0
570379,4
570389,2
570391,2
570403,0
570407,2
570413,2
570419,2
570421,0
570461,0
570463,0
570467,2
570487,2
570491,4
570497,0
570499,0
570509,0
570511,0
570527,2
570529,0
570539,2
570547,2
570553,0
570569,0
570587,0
570601,0
570613,4
570637,0
570643,0
570649,0
570659,0
570667,2
570671,0
570677,2
570683,4
570697,0
570719,0
570733,0
570737,2
570743,2
570781,0
570821,0
570827,0
570839,0
570841,0
570851,2
570853,2
570859,2
570881,0
570887,8
570901,0
570919,0
570937,0
570949,2
570959,0
570961,0
570967,2
570991,2
571001,0
571019,0
571031,2
571037,0
571049,0
571069,0
571093,4
571099,0
571111,0
571133,0
571147,0
571157,0
571163,2
571199,0
571201,0
571211,0
571223,2
571229,4
571231,0
571261,0
571267,0
571279,0
571303,0
571321,0
571331,2
571339,2
571369,0
571381,0
571397,2
571399,0
571409,2
571433,0
571453,2
571471,2
571477,0
571531,2
571541,0
571579,2
571583,2
571589,0
571601,2
571603,4
571633,2
571657,0
571673,0
571679,2
571699,0
571709,2
571717,0
571721,0
571741,0
571751,0
571759,2
571777,0
571783,4
571789,0
571799,0
571801,0
571811,0
571841,0
571847,0
571853,2
571861,0
571867,0
571871,0
571873,2
571877,0
571903,0
571933,0
571939,0
571969,0
571973,0
572023,0
572027,0
572041,0
572051,4
572053,4
572059,0
572063,4
572069,2
572087,4
572093,2
572107,0
572137,2
572161,4
572177,4
572179,2
572183,2
572207,0
572233,0
572239,0
572251,0
572269,2
572281,0
572303,0
572311,0
572321,2
572323,0
572329,2
572333,0
572357,0
572387,0
572399,0
572417,2
572419,0
572423,2
572437,4
572449,2
572461,0
572471,0
572479,0
572491,2
572497,4
572519,2
572521,2
572549,0
572567,0
572573,4
572581,2
572587,2
572597,0
572599,0
572609,0
572629,2
572633,0
572639,0
572651,0
572653,0
572657,4
572659,0
572683,0
572687,4
572699,4
572707,4
572711,0
572749,2
572777,0
572791,0
572801,0
572807,2
572813,0
572821,0
572827,0
572833,0
572843,0
572867,0
572879,2
572881,0
572903,0
572909,2
572927,4
572933,2
572939,0
572941,2
572963,2
572969,2
572993,0
573007,2
573031,0
573047,0
573101,2
573107,0
573109,0
573119,0
573143,0
573161,0
573163,0
573179,0
573197,2
573247,0
573253,0
573263,0
573277,6
573289,2
573299,4
573317,0
573329,0
573341,0
573343,4
573371,2
573379,0
573383,0
573409,0
573437,0
573451,2
573457,0
573473,0
573479,0
573481,0
573487,0
573493,0
573497,0
573509,2
573511,0
573523,2
573527,0
573557,0
573569,2
573571,0
573637,0
573647,2
573673,0
573679,0
573691,4
573719,2
573737,0
573739,4
573757,0
573761,0
573763,4
573787,0
573791,0
573809,0
573817,2
573829,2
573847,0
573851,0
573863,0
573871,2
573883,0
573887,4
573899,0
573901,4
573929,0
573941,2
573953,2
573967,2
573973,0
573977,2
574003,0
574031,0
574033,0
574051,0
574061,0
574081,0
574099,4
574109,0
574127,0
574157,2
574159,0
574163,0
574169,0
574181,0
574183,0
574201,2
574219,2
574261,0
574279,0
574283,0
574289,0
574297,2
574307,0
574309,0
574363,0
574367,0
574373,0
574393,2
574423,0
574429,2
574433,0
574439,2
574477,0
574489,2
574493,4
574501,0
574507,0
574529,0
574543,2
574547,0
574597,0
574619,0
574621,2
574627,2
574631,4
574643,0
574657,0
574667,2
574687,2
574699,2
574703,2
574711,2
574723,0
574727,2
574733,2
574741,2
574789,2
574799,2
574801,0
574813,0
574817,0
574859,2
574907,4
574913,0
574933,0
574939,0
574949,2
574963,0
574967,0
574969,2
575009,4
575027,0
575033,0
575053,0
575063,2
575077,0
575087,0
575119,0
575123,0
575129,2
575131,2
575137,2
575153,0
575173,6
575177,2
575203,2
575213,0
575219,0
575231,0
575243,4
575249,0
575251,2
575257,0
575261,0
575303,0
575317,2
575359,0
575369,2
575371,0
575401,0
575417,2
575429,0
575431,2
575441,0
575473,4
575479,0
575489,0
575503,2
575513,0
575551,0
575557,0
575573,0
575579,0
575581,0
575591,2
575593,0
575611,2
575623,0
575647,0
575651,0
575669,0
575677,2
575689,0
575693,2
575699,0
575711,0
575717,0
575723,0
575747,0
575753,2
575777,2
575791,0
575821,2
575837,2
575849,4
575857,2
575863,2
575867,0
575893,2
575903,0
575921,2
575923,0
575941,0
575957,2
575959,0
575963,0
575987,0
576001,0
576013,0
576019,2
576029,2
576031,0
576041,0
576049,2
576089,2
576101,2
576119,0
576131,2
576151,0
576161,2
576167,0
576179,2
576193,4
576203,2
576211,2
576217,0
576221,0
576223,0
576227,4
576287,0
576293,0
576299,2
576313,4
576319,0
576341,0
576377,0
576379,0
576391,2
576421,0
576427,2
576431,0
576439,0
576461,0
576469,0
576473,0
576493,2
576509,2
576523,2
576529,0
576533,0
576539,0
576551,0
576553,0
576577,4
576581,2
576613,2
576617,2
576637,2
576647,0
576649,0
576659,0
576671,0
576677,0
576683,0
576689,0
576701,0
576703,0
576721,0
576727,6
576731,0
576739,2
576743,0
576749,0
576757,0
576769,0
576787,0
576791,2
576881,2
576883,0
576889,0
576899,2
576943,0
576949,0
576967,0
576977,0
577007,0
577009,0
577033,2
577043,2
577063,0
577067,0
577069,0
577081,2
577097,4
577111,0
577123,0
577147,2
577151,2
577153,0
577169,4
577177,2
577193,2
577219,0
577249,0
577259,0
577271,0
577279,0
577307,2
577327,0
577331,2
577333,4
577349,0
577351,2
577363,0
577387,0
577397,0
577399,0
577427,2
577453,0
577457,0
577463,0
577471,0
577483,2
577513,0
577517,0
577523,0
577529,0
577531,0
577537,0
577547,0
577559,0
577573,0
577589,2
577601,0
577613,0
577627,2
577637,0
577639,2
577667,2
577721,0
577739,0
577751,2
577757,0
577781,2
577799,0
577807,0
577817,0
577831,0
577849,2
577867,0
577873,2
577879,0
577897,0
577901,0
577909,2
577919,4
577931,2
577937,2
577939,0
577957,0
577979,0
577981,6
578021,0
578029,2
578041,2
578047,0
578063,2
578077,4
578093,0
578117,0
578131,2
578167,0
578183,0
578191,2
578203,2
578209,4
578213,0
578251,2
578267,0
578297,0
578299,4
578309,4
578311,0
578317,0
578327,0
578353,2
578363,0
578371,2
578399,0
578401,0
578407,2
578419,2
578441,0
578453,0
578467,0
578477,2
578483,0
578489,0
578497,0
578503,0
578509,2
578533,0
578537,0
578563,0
578573,0
578581,0
578587,2
578597,4
578603,0
578609,0
578621,2
578647,2
578659,2
578687,2
578689,2
578693,2
578701,0
578719,2
578729,0
578741,4
578777,2
578779,2
578789,0
578803,0
578819,0
578821,0
578827,0
578839,0
578843,4
578857,0
578861,0
578881,0
578917,2
578923,0
578957,0
578959,0
578971,0
578999,0
579011,0
579017,2
579023,0
579053,0
579079,0
579083,0
579107,0
579113,2
579119,0
579133,2
579179,0
579197,2
579199,2
579239,0
579251,0
579259,0
579263,0
579277,0
579281,0
579283,2
579287,2
579311,0
579331,0
579353,2
579379,0
579407,2
579409,0
579427,0
579433,2
579451,0
579473,0
579497,2
579499,0
579503,6
579517,2
579521,0
579529,0
579533,0
579539,2
579541,6
579563,0
579569,0
579571,0
579583,0
579587,2
579611,4
579613,2
579629,2
579637,0
579641,0
579643,2
579653,0
579673,6
579701,0
579707,0
579713,2
579721,0
579737,2
579757,4
579763,2
579773,2
579779,2
579809,2
579829,2
579851,0
579869,2
579877,0
579881,0
579883,0
579893,0
579907,0
579947,0
579949,0
579961,0
579967,2
579973,0
579983,2
580001,0
580031,0
580033,2
580079,0
580081,0
580093,0
580133,0
580163,4
580169,2
580183,0
580187,0
580201,0
580213,2
580219,0
580231,2
580259,2
580291,0
580301,2
580303,0
580331,2
580339,0
580343,0
580357,0
580361,4
580373,2
580379,0
580381,0
580409,4
580417,2
580471,4
580477,2
580487,2
580513,0
580529,6
580549,0
580553,6
580561,0
580577,0
580607,2
580627,2
580631,2
580633,4
580639,0
580663,0
580673,0
580687,0
580691,0
580693,2
580711,0
580717,2
580733,2
580747,2
580757,4
580759,0
580763,0
580787,0
580793,0
580807,2
580813,0
580837,0
580843,0
580859,0
580871,8
580889,4
580891,0
580901,2
580913,0
580919,2
580927,0
580939,2
580969,0
580981,0
580997,2
581029,0
581041,0
581047,0
581069,0
581071,2
581089,2
581099,0
581101,0
581137,0
581143,0
581149,0
581171,0
581173,0
581177,2
581183,0
581197,2
581201,4
581227,2
581237,0
581239,0
581261,0
581263,0
581293,0
581303,0
581311,2
581323,0
581333,0
581341,4
581351,0
581353,0
581369,0
581377,0
581393,0
581407,4
581411,2
581429,0
581443,0
581447,0
581459,2
581473,2
581491,0
581521,2
581527,0
581549,0
581551,6
581557,0
581573,0
581597,2
581599,4
581617,0
581639,2
581657,0
581663,0
581683,0
581687,0
581699,0
581701,0
581729,0
581731,0
581743,0
581753,0
581767,2
581773,2
581797,0
581809,0
581821,0
581843,0
581857,2
581863,0
581869,0
581873,2
581891,0
581909,0
581921,0
581941,2
581947,2
581953,0
581981,0
581983,4
582011,0
582013,2
582017,0
582031,0
582037,4
582067,2
582083,4
582119,0
582137,0
582139,2
582157,0
582161,0
582167,0
582173,0
582181,0
582203,0
582209,2
582221,0
582223,0
582227,2
582247,0
582251,6
582299,2
582317,0
582319,4
582371,0
582391,0
582409,0
582419,2
582427,0
582433,0
582451,2
582457,0
582469,2
582499,0
582509,0
582511,0
582541,2
582551,0
582563,0
582587,2
582601,0
582623,6
582643,2
582649,2
582677,0
582689,0
582691,0
582719,0
582721,0
582727,4
582731,2
582737,2
582761,0
582763,2
582767,0
582773,2
582781,0
582793,2
582809,4
582821,0
582851,4
582853,4
582859,0
582887,0
582899,2
582931,2
582937,4
582949,2
582961,2
582971,2
582973,2
582983,0
583007,0
583013,0
583019,2
583021,2
583031,2
583069,0
583087,0
583127,0
583139,0
583147,0
583153,4
583169,2
583171,0
583181,4
583189,2
583207,2
583213,2
583229,2
583237,0
583249,0
583267,0
583273,0
583279,2
583291,0
583301,0
583337,0
583339,2
583351,0
583367,0
583391,0
583397,2
583403,0
583409,2
583417,0
583421,2
583447,4
583459,0
583469,0
583481,0
583493,2
583501,0
583511,0
583519,2
583523,0
583537,0
583543,0
583577,0
583603,4
583613,4
583619,0
583621,0
583631,4
583651,0
583657,2
583669,0
583673,0
583697,0
583727,2
583733,2
583753,0
583769,2
583777,2
583783,0
583789,2
583801,0
583841,0
583853,0
583859,0
583861,0
583873,0
583879,0
583903,0
583909,2
583937,2
583969,0
583981,0
583991,4
583997,0
584011,0
584027,0
584033,0
584053,0
584057,0
584063,0
584081,0
584099,0
584141,4
584153,0
584167,2
584183,0
584203,0
584249,0
584261,0
584279,2
584281,0
584303,0
584347,2
584357,0
584359,0
584377,0
584387,0
584393,2
584399,4
584411,0
584417,4
584429,0
584447,0
584471,0
584473,0
584509,2
584531,0
584557,0
584561,2
584587,0
584593,0
584599,0
584603,0
584609,2
584621,0
584627,0
584659,4
584663,0
584677,0
584693,0
584699,0
584707,0
584713,0
584719,0
584723,0
584737,0
584767,4
584777,4
584789,0
584791,4
584809,0
584849,4
584863,0
584869,0
584873,0
584879,0
584897,0
584911,0
584917,2
584923,2
584951,0
584963,2
584971,0
584981,2
584993,0
584999,2
585019,2
585023,0
585031,6
585037,0
585041,0
585043,0
585049,0
585061,2
585071,0
585073,0
585077,2
585107,0
585113,2
585119,2
585131,0
585149,0
585163,4
585199,2
585217,0
585251,2
585269,2
585271,0
585283,0
585289,0
585313,2
585317,0
585337,2
585341,2
585367,0
585383,0
585391,0
585413,2
585437,0
585443,0
585461,0
585467,0
585493,2
585503,0
585517,0
585547,2
585551,2
585569,0
585577,0
585581,2
585587,4
585593,0
585601,0
585619,0
585643,0
585653,2
585671,2
585677,2
585691,0
585721,0
585727,0
585733,0
585737,2
585743,0
585749,2
585757,4
585779,0
585791,0
585799,2
585839,2
585841,0
585847,2
585853,0
585857,0
585863,2
585877,2
585881,0
585883,2
585889,2
585899,2
585911,0
585913,0
585917,0
585919,0
585953,0
585989,2
585997,0
586009,0
586037,0
586051,0
586057,2
586067,0
586073,2
586087,0
586111,0
586121,4
586123,2
586129,2
586139,0
586147,2
586153,2
586189,0
586213,2
586237,0
586273,0
586277,0
586291,0
586301,2
586309,2
586319,0
586349,2
586361,2
586363,0
586367,0
586387,0
586403,2
586429,0
586433,0
586457,0
586459,4
586463,2
586471,2
586493,6
586499,0
586501,0
586541,0
586543,0
586567,0
586571,0
586577,0
586589,0
586601,2
586603,4
586609,2
586627,0
586631,0
586633,0
586667,0
586679,0
586693,0
586711,2
586723,0
586741,2
586769,2
586787,0
586793,2
586801,0
586811,0
586813,0
586819,2
586837,0
586841,0
586849,4
586871,4
586897,0
586903,4
586909,0
586919,0
586921,0
586933,2
586939,0
586951,0
586961,2
586973,0
586979,0
586981,0
587017,0
587021,2
587033,2
587051,0
587053,0
587057,0
587063,0
587087,0
587101,0
587107,0
587117,0
587123,0
587131,0
587137,0
587143,0
587149,2
587173,0
587179,0
587189,2
587201,0
587219,2
587263,0
587267,4
587269,0
587281,2
587287,2
587297,2
587303,2
587341,2
587371,2
587381,0
587387,4
587413,2
587417,0
587429,0
587437,2
587441,2
587459,0
587467,0
587473,2
587497,4
587513,0
587519,0
587527,0
587533,0
587539,0
587549,2
587551,0
587563,0
587579,4
587599,0
587603,0
587617,4
587621,2
587623,0
587633,0
587659,0
587669,2
587677,0
587687,0
587693,4
587711,0
587731,0
587737,4
587747,0
587749,0
587753,2
587771,0
587773,0
587789,0
587813,2
587827,0
587833,0
587849,2
587863,2
587887,0
587891,0
587897,0
587927,2
587933,0
587947,2
587959,4
587969,0
587971,4
587987,4
587989,0
587999,2
588011,0
588019,0
588037,0
588043,0
588061,2
588073,0
588079,2
588083,0
588097,0
588113,0
588121,2
588131,2
588151,0
588167,0
588169,2
588173,0
588191,2
588199,2
588229,0
588239,2
588241,0
588257,2
588277,2
588293,0
588311,0
588347,0
588359,2
588361,0
588383,2
588389,0
588397,2
588403,0
588433,0
588437,2
588463,0
588481,0
588493,4
588503,0
588509,0
588517,2
588521,0
588529,0
588569,0
588571,0
588619,2
588631,0
588641,4
588647,2
588649,0
588667,2
588673,0
588683,0
588703,0
588733,0
588737,4
588743,4
588767,2
588773,0
588779,2
588811,6
588827,2
588839,0
588871,2
588877,0
588881,0
588893,0
588911,0
588937,0
588941,2
588947,0
588949,0
588953,0
588977,2
589021,0
589027,2
589049,0
589063,0
589109,0
589111,2
589123,2
589139,6
589159,2
589163,2
589181,0
589187,2
589189,0
589207,2
589213,0
589219,0
589231,2
589241,4
589243,0
589273,0
589289,2
589291,0
589297,0
589327,0
589331,0
589349,0
589357,0
589387,0
589409,0
589439,0
589451,0
589453,0
589471,2
589481,0
589493,2
589507,2
589529,0
589531,2
589579,0
589583,0
589591,2
589601,0
589607,0
589609,4
589639,0
589643,2
589681,0
589711,0
589717,0
589751,0
589753,0
589759,6
589763,6
589783,2
589793,0
589807,4
589811,0
589829,0
589847,0
589859,0
589861,0
589873,0
589877,0
589903,2
589921,2
589933,4
589993,0
589997,2
590021,2
590027,0
590033,2
590041,0
590071,0
590077,0
590099,0
590119,0
590123,0
590129,0
590131,2
590137,0
590141,0
590153,2
590171,0
590201,2
590207,0
590243,2
590251,2
590263,4
590267,0
590269,0
590279,2
590309,0
590321,0
590323,0
590327,2
590357,0
590363,2
590377,0
590383,2
590389,0
590399,0
590407,0
590431,0
590437,2
590489,0
590537,4
590543,4
590567,0
590573,0
590593,2
590599,0
590609,0
590627,0
590641,0
590647,0
590657,0
590659,0
590669,4
590713,0
590717,2
590719,2
590741,2
590753,4
590771,2
590797,2
590809,0
590813,0
590819,0
590833,0
590839,0
590867,0
590899,2
590921,0
590923,0
590929,4
590959,0
590963,0
590983,0
590987,2
591023,4
591053,2
591061,2
591067,0
591079,2
591089,2
591091,0
591113,0
591127,2
591131,0
591137,0
591161,0
591163,2
591181,0
591193,0
591233,0
591259,0
591271,2
591287,0
591289,0
591301,0
591317,2
591319,2
591341,0
591377,2
591391,0
591403,0
591407,4
591421,0
591431,0
591443,0
591457,0
591469,0
591499,2
591509,2
591523,2
591553,0
591559,0
591581,2
591599,0
591601,0
591611,0
591623,4
591649,2
591653,0
591659,2
591673,2
591691,0
591709,0
591739,0
591743,2
591749,0
591751,4
591757,2
591779,0
591791,0
591827,0
591841,0
591847,0
591863,8
591881,2
591887,0
591893,2
591901,0
591937,0
591959,4
591973,0
592019,0
592027,0
592049,0
592057,2
592061,2
592073,0
592087,0
592099,2
592121,0
592129,2
592133,2
592139,0
592157,4
592199,0
592217,0
592219,0
592223,0
592237,0
592261,0
592289,0
592303,0
592307,2
592309,2
592321,2
592337,2
592343,2
592351,0
592357,0
592367,0
592369,2
592387,0
592391,0
592393,0
592429,0
592451,0
592453,0
592463,0
592469,0
592483,0
592489,0
592507,0
592517,2
592531,2
592547,0
592561,0
592577,2
592589,0
592597,2
592601,0
592609,0
592621,0
592639,2
592643,0
592649,0
592661,2
592663,0
592681,0
592693,0
592723,0
592727,0
592741,0
592747,0
592759,4
592763,0
592793,0
592843,4
592849,0
592853,0
592861,0
592873,0
592877,4
592897,0
592903,0
592919,0
592931,0
592939,0
592967,0
592973,0
592987,2
592993,2
593003,0
593029,2
593041,0
593051,2
593059,0
593071,0
593081,0
593083,0
593111,0
593119,0
593141,0
593143,0
593149,0
593171,0
593179,0
593183,2
593207,0
593209,2
593213,6
593227,2
593231,2
593233,2
593251,0
593261,0
593273,0
593291,2
593293,0
593297,0
593321,0
593323,0
593353,0
593381,0
593387,0
593399,0
593401,0
593407,2
593429,4
593447,0
593449,2
593473,0
593479,4
593491,0
593497,2
593501,2
593507,2
593513,2
593519,0
593531,0
593539,2
593573,0
593587,4
593597,0
593603,0
593627,4
593629,2
593633,0
593641,0
593647,0
593651,0
593689,0
593707,2
593711,0
593767,2
593777,0
593783,2
593839,0
593851,0
593863,2
593869,2
593899,0
593903,2
593933,0
593951,0
593969,2
593977,0
593987,2
593993,2
594023,4
594037,0
594047,0
594091,0
594103,2
594107,0
594119,2
594137,0
594151,2
594157,4
594161,0
594163,0
594179,0
594193,0
594203,0
594211,0
594227,2
594241,0
594271,4
594281,4
594283,0
594287,2
594299,0
594311,4
594313,0
594329,0
594359,2
594367,2
594379,0
594397,0
594401,0
594403,0
594421,4
594427,2
594449,2
594457,2
594467,2
594469,0
594499,0
594511,0
594521,0
594523,0
594533,0
594551,2
594563,2
594569,2
594571,0
594577,2
594617,0
594637,0
594641,2
594653,2
594667,8
594679,6
594697,0
594709,2
594721,0
594739,0
594749,2
594751,2
594773,2
594793,0
594821,2
594823,2
594827,0
594829,6
594857,0
594889,0
594899,0
594911,4
594917,0
594929,0
594931,4
594953,0
594959,0
594961,0
594977,0
594989,0
595003,4
595037,0
595039,0
595043,0
595057,2
595069,0
595073,0
595081,0
595087,0
595093,4
595097,4
595117,2
595123,2
595129,2
595139,0
595141,0
595157,2
595159,2
595181,0
595183,4
595201,4
595207,4
595229,2
595247,4
595253,0
595261,0
595267,0
595271,0
595277,2
595291,0
595303,0
595313,2
595319,0
595333,0
595339,0
595351,0
595363,2
595373,2
595379,0
595381,2
595411,4
595451,4
595453,0
595481,0
595513,2
595519,0
595523,4
595547,0
595549,0
595571,0
595577,0
595579,0
595613,0
595627,0
595687,0
595703,2
595709,2
595711,2
595717,0
595733,2
595741,0
595801,0
595807,0
595817,2
595843,0
595873,0
595877,0
595927,0
595939,0
595943,0
595949,0
595951,4
595957,2
595961,0
595963,0
595967,0
595981,0
596009,2
596021,2
596027,0
596047,0
596053,0
596059,4
596069,2
596081,0
596083,2
596093,0
596117,0
596119,0
596143,2
596147,2
596159,0
596179,0
596209,2
596227,0
596231,2
596243,2
596251,2
596257,0
596261,0
596273,0
596279,0
596291,4
596293,0
596317,2
596341,0
596363,2
596369,0
596399,0
596419,0
596423,0
596461,0
596489,4
596503,8
596507,2
596537,2
596569,0
596573,0
596579,2
596587,2
596593,0
596599,2
596611,2
596623,4
596633,4
596653,0
596663,2
596669,0
596671,0
596693,2
596707,0
596737,2
596741,2
596749,0
596767,0
596779,4
596789,4
596803,0
596821,0
596831,0
596839,0
596851,2
596857,0
596861,0
596863,2
596879,4
596899,0
596917,2
596927,0
596929,0
596933,0
596941,2
596963,2
596977,2
596983,0
596987,2
597031,0
597049,0
597053,0
597059,2
597073,0
597127,2
597131,2
597133,4
597137,0
597169,0
597209,0
597221,0
597239,0
597253,0
597263,0
597269,0
597271,0
597301,4
597307,2
597349,2
597353,0
597361,0
597367,0
597383,2
597391,2
597403,4
597407,0
597409,2
597419,2
597433,0
597437,4
597451,0
597473,2
597497,0
597521,0
597523,2
597539,0
597551,0
597559,2
597577,0
597581,0
597589,0
597593,4
597599,4
597613,0
597637,0
597643,2
597659,0
597671,0
597673,0
597677,0
597679,2
597689,4
597697,0
597757,0
597761,2
597767,0
597769,0
597781,0
597803,0
597823,2
597827,0
597833,0
597853,0
597859,0
597869,0
597889,0
597899,4
597901,0
597923,0
597929,4
597967,4
597997,0
598007,0
598049,2
598051,0
598057,0
598079,2
598093,0
598099,0
598123,2
598127,0
598141,2
598151,0
598159,0
598163,0
598187,2
598189,0
598193,0
598219,0
598229,0
598261,0
598303,4
598307,2
598333,2
598363,4
598369,0
598379,0
598387,0
598399,4
598421,0
598427,0
598439,0
598447,0
598457,2
598463,0
598487,4
598489,0
598501,0
598537,4
598541,2
598571,2
598613,0
598643,0
598649,0
598651,4
598657,0
598669,2
598681,0
598687,4
598691,2
598711,2
598721,0
598727,0
598729,0
598777,0
598783,0
598789,0
598799,0
598817,2
598841,0
598853,2
598867,0
598877,0
598883,0
598891,2
598903,0
598931,4
598933,0
598963,2
598967,2
598973,2
598981,0
598987,0
598999,2
599003,0
599009,0
599021,4
599023,2
599069,0
599087,4
599117,2
599143,4
599147,0
599149,0
599153,0
599191,0
599213,0
599231,4
599243,0
599251,2
599273,4
599281,2
599303,0
599309,2
599321,2
599341,2
599353,0
599359,0
599371,0
599383,0
599387,0
599399,0
599407,0
599413,0
599419,0
599429,2
599477,0
599479,2
599491,0
599513,0
599519,2
599537,0
599551,0
599561,6
599591,2
599597,2
599603,2
599611,2
599623,4
599629,0
599657,0
599663,0
599681,2
599693,0
599699,2
599701,0
599713,0
599719,0
599741,2
599759,0
599779,0
599783,4
599803,2
599831,0
599843,0
599857,0
599869,2
599891,2
599899,0
599927,0
599933,0
599939,0
599941,2
599959,2
599983,0
599993,2
599999,2
600011,0
600043,0
600053,0
600071,2
600073,2
600091,2
600101,0
600109,2
600167,0
600169,2
600203,0
600217,0
600221,0
600233,0
600239,0
600241,0
600247,2
600269,0
600283,0
600289,2
600293,0
600307,2
600311,0
600317,2
600319,0
600337,0
600359,0
600361,4
600367,0
600371,0
600401,2
600403,0
600407,0
600421,2
600433,2
600449,2
600451,0
600463,0
600469,2
600487,0
600517,0
600529,2
600557,0
600569,2
600577,0
600601,0
600623,0
600631,2
600641,0
600659,0
600673,0
600689,0
600697,2
600701,2
600703,2
600727,0
600751,0
600791,2
600823,0
600827,4
600833,4
600841,4
600857,0
600877,0
600881,0
600883,2
600889,2
600893,4
600931,0
600947,2
600949,4
600959,0
600961,4
600973,0
600979,2
600983,0
601021,0
601031,0
601037,2
601039,0
601043,0
601061,0
601067,0
601079,2
601093,4
601127,0
601147,2
601187,0
601189,0
601193,0
601201,2
601207,0
601219,0
601231,2
601241,6
601247,0
601259,0
601267,4
601283,2
601291,2
601297,0
601309,0
601313,0
601319,0
601333,0
601339,0
601357,4
601379,0
601397,2
601411,0
601423,0
601439,6
601451,0
601457,0
601487,0
601507,0
601541,0
601543,0
601589,2
601591,0
601607,6
601631,0
601651,0
601669,0
601687,0
601697,0
601717,0
601747,0
601751,2
601759,0
601763,0
601771,0
601801,2
601807,0
601813,0
601819,2
601823,2
601831,0
601849,2
601873,2
601883,0
601889,0
601897,0
601903,2
601943,0
601949,0
601961,2
601969,0
601981,0
602029,0
602033,2
602039,0
602047,4
602057,4
602081,0
602083,0
602087,0
602093,0
602099,4
602111,0
602137,0
602141,0
602143,0
602153,0
602179,0
602197,0
602201,0
602221,0
602227,0
602233,0
602257,0
602267,0
602269,2
602279,0
602297,0
602309,2
602311,2
602317,0
602321,0
602333,0
602341,0
602351,0
602377,2
602383,2
602401,0
602411,0
602431,0
602453,2
602461,0
602477,2
602479,4
602489,0
602501,8
602513,2
602521,0
602543,2
602551,0
602593,4
602597,4
602603,0
602621,0
602627,0
602639,4
602647,0
602677,0
602687,0
602689,2
602711,0
602713,0
602717,0
602729,4
602743,0
602753,2
602759,0
602773,2
602779,0
602801,4
602821,0
602831,0
602839,0
602867,0
602873,2
602887,0
602891,0
602909,0
602929,0
602947,0
602951,2
602971,2
602977,0
602983,2
602999,0
603011,4
603013,0
603023,2
603047,0
603077,0
603091,2
603101,0
603103,0
603131,0
603133,2
603149,0
603173,2
603191,2
603203,4
603209,2
603217,0
603227,0
603257,0
603283,2
603311,0
603319,0
603349,0
603389,2
603391,2
603401,0
603431,0
603443,0
603457,2
603467,4
603487,2
603503,0
603521,0
603523,0
603529,0
603541,4
603553,0
603557,2
603563,4
603569,2
603607,4
603613,0
603623,0
603641,2
603667,0
603679,0
603689,2
603719,0
603731,0
603739,0
603749,0
603761,2
603769,0
603781,2
603791,0
603793,2
603817,0
603821,2
603833,0
603847,0
603851,2
603853,2
603859,2
603881,0
603893,0
603899,0
603901,4
603907,0
603913,0
603917,0
603919,2
603923,0
603931,0
603937,2
603947,0
603949,2
603989,4
604001,0
604007,2
604013,2
604031,0
604057,2
604063,0
604069,2
604073,0
604171,2
604189,2
604223,0
604237,0
604243,2
604249,0
604259,0
604277,2
604291,0
604309,0
604313,0
604319,0
604339,0
604343,0
604349,0
604361,6
604369,0
604379,2
604397,0
604411,0
604427,0
604433,0
604441,0
604477,2
604481,0
604517,0
604529,0
604547,0
604559,2
604579,0
604589,2
604603,4
604609,0
604613,0
604619,0
604649,2
604651,0
604661,0
604697,0
604699,2
604711,2
604727,2
604729,0
604733,0
604753,4
604759,0
604781,2
604787,0
604801,2
604811,0
604819,0
604823,0
604829,0
604837,4
604859,0
604861,0
604867,0
604883,0
604907,2
604931,0
604939,2
604949,0
604957,2
604973,0
604997,2
605009,0
605021,2
605023,0
605039,0
605051,2
605069,0
605071,4
605113,2
605117,0
605123,0
605147,0
605167,0
605173,0
605177,2
605191,0
605221,4
605233,2
605237,0
605239,0
605249,0
605257,2
605261,2
605309,0
605323,2
605329,0
605333,0
605347,2
605369,2
605393,0
605401,0
605411,4
605413,0
605443,0
605471,0
605477,0
605497,4
605503,0
605509,0
605531,0
605533,0
605543,0
605551,0
605573,0
605593,0
605597,0
605599,2
605603,0
605609,4
605617,0
605629,2
605639,0
605641,0
605687,0
605707,0
605719,0
605779,0
605789,0
605809,2
605837,4
605849,0
605861,0
605867,0
605873,4
605879,2
605887,0
605893,2
605909,0
605921,0
605933,0
605947,2
605953,0
605977,0
605987,0
605993,2
606017,0
606029,0
606031,0
606037,2
606041,0
606049,0
606059,0
606077,0
606079,2
606083,6
606091,2
606113,0
606121,2
606131,0
606173,2
606181,0
606223,0
606241,0
606247,2
606251,4
606299,2
606301,0
606311,0
606313,0
606323,0
606341,0
606379,0
606383,2
606413,0
606433,0
606443,4
606449,0
606493,2
606497,0
606503,2
606521,2
606527,2
606539,4
606559,2
606569,2
606581,0
606587,2
606589,0
606607,0
606643,0
606649,0
606653,0
606659,0
606673,2
606721,0
606731,2
606733,2
606737,0
606743,0
606757,2
606791,0
606811,0
606829,0
606833,2
606839,0
606847,0
606857,0
606863,0
606899,0
606913,2
606919,0
606943,0
606959,4
606961,0
606967,2
606971,2
606997,2
607001,0
607003,0
607007,0
607037,2
607043,4
607049,0
607063,2
607067,0
607081,4
607091,0
607093,2
607097,0
607109,4
607127,0
607129,0
607147,2
607151,0
607153,2
607157,0
607163,2
607181,0
607199,0
607213,0
607219,4
607249,0
607253,0
607261,0
607301,4
607303,4
607307,0
607309,0
607319,4
607331,0
607337,4
607339,0
607349,0
607357,2
607363,0
607417,2
607421,0
607423,8
607471,0
607493,0
607517,2
607531,0
607549,2
607573,2
607583,2
607619,0
607627,0
607667,2
607669,2
607681,2
607697,2
607703,0
607721,0
607723,2
607727,2
607741,4
607769,0
607813,0
607819,2
607823,0
607837,4
607843,0
607861,2
607883,0
607889,0
607909,0
607921,0
607931,0
607933,2
607939,0
607951,0
607961,6
607967,4
607991,0
607993,0
608011,2
608029,2
608033,0
608087,2
608089,4
608099,4
608117,0
608123,2
608129,0
608131,2
608147,2
608161,0
608177,0
608191,2
608207,0
608213,0
608269,0
608273,2
608297,2
608299,0
608303,0
608339,2
608347,0
608357,2
608359,4
608369,0
608371,2
608383,0
608389,0
608393,0
608401,0
608411,2
608423,0
608429,2
608431,0
608459,0
608471,2
608483,0
608497,0
608519,4
608521,4
608527,0
608581,0
608591,4
608593,0
608609,0
608611,0
608633,0
608653,0
608659,0
608669,0
608677,2
608693,0
608701,2
608737,2
608743,2
608749,0
608759,0
608767,0
608789,0
608819,2
608831,0
608843,0
608851,0
608857,2
608863,2
608873,2
608887,0
608897,2
608899,2
608903,0
608941,0
608947,0
608953,2
608977,0
608987,2
608989,0
608999,0
609043,6
609047,0
609067,4
609071,0
609079,6
609101,2
609107,2
609113,0
609143,2
609149,0
609163,2
609173,0
609179,0
609199,2
609209,2
609221,0
609227,4
609233,0
609241,4
609253,0
609269,2
609277,0
609283,0
609289,2
609307,0
609313,4
609337,2
609359,2
609361,0
609373,4
609379,2
609391,0
609397,0
609403,4
609407,0
609421,2
609437,2
609443,0
609461,2
609487,0
609503,0
609509,0
609517,2
609527,0
609533,2
609541,0
609571,4
609589,2
609593,0
609599,2
609601,2
609607,0
609613,0
609617,0
609619,2
609641,2
609673,0
609683,2
609701,2
609709,0
609743,0
609751,0
609757,0
609779,6
609781,0
609803,0
609809,0
609821,4
609859,2
609877,0
609887,0
609907,0
609911,4
609913,0
609923,0
609929,0
609979,0
609989,2
609991,0
609997,0
610031,0
610063,4
610081,0
610123,0
610157,0
610163,2
610187,2
610193,2
610199,0
610217,2
610219,0
610229,0
610243,0
610271,0
610279,0
610289,2
610301,4
610327,0
610331,0
610339,0
610391,0
610409,0
610417,0
610429,2
610439,0
610447,0
610457,2
610469,0
610501,4
610523,0
610541,0
610543,0
610553,0
610559,0
610567,2
610579,0
610583,0
610619,2
610633,0
610639,4
610651,0
610661,0
610667,0
610681,0
610699,2
610703,0
610721,2
610733,2
610739,2
610741,2
610763,0
610781,2
610783,2
610787,2
610801,2
610817,2
610823,0
610829,2
610837,0
610843,0
610847,0
610849,0
610867,0
610877,0
610879,0
610891,2
610913,0
610919,2
610921,2
610933,2
610957,2
610969,0
610993,2
611011,4
611027,0
611033,0
611057,2
611069,0
611071,0
611081,2
611101,0
611111,0
611113,0
611131,0
611137,0
611147,0
611189,2
611207,0
611213,0
611257,2
611263,0
611279,0
611293,0
611297,4
611323,0
611333,0
611389,2
611393,2
611411,2
611419,0
611441,2
611449,0
611453,2
611459,2
611467,0
611483,0
611497,2
611531,0
611543,4
611549,0
611551,0
611557,2
611561,0
611587,0
611603,0
611621,2
611641,2
611657,2
611671,0
611693,2
611707,2
611729,0
611753,2
611791,2
611801,0
611803,2
611827,2
611833,0
611837,0
611839,0
611873,2
611879,0
611887,0
611903,0
611921,2
611927,0
611939,0
611951,0
611953,0
611957,0
611969,0
611977,0
611993,0
611999,2
612011,2
612023,0
612037,2
612041,0
612043,0
612049,0
612061,0
612067,0
612071,0
612083,0
612107,0
612109,2
612113,2
612133,0
612137,0
612149,2
612169,2
612173,0
612181,0
612193,0
612217,0
612223,0
612229,0
612259,4
612263,0
612301,0
612307,0
612317,0
612319,0
612331,0
612341,2
612349,2
612371,0
612373,4
612377,2
612383,2
612401,0
612407,8
612439,0
612481,0
612497,0
612511,0
612553,0
612583,2
612589,2
612611,0
612613,2
612637,0
612643,0
612649,2
612671,4
612679,2
612713,0
612719,0
612727,0
612737,4
612751,6
612763,0
612791,0
612797,0
612809,0
612811,4
612817,0
612823,2
612841,0
612847,2
612853,0
612869,2
612877,0
612889,4
612923,2
612929,0
612947,2
612967,0
612971,2
612977,2
613007,0
613009,2
613013,0
613049,0
613061,0
613097,0
613099,2
613141,0
613153,2
613163,0
613169,2
613177,4
613181,2
613189,0
613199,2
613213,2
613219,0
613229,0
613231,0
613243,0
613247,0
613253,0
613267,0
613279,2
613289,0
613297,2
613337,0
613357,0
613363,2
613367,2
613381,0
613421,0
613427,4
613439,2
613441,0
613447,0
613451,0
613463,2
613469,0
613471,6
613493,0
613499,2
613507,0
613523,2
613549,0
613559,0
613573,2
613577,0
613597,0
613607,2
613609,0
613633,0
613637,2
613651,2
613661,0
613667,2
613673,0
613699,0
613733,0
613741,0
613747,4
613759,0
613763,0
613807,2
613813,2
613817,0
613829,2
613841,0
613849,2
613861,0
613883,0
613889,2
613903,6
613957,0
613967,0
613969,0
613981,0
613993,0
613999,0
614041,0
614051,0
614063,2
614071,0
614093,0
614101,0
614113,0
614129,2
614143,0
614147,2
614153,0
614167,2
614177,0
614179,0
614183,2
614219,2
614267,2
614279,2
614291,0
614293,2
614297,0
614321,2
614333,2
614377,2
614387,0
614413,0
614417,0
614437,0
614477,2
614483,0
614503,0
614527,0
614531,0
614543,2
614561,0
614563,0
614569,0
614609,2
614611,0
614617,2
614623,0
614633,2
614639,0
614657,0
614659,2
614671,0
614683,0
614687,0
614693,0
614701,2
614717,0
614729,0
614741,2
614743,2
614749,0
614753,2
614759,0
614773,0
614827,0
614843,0
614849,0
614851,0
614863,0
614881,0
614893,0
614909,2
614917,0
614927,0
614963,0
614981,0
614983,2
615019,0
615031,0
615047,0
615053,0
615067,0
615101,0
615103,2
615107,4
615137,2
615151,0
615161,0
615187,2
615229,0
615233,2
615253,0
615259,4
615269,0
615289,2
615299,0
615313,0
615337,2
615341,0
615343,0
615367,2
615379,2
615389,2
615401,0
615403,0
615413,2
615427,0
615431,0
615437,0
615449,4
615473,0
615479,0
615491,2
615493,0
615497,0
615509,0
615521,4
615539,2
615557,0
615577,2
615599,0
615607,0
615617,0
615623,2
615661,0
615677,0
615679,0
615709,0
615721,0
615731,4
615739,0
615743,2
615749,2
615751,0
615761,0
615767,0
615773,2
615793,0
615799,0
615821,0
615827,2
615829,2
615833,6
615869,4
615883,2
615887,0
615907,4
615919,0
615941,2
615949,0
615971,0
615997,0
616003,2
616027,0
616051,0
616069,2
616073,2
616079,0
616103,0
616111,0
616117,2
616129,0
616139,6
616141,0
616153,0
616157,2
616169,0
616171,2
616181,2
616207,2
616211,0
616219,2
616223,0
616229,4
616243,0
616261,0
616277,4
616289,2
616307,2
616313,0
616321,0
616327,2
616361,0
616367,0
616387,0
616391,0
616393,0
616409,2
616411,0
616433,0
616439,0
616459,0
616463,0
616481,0
616489,0
616501,0
616507,0
616513,0
616519,0
616523,0
616529,0
616537,2
616547,4
616579,2
616589,0
616597,0
616639,2
616643,6
616669,2
616673,0
616703,0
616717,0
616723,4
616729,2
616741,0
616757,0
616769,0
616783,0
616787,8
616789,4
616793,0
616799,0
616829,0
616841,0
616843,0
616849,0
616871,2
616877,0
616897,0
616909,2
616933,4
616943,0
616951,0
616961,0
616991,2
616997,2
616999,0
617011,2
617027,0
617039,0
617051,2
617053,0
617059,2
617077,0
617087,2
617107,0
617119,0
617129,0
617131,0
617147,0
617153,4
617161,4
617189,0
617191,0
617231,0
617233,2
617237,0
617249,2
617257,2
617269,0
617273,0
617293,0
617311,4
617327,0
617333,0
617339,2
617341,0
617359,0
617363,0
617369,2
617387,0
617401,0
617411,0
617429,0
617447,0
617453,0
617467,0
617471,2
617473,0
617479,0
617509,0
617521,4
617531,2
617537,0
617579,2
617587,6
617647,2
617651,2
617657,0
617677,0
617681,0
617689,0
617693,0
617699,0
617707,2
617717,2
617719,2
617723,0
617731,0
617759,2
617761,0
617767,0
617777,2
617791,2
617801,2
617809,0
617819,2
617843,0
617857,0
617873,0
617879,0
617887,0
617917,0
617951,0
617959,0
617963,0
617971,0
617983,0
618029,0
618031,2
618041,2
618049,0
618053,0
618083,4
618119,0
618131,2
618161,2
618173,2
618199,2
618227,0
618229,0
618253,0
618257,2
618269,2
618271,0
618287,2
618301,0
618311,4
618323,2
618329,4
618337,2
618347,0
618349,0
618361,4
618377,0
618407,2
618413,0
618421,0
618437,0
618439,0
618463,0
618509,0
618521,0
618547,0
618559,0
618571,2
618577,2
618581,2
618587,0
618589,2
618593,0
618619,0
618637,0
618643,0
618671,0
618679,2
618703,0
618707,0
618719,0
618799,2
618823,2
618833,0
618841,0
618847,0
618857,2
618859,0
618869,0
618883,0
618913,4
618929,0
618941,0
618971,2
618979,0
618991,0
618997,0
619007,2
619009,2
619019,2
619027,0
619033,0
619057,0
619061,0
619067,0
619079,0
619111,0
619117,2
619139,0
619159,0
619169,2
619181,0
619187,4
619189,2
619207,0
619247,0
619253,0
619261,0
619273,0
619277,2
619279,0
619303,0
619309,4
619313,2
619331,0
619363,2
619373,0
619391,0
619397,0
619471,0
619477,0
619511,2
619537,0
619543,0
619561,2
619573,0
619583,0
619589,4
619603,0
619607,2
619613,0
619621,2
619657,0
619669,2
619681,2
619687,0
619693,0
619711,2
619739,0
619741,0
619753,0
619763,0
619771,0
619793,0
619807,0
619811,2
619813,2
619819,0
619831,4
619841,0
619849,0
619867,2
619897,2
619909,4
619921,0
619967,2
619979,0
619981,2
619987,0
619999,2
620003,0
620029,2
620033,0
620051,0
620099,0
620111,0
620117,2
620159,0
620161,0
620171,2
620183,4
620197,4
620201,0
620227,2
620233,0
620237,4
620239,0
620251,2
620261,4
620297,0
620303,2
620311,2
620317,4
620329,2
620351,4
620359,2
620363,0
620377,2
620383,0
620393,2
620401,4
620413,0
620429,2
620437,0
620441,0
620461,2
620467,4
620491,2
620507,4
620519,0
620531,2
620549,0
620561,0
620567,0
620569,0
620579,2
620603,0
620623,2
620639,4
620647,0
620657,0
620663,0
620671,0
620689,0
620693,0
620717,0
620731,0
620743,0
620759,0
620771,0
620773,0
620777,0
620813,2
620821,0
620827,2
620831,0
620849,2
620869,0
620887,0
620909,0
620911,0
620929,2
620933,2
620947,2
620957,0
620981,2
620999,0
621007,4
621013,6
621017,0
621029,0
621031,0
621043,0
621059,0
621083,0
621097,0
621113,0
621133,2
621139,4
621143,2
621217,0
621223,0
621227,0
621239,2
621241,4
621259,4
621289,0
621301,0
621317,0
621337,0
621343,0
621347,2
621353,0
621359,2
621371,0
621389,0
621419,0
621427,0
621431,0
621443,2
621451,2
621461,2
621473,2
621521,2
621527,0
621541,2
621583,0
621611,2
621617,0
621619,0
621629,0
621631,0
621641,2
621671,0
621679,2
621697,2
621701,0
621703,2
621721,0
621739,2
621749,0
621757,0
621769,0
621779,2
621799,0
621821,2
621833,0
621869,6
621871,0
621883,0
621893,0
621913,0
621923,2
621937,0
621941,0
621983,4
621997,0
622009,0
622019,2
622043,0
622049,0
622051,2
622067,0
622073,0
622091,0
622103,0
622109,2
622123,4
622129,0
622133,2
622151,2
622157,2
622159,2
622177,0
622187,2
622189,2
622241,2
622243,2
622247,0
622249,0
622277,0
622301,2
622313,2
622331,0
622333,2
622337,2
622351,0
622367,0
622397,2
622399,4
622423,2
622477,0
622481,0
622483,0
622493,2
622513,0
622519,0
622529,0
622547,0
622549,2
622561,2
622571,0
622577,2
622603,0
622607,0
622613,0
622619,0
622621,0
622637,2
622639,0
622663,2
622669,0
622709,0
622723,0
622729,0
622751,0
622777,0
622781,4
622793,0
622813,0
622849,0
622861,0
622879,2
622889,0
622901,2
622927,0
622943,2
622957,2
622967,0
622987,0
622997,2
623003,2
623009,2
623017,0
623023,0
623041,2
623057,0
623059,0
623071,2
623107,0
623171,0
623209,0
623221,2
623261,0
623263,2
623269,2
623279,0
623281,0
623291,2
623299,2
623303,2
623321,2
623327,4
623341,2
623351,2
623353,0
623383,0
623387,0
623393,0
623401,2
623417,0
623423,2
623431,4
623437,2
623477,2
623521,2
623531,2
623537,0
623563,0
623591,0
623617,2
623621,2
623633,0
623641,0
623653,0
623669,0
623671,0
623677,0
623681,2
623683,0
623699,0
623717,0
623719,0
623723,0
623729,0
623743,4
623759,4
623767,0
623771,0
623803,0
623839,0
623851,4
623867,0
623869,4
623879,0
623881,2
623893,0
623923,2
623929,0
623933,0
623947,2
623957,0
623963,0
623977,4
623983,0
623989,0
624007,0
624031,0
624037,0
624047,2
624049,0
624067,2
624089,0
624097,2
624119,2
624133,0
624139,0
624149,0
624163,2
624191,0
624199,2
624203,0
624209,0
624229,0
624233,2
624241,2
624251,0
624259,0
624271,0
624277,0
624311,2
624313,2
624319,0
624329,0
624331,2
624347,0
624391,2
624401,0
624419,0
624443,2
624451,4
624467,0
624469,0
624479,0
624487,0
624497,0
624509,2
624517,0
624521,0
624539,2
624541,0
624577,0
624593,0
624599,0
624601,2
624607,0
624643,0
624649,2
624667,2
624683,2
624707,0
624709,0
624721,0
624727,0
624731,0
624737,8
624763,0
624769,2
624787,0
624791,0
624797,0
624803,0
624809,4
624829,0
624839,0
624847,0
624851,2
624859,0
624917,0
624961,0
624973,0
624977,0
624983,0
624997,4
625007,0
625033,2
625057,0
625063,2
625087,0
625103,0
625109,0
625111,2
625129,0
625133,0
625169,0
625171,0
625181,2
625187,2
625199,0
625213,2
625231,0
625237,2
625253,2
625267,0
625279,0
625283,0
625307,0
625319,0
625343,0
625351,2
625367,2
625369,0
625397,0
625409,4
625451,2
625477,0
625483,2
625489,0
625507,0
625517,0
625529,0
625543,4
625589,2
625591,0
625609,0
625621,4
625627,4
625631,0
625637,0
625643,0
625657,0
625661,2
625663,2
625697,0
625699,0
625763,0
625777,0
625789,2
625811,2
625819,2
625831,2
625837,4
625861,0
625871,0
625883,0
625909,0
625913,2
625927,2
625939,0
625943,0
625969,0
625979,0
625997,0
626009,0
626011,4
626033,0
626051,0
626063,2
626113,2
626117,0
626147,2
626159,0
626173,2
626177,0
626189,0
626191,2
626201,6
626207,0
626239,0
626251,0
626261,2
626317,0
626323,0
626333,2
626341,4
626347,0
626363,0
626377,2
626389,2
626393,2
626443,6
626477,0
626489,0
626519,2
626533,2
626539,0
626581,0
626597,0
626599,2
626609,2
626611,0
626617,0
626621,2
626623,0
626627,2
626629,0
626663,0
626683,0
626687,0
626693,0
626701,0
626711,2
626713,0
626723,0
626741,2
626749,2
626761,0
626771,0
626783,0
626797,2
626809,0
626833,0
626837,0
626861,0
626887,0
626917,2
626921,2
626929,0
626947,0
626953,0
626959,0
626963,0
626987,2
627017,0
627041,0
627059,0
627071,0
627073,4
627083,0
627089,0
627091,4
627101,0
627119,4
627131,0
627139,0
627163,2
627169,0
627191,0
627197,0
627217,4
627227,0
627251,2
627257,4
627269,2
627271,2
627293,2
627301,0
627329,0
627349,4
627353,0
627377,2
627379,2
627383,2
627391,0
627433,2
627449,0
627479,4
627481,0
627491,0
627511,0
627541,4
627547,2
627559,0
627593,0
627611,0
627617,2
627619,0
627637,0
627643,2
627659,0
627661,2
627667,0
627673,2
627709,0
627721,6
627733,0
627749,6
627773,0
627787,2
627791,0
627797,2
627799,2
627811,0
627841,2
627859,2
627901,2
627911,2
627919,2
627943,0
627947,0
627953,0
627961,0
627973,0
628013,2
628021,0
628037,2
628049,2
628051,2
628057,4
628063,0
628093,0
628097,0
628127,4
628139,0
628171,2
628183,2
628189,0
628193,2
628207,2
628213,2
628217,0
628219,2
628231,2
628261,2
628267,6
628289,2
628301,0
628319,2
628357,0
628363,0
628373,0
628379,4
628391,0
628399,4
628423,0
628427,0
628447,2
628477,2
628487,0
628493,0
628499,2
628547,0
628561,0
628583,2
628591,0
628651,0
628673,2
628679,2
628681,0
628687,0
628699,2
628709,0
628721,0
628753,2
628757,4
628759,0
628781,0
628783,2
628787,0
628799,0
628801,2
628811,0
628819,0
628841,2
628861,2
628877,0
628909,0
628913,0
628921,2
628937,0
628939,0
628973,0
628993,4
628997,0
629003,2
629009,0
629011,4
629023,4
629029,0
629059,0
629081,2
629113,0
629137,2
629143,0
629171,2
629177,4
629203,0
629243,0
629249,2
629263,0
629281,0
629311,0
629339,2
629341,2
629351,2
629371,4
629381,0
629383,0
629401,0
629411,0
629417,0
629429,0
629449,2
629467,0
629483,2
629491,0
629509,4
629513,0
629537,2
629567,2
629569,0
629591,0
629593,2
629609,4
629611,2
629617,2
629623,0
629653,0
629683,0
629687,0
629689,0
629701,0
629711,0
629723,0
629737,0
629743,0
629747,0
629767,2
629773,0
629779,2
629803,0
629807,2
629819,0
629843,0
629857,0
629861,0
629873,0
629891,0
629897,6
629899,0
629903,0
629921,0
629927,0
629929,2
629939,0
629963,0
629977,2
629987,0
629989,0
630017,0
630023,0
630029,0
630043,0
630067,0
630101,0
630107,0
630127,2
630151,2
630163,0
630167,0
630169,0
630181,2
630193,0
630197,0
630229,0
630247,0
630263,2
630281,2
630299,0
630307,2
630319,4
630349,2
630353,2
630391,2
630433,2
630451,0
630467,2
630473,0
630481,6
630493,0
630521,0
630523,2
630529,0
630559,2
630577,0
630583,0
630587,0
630589,0
630593,2
630607,0
630613,0
630659,0
630677,0
630689,2
630701,2
630709,2
630713,0
630719,0
630733,0
630737,0
630797,4
630803,0
630823,0
630827,0
630841,2
630863,0
630871,0
630893,0
630899,0
630901,0
630907,0
630911,2
630919,4
630941,0
630967,0
630997,4
631003,0
631013,4
631039,0
631061,0
631121,2
631133,0
631139,2
631151,4
631153,2
631157,0
631171,0
631181,4
631187,4
631223,0
631229,2
631247,0
631249,4
631259,0
631271,0
631273,2
631291,0
631307,0
631339,0
631357,0
631361,0
631387,0
631391,2
631399,2
631409,0
631429,0
631453,2
631457,2
631459,0
631469,0
631471,2
631483,2
631487,2
631507,0
631513,0
631529,0
631531,0
631537,0
631549,2
631559,4
631573,0
631577,4
631583,0
631597,2
631613,2
631619,2
631643,0
631667,0
631679,0
631681,0
631711,2
631717,2
631723,0
631733,2
631739,0
631751,0
631753,0
631789,0
631817,2
631819,2
631843,0
631847,2
631853,0
631859,0
631861,2
631867,4
631889,2
631901,0
631903,0
631913,0
631927,0
631931,2
631937,2
631979,0
631987,0
631991,0
631993,2
632029,0
632041,2
632053,2
632081,0
632083,0
632087,2
632089,4
632101,0
632117,0
632123,2
632141,0
632147,2
632153,0
632189,0
632209,2
632221,2
632227,0
632231,2
632251,0
632257,2
632267,0
632273,2
632297,0
632299,0
632321,2
632323,0
632327,0
632329,0
632347,0
632351,0
632353,0
632363,2
632371,0
632381,0
632389,2
632393,0
632447,0
632459,0
632473,2
632483,2
632497,0
632501,0
632503,0
632521,0
632557,0
632561,2
632591,0
632609,2
632623,0
632627,2
632629,0
632647,0
632669,0
632677,0
632683,0
632699,0
632713,0
632717,0
632743,0
632747,0
632773,0
632777,0
632813,0
632839,2
632843,2
632851,0
632857,0
632881,0
632897,2
632911,4
632923,0
632939,2
632941,0
632971,2
632977,2
632987,4
632993,0
633001,0
633013,0
633037,0
633053,0
633067,2
633079,0
633091,0
633133,2
633151,0
633161,2
633187,0
633197,2
633209,0
633221,4
633253,0
633257,0
633263,0
633271,0
633287,0
633307,4
633317,0
633337,2
633359,2
633377,0
633379,2
633383,0
633401,2
633407,4
633427,0
633449,0
633461,0
633463,2
633467,0
633469,0
633473,2
633487,0
633497,0
633559,0
633569,0
633571,0
633583,0
633599,0
633613,2
633623,0
633629,0
633649,0
633653,0
633667,0
633739,2
633751,0
633757,4
633767,2
633781,2
633791,2
633793,0
633797,0
633799,0
633803,0
633823,2
633833,0
633877,2
633883,2
633923,2
633931,0
633937,4
633943,4
633953,0
633961,0
633967,2
633991,2
634003,4
634013,0
634031,0
634061,0
634079,0
634091,0
634097,0
634103,0
634141,2
634157,0
634159,2
634169,0
634177,2
634181,0
634187,2
634199,2
634211,0
634223,2
634237,0
634241,0
634247,4
634261,2
634267,2
634273,0
634279,0
634301,2
634307,2
634313,0
634327,4
634331,0
634343,6
634367,0
634373,0
634397,0
634421,0
634441,2
634471,2
634483,0
634493,2
634499,2
634511,2
634519,0
634523,0
634531,2
634541,0
634567,2
634573,4
634577,0
634597,2
634603,2
634609,0
634643,0
634649,0
634651,0
634679,2
634681,2
634687,2
634703,4
634709,2
634717,0
634727,0
634741,0
634747,2
634757,2
634759,0
634793,4
634807,4
634817,0
634841,2
634853,0
634859,0
634861,0
634871,0
634891,0
634901,0
634903,0
634927,0
634937,0
634939,0
634943,0
634969,0
634979,0
635003,0
635021,0
635039,2
635051,2
635057,0
635087,2
635119,2
635147,2
635149,2
635197,0
635203,0
635207,0
635249,2
635251,0
635263,0
635267,0
635279,2
635287,2
635291,0
635293,2
635309,0
635317,0
635333,0
635339,2
635347,4
635351,2
635353,2
635359,0
635363,0
635387,0
635389,0
635413,2
635423,2
635431,2
635441,2
635449,2
635461,0
635471,2
635483,6
635507,0
635519,6
635527,0
635533,0
635563,0
635567,6
635599,0
635603,2
635617,0
635639,2
635653,2
635659,0
635689,0
635707,0
635711,0
635729,0
635731,2
635737,4
635777,0
635801,0
635809,6
635813,2
635821,4
635837,2
635849,2
635867,0
635879,0
635891,4
635893,0
635909,6
635917,2
635923,4
635939,0
635959,0
635969,0
635977,2
635981,0
635983,0
635989,2
636017,0
636023,0
636043,2
636059,0
636061,0
636071,0
636073,4
636107,2
636109,0
636133,6
636137,4
636149,2
636193,4
636211,2
636217,0
636241,0
636247,2
636257,0
636263,0
636277,2
636283,0
636287,0
636301,2
636313,2
636319,4
636331,0
636343,2
636353,2
636359,2
636403,4
636407,2
636409,0
636421,2
636469,0
636473,2
636499,0
636533,0
636539,0
636541,0
636547,0
636553,2
636563,0
636569,2
636613,2
636619,2
636631,0
636653,2
636673,2
636697,4
636719,2
636721,0
636731,4
636739,2
636749,0
636761,0
636763,2
636773,0
636781,0
636809,0
636817,2
636821,2
636829,2
636851,2
636863,0
636877,0
636917,0
636919,0
636931,0
636947,0
636953,2
636967,2
636983,0
636997,0
637001,0
637003,0
637067,0
637073,0
637079,4
637097,4
637129,0
637139,0
637157,0
637163,0
637171,0
637199,2
637201,0
637229,0
637243,0
637271,0
637277,2
637283,0
637291,0
637297,2
637309,4
637319,0
637321,0
637327,0
637337,0
637339,0
637349,4
637369,0
637379,2
637409,0
637421,2
637423,0
637447,2
637459,0
637463,0
637471,0
637489,0
637499,0
637513,2
637519,0
637529,0
637531,2
637543,0
637573,0
637597,0
637601,2
637603,0
637607,2
637627,2
637657,4
637669,2
637691,0
637699,0
637709,0
637711,0
637717,4
637723,0
637727,0
637729,0
637751,2
637771,2
637781,0
637783,0
637787,0
637817,4
637829,8
637831,0
637841,2
637873,2
637883,2
637909,0
637933,2
637937,0
637939,0
638023,2
638047,2
638051,0
638059,0
638063,2
638081,2
638117,0
638123,0
638147,2
638159,0
638161,0
638171,0
638177,0
638179,0
638201,2
638233,0
638263,2
638269,0
638303,2
638317,0
638327,2
638347,0
638359,0
638371,2
638423,2
638431,2
638437,0
638453,0
638459,0
638467,0
638489,0
638501,0
638527,0
638567,0
638581,0
638587,0
638621,2
638629,0
638633,0
638663,0
638669,0
638689,0
638699,2
638717,0
638719,2
638767,2
638801,0
638819,0
638839,0
638857,2
638861,0
638893,6
638923,2
638933,0
638959,4
638971,0
638977,0
638993,0
638999,4
639007,2
639011,0
639043,0
639049,2
639053,0
639083,2
639091,0
639137,4
639143,0
639151,0
639157,0
639167,0
639169,0
639181,2
639211,2
639253,0
639257,2
639259,0
639263,2
639269,2
639299,2
639307,0
639311,0
639329,4
639337,0
639361,0
639371,0
639391,0
639433,0
639439,2
639451,0
639487,2
639491,6
639493,0
639511,0
639517,2
639533,0
639547,2
639563,0
639571,2
639577,2
639589,2
639599,0
639601,2
639631,0
639637,2
639647,0
639671,0
639677,2
639679,0
639689,0
639697,0
639701,0
639703,0
639713,0
639719,2
639731,0
639739,0
639757,0
639833,4
639839,4
639851,2
639853,2
639857,0
639907,0
639911,2
639937,0
639941,0
639949,0
639959,4
639983,2
639997,0
640007,0
640009,0
640019,0
640027,2
640039,0
640043,0
640049,0
640061,2
640069,0
640099,2
640109,0
640121,0
640127,0
640139,2
640151,0
640153,2
640163,2
640193,2
640219,0
640223,0
640229,0
640231,2
640247,2
640249,2
640259,0
640261,4
640267,2
640279,4
640303,0
640307,4
640333,2
640363,0
640369,0
640411,0
640421,0
640457,0
640463,0
640477,0
640483,0
640499,0
640529,0
640531,0
640579,2
640583,0
640589,0
640613,2
640621,2
640631,2
640649,0
640663,0
640667,0
640669,2
640687,2
640691,4
640727,0
640733,4
640741,0
640771,4
640777,0
640793,0
640837,4
640847,2
640853,0
640859,0
640873,2
640891,2
640901,0
640907,0
640919,0
640933,2
640943,2
640949,0
640957,2
640963,2
640967,0
640973,0
640993,0
641051,0
641057,2
641077,2
641083,0
641089,2
641093,0
641101,0
641129,2
641131,0
641143,0
641167,0
641197,2
641203,0
641213,2
641227,0
641239,0
641261,2
641279,0
641287,0
641299,2
641317,6
641327,4
641371,0
641387,0
641411,0
641413,0
641419,0
641437,2
641441,0
641453,2
641467,2
641471,0
641479,0
641491,2
641513,0
641519,0
641521,4
641549,0
641551,2
641579,0
641581,2
641623,2
641633,4
641639,4
641681,0
641701,0
641713,0
641747,2
641749,0
641761,0
641789,0
641791,2
641803,0
641813,0
641819,0
641821,0
641827,0
641833,0
641843,0
641863,0
641867,0
641873,0
641881,2
641891,2
641897,0
641909,0
641923,0
641929,0
641959,0
641969,2
641981,0
642011,2
642013,2
642049,0
642071,0
642077,0
642079,0
642113,0
642121,2
642133,2
642149,0
642151,0
642157,2
642163,0
642197,0
642199,0
642211,2
642217,0
642223,0
642233,0
642241,4
642247,4
642253,2
642281,0
642359,0
642361,0
642373,4
642403,4
642407,2
642419,2
642427,0
642457,0
642487,0
642517,0
642527,2
642529,2
642533,2
642547,2
642557,2
642563,0
642581,2
642613,0
642623,0
642673,0
642683,4
642701,2
642737,2
642739,2
642769,2
642779,2
642791,0
642797,4
642799,0
642809,0
642833,6
642853,0
642869,2
642871,4
642877,2
642881,0
642899,0
642907,2
642931,0
642937,0
642947,0
642953,0
642973,4
642977,4
642997,0
643009,2
643021,0
643031,2
643039,0
643043,2
643051,0
643061,0
643073,0
643081,2
643087,0
643099,2
643121,2
643129,4
643183,0
643187,2
643199,2
643213,0
643217,0
643231,0
643243,2
643273,2
643301,2
643303,6
643369,2
643373,2
643403,2
643421,0
643429,2
643439,2
643453,0
643457,0
643463,4
643469,0
643493,0
643507,0
643523,2
643547,2
643553,4
643567,2
643583,0
643589,0
643619,2
643633,2
643639,2
643649,0
643651,0
643661,0
643681,0
643691,0
643693,0
643697,2
643703,0
643723,0
643729,0
643751,6
643781,0
643847,0
643849,0
643859,0
643873,2
643879,0
643883,0
643889,0
643919,2
643927,0
643949,0
643957,0
643961,4
643969,0
643991,2
644009,0
644029,0
644047,0
644051,0
644053,2
644057,2
644089,2
644101,4
644107,2
644117,0
644123,0
644129,0
644131,2
644141,2
644143,4
644153,2
644159,2
644173,0
644191,0
644197,0
644201,2
644227,0
644239,0
644257,0
644261,0
644291,0
644297,0
644327,2
644341,0
644353,0
644359,0
644363,0
644377,2
644381,0
644383,0
644401,0
644411,0
644431,2
644443,0
644447,0
644489,2
644491,2
644507,0
644513,0
644519,0
644531,4
644549,0
644557,4
644563,4
644569,0
644593,4
644597,0
644599,0
644617,2
644629,2
644647,0
644653,0
644669,0
644671,0
644687,0
644701,2
644717,0
644729,2
644731,2
644747,0
644753,0
644767,0
644783,0
644789,0
644797,2
644801,2
644837,2
644843,0
644857,2
644863,0
644867,0
644869,0
644881,2
644899,0
644909,2
644911,0
644923,4
644933,0
644951,0
644977,0
644999,0
645011,0
645013,2
645019,2
645023,0
645037,2
645041,2
645049,0
645067,2
645077,4
645083,0
645091,0
645097,0
645131,0
645137,4
645149,0
645179,2
645187,0
645233,0
645257,0
645313,0
645329,2
645347,0
645353,0
645367,0
645383,2
645397,2
645409,0
645419,0
645431,0
645433,0
645443,0
645467,2
645481,0
645493,0
645497,0
645499,0
645503,0
645521,0
645527,2
645529,0
645571,2
645577,0
645581,4
645583,2
645599,2
645611,0
645629,6
645641,0
645647,0
645649,2
645661,2
645683,2
645691,0
645703,0
645713,0
645727,0
645737,0
645739,2
645751,2
645763,2
645787,0
645803,0
645833,2
645839,0
645851,0
645857,0
645877,0
645889,0
645893,0
645901,0
645907,0
645937,4
645941,2
645973,0
645979,2
646003,0
646013,0
646027,0
646039,0
646067,0
646073,0
646099,0
646103,2
646147,0
646157,0
646159,0
646169,0
646181,0
646183,0
646189,0
646193,0
646199,0
646237,4
646253,4
646259,0
646267,2
646271,2
646273,4
646291,2
646301,0
646307,2
646309,0
646339,2
646379,0
646397,0
646403,0
646411,8
646421,2
646423,0
646433,0
646453,0
646519,0
646523,2
646537,0
646543,0
646549,0
646571,2
646573,2
646577,0
646609,2
646619,0
646631,0
646637,0
646643,0
646669,0
646687,2
646721,0
646757,0
646771,0
646781,0
646823,0
646831,0
646837,0
646843,0
646859,0
646873,0
646879,0
646883,0
646889,4
646897,0
646909,0
646913,0
646927,0
646937,4
646957,0
646979,0
646981,0
646991,0
646993,0
647011,0
647033,2
647039,0
647047,0
647057,0
647069,0
647081,2
647099,0
647111,0
647113,0
647117,4
647131,0
647147,2
647161,0
647189,0
647201,0
647209,0
647219,2
647261,4
647263,2
647293,0
647303,0
647321,2
647327,2
647333,0
647341,0
647357,0
647359,0
647363,4
647371,0
647399,0
647401,2
647417,4
647429,2
647441,0
647453,2
647477,0
647489,4
647503,0
647509,0
647527,0
647531,2
647551,2
647557,2
647579,2
647587,2
647593,0
647609,0
647617,2
647627,0
647641,2
647651,0
647659,2
647663,2
647687,0
647693,0
647719,2
647723,0
647741,4
647743,2
647747,0
647753,2
647771,2
647783,0
647789,0
647809,2
647821,2
647837,2
647839,0
647851,0
647861,2
647891,2
647893,0
647909,2
647917,4
647951,0
647953,2
647963,2
647987,0
648007,2
648019,0
648029,0
648041,0
648047,0
648059,2
648061,8
648073,0
648079,0
648097,0
648101,0
648107,2
648119,0
648133,0
648173,4
648181,0
648191,2
648199,0
648211,2
648217,0
648229,0
648239,4
648257,2
648259,0
648269,0
648283,4
648289,2
648293,2
648317,0
648331,2
648341,0
648343,0
648371,0
648377,0
648379,0
648383,0
648391,2
648433,0
648437,0
648449,0
648481,2
648509,0
648563,2
648607,0
648617,6
648619,4
648629,4
648631,0
648649,0
648653,0
648671,2
648677,0
648689,2
648709,2
648719,0
648731,2
648763,0
648779,2
648803,0
648841,2
648859,2
648863,2
648871,4
648887,4
648889,2
648911,0
648917,2
648931,2
648937,0
648953,0
648961,0
648971,0
648997,2
649001,0
649007,0
649039,2
649063,2
649069,0
649073,0
649079,0
649081,2
649087,2
649093,2
649123,0
649141,0
649147,0
649151,0
649157,4
649183,0
649217,0
649261,2
649273,0
649277,0
649279,0
649283,2
649291,2
649307,0
649321,2
649361,4
649379,0
649381,2
649403,2
649421,6
649423,0
649427,0
649457,2
649469,0
649471,2
649483,0
649487,4
649499,6
649501,0
649507,2
649511,0
649529,4
649541,0
649559,2
649567,0
649573,2
649577,2
649613,0
649619,2
649631,2
649633,2
649639,2
649643,2
649651,0
649657,2
649661,0
649697,0
649709,0
649717,4
649739,2
649751,0
649769,0
649771,0
649777,0
649783,2
649787,6
649793,0
649799,0
649801,2
649813,2
649829,2
649843,0
649849,0
649867,2
649871,0
649877,0
649879,0
649897,0
649907,0
649921,4
649937,2
649969,0
649981,2
649991,0
650011,0
650017,0
650059,0
650071,0
650081,0
650099,0
650107,4
650179,0
650183,0
650189,2
650213,2
650227,0
650261,2
650269,6
650281,2
650291,0
650317,2
650327,0
650329,2
650347,2
650359,0
650387,0
650401,2
650413,2
650449,4
650477,2
650479,0
650483,0
650519,2
650537,2
650543,0
650549,2
650563,2
650567,0
650581,0
650591,0
650599,0
650609,2
650623,0
650627,2
650669,2
650701,2
650759,0
650761,0
650779,2
650813,0
650821,2
650827,0
650833,0
650851,2
650861,2
650863,0
650869,4
650873,0
650911,0
650917,0
650927,0
650933,2
650953,2
650971,0
650987,2
651017,0
651019,0
651029,0
651043,0
651067,2
651071,2
651097,0
651103,0
651109,0
651127,2
651139,0
651143,2
651169,6
651179,0
651181,0
651191,0
651193,0
651221,2
651223,2
651239,0
651247,0
651251,0
651257,0
651271,0
651281,0
651289,2
651293,4
651323,0
651331,0
651347,0
651361,0
651397,0
651401,2
651437,0
651439,0
651461,2
651473,0
651481,4
651487,0
651503,2
651509,0
651517,2
651587,0
651617,4
651641,2
651647,0
651649,2
651667,0
651683,0
651689,2
651697,4
651727,0
651731,2
651733,0
651767,2
651769,2
651793,0
651803,0
651809,0
651811,2
651821,0
651839,0
651841,2
651853,0
651857,2
651863,0
651869,0
651877,2
651881,4
651901,0
651913,6
651943,0
651971,0
651997,0
652019,4
652033,0
652039,0
652063,2
652079,0
652081,0
652087,2
652117,2
652121,0
652153,0
652189,2
652207,0
652217,2
652229,0
652237,2
652241,0
652243,2
652261,0
652279,2
652283,0
652291,0
652319,2
652321,0
652331,2
652339,0
652343,6
652357,2
652361,0
652369,0
652373,2
652381,0
652411,2
652417,0
652429,0
652447,4
652451,0
652453,0
652493,0
652499,0
652507,0
652541,0
652543,0
652549,0
652559,0
652567,2
652573,0
652577,0
652591,0
652601,2
652607,2
652609,0
652621,4
652627,2
652651,0
652657,2
652667,0
652699,0
652723,0
652727,0
652733,2
652739,2
652741,0
652747,0
652753,0
652759,0
652787,0
652811,0
652831,0
652837,4
652849,0
652853,0
652871,2
652903,2
652909,0
652913,0
652921,0
652931,0
652933,0
652937,0
652943,0
652957,0
652969,0
652991,0
652997,4
652999,0
653033,2
653057,0
653083,2
653111,0
653113,2
653117,2
653143,0
653153,0
653197,0
653203,0
653207,0
653209,2
653243,2
653267,0
653273,0
653281,2
653311,0
653321,2
653339,0
653357,2
653363,0
653431,2
653461,2
653473,0
653491,2
653501,0
653503,0
653507,2
653519,0
653537,0
653539,2
653561,0
653563,0
653579,4
653593,0
653617,0
653621,0
653623,0
653641,0
653647,0
653651,0
653659,2
653687,2
653693,2
653707,0
653711,0
653713,0
653743,2
653749,0
653761,0
653777,2
653789,2
653797,0
653801,0
653819,2
653831,2
653879,2
653881,0
653893,2
653899,2
653903,2
653927,0
653929,0
653941,2
653951,0
653963,0
653969,0
653977,2
653993,0
654001,2
654011,2
654019,2
654023,2
654029,0
654047,4
654053,2
654067,0
654089,2
654107,0
654127,0
654149,0
654161,4
654163,2
654167,0
654169,2
654187,2
654191,2
654209,2
654221,0
654223,0
654229,4
654233,0
654257,0
654293,0
654301,0
654307,0
654323,2
654343,2
654349,0
654371,2
654397,0
654413,0
654421,4
654427,4
654439,0
654491,2
654499,2
654509,0
654527,2
654529,2
654539,0
654541,0
654553,2
654571,0
654587,2
654593,0
654601,0
654611,4
654613,0
654623,2
654629,4
654671,2
654679,2
654697,6
654701,0
654727,0
654739,2
654743,2
654749,0
654767,2
654779,0
654781,0
654799,0
654803,0
654817,4
654821,0
654827,2
654839,4
654853,2
654877,0
654889,0
654917,0
654923,0
654931,0
654943,0
654967,0
654991,0
655001,2
655003,0
655013,2
655021,0
655033,2
655037,4
655043,2
655069,2
655087,2
655103,0
655111,2
655121,2
655157,4
655181,0
655211,0
655219,2
655223,0
655229,0
655241,0
655243,4
655261,0
655267,2
655273,0
655283,2
655289,2
655301,2
655331,0
655337,4
655351,0
655357,0
655373,0
655379,2
655387,4
655399,2
655439,0
655453,0
655471,0
655489,0
655507,2
655511,0
655517,0
655531,2
655541,4
655547,2
655559,4
655561,0
655579,2
655583,2
655597,2
655601,2
655637,2
655643,0
655649,0
655651,0
655657,0
655687,0
655693,2
655717,2
655723,4
655727,2
655757,0
655807,0
655847,0
655849,0
655859,2
655883,2
655901,2
655909,0
655913,0
655927,0
655943,0
655961,2
655987,0
656023,0
656039,0
656063,0
656077,0
656113,2
656119,0
656129,0
656141,0
656147,4
656153,2
656171,2
656221,0
656237,0
656263,0
656267,0
656273,2
656291,0
656297,0
656303,2
656311,0
656321,4
656323,0
656329,0
656333,0
656347,2
656371,0
656377,0
656389,0
656407,2
656423,2
656429,0
656459,0
656471,2
656479,0
656483,0
656519,0
656527,2
656561,0
656587,2
656597,2
656599,6
656603,0
656609,2
656651,0
656657,2
656671,0
656681,2
656683,0
656687,0
656701,0
656707,2
656737,0
656741,0
656749,2
656753,0
656771,0
656783,0
656791,0
656809,2
656819,0
656833,2
656839,2
656891,0
656917,0
656923,0
656939,0
656951,0
656959,0
656977,0
656989,0
656993,0
657017,0
657029,0
657047,0
657049,0
657061,0
657071,2
657079,0
657089,0
657091,4
657113,2
657121,0
657127,2
657131,0
657187,2
657193,2
657197,2
657233,0
657257,0
657269,0
657281,2
657289,0
657299,2
657311,4
657313,0
657323,0
657347,0
657361,4
657383,0
657403,0
657413,0
657431,2
657439,2
657451,2
657469,0
657473,2
657491,0
657493,2
657497,0
657499,0
657523,0
657529,2
657539,0
657557,0
657581,2
657583,0
657589,2
657607,2
657617,0
657649,0
657653,4
657659,2
657661,0
657703,2
657707,0
657719,0
657743,0
657779,2
657793,2
657809,0
657827,0
657841,2
657863,0
657893,2
657911,2
657929,0
657931,4
657947,0
657959,2
657973,4
657983,0
658001,0
658043,0
658051,0
658057,0
658069,2
658079,0
658111,2
658117,2
658123,0
658127,0
658139,0
658153,0
658159,0
658169,0
658187,0
658199,0
658211,0
658219,0
658247,0
658253,2
658261,2
658277,2
658279,0
658303,0
658309,0
658319,0
658321,0
658327,0
658349,0
658351,2
658367,0
658379,0
658391,0
658403,2
658417,0
658433,2
658447,0
658453,2
658477,0
658487,0
658507,4
658547,4
658549,0
658573,2
658579,0
658589,2
658591,4
658601,2
658607,4
658613,0
658633,0
658639,0
658643,2
658649,6
658663,0
658681,0
658703,0
658751,0
658753,0
658783,0
658807,0
658817,4
658831,2
658837,0
658841,0
658871,0
658873,0
658883,2
658897,4
658907,0
658913,0
658919,4
658943,0
658961,2
658963,0
658969,2
658979,2
658991,4
658997,2
659011,0
659023,2
659047,4
659059,2
659063,0
659069,0
659077,0
659101,2
659137,2
659159,0
659171,0
659173,0
659177,0
659189,0
659221,2
659231,0
659237,2
659251,2
659279,0
659299,0
659317,0
659327,2
659333,2
659353,0
659371,0
659419,0
659423,0
659437,0
659453,0
659467,0
659473,0
659497,0
659501,2
659513,2
659521,4
659531,0
659539,0
659563,2
659569,0
659591,0
659597,0
659609,2
659611,0
659621,0
659629,0
659639,2
659653,0
659657,2
659669,0
659671,0
659689,2
659693,2
659713,2
659723,2
659741,2
659759,0
659761,0
659783,0
659819,4
659831,0
659843,0
659849,2
659863,2
659873,0
659881,0
659899,2
659917,2
659941,0
659947,2
659951,0
659963,0
659983,0
659999,0
660001,4
660013,2
660029,4
660047,2
660053,0
660061,2
660067,0
660071,0
660073,0
660097,4
660103,0
660119,2
660131,0
660137,0
660157,0
660167,0
660181,2
660197,0
660199,0
660217,0
660227,2
660241,4
660251,2
660271,4
660277,2
660281,2
660299,6
660329,0
660337,2
660347,2
660349,0
660367,2
660377,0
660379,0
660391,0
660403,2
660409,2
660449,0
660493,0
660503,0
660509,0
660521,0
660529,0
660547,0
660557,2
660559,4
660563,0
660589,0
660593,2
660599,0
660601,0
660607,0
660617,0
660619,4
660643,0
660659,2
660661,0
660683,0
660719,0
660727,0
660731,0
660733,0
660757,0
660769,0
660787,0
660791,0
660799,4
660809,0
660811,6
660817,0
660833,0
660851,0
660853,0
660887,0
660893,0
660899,0
660901,0
660917,0
660923,0
660941,0
660949,0
660973,0
660983,0
661009,4
661019,2
661027,0
661049,0
661061,0
661091,2
661093,0
661097,2
661099,0
661103,0
661109,2
661117,0
661121,2
661139,0
661183,0
661187,2
661189,2
661201,0
661217,0
661231,0
661237,4
661253,2
661259,4
661267,0
661321,0
661327,0
661343,8
661361,0
661373,0
661393,0
661417,2
661421,0
661439,0
661459,0
661477,0
661481,2
661483,2
661513,0
661517,2
661541,0
661547,0
661553,2
661603,2
661607,2
661613,0
661621,0
661663,0
661673,0
661679,0
661697,0
661721,2
661741,0
661769,0
661777,0
661823,0
661849,2
661873,0
661877,0
661879,0
661883,2
661889,2
661897,0
661909,0
661931,0
661939,6
661949,0
661951,2
661961,0
661987,2
661993,0
662003,2
662021,2
662029,0
662047,0
662059,0
662063,0
662083,0
662107,0
662111,0
662141,0
662143,0
662149,0
662177,0
662203,0
662227,2
662231,4
662251,0
662261,0
662267,2
662281,2
662287,2
662309,0
662323,0
662327,0
662339,0
662351,2
662353,0
662357,2
662369,0
662401,0
662407,8
662443,0
662449,0
662477,0
662483,0
662491,0
662513,0
662527,2
662531,0
662537,0
662539,0
662551,0
662567,4
662591,2
662617,2
662639,0
662647,0
662657,0
662671,4
662681,2
662689,2
662693,4
662713,2
662719,0
662743,0
662771,2
662773,0
662789,0
662797,0
662819,0
662833,0
662839,0
662843,0
662867,4
662897,0
662899,2
662917,2
662939,0
662941,2
662947,2
662951,0
662953,0
662957,2
662999,2
663001,2
663007,0
663031,0
663037,0
663049,2
663053,0
663071,0
663097,0
663127,0
663149,2
663161,2
663163,0
663167,0
663191,2
663203,0
663209,2
663239,0
663241,0
663263,0
663269,0
663281,6
663283,0
663301,0
663319,0
663331,0
663349,0
663359,0
663371,4
663407,0
663409,0
663437,0
663463,0
663517,0
663529,2
663539,0
663541,0
663547,4
663557,2
663563,0
663569,0
663571,0
663581,0
663583,0
663587,0
663589,0
663599,0
663601,0
663631,2
663653,2
663659,0
663661,0
663683,2
663709,2
663713,0
663737,2
663763,4
663787,0
663797,2
663821,2
663823,0
663827,2
663853,2
663857,0
663869,0
663881,0
663893,0
663907,0
663937,0
663959,0
663961,0
663967,0
663973,0
663977,0
663979,0
663983,0
663991,2
663997,0
664009,0
664019,0
664043,2
664061,0
664067,0
664091,2
664099,2
664109,0
664117,0
664121,2
664123,2
664133,2
664141,2
664151,2
664177,0
664193,0
664199,0
664211,2
664243,0
664253,0
664271,2
664273,0
664289,0
664319,0
664331,2
664357,2
664369,2
664379,2
664381,0
664403,2
664421,0
664427,0
664441,2
664459,0
664471,0
664507,0
664511,4
664529,0
664537,2
664549,2
664561,0
664571,2
664579,0
664583,0
664589,0
664597,0
664603,2
664613,2
664619,0
664621,0
664633,2
664661,0
664663,2
664667,2
664669,2
664679,2
664687,0
664691,4
664693,0
664711,0
664739,0
664757,0
664771,0
664777,0
664789,0
664793,4
664799,2
664843,0
664847,2
664849,0
664879,2
664891,2
664933,0
664949,0
664967,0
664973,0
664997,0
665011,2
665017,0
665029,0
665039,4
665047,0
665051,0
665053,4
665069,0
665089,2
665111,2
665113,4
665117,0
665123,0
665131,0
665141,4
665153,0
665177,0
665179,0
665201,4
665207,0
665213,0
665221,2
665233,4
665239,2
665251,0
665267,0
665279,0
665293,0
665299,2
665303,2
665311,2
665351,0
665359,4
665369,0
665381,2
665387,0
665419,0
665429,0
665447,2
665479,0
665501,2
665503,2
665507,0
665527,4
665549,0
665557,0
665563,2
665569,0
665573,0
665591,4
665603,2
665617,2
665629,2
665633,4
665659,0
665677,0
665713,0
665719,0
665723,0
665747,2
665761,2
665773,2
665783,0
665789,2
665801,0
665803,0
665813,0
665843,0
665857,0
665897,0
665921,2
665923,0
665947,2
665953,0
665981,2
665983,0
665993,0
666013,4
666019,0
666023,2
666031,0
666041,0
666067,4
666073,0
666079,0
666089,2
666091,0
666109,2
666119,0
666139,0
666143,0
666167,0
666173,0
666187,2
666191,4
666203,0
666229,2
666233,0
666269,0
666277,0
666301,2
666329,2
666353,2
666403,0
666427,0
666431,0
666433,2
666437,2
666439,2
666461,0
666467,0
666493,6
666511,0
666527,0
666529,4
666541,0
666557,4
666559,4
666599,2
666607,2
666637,0
666643,4
666647,0
666649,0
666667,4
666671,2
666683,0
666697,0
666707,0
666727,2
666733,0
666737,0
666749,2
666751,0
666769,0
666773,0
666811,0
666821,0
666823,4
666829,0
666857,4
666871,2
666889,0
666901,4
666929,0
666937,2
666959,0
666979,0
666983,0
666989,0
667013,0
667019,2
667021,0
667081,0
667091,0
667103,2
667123,2
667127,0
667129,2
667141,0
667171,0
667181,0
667211,0
667229,4
667241,4
667243,0
667273,0
667283,0
667309,4
667321,0
667333,2
667351,0
667361,2
667363,2
667367,2
667379,0
667417,0
667421,0
667423,0
667427,2
667441,0
667463,2
667477,0
667487,2
667501,0
667507,4
667519,2
667531,2
667547,2
667549,0
667553,0
667559,4
667561,0
667577,2
667631,0
667643,0
667649,0
667657,0
667673,0
667687,0
667691,0
667697,2
667699,4
667727,0
667741,0
667753,4
667769,0
667781,2
667801,0
667817,0
667819,0
667829,0
667837,0
667859,2
667861,0
667867,0
667883,0
667903,0
667921,0
667949,0
667963,0
667987,2
667991,0
667999,2
668009,0
668029,4
668033,0
668047,4
668051,2
668069,2
668089,0
668093,0
668111,0
668141,2
668153,4
668159,0
668179,2
668201,0
668203,4
668209,0
668221,2
668243,0
668273,2
668303,2
668347,0
668407,2
668417,4
668471,0
668509,0
668513,2
668527,6
668531,0
668533,2
668539,4
668543,2
668567,2
668579,2
668581,0
668599,0
668609,0
668611,4
668617,0
668623,2
668671,2
668677,0
668687,0
668699,2
668713,2
668719,2
668737,0
668741,2
668747,4
668761,0
668791,0
668803,2
668813,4
668821,0
668851,2
668867,0
668869,0
668873,2
668879,0
668903,0
668929,0
668939,0
668947,0
668959,0
668963,2
668989,2
668999,2
669023,2
669029,0
669049,2
669077,0
669089,0
669091,2
669107,2
669113,2
669121,2
669127,0
669133,4
669167,0
669173,4
669181,0
669241,2
669247,0
669271,0
669283,0
669287,2
669289,4
669301,0
669311,2
669329,0
669359,2
669371,2
669377,2
669379,0
669391,2
669401,0
669413,0
669419,0
669433,0
669437,2
669451,4
669463,0
669479,0
669481,0
669527,0
669551,2
669577,0
669607,2
669611,0
669637,0
669649,2
669659,2
669661,0
669667,0
669673,0
669677,0
669679,0
669689,0
669701,0
669707,0
669733,2
669763,0
669787,0
669791,4
669839,0
669847,0
669853,2
669857,2
669859,2
669863,0
669869,0
669887,0
669901,0
669913,2
669923,0
669931,2
669937,2
669943,2
669947,2
669971,2
669989,2
670001,0
670031,4
670037,0
670039,0
670049,0
670051,0
670097,2
670099,0
670129,2
670139,2
670147,2
670177,0
670193,0
670199,2
670211,0
670217,4
670223,0
670231,0
670237,0
670249,2
670261,0
670279,4
670297,0
670303,2
670321,4
670333,0
670343,2
670349,0
670363,0
670379,0
670399,0
670409,4
670447,0
670457,0
670471,0
670487,0
670489,0
670493,0
670507,2
670511,2
670517,0
670541,0
670543,2
670559,4
670577,0
670583,0
670597,2
670613,2
670619,0
670627,0
670639,2
670669,0
670673,0
670693,0
670711,4
670727,0
670729,2
670739,2
670763,0
670777,2
670781,0
670811,0
670823,0
670849,0
670853,0
670867,0
670877,0
670897,0
670903,0
670919,0
670931,2
670951,0
670963,6
670987,0
670991,0
671003,2
671017,0
671029,0
671039,0
671059,0
671063,0
671081,4
671087,0
671093,2
671123,0
671131,0
671141,0
671159,0
671161,0
671189,0
671201,0
671219,4
671233,0
671249,4
671257,4
671261,0
671269,0
671287,2
671299,2
671303,0
671323,2
671339,0
671353,0
671357,0
671369,0
671383,0
671401,2
671417,2
671431,0
671443,0
671467,4
671471,0
671477,0
671501,0
671519,0
671533,0
671537,0
671557,0
671581,0
671591,0
671603,4
671609,0
671633,0
671647,0
671651,0
671681,0
671701,4
671717,0
671729,2
671743,0
671753,6
671777,0
671779,2
671791,2
671831,0
671837,0
671851,2
671887,4
671893,0
671903,2
671911,0
671917,4
671921,0
671933,0
671939,0
671941,2
671947,0
671969,2
671971,0
671981,0
671999,0
672019,0
672029,0
672041,0
672043,4
672059,0
672073,0
672079,2
672097,0
672103,4
672107,0
672127,2
672131,0
672137,2
672143,2
672151,0
672167,2
672169,0
672181,0
672193,2
672209,0
672223,2
672227,0
672229,0
672251,0
672271,2
672283,0
672289,0
672293,2
672311,0
672317,0
672323,0
672341,0
672349,2
672377,0
672379,0
672439,2
672443,2
672473,2
672493,0
672499,0
672521,0
672557,6
672577,2
672587,0
672593,0
672629,0
672641,2
672643,0
672653,0
672667,2
672703,0
672743,2
672757,0
672767,0
672779,0
672781,0
672787,0
672799,0
672803,0
672811,2
672817,2
672823,0
672827,0
672863,0
672869,2
672871,2
672883,2
672901,0
672913,0
672937,2
672943,0
672949,0
672953,0
672967,0
672977,2
672983,0
673019,0
673039,0
673063,0
673069,0
673073,0
673091,0
673093,4
673109,0
673111,0
673117,0
673121,0
673129,4
673157,2
673193,4
673199,0
673201,0
673207,2
673223,4
673241,0
673247,0
673271,0
673273,0
673291,0
673297,0
673313,4
673327,0
673339,0
673349,4
673381,0
673391,4
673397,2
673399,2
673403,0
673411,0
673427,0
673429,0
673441,0
673447,0
673451,0
673457,2
673459,2
673469,0
673487,0
673499,0
673513,0
673529,2
673549,0
673553,0
673567,2
673573,4
673579,4
673609,0
673613,0
673619,2
673637,6
673639,0
673643,2
673649,0
673667,0
673669,0
673747,0
673769,2
673781,2
673787,0
673793,0
673801,0
673811,0
673817,2
673837,0
673879,2
673891,0
673921,0
673943,2
673951,4
673961,0
673979,4
673991,0
674017,2
674057,0
674059,0
674071,0
674083,0
674099,0
674117,0
674123,2
674131,0
674159,0
674161,2
674173,0
674183,2
674189,0
674227,0
674231,0
674239,0
674249,0
674263,0
674269,0
674273,2
674299,2
674321,0
674347,2
674357,2
674363,4
674371,2
674393,0
674419,2
674431,0
674449,0
674461,0
674483,0
674501,2
674533,2
674537,2
674551,0
674563,0
674603,0
674647,0
674669,4
674677,0
674683,0
674693,0
674699,2
674701,0
674711,6
674717,2
674719,2
674731,2
674741,2
674749,2
674759,0
674761,0
674767,0
674771,0
674789,2
674813,2
674827,2
674831,0
674833,0
674837,0
674851,0
674857,0
674867,0
674879,2
674903,0
674929,0
674941,0
674953,0
674957,2
674977,2
674987,4
675029,0
675067,0
675071,2
675079,2
675083,0
675097,0
675109,2
675113,0
675131,2
675133,0
675151,4
675161,2
675163,2
675173,0
675179,2
675187,4
675197,4
675221,2
675239,0
675247,0
675251,2
675253,0
675263,2
675271,4
675299,0
675313,2
675319,0
675341,2
675347,0
675391,2
675407,0
675413,0
675419,0
675449,0
675457,2
675463,0
675481,2
675511,0
675539,2
675541,0
675551,4
675553,0
675559,6
675569,2
675581,0
675593,2
675601,0
675607,0
675611,0
675617,0
675629,0
675643,0
675713,0
675739,0
675743,2
675751,2
675781,0
675797,0
675817,0
675823,0
675827,2
675839,0
675841,0
675859,0
675863,0
675877,0
675881,2
675889,0
675923,0
675929,0
675931,0
675959,0
675973,2
675977,0
675979,2
676007,0
676009,4
676031,0
676037,2
676043,0
676051,2
676057,4
676061,2
676069,0
676099,2
676103,0
676111,0
676129,0
676147,0
676171,2
676211,2
676217,0
676219,2
676241,0
676253,0
676259,0
676279,0
676289,2
676297,0
676337,2
676339,0
676349,0
676363,4
676373,0
676387,2
676391,0
676409,2
676411,6
676421,2
676427,0
676463,2
676469,0
676493,0
676523,4
676573,0
676589,0
676597,0
676601,0
676649,2
676661,2
676679,0
676703,0
676717,4
676721,0
676727,2
676733,6
676747,0
676751,0
676763,0
676771,0
676807,0
676829,0
676859,0
676861,0
676883,0
676891,0
676903,2
676909,0
676919,0
676927,0
676931,0
676937,0
676943,2
676961,2
676967,6
676979,2
676981,0
676987,0
676993,0
677011,0
677021,2
677029,2
677041,2
677057,0
677077,0
677081,0
677107,2
677111,0
677113,0
677119,0
677147,0
677167,0
677177,0
677213,0
677227,2
677231,0
677233,2
677239,0
677309,0
677311,2
677321,4
677323,2
677333,0
677357,0
677371,6
677387,0
677423,2
677441,0
677447,4
677459,4
677461,0
677471,0
677473,2
677531,0
677533,0
677539,2
677543,0
677561,0
677563,0
677587,2
677627,0
677639,2
677647,2
677657,0
677681,2
677683,0
677687,4
677717,0
677737,0
677767,4
677779,0
677783,0
677791,0
677813,0
677827,2
677857,2
677891,0
677927,0
677947,0
677953,0
677959,2
677983,0
678023,0
678037,0
678047,0
678061,2
678077,0
678101,0
678103,0
678133,0
678157,0
678169,0
678179,0
678191,0
678199,0
678203,0
678211,0
678217,0
678221,2
678229,2
678253,4
678289,0
678299,0
678329,2
678341,0
678343,0
678367,0
678371,4
678383,0
678401,0
678407,0
678409,0
678413,0
678421,0
678437,0
678451,0
678463,0
678479,0
678481,0
678493,0
678499,4
678533,0
678541,0
678553,0
678563,4
678577,0
678581,0
678593,0
678599,0
678607,2
678611,0
678631,2
678637,0
678641,0
678647,0
678649,2
678653,0
678659,0
678719,4
678721,4
678731,2
678739,2
678749,0
678757,2
678761,2
678763,0
678767,0
678773,0
678779,2
678809,0
678823,2
678829,4
678833,0
678859,0
678871,2
678883,0
678901,0
678907,2
678941,0
678943,0
678949,2
678959,0
678971,2
678989,4
679033,2
679037,4
679039,0
679051,2
679067,0
679087,2
679111,2
679123,0
679127,2
679153,2
679157,2
679169,0
679171,0
679183,0
679207,2
679219,2
679223,0
679229,2
679249,0
679277,2
679279,0
679297,0
679309,0
679319,4
679333,2
679361,0
679363,2
679369,2
679373,0
679381,0
679403,0
679409,0
679417,2
679423,0
679433,0
679451,0
679463,0
679487,0
679501,2
679517,0
679519,0
679531,0
679537,2
679561,0
679597,2
679603,4
679607,2
679633,4
679639,4
679669,0
679681,0
679691,0
679699,0
679709,0
679733,2
679741,0
679747,2
679751,0
679753,2
679781,0
679793,0
679807,0
679823,2
679829,0
679837,0
679843,2
679859,0
679867,4
679879,0
679883,0
679891,4
679897,4
679907,4
679909,0
679919,2
679933,0
679951,0
679957,0
679961,2
679969,0
679981,0
679993,0
679999,0
680003,2
680027,0
680039,0
680059,0
680077,2
680081,0
680083,2
680107,0
680123,0
680129,4
680159,2
680161,2
680177,4
680189,4
680203,0
680209,0
680213,2
680237,2
680249,0
680263,0
680291,4
680293,0
680297,0
680299,4
680321,0
680327,0
680341,0
680347,2
680353,0
680377,0
680387,0
680399,0
680401,0
680411,6
680417,0
680431,0
680441,0
680443,0
680453,2
680489,0
680503,2
680507,0
680509,2
680531,2
680539,0
680567,2
680569,2
680587,0
680597,0
680611,2
680623,2
680633,2
680651,0
680657,0
680681,0
680707,0
680749,0
680759,2
680767,0
680783,0
680803,0
680809,2
680831,0
680857,0
680861,0
680873,0
680879,4
680881,0
680917,0
680929,2
680959,0
680971,2
680987,0
680989,2
680993,4
681001,2
681011,0
681019,2
681041,2
681047,0
681049,2
681061,2
681067,2
681089,2
681091,2
681113,0
681127,0
681137,4
681151,0
681167,0
681179,2
681221,2
681229,2
681251,2
681253,0
681257,0
681259,0
681271,2
681293,0
681311,0
681337,0
681341,0
681361,0
681367,2
681371,2
681403,0
681407,0
681409,0
681419,0
681427,2
681449,0
681451,0
681481,0
681487,2
681493,2
681497,0
681521,0
681523,4
681539,0
681557,2
681563,4
681589,0
681607,0
681613,2
681623,0
681631,2
681647,0
681673,4
681677,0
681689,4
681719,2
681727,0
681731,2
681763,2
681773,2
681781,2
681787,2
681809,0
681823,2
681833,2
681839,2
681841,0
681883,0
681899,0
681913,0
681931,0
681943,0
681949,0
681971,4
681977,0
681979,0
681983,0
681997,0
682001,0
682009,0
682037,0
682049,2
682063,0
682069,2
682079,0
682141,0
682147,0
682151,0
682153,0
682183,2
682207,2
682219,0
682229,0
682237,0
682247,4
682259,0
682277,0
682289,2
682291,0
682303,0
682307,4
682321,0
682327,0
682333,4
682337,0
682361,2
682373,2
682411,2
682417,2
682421,0
682427,0
682439,0
682447,2
682463,0
682471,2
682483,0
682489,4
682511,0
682519,0
682531,0
682547,0
682597,2
682607,0
682637,4
682657,0
682673,0
682679,2
682697,0
682699,2
682723,4
682729,0
682733,0
682739,0
682751,0
682763,0
682777,0
682789,0
682811,0
682819,2
682901,0
682933,2
682943,0
682951,0
682967,2
683003,2
683021,0
683041,0
683047,0
683071,0
683083,0
683087,2
683119,0
683129,0
683143,0
683149,0
683159,0
683201,2
683231,0
683251,2
683257,0
683273,0
683299,2
683303,0
683317,0
683323,0
683341,0
683351,0
683357,0
683377,0
683381,2
683401,0
683407,0
683437,0
683447,2
683453,2
683461,0
683471,0
683477,2
683479,0
683483,8
683489,0
683503,0
683513,2
683567,0
683591,0
683597,0
683603,2
683651,0
683653,0
683681,0
683687,2
683693,2
683699,0
683701,0
683713,0
683719,0
683731,0
683737,2
683747,0
683759,0
683777,0
683783,0
683789,0
683807,0
683819,4
683821,4
683831,4
683833,2
683843,0
683857,2
683861,0
683863,2
683873,0
683887,0
683899,0
683909,0
683911,2
683923,0
683933,0
683939,2
683957,0
683983,0
684007,0
684017,4
684037,2
684053,0
684091,0
684109,0
684113,2
684119,2
684121,2
684127,0
684157,0
684163,0
684191,0
684217,2
684221,0
684239,2
684269,0
684287,0
684289,0
684293,0
684311,0
684329,2
684337,2
684347,0
684349,2
684373,0
684379,0
684407,0
684419,2
684427,0
684433,0
684443,2
684451,0
684469,0
684473,0
684493,2
684527,0
684547,0
684557,0
684559,2
684569,0
684581,2
684587,2
684599,0
684617,0
684637,4
684643,2
684647,4
684683,0
684713,0
684727,0
684731,2
684751,0
684757,2
684767,0
684769,0
684773,2
684791,0
684793,2
684799,2
684809,2
684829,0
684841,2
684857,2
684869,2
684889,0
684923,2
684949,2
684961,6
684973,2
684977,0
684989,0
685001,2
685019,0
685031,0
685039,2
685051,2
685057,2
685063,4
685073,0
685081,0
685093,0
685099,2
685103,2
685109,2
685123,0
685141,0
685169,0
685177,0
685199,6
685231,0
685247,0
685249,2
685271,0
685297,0
685301,2
685319,0
685337,4
685339,0
685361,0
685367,2
685369,2
685381,0
685393,0
685417,2
685427,0
685429,2
685453,0
685459,0
685471,0
685493,0
685511,0
685513,0
685519,0
685537,0
685541,2
685547,0
685591,0
685609,2
685613,2
685621,0
685631,2
685637,4
685649,0
685669,0
685679,0
685697,0
685717,0
685723,0
685733,2
685739,0
685747,2
685753,2
685759,2
685781,0
685793,2
685819,0
685849,0
685859,0
685907,0
685939,0
685963,2
685969,2
685973,2
685987,2
685991,0
686003,0
686009,2
686011,4
686027,0
686029,0
686039,2
686041,0
686051,0
686057,0
686087,2
686089,0
686099,0
686117,0
686131,0
686141,0
686143,0
686149,0
686173,2
686177,0
686197,2
686201,0
686209,0
686267,0
686269,4
686293,4
686317,0
686321,2
686333,0
686339,0
686353,0
686359,0
686363,0
686417,2
686423,0
686437,0
686449,6
686453,0
686473,0
686479,0
686503,0
686513,4
686519,2
686551,0
686563,0
686593,0
686611,0
686639,0
686669,0
686671,2
686687,2
686723,2
686729,2
686731,2
686737,0
686761,2
686773,0
686789,0
686797,2
686801,0
686837,0
686843,0
686863,2
686879,0
686891,0
686893,2
686897,0
686911,4
686947,2
686963,0
686969,4
686971,0
686977,0
686989,2
686993,2
687007,4
687013,0
687017,2
687019,2
687023,2
687031,4
687041,4
687061,0
687073,0
687083,2
687101,2
687107,0
687109,0
687121,0
687131,2
687139,0
687151,0
687161,2
687163,2
687179,2
687223,0
687233,2
687277,2
687289,0
687299,4
687307,0
687311,0
687317,0
687331,0
687341,2
687343,2
687359,0
687383,0
687389,2
687397,0
687403,0
687413,2
687431,4
687433,0
687437,2
687443,2
687457,0
687461,0
687473,0
687481,0
687499,2
687517,2
687521,4
687523,4
687541,0
687551,0
687559,0
687581,0
687593,0
687623,0
687637,2
687641,0
687647,0
687679,0
687683,2
687691,0
687707,0
687721,2
687737,2
687749,2
687767,0
687773,0
687779,2
687787,0
687809,0
687823,0
687829,0
687839,0
687847,0
687893,0
687901,0
687917,0
687923,4
687931,2
687949,0
687961,0
687977,2
688003,0
688013,0
688027,0
688031,0
688063,0
688067,0
688073,0
688087,0
688097,0
688111,0
688133,0
688139,0
688147,0
688159,0
688187,0
688201,0
688217,4
688223,0
688249,0
688253,0
688277,4
688297,6
688309,0
688333,0
688339,0
688357,0
688379,0
688393,2
688397,0
688403,4
688411,0
688423,2
688433,0
688447,0
688451,0
688453,2
688477,0
688511,4
688531,2
688543,2
688561,2
688573,2
688591,2
688621,0
688627,0
688631,2
688637,2
688657,2
688661,0
688669,2
688679,0
688697,4
688717,2
688729,0
688733,0
688741,0
688747,2
688757,0
688763,0
688777,2
688783,2
688799,2
688813,2
688861,2
688867,0
688871,0
688889,2
688907,2
688939,2
688951,0
688957,2
688969,0
688979,0
688999,2
689021,2
689033,0
689041,0
689063,0
689071,0
689077,2
689081,0
689089,2
689093,0
689107,0
689113,4
689131,2
689141,4
689167,2
689201,0
689219,0
689233,0
689237,4
689257,0
689261,0
689267,2
689279,2
689291,0
689309,2
689317,2
689321,2
689341,0
689357,2
689369,0
689383,4
689389,2
689393,0
689411,0
689431,0
689441,0
689459,0
689461,2
689467,2
689509,0
689551,0
689561,0
689581,0
689587,0
689597,2
689599,2
689603,0
689621,2
689629,0
689641,0
689693,0
689699,0
689713,0
689723,2
689761,0
689771,0
689779,0
689789,2
689797,0
689803,4
689807,0
689827,2
689831,0
689851,2
689867,2
689869,0
689873,4
689879,0
689891,0
689893,4
689903,2
689917,2
689921,2
689929,0
689951,2
689957,0
689959,2
689963,0
689981,0
689987,2
690037,2
690059,4
690073,0
690089,0
690103,0
690119,0
690127,0
690139,0
690143,4
690163,4
690187,2
690233,0
690259,0
690269,2
690271,0
690281,6
690293,0
690323,2
690341,0
690367,0
690377,0
690397,0
690407,0
690419,0
690427,2
690433,0
690439,0
690449,0
690467,0
690491,2
690493,2
690509,2
690511,0
690533,0
690541,2
690553,2
690583,0
690589,0
690607,0
690611,0
690629,2
690661,4
690673,0
690689,0
690719,0
690721,0
690757,0
690787,2
690793,0
690817,0
690839,2
690841,0
690869,0
690871,2
690887,0
690889,0
690919,0
690929,0
690953,0
690997,0
691001,0
691037,0
691051,0
691063,2
691079,0
691109,0
691111,2
691121,0
691129,2
691147,0
691151,4
691153,0
691181,2
691183,4
691189,4
691193,4
691199,0
691231,0
691241,0
691267,2
691289,0
691297,0
691309,4
691333,2
691337,2
691343,0
691349,2
691363,0
691381,2
691399,0
691409,0
691433,6
691451,0
691463,0
691489,2
691499,0
691531,0
691553,0
691573,2
691583,2
691589,6
691591,0
691631,0
691637,0
691651,2
691661,4
691681,2
691687,0
691693,0
691697,4
691709,0
691721,4
691723,0
691727,2
691729,2
691739,0
691759,0
691763,0
691787,2
691799,0
691813,2
691829,2
691837,2
691841,0
691843,0
691871,0
691877,0
691891,2
691897,0
691903,2
691907,0
691919,2
691921,0
691931,0
691949,0
691973,0
691979,2
691991,0
691997,2
692009,0
692017,0
692051,0
692059,0
692063,0
692071,2
692089,4
692099,0
692117,2
692141,0
692147,0
692149,0
692161,2
692191,0
692221,2
692239,2
692249,0
692269,2
692273,2
692281,0
692287,6
692297,0
692299,2
692309,4
692327,0
692333,2
692347,2
692353,2
692371,0
692387,2
692389,0
692399,0
692401,0
692407,0
692413,0
692423,0
692431,0
692441,0
692453,2
692459,2
692467,0
692513,4
692521,0
692537,0
692539,0
692543,2
692567,0
692581,2
692591,0
692621,0
692641,4
692647,0
692651,0
692663,0
692689,2
692707,4
692711,0
692717,0
692729,2
692743,0
692753,0
692761,0
692771,0
692779,0
692789,0
692821,0
692851,0
692863,0
692893,0
692917,0
692927,0
692929,0
692933,0
692957,0
692963,0
692969,0
692983,0
693019,0
693037,2
693041,0
693061,2
693079,0
693089,0
693097,0
693103,4
693127,2
693137,2
693149,0
693157,0
693167,0
693169,0
693179,0
693223,2
693257,0
693283,0
693317,0
693323,0
693337,0
693353,2
693359,2
693373,0
693397,2
693401,6
693403,4
693409,2
693421,0
693431,2
693437,2
693487,0
693493,0
693503,0
693523,2
693527,2
693529,0
693533,2
693569,0
693571,0
693601,2
693607,0
693619,0
693629,0
693659,2
693661,2
693677,0
693683,0
693689,0
693691,2
693697,0
693701,0
693727,0
693731,2
693733,2
693739,0
693743,0
693757,0
693779,0
693793,2
693799,2
693809,6
693827,0
693829,4
693851,0
693859,2
693871,2
693877,2
693881,2
693943,2
693961,2
693967,6
693989,0
694019,0
694033,0
694039,2
694061,0
694069,0
694079,0
694081,0
694087,0
694091,0
694123,2
694189,2
694193,2
694201,0
694207,0
694223,2
694259,2
694261,2
694271,2
694273,0
694277,0
694313,2
694319,2
694327,0
694333,2
694339,0
694349,2
694357,2
694361,0
694367,0
694373,0
694381,0
694387,2
694391,0
694409,0
694427,0
694457,0
694471,2
694481,0
694483,0
694487,2
694511,0
694513,0
694523,0
694541,4
694549,6
694559,0
694567,0
694571,0
694591,0
694597,0
694609,2
694619,0
694633,0
694649,0
694651,0
694717,0
694721,2
694747,0
694763,0
694781,0
694783,4
694789,2
694829,2
694831,2
694867,2
694871,0
694873,0
694879,0
694901,0
694919,0
694951,0
694957,2
694979,2
694987,2
694997,4
694999,0
695003,0
695017,4
695021,0
695047,0
695059,4
695069,2
695081,0
695087,0
695089,0
695099,0
695111,2
695117,0
695131,0
695141,0
695171,0
695207,2
695239,2
695243,4
695257,0
695263,0
695269,2
695281,0
695293,0
695297,0
695309,4
695323,0
695327,0
695329,0
695347,4
695369,2
695371,0
695377,0
695389,0
695407,0
695411,0
695441,0
695447,0
695467,2
695477,0
695491,4
695503,2
695509,0
695561,0
695567,0
695573,2
695581,0
695593,0
695599,0
695603,2
695621,2
695627,2
695641,0
695659,0
695663,4
695677,2
695687,2
695689,0
695701,0
695719,2
695743,0
695749,0
695771,2
695777,2
695791,0
695801,0
695809,2
695839,0
695843,2
695867,2
695873,0
695879,0
695881,0
695899,0
695917,0
695927,0
695939,0
695999,0
696019,0
696053,0
696061,2
696067,0
696077,2
696079,0
696083,0
696107,4
696109,0
696119,2
696149,0
696181,0
696239,0
696253,2
696257,0
696263,0
696271,0
696281,0
696313,2
696317,0
696323,0
696343,2
696349,0
696359,0
696361,2
696373,0
696379,2
696403,0
696413,0
696427,2
696433,0
696457,0
696481,0
696491,2
696497,0
696503,2
696517,6
696523,0
696533,0
696547,0
696569,0
696607,0
696611,0
696617,2
696623,2
696629,4
696653,0
696659,2
696679,4
696691,0
696719,0
696721,0
696737,2
696743,0
696757,0
696763,4
696793,2
696809,0
696811,0
696823,2
696827,0
696833,2
696851,0
696853,6
696887,2
696889,0
696893,0
696907,2
696929,2
696937,0
696961,0
696989,0
696991,0
697009,2
697013,0
697019,2
697033,0
697049,0
697063,2
697069,0
697079,0
697087,2
697093,0
697111,0
697121,6
697127,2
697133,4
697141,2
697157,0
697181,0
697201,0
697211,2
697217,0
697259,2
697261,2
697267,0
697271,2
697303,0
697327,2
697351,0
697373,0
697379,0
697381,0
697387,6
697397,6
697399,0
697409,4
697423,4
697441,2
697447,0
697453,2
697457,2
697481,2
697507,0
697511,0
697513,4
697519,2
697523,0
697553,0
697579,0
697583,0
697591,2
697601,0
697603,4
697637,2
697643,2
697673,4
697681,2
697687,0
697691,0
697693,2
697703,2
697727,0
697729,2
697733,0
697757,0
697759,2
697787,2
697819,0
697831,0
697877,0
697891,0
697897,4
697909,4
697913,2
697937,0
697951,0
697967,0
697973,0
697979,0
697993,4
697999,2
698017,0
698021,0
698039,0
698051,0
698053,0
698077,0
698083,2
698111,0
698171,0
698183,0
698239,2
698249,0
698251,2
698261,0
698263,0
698273,0
698287,2
698293,0
698297,2
698311,0
698329,0
698339,2
698359,0
698371,0
698387,0
698393,0
698413,0
698417,0
698419,4
698437,2
698447,0
698471,0
698483,2
698491,0
698507,2
698521,0
698527,0
698531,0
698539,2
698543,2
698557,0
698567,0
698591,4
698641,0
698653,0
698669,0
698701,2
698713,2
698723,0
698729,2
698773,0
698779,0
698821,2
698827,0
698849,2
698891,0
698899,2
698903,0
698923,0
698939,2
698977,6
698983,0
699001,4
699007,0
699037,0
699053,0
699059,2
699073,0
699077,0
699089,2
699113,2
699119,0
699133,0
699151,4
699157,0
699169,4
699187,2
699191,0
699197,0
699211,0
699217,2
699221,0
699241,0
699253,0
699271,0
699287,0
699289,0
699299,6
699319,0
699323,0
699343,6
699367,0
699373,4
699379,0
699383,0
699401,0
699427,0
699437,0
699443,4
699449,0
699463,2
699469,2
699493,0
699511,2
699521,0
699527,0
699529,6
699539,0
699541,0
699557,0
699571,0
699581,0
699617,0
699631,2
699641,2
699649,0
699697,0
699709,2
699719,2
699733,0
699757,0
699761,2
699767,0
699791,0
699793,2
699817,2
699823,2
699863,2
699931,0
699943,0
699947,0
699953,0
699961,0
699967,0
700001,0
700027,0
700057,0
700067,2
700079,2
700081,0
700087,4
700099,2
700103,0
700109,0
700127,4
700129,0
700171,0
700199,2
700201,0
700211,0
700223,2
700229,0
700237,0
700241,0
700277,2
700279,0
700303,0
700307,0
700319,2
700331,0
700339,0
700361,4
700363,0
700367,0
700387,2
700391,0
700393,0
700423,2
700429,2
700433,0
700459,0
700471,0
700499,2
700523,2
700537,0
700561,0
700571,0
700573,2
700577,2
700591,0
700597,2
700627,0
700633,0
700639,0
700643,0
700673,0
700681,0
700703,2
700717,0
700751,2
700759,2
700781,0
700789,0
700801,0
700811,0
700831,0
700837,0
700849,2
700871,2
700877,0
700883,2
700897,2
700907,4
700919,0
700933,0
700937,2
700949,0
700963,0
700993,0
701009,2
701011,0
701023,4
701033,0
701047,0
701089,0
701117,0
701147,0
701159,0
701177,0
701179,0
701209,2
701219,0
701221,2
701227,0
701257,0
701279,0
701291,2
701299,4
701329,0
701341,0
701357,0
701359,0
701377,0
701383,0
701399,0
701401,4
701413,4
701417,0
701419,0
701443,6
701447,2
701453,0
701473,2
701479,0
701489,0
701497,0
701507,2
701509,2
701527,2
701531,0
701549,0
701579,2
701581,2
701593,4
701609,0
701611,0
701621,0
701627,2
701629,4
701653,0
701669,2
701671,2
701681,0
701699,2
701711,4
701719,2
701731,0
701741,4
701761,0
701783,0
701791,4
701819,2
701837,0
701863,2
701881,0
701903,2
701951,0
701957,0
701963,2
701969,2
702007,0
702011,0
702017,2
702067,2
702077,0
702101,2
702113,2
702127,0
702131,2
702137,2
702139,2
702173,2
702179,0
702193,0
702199,0
702203,0
702211,2
702239,0
702257,2
702269,0
702281,4
702283,0
702311,2
702313,2
702323,2
702329,0
702337,2
702341,4
702347,0
702349,0
702353,2
702379,0
702391,0
702407,0
702413,2
702431,0
702433,0
702439,0
702451,2
702469,0
702497,0
702503,2
702511,4
702517,0
702523,0
702529,0
702539,2
702551,0
702557,0
702587,2
702589,0
702599,0
702607,0
702613,0
702623,0
702671,0
702679,2
702683,0
702701,0
702707,0
702721,0
702731,2
702733,2
702743,4
702773,4
702787,2
702803,0
702809,0
702817,2
702827,2
702847,0
702851,0
702853,2
702869,0
702881,0
702887,2
702893,0
702913,0
702937,0
702983,0
702991,0
703013,0
703033,0
703039,0
703081,0
703117,0
703121,2
703123,0
703127,4
703139,0
703141,0
703169,0
703193,0
703211,0
703217,2
703223,2
703229,0
703231,2
703243,0
703249,0
703267,0
703277,0
703301,0
703309,4
703321,0
703327,0
703331,0
703349,0
703357,0
703379,0
703393,0
703411,0
703441,0
703447,0
703459,0
703463,2
703471,0
703489,2
703499,0
703531,0
703537,0
703559,2
703561,0
703631,2
703643,2
703657,2
703663,2
703673,0
703679,0
703691,6
703699,0
703709,6
703711,2
703721,0
703733,0
703753,0
703763,2
703789,2
703819,0
703837,0
703849,0
703861,0
703873,2
703883,4
703897,0
703903,0
703907,4
703943,0
703949,0
703957,0
703981,2
703991,4
704003,2
704009,0
704017,2
704023,0
704027,2
704029,0
704059,0
704069,0
704087,0
704101,2
704111,0
704117,2
704131,0
704141,4
704153,2
704161,0
704177,2
704183,0
704189,2
704213,0
704219,0
704233,0
704243,0
704251,4
704269,0
704279,2
704281,2
704287,0
704299,2
704303,0
704309,2
704321,0
704357,0
704393,2
704399,0
704419,0
704441,0
704447,0
704449,0
704453,0
704461,2
704477,2
704507,0
704521,0
704527,0
704549,0
704551,0
704567,0
704569,0
704579,0
704581,4
704593,4
704603,2
704617,0
704647,4
704657,0
704663,2
704681,0
704687,0
704713,0
704719,0
704731,4
704747,0
704761,0
704771,0
704777,4
704779,2
704783,0
704797,0
704801,2
704807,0
704819,0
704833,2
704839,2
704849,2
704857,0
704861,2
704863,0
704867,2
704897,0
704929,0
704933,0
704947,2
704983,4
704989,2
704993,2
704999,2
705011,0
705013,0
705017,0
705031,0
705043,2
705053,2
705073,0
705079,0
705097,0
705113,2
705119,4
705127,2
705137,0
705161,2
705163,4
705167,2
705169,0
705181,2
705191,0
705197,2
705209,0
705247,2
705259,0
705269,0
705277,2
705293,0
705307,0
705317,0
705389,0
705403,0
705409,0
705421,4
705427,0
705437,4
705461,4
705491,2
705493,2
705499,2
705521,0
705533,0
705559,2
705613,0
705631,2
705643,0
705689,0
705713,0
705737,0
705751,0
705763,8
705769,4
705779,0
705781,2
705787,0
705821,4
705827,4
705829,0
705833,0
705841,0
705863,0
705871,0
705883,4
705899,0
705919,4
705937,0
705949,0
705967,0
705973,2
705989,2
706001,2
706003,0
706009,2
706019,8
706033,0
706039,0
706049,0
706051,0
706067,0
706099,0
706109,0
706117,4
706133,0
706141,2
706151,0
706157,2
706159,0
706183,0
706193,0
706201,0
706207,0
706213,0
706229,0
706253,2
706267,0
706283,2
706291,4
706297,0
706301,2
706309,0
706313,2
706337,0
706357,2
706369,0
706373,2
706403,2
706417,0
706427,2
706463,0
706481,0
706487,0
706499,0
706507,0
706523,0
706547,0
706561,0
706597,0
706603,2
706613,0
706621,0
706631,4
706633,2
706661,2
706669,4
706679,0
706703,2
706709,2
706729,2
706733,0
706747,0
706751,0
706753,0
706757,2
706763,0
706787,0
706793,0
706801,2
706829,0
706837,4
706841,4
706847,0
706883,0
706897,0
706907,0
706913,2
706919,0
706921,2
706943,0
706961,0
706973,0
706987,0
706999,0
707011,0
707027,0
707029,0
707053,0
707071,2
707099,0
707111,0
707117,0
707131,0
707143,0
707153,4
707159,2
707177,2
707191,0
707197,0
707219,4
707249,2
707261,0
707279,2
707293,2
707299,0
707321,0
707341,0
707359,2
707383,2
707407,0
707429,0
707431,0
707437,0
707459,0
707467,0
707501,4
707527,2
707543,2
707561,0
707563,2
707573,2
707627,0
707633,0
707647,0
707653,4
707669,0
707671,2
707677,0
707683,2
707689,0
707711,2
707717,0
707723,0
707747,2
707753,0
707767,2
707789,0
707797,0
707801,0
707813,0
707827,2
707831,0
707849,2
707857,0
707869,2
707873,2
707887,4
707911,0
707923,0
707929,0
707933,8
707939,2
707951,0
707953,0
707957,0
707969,2
707981,0
707983,2
708007,2
708011,0
708017,2
708023,2
708031,0
708041,0
708047,0
708049,0
708053,0
708061,4
708091,0
708109,0
708119,0
708131,0
708137,0
708139,0
708161,0
708163,2
708179,0
708199,4
708221,0
708223,0
708229,0
708251,0
708269,2
708283,2
708287,0
708293,2
708311,2
708329,2
708343,2
708347,0
708353,2
708359,0
708361,0
708371,2
708403,4
708437,0
708457,0
708473,0
708479,0
708481,2
708493,4
708497,2
708517,0
708527,0
708559,0
708563,2
708569,0
708583,0
708593,0
708599,0
708601,2
708641,2
708647,0
708667,0
708689,4
708703,2
708733,2
708751,2
708803,0
708823,4
708839,2
708857,2
708859,0
708893,2
708899,0
708907,0
708913,0
708923,0
708937,0
708943,2
708959,2
708979,0
708989,2
708991,0
708997,2
709043,2
709057,2
709097,2
709117,0
709123,0
709139,4
709141,0
709151,0
709153,0
709157,0
709201,2
709211,0
709217,0
709231,0
709237,2
709271,2
709273,0
709279,0
709283,2
709307,0
709321,2
709337,4
709349,0
709351,0
709381,0
709409,0
709417,0
709421,0
709433,4
709447,0
709451,4
709453,0
709469,0
709507,2
709519,0
709531,4
709537,2
709547,2
709561,2
709589,2
709603,0
709607,2
709609,2
709649,0
709651,2
709663,0
709673,0
709679,2
709691,0
709693,0
709703,0
709729,0
709739,2
709741,2
709769,0
709777,0
709789,2
709799,2
709817,0
709823,0
709831,2
709843,0
709847,0
709853,2
709861,0
709871,0
709879,0
709901,2
709909,2
709913,2
709921,0
709927,2
709957,2
709963,2
709967,4
709981,2
709991,0
710009,0
710023,2
710027,0
710051,0
710053,2
710081,4
710089,2
710119,0
710189,2
710207,0
710219,0
710221,0
710257,4
710261,4
710273,0
710293,0
710299,4
710321,0
710323,2
710327,2
710341,2
710351,0
710371,2
710377,0
710383,2
710389,4
710399,0
710441,0
710443,0
710449,4
710459,4
710473,0
710483,2
710491,2
710503,0
710513,2
710519,2
710527,6
710531,0
710557,2
710561,0
710569,0
710573,2
710599,0
710603,2
710609,6
710621,0
710623,0
710627,4
710641,0
710663,0
710683,6
710693,2
710713,2
710777,2
710779,0
710791,0
710813,0
710837,2
710839,0
710849,0
710851,0
710863,2
710867,2
710873,2
710887,2
710903,2
710909,0
710911,0
710917,2
710929,0
710933,0
710951,0
710959,0
710971,0
710977,4
710987,0
710989,2
711001,0
711017,2
711019,0
711023,2
711041,0
711049,0
711089,0
711097,0
711121,0
711131,2
711133,0
711143,0
711163,0
711173,2
711181,2
711187,2
711209,2
711223,0
711259,0
711287,0
711299,0
711307,0
711317,2
711329,0
711353,0
711371,0
711397,0
711409,0
711427,0
711437,0
711463,2
711479,4
711497,0
711499,2
711509,0
711517,4
711523,2
711539,0
711563,2
711577,0
711583,2
711589,0
711617,0
711629,0
711649,2
711653,0
711679,2
711691,2
711701,2
711707,2
711709,0
711713,0
711727,0
711731,0
711749,4
711751,0
711757,0
711793,0
711811,2
711817,0
711829,2
711839,0
711847,0
711859,0
711877,0
711889,0
711899,0
711913,0
711923,6
711929,4
711937,0
711947,4
711959,0
711967,0
711973,2
711983,0
712007,0
712021,0
712051,0
712067,0
712093,0
712109,2
712121,2
712133,0
712157,0
712169,0
712171,0
712183,2
712199,0
712219,0
712237,2
712279,0
712289,0
712301,2
712303,2
712319,0
712321,0
712331,0
712339,2
712357,0
712409,4
712417,0
712427,0
712429,0
712433,0
712447,4
712477,2
712483,0
712489,0
712493,0
712499,2
712507,2
712511,0
712531,4
712561,0
712571,2
712573,2
712601,0
712603,2
712631,0
712651,0
712669,0
712681,0
712687,0
712693,0
712697,0
712711,0
712717,0
712739,0
712781,0
712807,0
712819,0
712837,0
712841,0
712843,0
712847,4
712883,2
712889,2
712891,2
712909,6
712913,2
712927,2
712939,0
712951,0
712961,4
712967,4
712973,0
712981,2
713021,2
713039,4
713059,0
713077,0
713107,0
713117,0
713129,0
713147,4
713149,0
713159,0
713171,0
713177,2
713183,2
713189,2
713191,0
713227,2
713233,2
713239,0
713243,0
713261,2
713267,0
713281,0
713287,2
713309,0
713311,0
713329,0
713347,0
713351,0
713353,0
713357,2
713381,0
713389,0
713399,0
713407,0
713411,2
713417,0
713467,4
713477,0
713491,2
713497,0
713501,0
713509,4
713533,0
713563,0
713569,2
713597,4
713599,2
713611,0
713627,0
713653,2
713663,0
713681,0
713737,0
713743,0
713747,0
713753,0
713771,0
713807,0
713827,0
713831,0
713833,0
713861,2
713863,0
713873,0
713891,0
713903,0
713917,0
713927,0
713939,0
713941,0
713957,0
713981,0
713987,0
714029,4
714037,0
714061,0
714073,0
714107,0
714113,0
714139,2
714143,2
714151,0
714163,2
714169,4
714199,0
714223,0
714227,2
714247,0
714257,0
714283,2
714341,0
714349,2
714361,0
714377,0
714443,2
714463,0
714479,2
714481,0
714487,0
714503,0
714509,0
714517,0
714521,2
714529,0
714551,0
714557,0
714563,0
714569,2
714577,2
714601,0
714619,2
714673,0
714677,0
714691,0
714719,2
714739,0
714751,0
714773,2
714781,2
714787,4
714797,2
714809,4
714827,0
714839,0
714841,0
714851,2
714853,0
714869,0
714881,0
714887,2
714893,2
714907,0
714911,0
714919,2
714943,2
714947,0
714949,0
714971,0
714991,0
715019,0
715031,0
715049,0
715063,2
715069,0
715073,0
715087,0
715109,8
715123,4
715151,0
715153,2
715157,0
715159,0
715171,0
715189,2
715193,0
715223,2
715229,0
715237,0
715243,0
715249,2
715259,0
715289,0
715301,0
715303,0
715313,0
715339,0
715357,0
715361,2
715373,0
715397,2
715417,0
715423,4
715439,0
715441,2
715453,0
715457,4
715489,0
715499,0
715523,0
715537,0
715549,2
715567,0
715571,0
715577,0
715579,0
715613,2
715621,0
715639,2
715643,2
715651,0
715657,0
715679,0
715681,0
715699,0
715727,4
715739,0
715753,0
715777,2
715789,0
715801,2
715811,0
715817,0
715823,0
715843,2
715849,2
715859,2
715867,4
715873,2
715877,0
715879,2
715889,0
715903,0
715909,0
715919,0
715927,0
715943,0
715961,2
715963,2
715969,0
715973,0
715991,0
715999,0
716003,2
716033,2
716063,0
716087,0
716117,2
716123,0
716137,0
716143,0
716161,0
716171,0
716173,0
716249,0
716257,0
716279,0
716291,0
716299,0
716321,0
716351,2
716383,4
716389,0
716399,0
716411,0
716413,4
716447,2
716449,0
716453,0
716459,0
716477,2
716479,0
716483,0
716491,2
716501,0
716531,0
716543,4
716549,0
716563,0
716581,0
716591,2
716621,0
716629,0
716633,2
716659,2
716663,0
716671,0
716687,0
716693,0
716707,0
716713,2
716731,2
716741,2
716743,0
716747,0
716783,0
716789,0
716809,0
716819,0
716827,2
716857,4
716861,0
716869,2
716897,2
716899,2
716917,2
716929,2
716951,2
716953,2
716959,2
716981,0
716987,0
717001,6
717011,0
717047,2
717089,2
717091,0
717103,0
717109,0
717113,0
717127,0
717133,2
717139,2
717149,0
717151,2
717161,2
717191,0
717229,0
717259,0
717271,0
717289,0
717293,0
717317,4
717323,0
717331,0
717341,2
717397,2
717413,2
717419,2
717427,0
717443,0
717449,2
717463,0
717491,0
717511,4
717527,0
717529,0
717533,0
717539,0
717551,0
717559,4
717581,0
717589,0
717593,2
717631,2
717653,4
717659,0
717667,2
717679,2
717683,2
717697,0
717719,0
717751,0
717797,4
717803,2
717811,2
717817,0
717841,2
717851,0
717883,2
717887,0
717917,2
717919,0
717923,0
717967,0
717979,2
717989,2
718007,0
718043,0
718049,2
718051,0
718087,2
718093,0
718121,0
718139,2
718163,0
718169,2
718171,2
718183,0
718187,0
718241,0
718259,0
718271,2
718303,0
718321,0
718331,2
718337,2
718343,4
718349,0
718357,0
718379,2
718381,0
718387,2
718391,0
718411,0
718423,0
718427,4
718433,2
718453,0
718457,2
718463,0
718493,4
718511,0
718513,2
718541,0
718547,2
718559,0
718579,0
718603,0
718621,2
718633,2
718657,2
718661,4
718691,0
718703,4
718717,0
718723,0
718741,0
718747,2
718759,2
718801,0
718807,0
718813,0
718841,0
718847,0
718871,4
718897,2
718901,0
718919,0
718931,2
718937,0
718943,4
718973,0
718999,0
719009,0
719011,0
719027,0
719041,2
719057,2
719063,0
719071,2
719101,0
719119,4
719143,2
719149,2
719153,0
719167,2
719177,4
719179,0
719183,4
719189,0
719197,4
719203,0
719227,4
719237,0
719239,0
719267,0
719281,0
719297,0
719333,0
719351,0
719353,2
719377,0
719393,0
719413,2
719419,2
719441,0
719447,2
719483,0
719503,0
719533,2
719557,0
719567,0
719569,0
719573,2
719597,0
719599,0
719633,0
719639,0
719659,0
719671,0
719681,2
719683,0
719689,0
719699,0
719713,0
719717,2
719723,2
719731,2
719749,2
719753,2
719773,2
719779,6
719791,0
719801,0
719813,0
719821,0
719833,2
719839,0
719893,4
719903,0
719911,4
719941,0
719947,0
719951,2
719959,0
719981,6
719989,2
720007,0
720019,0
720023,0
720053,0
720059,0
720089,0
720091,0
720101,0
720127,0
720133,4
720151,0
720173,2
720179,0
720193,2
720197,0
720211,0
720221,2
720229,0
720241,2
720253,2
720257,0
720281,0
720283,0
720289,0
720299,0
720301,0
720311,4
720319,0
720359,0
720361,0
720367,0
720373,0
720397,2
720403,0
720407,0
720413,2
720439,0
720481,0
720491,0
720497,0
720527,2
720547,0
720569,0
720571,2
720607,2
720611,2
720617,2
720619,0
720653,0
720661,2
720677,0
720683,0
720697,2
720703,2
720743,0
720763,2
720767,0
720773,2
720779,4
720791,0
720793,0
720829,0
720847,0
720857,2
720869,4
720877,0
720887,2
720899,0
720901,2
720913,0
720931,0
720943,2
720947,0
720961,2
720971,0
720983,2
720991,0
720997,2
721003,0
721013,0
721037,2
721043,0
721051,2
721057,2
721079,0
721087,0
721109,0
721111,0
721117,0
721129,0
721139,0
721141,2
721159,0
721163,0
721169,0
721177,2
721181,0
721199,0
721207,0
721213,0
721219,0
721223,2
721229,0
721243,0
721261,0
721267,0
721283,2
721291,0
721307,0
721319,2
721321,2
721333,0
721337,0
721351,0
721363,0
721379,4
721381,0
721387,0
721397,2
721439,0
721451,0
721481,2
721499,0
721529,0
721547,2
721561,0
721571,0
721577,0
721597,0
721613,0
721619,2
721621,0
721631,0
721661,0
721663,0
721687,0
721697,2
721703,0
721709,2
721733,0
721739,2
721783,0
721793,4
721843,0
721849,0
721859,0
721883,2
721891,2
721909,4
721921,6
721951,2
721961,0
721979,0
721991,0
721997,2
722011,0
722023,0
722027,2
722047,2
722063,0
722069,2
722077,0
722093,2
722119,0
722123,0
722147,0
722149,2
722153,0
722159,2
722167,0
722173,0
722213,0
722237,0
722243,0
722257,0
722273,2
722287,4
722291,0
722299,0
722311,0
722317,0
722321,2
722333,0
722341,2
722353,0
722363,2
722369,2
722377,4
722389,2
722411,0
722417,0
722431,0
722459,0
722467,0
722479,2
722489,0
722509,0
722521,0
722537,0
722539,0
722563,2
722581,4
722599,0
722611,2
722633,0
722639,0
722663,0
722669,4
722713,0
722723,2
722737,2
722749,0
722783,0
722791,0
722797,2
722807,0
722819,0
722833,0
722849,0
722881,2
722899,0
722903,2
722921,2
722933,0
722963,2
722971,0
722977,2
722983,2
723029,2
723031,0
723043,2
723049,0
723053,0
723067,0
723071,0
723089,0
723101,2
723103,2
723109,0
723113,0
723119,0
723127,0
723133,2
723157,0
723161,0
723167,0
723169,0
723181,2
723193,6
723209,2
723221,0
723227,0
723257,0
723259,4
723263,0
723269,2
723271,2
723287,0
723293,2
723319,4
723337,0
723353,0
723361,4
723379,2
723391,2
723407,0
723409,0
723413,0
723421,2
723439,4
723451,0
723467,0
723473,0
723479,0
723491,0
723493,4
723529,0
723551,2
723553,0
723559,0
723563,0
723587,0
723589,0
723601,2
723607,0
723617,2
723623,0
723661,0
723721,0
723727,0
723739,0
723761,0
723791,2
723797,2
723799,2
723803,0
723823,0
723829,0
723839,2
723851,0
723857,0
723859,0
723893,0
723901,0
723907,4
723913,0
723917,0
723923,0
723949,0
723959,0
723967,0
723973,0
723977,2
723997,0
724001,0
724007,2
724021,2
724079,2
724093,4
724099,0
724111,0
724117,0
724121,0
724123,0
724153,0
724187,2
724211,0
724219,0
724259,2
724267,0
724277,0
724291,0
724303,2
724309,2
724313,2
724331,4
724393,2
724403,0
724433,2
724441,2
724447,0
724453,0
724459,0
724469,0
724481,2
724487,0
724499,2
724513,2
724517,0
724519,2
724531,4
724547,0
724553,2
724567,4
724573,0
724583,0
724597,4
724601,0
724609,0
724621,0
724627,6
724631,2
724639,4
724643,2
724651,2
724721,0
724723,2
724729,0
724733,4
724747,0
724751,0
724769,2
724777,0
724781,0
724783,2
724807,2
724813,4
724837,0
724847,0
724853,0
724879,0
724901,0
724903,2
724939,2
724949,0
724961,0
724967,0
724991,0
724993,2
725009,2
725041,0
725057,2
725071,0
725077,0
725099,4
725111,0
725113,0
725119,2
725147,0
725149,0
725159,2
725161,2
725189,0
725201,0
725209,2
725273,0
725293,2
725303,0
725317,4
725321,0
725323,0
725327,0
725341,2
725357,2
725359,2
725371,0
725381,0
725393,2
725399,0
725423,0
725437,2
725447,2
725449,4
725479,2
725507,4
725519,4
725531,0
725537,0
725579,0
725587,0
725597,0
725603,0
725639,0
725653,2
725663,0
725671,0
725687,6
725723,0
725731,2
725737,0
725749,0
725789,0
725801,2
725807,2
725827,0
725861,0
725863,2
725867,2
725891,2
725897,2
725909,2
725929,0
725939,4
725953,2
725981,2
725983,0
725993,0
725999,4
726007,2
726013,0
726023,4
726043,0
726071,0
726091,0
726097,2
726101,0
726107,0
726109,0
726137,0
726139,0
726149,2
726157,0
726163,2
726169,4
726181,0
726191,0
726221,0
726287,2
726289,0
726301,0
726307,2
726331,0
726337,0
726367,2
726371,4
726377,2
726379,0
726391,0
726413,0
726419,0
726431,2
726457,0
726463,4
726469,2
726487,2
726497,0
726521,0
726527,2
726533,0
726559,0
726589,0
726599,2
726601,4
726611,0
726619,0
726623,0
726629,0
726641,2
726647,0
726659,2
726679,2
726689,0
726697,2
726701,2
726707,0
726751,0
726779,4
726787,0
726797,2
726809,0
726811,0
726839,4
726841,0
726853,2
726893,0
726899,0
726911,2
726917,0
726923,0
726941,2
726953,0
726983,0
726989,6
726991,0
727003,2
727009,0
727019,0
727021,2
727049,2
727061,0
727063,0
727079,2
727121,2
727123,4
727157,0
727159,2
727169,4
727183,0
727189,0
727201,0
727211,0
727241,0
727247,2
727249,2
727261,2
727267,0
727271,2
727273,2
727289,4
727297,0
727313,0
727327,0
727343,0
727351,2
727369,0
727399,0
727409,0
727427,2
727451,0
727459,4
727471,2
727483,4
727487,0
727499,2
727501,0
727541,0
727561,2
727577,0
727589,2
727613,2
727621,0
727633,0
727667,0
727673,0
727691,6
727703,2
727711,2
727717,0
727729,0
727733,0
727747,0
727759,2
727763,2
727777,0
727781,0
727799,0
727807,0
727817,2
727823,0
727843,2
727847,4
727877,2
727879,0
727891,0
727933,0
727939,4
727949,0
727981,0
727997,2
728003,2
728017,2
728027,0
728047,0
728069,2
728087,2
728113,0
728129,0
728131,0
728173,0
728191,0
728207,0
728209,0
728261,0
728267,0
728269,2
728281,6
728293,2
728303,2
728317,0
728333,0
728369,8
728381,0
728383,2
728417,2
728423,0
728437,0
728471,4
728477,2
728489,0
728521,4
728527,2
728537,0
728551,4
728557,2
728561,2
728573,6
728579,0
728627,0
728639,2
728647,0
728659,0
728681,0
728687,2
728699,2
728701,0
728713,2
728723,0
728729,6
728731,2
728743,0
728747,2
728771,0
728809,2
728813,2
728831,4
728837,4
728839,0
728843,0
728851,2
728867,0
728869,0
728873,6
728881,6
728891,0
728899,0
728911,2
728921,0
728927,0
728929,0
728941,0
728947,4
728953,2
728969,2
728971,0
728993,0
729019,0
729023,0
729037,2
729041,0
729059,0
729073,0
729139,0
729143,2
729173,2
729187,2
729191,0
729199,0
729203,2
729217,2
729257,0
729269,2
729271,0
729293,0
729301,0
729329,0
729331,0
729359,0
729367,2
729371,0
729373,0
729389,0
729403,0
729413,0
729451,2
729457,0
729473,0
729493,4
729497,2
729503,0
729511,2
729527,2
729551,2
729557,0
729559,4
729569,0
729571,0
729577,0
729587,2
729601,0
729607,0
729613,2
729637,0
729643,6
729649,0
729661,2
729671,0
729679,2
729689,0
729713,2
729719,0
729737,0
729749,0
729761,2
729779,4
729787,2
729791,0
729821,0
729851,0
729871,2
729877,0
729907,4
729913,2
729919,2
729931,0
729941,2
729943,0
729947,2
729977,2
729979,0
729991,0
730003,0
730021,2
730033,0
730049,0
730069,0
730091,4
730111,0
730139,0
730157,0
730187,2
730199,0
730217,0
730237,2
730253,2
730277,2
730283,2
730297,2
730321,0
730339,4
730363,0
730397,0
730399,2
730421,0
730447,0
730451,2
730459,0
730469,0
730487,0
730537,0
730553,0
730559,0
730567,0
730571,0
730573,2
730589,0
730591,2
730603,0
730619,0
730633,0
730637,0
730663,0
730669,0
730679,2
730727,0
730747,2
730753,0
730757,0
730777,0
730781,2
730783,2
730789,2
730799,4
730811,2
730819,0
730823,0
730837,0
730843,2
730853,0
730867,0
730879,2
730889,0
730901,2
730909,2
730913,0
730943,0
730969,2
730973,2
730993,0
730999,4
731033,4
731041,0
731047,0
731053,0
731057,4
731113,0
731117,4
731141,0
731173,0
731183,0
731189,2
731191,0
731201,0
731209,2
731219,0
731233,2
731243,2
731249,0
731251,0
731257,2
731261,2
731267,4
731287,0
731299,2
731327,0
731333,6
731359,0
731363,2
731369,2
731389,2
731413,0
731447,0
731483,2
731501,0
731503,0
731509,2
731531,2
731539,0
731567,0
731587,0
731593,2
731597,2
731603,2
731611,2
731623,2
731639,0
731651,0
731681,0
731683,2
731711,0
731713,0
731719,0
731729,2
731737,0
731741,0
731761,2
731767,0
731779,4
731803,2
731807,0
731821,2
731827,2
731831,4
731839,0
731851,2
731869,2
731881,0
731893,0
731909,2
731911,0
731921,2
731923,2
731933,4
731957,2
731981,0
731999,4
732023,0
732029,0
732041,0
732073,2
732077,2
732079,6
732097,8
732101,4
732133,0
732157,0
732169,0
732181,2
732187,2
732191,2
732197,0
732209,0
732211,2
732217,2
732229,0
732233,2
732239,0
732257,0
732271,0
732283,0
732287,0
732293,2
732299,0
732311,0
732323,0
732331,0
732373,2
732439,2
732449,2
732461,2
732467,2
732491,0
732493,0
732497,0
732509,0
732521,0
732533,0
732541,2
732601,0
732617,0
732631,0
732653,0
732673,0
732689,0
732703,0
732709,0
732713,0
732731,0
732749,4
732761,0
732769,0
732799,0
732817,2
732827,2
732829,2
732833,2
732841,0
732863,0
732877,4
732889,0
732911,0
732923,4
732943,4
732959,2
732967,0
732971,0
732997,0
733003,4
733009,2
733067,0
733097,4
733099,2
733111,2
733123,2
733127,0
733133,0
733141,2
733147,2
733157,4
733169,0
733177,0
733189,0
733237,2
733241,4
733273,2
733277,0
733283,2
733289,0
733301,0
733307,2
733321,0
733331,2
733333,2
733339,0
733351,0
733373,0
733387,2
733391,0
733393,2
733399,2
733409,2
733427,0
733433,4
733459,0
733477,2
733489,0
733511,0
733517,0
733519,0
733559,0
733561,4
733591,2
733619,2
733639,0
733651,0
733687,4
733697,4
733741,0
733751,0
733753,0
733757,0
733793,4
733807,0
733813,0
733823,0
733829,0
733841,2
733847,0
733849,0
733867,2
733871,0
733879,0
733883,0
733919,0
733921,0
733937,2
733939,0
733949,0
733963,4
733973,0
733981,2
733991,0
734003,2
734017,2
734021,0
734047,2
734057,2
734087,0
734113,0
734131,0
734143,2
734159,0
734171,2
734177,0
734189,0
734197,0
734203,0
734207,0
734221,2
734233,2
734263,0
734267,0
734273,2
734291,0
734303,0
734329,6
734347,0
734381,2
734389,0
734401,0
734411,0
734423,2
734429,2
734431,2
734443,0
734471,4
734473,4
734477,2
734479,0
734497,0
734537,0
734543,2
734549,0
734557,2
734567,2
734627,0
734647,0
734653,0
734659,0
734663,0
734687,2
734693,0
734707,0
734717,0
734729,0
734737,0
734743,0
734759,2
734771,0
734803,4
734807,0
734813,2
734819,2
734837,0
734849,0
734869,0
734879,0
734887,0
734897,0
734911,0
734933,2
734941,0
734953,0
734957,2
734959,0
734971,0
735001,2
735019,0
735043,0
735061,0
735067,2
735071,2
735073,0
735083,0
735107,4
735109,0
735113,0
735139,2
735143,0
735157,0
735169,0
735173,0
735181,4
735187,0
735193,0
735209,4
735211,0
735239,2
735247,2
735263,0
735271,0
735283,0
735307,0
735311,2
735331,0
735337,0
735341,0
735359,0
735367,0
735373,2
735389,2
735391,0
735419,0
735421,2
735431,0
735439,0
735443,2
735451,0
735461,2
735467,4
735473,0
735479,0
735491,2
735529,0
735533,0
735557,2
735571,0
735617,4
735649,2
735653,0
735659,2
735673,0
735689,0
735697,2
735719,0
735731,0
735733,6
735739,2
735751,0
735781,0
735809,2
735821,0
735829,2
735853,2
735871,0
735877,0
735883,0
735901,0
735919,0
735937,2
735949,0
735953,0
735979,0
735983,0
735997,0
736007,2
736013,0
736027,0
736037,2
736039,2
736051,2
736061,4
736063,2
736091,0
736093,2
736097,4
736111,2
736121,2
736147,4
736159,0
736181,0
736187,0
736243,4
736247,0
736249,0
736259,0
736273,0
736277,0
736279,0
736357,0
736361,2
736363,0
736367,0
736369,0
736381,0
736387,0
736399,0
736403,0
736409,0
736429,0
736433,2
736441,2
736447,0
736469,0
736471,0
736511,4
736577,2
736607,4
736639,2
736657,2
736679,0
736691,4
736699,0
736717,0
736721,0
736741,4
736787,0
736793,0
736817,0
736823,0
736843,0
736847,2
736867,0
736871,0
736889,0
736903,2
736921,0
736927,2
736937,0
736951,2
736961,2
736973,2
736987,2
736993,0
737017,0
737039,0
737041,2
737047,0
737053,0
737059,0
737083,0
737089,4
737111,0
737119,2
737129,2
737131,2
737147,0
737159,0
737179,4
737183,0
737203,0
737207,2
737251,4
737263,2
737279,0
737281,0
737287,0
737291,6
737293,4
737309,2
737327,0
737339,2
737351,0
737353,2
737411,2
737413,0
737423,0
737431,2
737479,2
737483,2
737497,0
737501,2
737507,0
737509,6
737531,0
737533,0
737537,0
737563,0
737567,0
737573,4
737591,0
737593,0
737617,0
737629,0
737641,2
737657,4
737663,2
737683,2
737687,0
737717,2
737719,0
737729,0
737747,0
737753,2
737767,2
737773,2
737797,0
737801,0
737809,0
737819,2
737843,2
737857,0
737861,2
737873,0
737887,0
737897,2
737921,0
737927,0
737929,0
737969,2
737981,0
737999,0
738011,2
738029,0
738043,0
738053,0
738071,4
738083,4
738107,0
738109,0
738121,4
738151,0
738163,2
738173,2
738197,0
738211,2
738217,2
738223,0
738247,0
738263,0
738301,0
738313,0
738317,0
738319,0
738341,0
738349,0
738373,0
738379,2
738383,2
738391,0
738401,0
738403,2
738421,0
738443,0
738457,0
738469,0
738487,0
738499,2
738509,2
738523,0
738539,0
738547,2
738581,0
738583,0
738589,0
738623,2
738643,0
738677,0
738707,0
738713,4
738721,0
738743,0
738757,0
738781,2
738791,0
738797,0
738811,0
738827,2
738839,0
738847,0
738851,0
738863,4
738877,0
738889,2
738917,0
738919,2
738923,2
738937,0
738953,2
738961,0
738977,0
738989,0
739003,0
739021,0
739027,2
739031,2
739051,2
739061,0
739069,0
739087,2
739099,4
739103,0
739111,0
739117,0
739121,4
739153,4
739163,4
739171,0
739183,2
739187,2
739199,2
739201,2
739217,0
739241,2
739253,2
739273,0
739283,4
739301,2
739303,4
739307,0
739327,0
739331,0
739337,0
739351,0
739363,0
739369,2
739373,0
739379,0
739391,0
739393,2
739397,2
739399,2
739433,0
739439,2
739463,4
739469,2
739493,2
739507,0
739511,0
739513,0
739523,6
739549,2
739553,0
739579,0
739601,2
739603,0
739621,0
739631,2
739633,0
739637,2
739649,0
739693,0
739699,0
739723,0
739751,0
739759,0
739771,2
739777,0
739787,0
739799,0
739813,0
739829,4
739847,0
739853,0
739859,2
739861,2
739909,2
739931,2
739943,0
739951,2
739957,0
739967,2
739969,2
740011,0
740021,0
740023,2
740041,0
740053,0
740059,0
740087,2
740099,0
740123,2
740141,0
740143,2
740153,0
740161,2
740171,2
740189,2
740191,2
740227,0
740237,4
740279,0
740287,0
740303,4
740321,2
740323,0
740329,0
740351,0
740359,0
740371,0
740387,0
740423,0
740429,0
740461,0
740473,2
740477,2
740483,2
740513,2
740521,0
740527,0
740533,2
740549,2
740561,2
740581,0
740591,0
740599,0
740603,2
740651,0
740653,2
740659,0
740671,4
740681,0
740687,2
740693,2
740711,0
740713,2
740717,2
740737,2
740749,4
740801,0
740849,2
740891,0
740893,2
740897,0
740903,0
740923,0
740939,0
740951,0
740969,2
740989,2
741001,0
741007,0
741011,0
741031,0
741043,0
741053,0
741061,0
741071,0
741077,2
741079,0
741101,0
741119,2
741121,2
741127,4
741131,0
741137,0
741163,2
741187,0
741193,0
741227,0
741229,2
741233,0
741253,2
741283,0
741337,2
741341,0
741343,0
741347,2
741373,2
741401,2
741409,0
741413,2
741431,2
741457,0
741467,0
741469,6
741473,4
741479,0
741491,2
741493,0
741509,0
741541,0
741547,2
741563,4
741569,0
741593,0
741599,2
741641,4
741661,0
741667,0
741677,2
741679,0
741683,0
741691,2
741709,0
741721,0
741781,0
741787,0
741803,4
741809,4
741827,0
741833,0
741847,0
741857,0
741859,0
741869,0
741877,0
741883,0
741913,0
741929,0
741941,2
741967,0
741973,2
741991,2
742009,0
742031,4
742037,0
742057,0
742069,0
742073,2
742111,0
742117,2
742127,0
742151,0
742153,0
742193,4
742199,0
742201,2
742211,0
742213,0
742219,0
742229,2
742241,0
742243,4
742253,2
742277,4
742283,0
742289,0
742307,2
742327,2
742333,2
742351,0
742369,4
742381,2
742393,0
742409,2
742439,0
742457,6
742499,0
742507,0
742513,0
742519,0
742531,2
742537,0
742541,0
742549,2
742559,0
742579,0
742591,2
742607,2
742619,2
742657,0
742663,0
742673,0
742681,2
742697,2
742699,0
742711,0
742717,0
742723,0
742757,2
742759,0
742783,0
742789,0
742801,4
742817,0
742891,0
742897,2
742909,4
742913,0
742943,0
742949,4
742967,4
742981,2
742991,0
742993,2
742999,2
743027,0
743047,2
743059,0
743069,0
743089,2
743111,2
743123,2
743129,2
743131,2
743137,0
743143,2
743159,2
743161,2
743167,2
743173,0
743177,0
743179,0
743203,8
743209,0
743221,2
743251,2
743263,0
743269,2
743273,2
743279,0
743297,6
743321,4
743333,0
743339,0
743363,4
743377,2
743401,0
743423,0
743447,0
743507,2
743549,2
743551,2
743573,0
743579,0
743591,0
743609,0
743657,2
743669,0
743671,0
743689,0
743693,0
743711,0
743731,0
743747,2
743777,4
743779,4
743791,2
743803,0
743819,0
743833,0
743837,0
743849,0
743851,0
743881,0
743891,4
743917,0
743921,2
743923,2
743933,4
743947,2
743987,0
743989,0
744019,4
744043,0
744071,0
744077,0
744083,2
744113,2
744127,2
744137,0
744179,0
744187,0
744199,0
744203,0
744221,2
744239,0
744251,0
744253,4
744283,2
744301,0
744313,0
744353,2
744371,0
744377,2
744389,0
744391,0
744397,0
744407,0
744409,0
744431,0
744451,0
744493,0
744503,2
744511,0
744539,2
744547,0
744559,0
744599,4
744607,2
744637,2
744641,0
744649,4
744659,0
744661,2
744677,0
744701,2
744707,2
744721,0
744727,2
744739,0
744761,0
744767,0
744791,2
744811,0
744817,2
744823,0
744829,0
744833,2
744859,4
744893,0
744911,0
744917,0
744941,2
744949,0
744959,0
744977,2
745001,0
745013,2
745027,4
745033,2
745037,2
745051,0
745067,0
745103,2
745117,0
745133,0
745141,0
745181,0
745187,0
745189,0
745201,0
745231,0
745243,0
745247,2
745249,0
745273,2
745301,0
745307,0
745337,4
745343,0
745357,2
745369,0
745379,0
745391,0
745397,0
745471,2
745477,0
745517,0
745529,2
745531,0
745543,0
745567,2
745573,4
745601,0
745609,0
745621,0
745631,2
745649,0
745673,2
745697,0
745699,2
745709,0
745711,2
745727,0
745733,4
745741,0
745747,0
745751,4
745753,0
745757,4
745817,0
745837,0
745859,2
745873,4
745903,0
745931,0
745933,0
745939,0
745951,0
745973,0
745981,2
745993,0
745999,4
746017,0
746023,2
746033,0
746041,0
746047,0
746069,0
746099,0
746101,0
746107,0
746117,0
746129,0
746153,2
746167,2
746171,0
746177,0
746183,0
746191,2
746197,0
746203,4
746209,2
746227,0
746231,0
746233,0
746243,0
746267,4
746287,0
746303,0
746309,0
746329,0
746353,0
746363,0
746371,0
746411,2
746413,2
746429,2
746477,0
746479,2
746483,0
746497,0
746503,4
746507,2
746509,2
746531,0
746533,0
746561,2
746563,0
746597,2
746653,2
746659,0
746671,4
746677,0
746723,2
746737,0
746743,2
746747,0
746749,2
746773,2
746777,0
746791,0
746797,2
746807,2
746813,2
746839,2
746843,0
746869,0
746873,2
746891,0
746899,0
746903,0
746939,2
746951,2
746957,0
746959,0
746969,4
746981,0
746989,2
747037,6
747049,0
747053,2
747073,0
747107,0
747113,0
747139,2
747157,2
747161,0
747199,0
747203,0
747223,0
747239,2
747259,4
747277,0
747283,0
747287,0
747319,2
747323,2
747343,2
747361,0
747377,2
747391,0
747401,0
747407,0
747421,0
747427,2
747449,0
747451,0
747457,0
747463,2
747493,0
747497,0
747499,2
747521,0
747529,0
747547,0
747557,0
747563,0
747583,2
747587,2
747599,0
747611,2
747619,0
747647,0
747673,0
747679,0
747713,0
747731,0
747737,2
747743,0
747763,0
747781,2
747811,0
747827,2
747829,0
747833,0
747839,2
747841,0
747853,0
747863,2
747869,0
747871,0
747889,0
747917,0
747919,0
747941,0
747953,0
747977,0
747979,6
747991,2
748003,0
748019,0
748021,0
748039,0
748057,2
748091,0
748093,0
748133,2
748169,2
748183,2
748199,2
748207,0
748211,0
748217,0
748219,0
748249,0
748271,0
748273,0
748283,2
748301,2
748331,0
748337,0
748339,0
748343,4
748361,0
748379,0
748387,0
748441,0
748453,0
748463,0
748471,4
748481,0
748487,0
748499,0
748513,2
748523,0
748541,0
748567,0
748589,0
748597,4
748603,2
748609,0
748613,2
748633,0
748637,0
748639,2
748669,4
748687,0
748691,0
748703,0
748711,0
748717,0
748723,0
748729,0
748763,0
748777,0
748789,2
748801,2
748807,2
748817,0
748819,4
748823,0
748829,0
748831,2
748849,0
748861,0
748871,2
748877,0
748883,0
748889,0
748921,0
748933,6
748963,0
748973,0
748981,4
748987,2
749011,2
749027,0
749051,0
749069,4
749081,0
749083,2
749093,0
749129,0
749137,0
749143,2
749149,0
749153,0
749167,0
749171,0
749183,2
749197,0
749209,0
749219,0
749237,2
749249,0
749257,0
749267,2
749279,0
749297,0
749299,0
749323,0
749339,0
749347,0
749351,0
749383,2
749393,0
749401,0
749423,0
749429,0
749431,0
749443,0
749449,0
749453,0
749461,0
749467,0
749471,0
749543,0
749557,0
749587,2
749641,2
749653,0
749659,0
749677,0
749701,0
749711,0
749729,0
749741,0
749747,0
749761,0
749773,2
749779,2
749803,2
749807,0
749809,2
749843,0
749851,4
749863,0
749891,0
749893,4
749899,0
749909,0
749923,2
749927,0
749939,0
749941,4
749971,0
749993,0
750019,0
750037,0
750059,4
750077,0
750083,2
750097,0
750119,0
750121,0
750131,2
750133,2
750137,0
750151,0
750157,2
750161,2
750163,0
750173,2
750179,0
750203,2
750209,4
750223,2
750229,2
750287,0
750311,0
750313,0
750353,2
750383,2
750401,0
750413,0
750419,4
750437,0
750457,2
750473,4
750487,4
750509,4
750517,2
750521,0
750553,2
750571,0
750599,0
750613,0
750641,2
750653,0
750661,4
750667,0
750679,0
750691,2
750707,6
750713,2
750719,4
750721,0
750749,2
750769,0
750787,0
750791,2
750797,2
750803,2
750809,4
750817,0
750829,0
750853,0
750857,0
750863,0
750917,0
750929,0
750943,0
750961,0
750977,0
750983,0
751001,0
751007,2
751021,0
751027,0
751057,0
751061,2
751087,2
751103,4
751123,0
751133,0
751139,2
751141,0
751147,2
751151,4
751181,0
751183,2
751189,0
751193,6
751199,0
751207,2
751217,0
751237,0
751259,2
751273,2
751277,2
751291,0
751297,0
751301,2
751307,0
751319,0
751321,0
751327,2
751343,0
751351,2
751357,2
751363,2
751367,2
751379,2
751411,0
751423,2
751447,0
751453,2
751463,0
751481,2
751523,0
751529,0
751549,0
751567,0
751579,2
751609,0
751613,0
751627,2
751631,0
751633,2
751637,0
751643,0
751661,0
751669,4
751691,2
751711,0
751717,0
751727,0
751739,2
751747,0
751753,0
751759,0
751763,0
751787,0
751799,0
751813,2
751823,2
751841,2
751853,4
751867,2
751871,0
751879,0
751901,2
751909,4
751913,0
751921,6
751943,0
751957,0
751969,0
751987,2
751997,2
752009,0
752023,0
752033,0
752053,2
752083,0
752093,0
752107,4
752111,6
752117,0
752137,0
752149,0
752177,2
752183,2
752189,2
752197,2
752201,0
752203,0
752207,2
752251,0
752263,0
752273,0
752281,0
752287,2
752291,2
752293,0
752299,0
752303,4
752351,0
752359,0
752383,0
752413,0
752431,0
752447,0
752449,2
752459,4
752483,0
752489,0
752503,0
752513,0
752519,2
752527,0
752569,0
752581,2
752593,2
752603,0
752627,0
752639,4
752651,0
752681,2
752683,4
752699,0
752701,0
752707,2
752747,2
752771,0
752789,0
752797,2
752803,4
752809,0
752819,0
752821,0
752831,0
752833,2
752861,0
752867,0
752881,0
752891,0
752903,0
752911,2
752929,2
752933,6
752977,2
752993,0
753001,4
753007,2
753019,0
753023,0
753031,0
753079,0
753091,2
753127,2
753133,2
753139,0
753143,0
753161,4
753187,0
753191,2
753197,4
753229,0
753257,0
753307,0
753329,2
753341,0
753353,2
753367,2
753373,0
753383,2
753409,0
753421,2
753427,0
753437,2
753439,2
753461,0
753463,0
753497,0
753499,2
753527,0
753547,0
753569,0
753583,0
753587,2
753589,0
753611,0
753617,0
753619,0
753631,0
753647,2
753659,2
753677,0
753679,2
753689,0
753691,0
753707,0
753719,4
753721,0
753737,2
753743,0
753751,0
753773,0
753793,2
753799,0
753803,0
753811,0
753821,0
753839,0
753847,0
753859,4
753931,0
753937,4
753941,0
753947,0
753959,0
753979,2
753983,0
754003,0
754027,2
754037,0
754043,0
754057,0
754067,2
754073,0
754081,0
754093,0
754099,0
754109,0
754111,4
754121,0
754123,2
754133,0
754153,2
754157,0
754181,2
754183,4
754207,4
754211,0
754217,2
754223,0
754241,2
754249,2
754267,2
754279,0
754283,0
754289,2
754297,2
754301,0
754333,0
754337,0
754343,6
754367,4
754373,4
754379,2
754381,2
754399,0
754417,0
754421,2
754427,0
754451,0
754463,2
754483,0
754489,2
754513,0
754531,0
754549,0
754573,0
754577,2
754583,2
754597,0
754627,0
754639,0
754651,4
754703,0
754709,0
754711,0
754717,0
754723,0
754739,0
754751,2
754771,0
754781,0
754811,2
754829,2
754861,0
754877,2
754891,0
754903,0
754907,4
754921,0
754931,2
754937,0
754939,4
754967,0
754969,2
754973,0
754979,0
754981,0
754991,0
754993,0
755009,0
755033,0
755057,0
755071,2
755077,0
755081,2
755087,0
755107,4
755137,0
755143,0
755147,2
755171,4
755173,0
755203,0
755213,4
755233,0
755239,4
755257,2
755267,0
755273,0
755309,0
755311,2
755317,0
755329,0
755333,4
755351,0
755357,2
755371,2
755387,2
755393,0
755399,2
755401,2
755413,2
755437,4
755441,0
755449,2
755473,2
755483,0
755509,0
755539,0
755551,0
755561,0
755567,2
755569,2
755593,2
755597,0
755617,0
755627,0
755663,0
755681,0
755707,0
755717,2
755719,0
755737,0
755759,2
755767,4
755771,4
755789,0
755791,2
755809,0
755813,0
755861,2
755863,0
755869,0
755879,2
755899,0
755903,0
755959,0
755969,0
755977,0
756011,4
756023,0
756043,0
756053,0
756097,0
756101,2
756127,0
756131,0
756139,0
756149,2
756167,0
756179,2
756191,0
756199,0
756227,0
756247,2
756251,2
756253,2
756271,0
756281,0
756289,2
756293,0
756319,2
756323,2
756331,2
756373,0
756403,4
756419,2
756421,0
756433,0
756443,0
756463,2
756467,0
756527,2
756533,0
756541,0
756563,0
756571,0
756593,0
756601,0
756607,0
756629,2
756641,2
756649,0
756667,0
756673,4
756683,0
756689,0
756703,0
756709,0
756719,0
756727,0
756739,0
756773,2
756799,0
756829,0
756839,2
756853,2
756869,0
756881,2
756887,0
756919,0
756923,0
756961,2
756967,2
756971,6
757019,0
757039,0
757063,0
757067,0
757109,0
757111,0
757151,0
757157,0
757171,0
757181,0
757201,2
757241,0
757243,0
757247,2
757259,4
757271,2
757291,4
757297,0
757307,4
757319,2
757327,0
757331,0
757343,0
757363,0
757381,0
757387,0
757403,0
757409,0
757417,0
757429,2
757433,0
757457,0
757481,0
757487,2
757507,0
757513,0
757517,4
757543,2
757553,0
757577,4
757579,2
757583,2
757607,0
757633,2
757651,2
757661,2
757693,6
757699,0
757709,0
757711,2
757727,0
757751,4
757753,0
757763,4
757793,4
757807,0
757811,0
757819,2
757829,2
757879,2
757903,0
757909,0
757927,0
757937,2
757943,0
757951,2
757993,0
757997,0
758003,2
758029,2
758041,4
758053,4
758071,2
758083,0
758099,0
758101,0
758111,0
758137,0
758141,2
758159,0
758179,2
758189,0
758201,4
758203,4
758227,0
758231,0
758237,0
758243,4
758267,0
758269,0
758273,4
758279,2
758299,0
758323,0
758339,0
758341,0
758357,2
758363,0
758383,2
758393,0
758411,0
758431,0
758441,2
758449,0
758453,4
758491,2
758501,0
758503,6
758519,0
758521,0
758551,0
758561,0
758573,0
758579,0
758599,0
758617,0
758629,2
758633,2
758671,2
758687,0
758699,0
758707,2
758711,0
758713,0
758729,0
758731,0
758741,0
758743,0
758753,0
758767,4
758783,2
758789,0
758819,2
758827,0
758837,4
758851,2
758867,0
758887,0
758893,0
758899,0
758929,0
758941,0
758957,0
758963,2
758969,0
758971,0
758987,0
759001,0
759019,2
759029,2
759037,2
759047,0
759053,0
759089,0
759103,2
759113,0
759131,0
759149,0
759167,0
759173,6
759179,0
759181,0
759193,0
759223,0
759229,2
759263,2
759287,0
759293,2
759301,0
759313,0
759329,0
759359,2
759371,0
759377,0
759397,0
759401,0
759431,4
759433,0
759457,0
759463,2
759467,0
759491,2
759503,4
759523,2
759547,4
759553,0
759557,0
759559,2
759569,2
759571,2
759581,0
759589,0
759599,0
759617,2
759623,2
759631,0
759637,0
759641,0
759653,2
759659,0
759673,0
759691,0
759697,0
759701,2
759709,0
759719,2
759727,0
759739,0
759757,0
759763,0
759797,2
759799,0
759821,0
759833,2
759881,0
759893,0
759911,2
759923,0
759929,0
759947,0
759953,2
759959,0
759961,0
759973,0
760007,6
760043,0
760063,0
760079,4
760093,0
760103,0
760117,8
760129,2
760141,0
760147,4
760153,0
760163,0
760169,0
760183,2
760187,2
760211,6
760229,4
760231,0
760237,2
760241,4
760261,0
760267,0
760273,2
760289,0
760297,0
760301,0
760321,0
760343,4
760367,0
760373,0
760411,0
760423,2
760433,0
760447,0
760453,0
760457,0
760477,0
760489,2
760499,2
760511,2
760519,2
760531,4
760537,2
760549,2
760553,0
760561,2
760567,0
760579,0
760607,0
760619,2
760621,2
760637,6
760649,0
760657,0
760693,2
760723,0
760729,0
760759,2
760769,0
760783,0
760807,2
760813,0
760841,0
760843,2
760847,0
760871,4
760891,0
760897,0
760901,0
760913,0
760927,4
760933,0
760939,0
760951,0
760961,0
760993,6
760997,0
761003,0
761009,0
761023,0
761051,4
761069,2
761087,2
761113,2
761119,0
761129,0
761153,2
761161,2
761177,2
761179,4
761183,0
761203,0
761207,2
761213,4
761227,0
761249,0
761251,0
761261,0
761263,0
761291,0
761297,0
761347,2
761351,2
761357,2
761363,0
761377,0
761381,2
761389,2
761393,2
761399,0
761407,0
761417,4
761429,2
761437,0
761441,0
761443,0
761459,2
761471,0
761477,0
761483,2
761489,0
761521,2
761531,2
761533,2
761543,2
761561,0
761567,0
761591,0
761597,2
761603,0
761611,0
761623,0
761633,4
761669,0
761671,2
761681,2
761689,0
761711,2
761713,0
761731,0
761773,2
761777,0
761779,2
761807,0
761809,0
761833,0
761861,0
761863,2
761869,0
761879,0
761897,0
761927,0
761939,2
761963,4
761977,0
761983,0
761993,0
762001,0
762007,0
762017,0
762031,2
762037,0
762049,0
762053,0
762061,0
762101,0
762121,2
762187,0
762211,4
762227,2
762233,0
762239,2
762241,2
762253,0
762257,2
762277,0
762319,2
762329,0
762367,2
762371,4
762373,0
762379,0
762389,0
762397,2
762401,0
762407,4
762409,0
762479,2
762491,0
762499,0
762529,2
762539,0
762547,0
762557,2
762563,0
762571,0
762577,0
762583,0
762599,0
762647,2
762653,2
762659,0
762667,0
762721,2
762737,2
762743,2
762761,0
762779,0
762791,0
762809,0
762821,0
762823,2
762847,0
762871,0
762877,0
762893,2
762899,0
762901,0
762913,2
762917,0
762919,0
762959,0
762967,0
762973,0
762989,0
763001,2
763013,0
763027,0
763031,4
763039,0
763043,0
763067,0
763073,0
763093,0
763111,0
763123,0
763141,0
763157,0
763159,0
763183,2
763201,4
763223,0
763237,2
763261,0
763267,0
763271,0
763303,4
763307,0
763339,0
763349,0
763369,2
763381,2
763391,0
763403,0
763409,0
763417,0
763423,0
763429,0
763447,2
763457,0
763471,0
763481,2
763493,0
763513,0
763523,2
763549,0
763559,2
763573,2
763579,0
763583,0
763597,0
763601,0
763613,4
763619,0
763621,0
763627,2
763649,0
763663,0
763673,0
763699,0
763739,0
763751,0
763753,0
763757,0
763771,2
763787,0
763801,0
763811,2
763823,2
763843,2
763859,0
763879,0
763883,2
763897,0
763901,4
763907,0
763913,0
763921,0
763927,0
763937,0
763943,0
763957,0
763967,0
763999,2
764003,2
764011,0
764017,2
764021,4
764041,0
764051,0
764053,0
764059,0
764081,0
764089,0
764111,0
764131,0
764143,0
764149,0
764171,0
764189,0
764209,2
764233,0
764249,0
764251,0
764261,2
764273,0
764293,2
764317,2
764321,0
764327,0
764339,2
764341,4
764369,2
764381,0
764399,0
764431,2
764447,4
764459,2
764471,2
764501,4
764521,0
764539,0
764551,0
764563,0
764587,0
764591,2
764593,0
764611,0
764623,0
764627,0
764629,0
764657,0
764683,0
764689,2
764717,0
764719,0
764723,0
764783,2
764789,0
764809,4
764837,0
764839,0
764849,0
764857,2
764887,0
764891,0
764893,0
764899,0
764903,0
764947,2
764969,0
764971,2
764977,2
764989,2
764993,0
764999,4
765007,0
765031,0
765041,0
765043,0
765047,0
765059,0
765091,0
765097,0
765103,0
765109,0
765131,2
765137,0
765139,2
765143,0
765151,2
765169,0
765181,2
765199,0
765203,0
765209,0
765211,0
765227,0
765229,0
765241,4
765251,2
765257,2
765283,2
765287,0
765293,0
765307,2
765313,2
765319,2
765329,2
765353,0
765379,2
765383,0
765389,2
765409,2
765437,0
765439,2
765461,2
765467,0
765487,4
765497,2
765503,4
765521,0
765533,0
765539,2
765577,0
765581,2
765587,0
765613,0
765619,2
765623,0
765649,0
765659,0
765673,2
765707,4
765727,0
765749,0
765763,0
765767,4
765773,2
765781,2
765823,0
765827,0
765847,2
765851,0
765857,0
765859,0
765881,0
765889,2
765893,2
765899,0
765907,0
765913,0
765931,0
765949,2
765953,0
765971,2
765983,0
765991,2
766021,0
766039,2
766049,0
766067,0
766079,2
766091,0
766097,0
766109,2
766111,0
766127,2
766163,0
766169,2
766177,0
766187,2
766211,0
766223,0
766229,0
766231,2
766237,0
766247,0
766261,2
766273,0
766277,0
766301,2
766313,0
766321,0
766333,0
766357,0
766361,0
766369,2
766373,4
766387,0
766393,2
766399,0
766421,0
766439,0
766453,0
766457,2
766471,2
766477,0
766487,0
766501,0
766511,2
766531,0
766541,0
766543,0
766553,2
766559,2
766583,2
766609,0
766637,2
766639,0
766651,0
766679,0
766687,2
766721,2
766739,4
766757,0
766763,0
766769,0
766793,0
766807,2
766811,0
766813,0
766817,0
766861,0
766867,0
766873,0
766877,0
766891,0
766901,0
766907,2
766937,0
766939,2
766943,0
766957,0
766967,0
766999,2
767017,2
767029,0
767051,0
767071,0
767089,2
767093,0
767101,4
767111,0
767131,0
767147,2
767153,0
767161,2
767167,2
767203,2
767243,2
767279,2
767287,0
767293,0
767309,0
767317,2
767321,2
767323,2
767339,0
767357,2
767359,0
767381,0
767399,0
767423,0
767443,0
767471,4
767489,4
767509,2
767513,0
767521,0
767527,0
767537,2
767539,0
767549,2
767551,2
767587,2
767597,0
767603,0
767617,0
767623,4
767633,0
767647,0
767677,2
767681,2
767707,0
767729,2
767747,2
767749,0
767759,2
767761,0
767773,4
767783,0
767813,2
767827,0
767831,0
767843,0
767857,0
767863,0
767867,2
767869,0
767881,0
767909,2
767951,2
767957,2
768013,0
768029,0
768041,2
768049,0
768059,0
768073,0
768101,0
768107,2
768127,2
768133,2
768139,2
768161,2
768167,2
768169,2
768191,2
768193,2
768197,0
768199,0
768203,0
768221,0
768241,2
768259,0
768263,0
768301,2
768319,2
768323,2
768329,0
768343,2
768347,0
768353,0
768359,0
768371,2
768373,2
768377,2
768389,0
768401,0
768409,0
768419,0
768431,0
768437,2
768457,0
768461,4
768479,0
768491,2
768503,2
768541,0
768563,2
768571,4
768589,2
768613,0
768623,4
768629,0
768631,0
768641,0
768643,0
768653,0
768671,0
768727,0
768751,4
768767,0
768773,0
768787,0
768793,0
768799,2
768811,2
768841,2
768851,0
768853,4
768857,2
768869,0
768881,0
768923,0
768931,0
768941,0
768953,0
768979,0
768983,0
769003,2
769007,0
769019,2
769033,0
769039,4
769057,4
769073,0
769081,0
769091,0
769117,0
769123,2
769147,2
769151,0
769159,0
769169,0
769207,0
769231,4
769243,0
769247,0
769259,0
769261,0
769273,0
769289,0
769297,2
769309,0
769319,2
769339,0
769357,2
769387,0
769411,2
769421,0
769423,0
769429,0
769453,0
769459,0
769463,2
769469,0
769487,0
769541,4
769543,2
769547,2
769553,2
769577,0
769579,4
769589,2
769591,2
769597,0
769619,2
769627,2
769661,0
769663,2
769673,0
769687,2
769723,0
769729,0
769733,0
769739,2
769751,4
769781,4
769789,2
769799,0
769807,0
769837,0
769871,2
769903,2
769919,0
769927,0
769943,2
769961,0
769963,0
769973,2
769987,0
769997,0
769999,2
770027,2
770039,2
770041,2
770047,2
770053,0
770057,0
770059,2
770069,0
770101,0
770111,2
770113,0
770123,4
770129,4
770167,2
770177,2
770179,0
770183,0
770191,0
770207,2
770227,0
770233,0
770239,0
770261,0
770281,4
770291,0
770309,2
770311,2
770353,2
770359,0
770387,0
770401,2
770417,0
770437,0
770447,0
770449,4
770459,0
770503,0
770519,0
770527,0
770533,2
770537,0
770551,0
770557,0
770573,0
770579,0
770587,0
770591,2
770597,0
770611,2
770639,2
770641,2
770647,2
770657,0
770663,0
770669,0
770741,0
770761,0
770767,2
770771,0
770789,0
770801,2
770813,0
770837,2
770839,0
770843,0
770863,0
770867,0
770873,0
770881,0
770897,0
770909,2
770927,0
770929,0
770951,0
770971,2
770981,2
770993,0
771011,2
771013,0
771019,4
771031,0
771037,4
771047,2
771049,2
771073,2
771079,4
771091,2
771109,2
771143,0
771163,2
771179,0
771181,4
771209,0
771217,0
771227,0
771233,0
771269,0
771283,2
771289,0
771293,0
771299,0
771301,0
771349,2
771359,0
771389,2
771401,2
771403,2
771427,2
771431,2
771437,0
771439,4
771461,0
771473,4
771481,2
771499,0
771503,0
771509,0
771517,4
771527,0
771553,0
771569,0
771583,4
771587,0
771607,2
771619,0
771623,4
771629,0
771637,2
771643,2
771653,2
771679,4
771691,2
771697,0
771703,2
771739,0
771763,0
771769,2
771781,0
771809,2
771853,0
771863,0
771877,2
771887,2
771889,0
771899,2
771917,4
771937,0
771941,0
771961,0
771971,2
771973,0
771997,0
772001,4
772003,4
772019,2
772061,0
772073,2
772081,2
772091,0
772097,0
772127,0
772139,0
772147,0
772159,2
772169,0
772181,4
772207,2
772229,2
772231,0
772273,4
772279,2
772297,0
772313,0
772333,0
772339,0
772349,2
772367,0
772379,2
772381,0
772391,0
772393,0
772403,0
772439,0
772441,0
772451,0
772459,0
772477,2
772493,2
772517,0
772537,2
772567,0
772571,0
772573,0
772591,2
772619,0
772631,0
772649,0
772657,0
772661,0
772663,2
772669,0
772691,4
772697,0
772703,2
772721,2
772757,0
772771,0
772789,2
772843,0
772847,0
772853,0
772859,0
772867,0
772903,2
772907,2
772909,0
772913,0
772921,0
772949,6
772963,0
772987,0
772991,2
773021,4
773023,2
773027,0
773029,2
773039,0
773057,4
773063,0
773081,2
773083,0
773093,0
773117,0
773147,0
773153,0
773159,2
773207,0
773209,0
773231,0
773239,0
773249,4
773251,0
773273,0
773287,0
773299,2
773317,2
773341,0
773363,2
773371,0
773387,0
773393,0
773407,0
773417,0
773447,0
773453,0
773473,2
773491,0
773497,4
773501,0
773533,0
773537,2
773561,2
773567,0
773569,0
773579,0
773599,0
773603,0
773609,0
773611,0
773657,0
773659,0
773681,0
773683,0
773693,0
773713,0
773719,0
773723,2
773767,2
773777,0
773779,0
773803,0
773821,0
773831,2
773837,0
773849,0
773863,2
773867,2
773869,0
773879,0
773897,0
773909,2
773933,2
773939,0
773951,0
773953,2
773987,0
773989,2
773999,2
774001,2
774017,2
774023,0
774047,0
774071,0
774073,0
774083,2
774107,2
774119,0
774127,4
774131,0
774133,0
774143,2
774149,0
774161,2
774173,0
774181,0
774199,0
774217,0
774223,2
774229,2
774233,0
774239,2
774283,0
774289,0
774313,4
774317,2
774337,0
774343,0
774377,0
774427,0
774439,0
774463,2
774467,2
774491,2
774511,0
774523,0
774541,4
774551,2
774577,6
774583,2
774589,0
774593,0
774601,0
774629,0
774643,0
774661,0
774667,0
774671,0
774679,2
774691,2
774703,0
774733,2
774757,0
774773,0
774779,0
774791,0
774797,0
774799,2
774803,0
774811,2
774821,2
774833,2
774853,0
774857,4
774863,2
774901,0
774919,0
774929,4
774931,4
774959,0
774997,2
775007,0
775037,0
775043,0
775057,4
775063,0
775079,0
775087,0
775091,0
775097,0
775121,0
775147,0
775153,2
775157,2
775163,2
775189,4
775193,0
775237,0
775241,0
775259,2
775267,0
775273,0
775309,2
775343,2
775349,2
775361,0
775363,2
775367,0
775393,0
775417,2
775441,2
775451,0
775477,0
775507,0
775513,0
775517,2
775531,2
775553,0
775573,2
775601,0
775603,2
775613,0
775627,0
775633,0
775639,6
775661,0
775669,6
775681,0
775711,0
775729,0
775739,6
775741,2
775757,0
775777,2
775787,2
775807,2
775811,0
775823,2
775861,2
775871,0
775889,0
775919,0
775933,0
775937,0
775939,0
775949,2
775963,0
775987,0
776003,0
776029,0
776047,0
776057,2
776059,2
776077,2
776099,2
776117,0
776119,2
776137,0
776143,2
776159,2
776173,0
776177,0
776179,0
776183,0
776201,0
776219,0
776221,0
776233,0
776249,4
776257,2
776267,0
776287,0
776317,4
776327,0
776357,2
776389,0
776401,0
776429,0
776449,0
776453,0
776467,0
776471,0
776483,0
776497,0
776507,0
776513,0
776521,0
776551,0
776557,2
776561,0
776563,0
776569,0
776599,0
776627,4
776651,0
776683,0
776693,0
776719,0
776729,0
776749,0
776753,0
776759,4
776801,0
776813,0
776819,0
776837,4
776851,4
776861,2
776869,2
776879,0
776887,0
776899,0
776921,0
776947,4
776969,2
776977,0
776983,0
776987,2
777001,0
777011,2
777013,2
777031,0
777041,0
777071,0
777097,2
777103,2
777109,0
777137,0
777143,0
777151,2
777167,2
777169,0
777173,0
777181,0
777187,0
777191,2
777199,2
777209,0
777221,0
777241,0
777247,0
777251,0
777269,0
777277,0
777313,2
777317,0
777349,0
777353,4
777373,0
777383,2
777389,2
777391,0
777419,0
777421,0
777431,0
777433,0
777437,2
777451,0
777463,0
777473,0
777479,0
777541,0
777551,2
777571,0
777583,4
777589,0
777617,2
777619,2
777641,0
777643,0
777661,0
777671,2
777677,0
777683,0
777731,0
777737,0
777743,0
777761,2
777769,2
777781,0
777787,4
777817,0
777839,2
777857,2
777859,2
777863,2
777871,0
777877,2
777901,2
777911,0
777919,0
777977,0
777979,0
777989,2
778013,2
778027,0
778049,2
778051,0
778061,0
778079,0
778081,0
778091,2
778097,0
778109,2
778111,0
778121,0
778123,2
778153,0
778163,2
778187,2
778201,2
778213,0
778223,0
778237,0
778241,0
778247,2
778301,2
778307,4
778313,0
778319,0
778333,0
778357,2
778361,0
778363,6
778391,2
778397,2
778403,0
778409,0
778417,0
778439,0
778469,2
778507,2
778511,0
778513,2
778523,2
778529,0
778537,0
778541,0
778553,0
778559,0
778567,0
778579,2
778597,0
778633,4
778643,0
778663,0
778667,0
778681,2
778693,0
778697,0
778699,2
778709,0
778717,0
778727,0
778733,0
778759,0
778763,0
778769,0
778777,0
778793,0
778819,0
778831,0
778847,2
778871,4
778873,4
778879,0
778903,6
778907,0
778913,2
778927,0
778933,2
778951,6
778963,0
778979,0
778993,0
779003,2
779011,2
779021,2
779039,0
779063,2
779069,0
779081,2
779101,4
779111,2
779131,2
779137,2
779159,2
779173,2
779189,0
779221,2
779231,2
779239,6
779249,2
779267,0
779327,0
779329,0
779341,2
779347,0
779351,4
779353,2
779357,0
779377,2
779413,0
779477,0
779489,2
779507,0
779521,0
779531,2
779543,2
779561,0
779563,0
779573,0
779579,4
779591,0
779593,0
779599,0
779609,0
779617,4
779621,6
779657,0
779659,2
779663,0
779693,2
779699,2
779707,0
779731,2
779747,6
779749,0
779761,2
779767,0
779771,2
779791,0
779797,2
779827,2
779837,0
779869,0
779873,0
779879,0
779887,0
779899,2
779927,0
779939,0
779971,2
779981,0
779983,6
779993,0
780029,0
780037,0
780041,2
780047,0
780049,0
780061,0
780119,0
780127,2
780163,0
780173,0
780179,2
780191,0
780193,0
780211,0
780223,2
780233,4
780253,0
780257,2
780287,2
780323,0
780343,0
780347,0
780371,2
780379,2
780383,0
780389,0
780397,0
780401,0
780421,4
780433,0
780457,0
780469,4
780499,2
780523,0
780553,0
780583,0
780587,0
780601,0
780613,2
780631,0
780649,2
780667,2
780671,0
780679,2
780683,4
780697,2
780707,0
780719,0
780721,0
780733,0
780799,2
780803,0
780809,2
780817,0
780823,4
780833,0
780841,0
780851,0
780853,0
780869,2
780877,4
780887,4
780889,2
780917,0
780931,4
780953,0
780961,2
780971,0
780973,0
780991,4
781003,0
781007,2
781021,0
781043,4
781051,2
781063,0
781069,0
781087,0
781111,2
781117,0
781127,4
781129,4
781139,0
781163,0
781171,0
781199,2
781211,0
781217,0
781229,0
781243,0
781247,0
781271,0
781283,0
781301,2
781307,2
781309,0
781321,2
781327,0
781351,2
781357,0
781367,2
781369,2
781387,2
781397,4
781399,0
781409,0
781423,0
781427,0
781433,0
781453,0
781481,2
781483,0
781493,0
781511,0
781513,0
781519,2
781523,0
781531,0
781559,0
781567,2
781589,0
781601,2
781607,4
781619,0
781631,2
781633,2
781661,0
781673,2
781681,0
781721,2
781733,0
781741,0
781771,4
781799,2
781801,0
781817,2
781819,4
781853,4
781861,0
781867,0
781883,0
781889,4
781897,2
781919,0
781951,0
781961,0
781967,0
781969,2
781973,0
781987,0
781997,0
781999,4
782003,0
782009,2
782011,0
782053,0
782057,0
782071,0
782083,0
782087,2
782107,2
782113,0
782123,2
782129,2
782137,2
782141,0
782147,2
782149,0
782183,0
782189,0
782191,0
782209,4
782219,0
782231,2
782251,0
782263,2
782267,2
782297,0
782311,0
782329,0
782339,0
782371,0
782381,2
782387,0
782389,4
782393,4
782429,0
782443,0
782461,0
782473,2
782489,0
782497,0
782501,2
782519,0
782539,0
782581,0
782611,0
782641,2
782659,0
782669,2
782671,0
782687,0
782689,0
782707,0
782711,2
782723,0
782777,0
782783,2
782791,4
782839,0
782849,2
782861,0
782891,2
782911,0
782921,0
782941,0
782963,0
782981,0
782983,0
782993,2
783007,0
783011,2
783019,2
783023,2
783043,0
783077,4
783089,0
783119,0
783121,2
783131,4
783137,2
783143,0
783149,2
783151,4
783191,4
783193,0
783197,0
783227,0
783247,0
783257,0
783259,0
783269,4
783283,2
783317,0
783323,6
783329,0
783337,0
783359,0
783361,0
783373,0
783379,2
783407,4
783413,0
783421,2
783473,4
783487,2
783527,2
783529,0
783533,4
783553,2
783557,0
783569,0
783571,2
783599,2
783613,2
783619,8
783641,0
783647,0
783661,0
783677,0
783689,4
783691,0
783701,0
783703,0
783707,2
783719,0
783721,2
783733,0
783737,0
783743,0
783749,0
783763,2
783767,0
783779,0
783781,0
783787,0
783791,0
783793,2
783799,0
783803,0
783829,0
783869,2
783877,0
783931,0
783953,0
784009,0
784039,2
784061,0
784081,2
784087,0
784097,4
784103,2
784109,0
784117,0
784129,2
784153,4
784171,4
784181,0
784183,2
784211,4
784213,0
784219,4
784229,0
784243,0
784249,2
784283,0
784307,2
784309,4
784313,2
784321,0
784327,0
784349,2
784351,0
784367,0
784373,0
784379,2
784387,0
784409,4
784411,0
784423,0
784447,0
784451,0
784457,0
784463,0
784471,0
784481,0
784489,0
784501,0
784513,0
784541,0
784543,2
784547,0
784561,0
784573,2
784577,0
784583,0
784603,2
784627,0
784649,0
784661,0
784687,2
784697,0
784717,0
784723,2
784727,2
784753,4
784789,4
784799,0
784831,0
784837,0
784841,0
784859,2
784867,0
784897,2
784913,0
784919,0
784939,4
784957,0
784961,0
784981,0
785003,6
785017,0
785033,0
785053,2
785093,0
785101,0
785107,0
785119,0
785123,2
785129,4
785143,2
785153,0
785159,2
785167,0
785203,0
785207,2
785219,2
785221,0
785227,2
785249,0
785269,2
785287,0
785293,0
785299,2
785303,2
785311,0
785321,0
785329,0
785333,2
785341,0
785347,0
785353,0
785357,2
785363,0
785377,0
785413,0
785423,2
785431,2
785459,4
785461,0
785483,0
785501,0
785503,2
785527,0
785537,0
785549,2
785569,2
785573,0
785579,6
785591,0
785597,2
785623,4
785627,0
785641,0
785651,4
785671,0
785693,0
785717,0
785731,0
785737,0
785753,2
785773,0
785777,2
785779,2
785801,0
785803,0
785809,0
785839,4
785857,0
785861,2
785879,2
785903,0
785921,0
785923,2
785947,0
785951,0
785963,0
786001,0
786013,4
786017,0
786031,4
786047,0
786053,0
786059,0
786061,4
786077,2
786109,0
786127,2
786151,0
786167,0
786173,6
786179,0
786197,0
786211,2
786223,0
786241,4
786251,2
786271,0
786307,0
786311,0
786319,2
786329,0
786337,2
786349,0
786371,2
786407,0
786419,0
786431,0
786433,0
786449,2
786469,0
786491,4
786547,6
786551,0
786553,0
786587,0
786589,2
786613,0
786629,2
786659,0
786661,2
786673,2
786691,2
786697,2
786701,0
786703,2
786707,0
786719,0
786739,2
786763,2
786803,0
786823,2
786829,0
786833,0
786859,2
786881,0
786887,0
786889,0
786901,0
786931,0
786937,0
786941,0
786949,0
786959,0
786971,4
786979,0
786983,0
787021,0
787043,0
787051,0
787057,2
787067,0
787069,4
787079,2
787091,2
787099,0
787123,0
787139,2
787153,0
787181,2
787187,2
787207,0
787217,0
787243,0
787261,0
787277,0
787289,2
787309,0
787331,0
787333,0
787337,0
787357,0
787361,2
787427,2
787429,0
787433,0
787439,0
787447,0
787469,0
787477,0
787483,4
787489,4
787513,0
787517,2
787519,2
787529,4
787537,0
787541,0
787547,4
787573,2
787601,0
787609,2
787621,2
787639,2
787649,0
787667,0
787697,0
787711,0
787747,0
787751,2
787757,2
787769,0
787771,2
787777,0
787783,0
787793,0
787807,2
787811,0
787817,4
787823,0
787837,0
787879,2
787883,0
787903,0
787907,0
787939,2
787973,2
787981,4
787993,2
787999,0
788009,0
788023,0
788027,0
788033,0
788041,0
788071,0
788077,0
788087,0
788089,0
788093,2
788107,0
788129,2
788153,2
788159,0
788167,2
788173,0
788189,0
788209,2
788213,2
788231,0
788261,2
788267,0
788287,4
788309,0
788317,0
788321,8
788351,0
788353,2
788357,0
788363,0
788369,0
788377,2
788383,0
788387,2
788393,2
788399,0
788413,0
788419,0
788429,0
788449,2
788467,2
788479,6
788497,0
788521,0
788527,2
788531,0
788537,2
788549,0
788561,0
788563,0
788569,0
788603,0
788621,0
788651,2
788659,0
788677,0
788687,0
788701,4
788719,2
788761,2
788779,2
788789,0
788813,0
788819,0
788849,0
788863,2
788867,0
788869,0
788873,0
788891,0
788897,2
788903,2
788927,0
788933,0
788941,0
788947,0
788959,0
788971,0
788993,2
788999,6
789001,0
789017,0
789029,0
789031,0
789067,0
789077,0
789091,2
789097,0
789101,0
789109,0
789121,2
789133,0
789137,2
789149,0
789169,0
789181,0
789221,2
789227,0
789251,0
789311,2
789323,0
789331,2
789343,2
789367,0
789377,0
789389,6
789391,4
789407,0
789419,2
789443,0
789473,2
789491,2
789493,0
789511,2
789527,0
789533,0
789557,4
789571,0
789577,0
789587,0
789589,4
789611,0
789623,0
789631,0
789653,0
789671,2
789673,2
789683,0
789689,2
789709,6
789713,4
789721,2
789731,0
789739,0
789749,2
789793,2
789823,0
789829,4
789847,0
789851,0
789857,0
789883,0
789941,2
789959,0
789961,0
789967,0
789977,4
789979,2
790003,0
790021,0
790033,0
790043,2
790051,0
790057,0
790063,2
790087,0
790093,4
790099,2
790121,2
790169,2
790171,2
790189,2
790199,0
790201,2
790219,2
790241,0
790261,4
790271,0
790277,4
790289,0
790291,0
790327,0
790331,0
790333,4
790351,0
790369,2
790379,2
790397,0
790403,0
790417,2
790421,0
790429,0
790451,2
790459,6
790481,0
790501,2
790513,0
790519,4
790523,4
790529,0
790547,0
790567,2
790583,2
790589,0
790607,0
790613,0
790633,2
790637,0
790649,2
790651,0
790693,2
790697,0
790703,0
790709,0
790733,0
790739,0
790747,0
790753,2
790781,2
790793,0
790817,0
790819,2
790831,0
790843,0
790861,0
790871,2
790879,2
790883,2
790897,6
790927,0
790957,0
790961,0
790967,2
790969,4
790991,0
790997,0
791003,0
791009,2
791017,0
791029,2
791047,2
791053,2
791081,0
791093,0
791099,0
791111,0
791117,0
791137,2
791159,0
791191,0
791201,2
791209,0
791227,2
791233,0
791251,0
791257,0
791261,0
791291,2
791309,0
791311,0
791317,0
791321,6
791347,4
791363,4
791377,2
791387,0
791411,0
791419,0
791431,0
791443,2
791447,0
791473,0
791489,2
791519,4
791543,4
791561,0
791563,0
791569,4
791573,0
791599,0
791627,4
791629,2
791657,2
791663,2
791677,0
791699,0
791773,0
791783,2
791789,0
791797,0
791801,2
791803,0
791827,0
791849,0
791851,2
791887,0
791891,0
791897,0
791899,0
791909,0
791927,0
791929,0
791933,0
791951,0
791969,0
791971,0
791993,0
792023,4
792031,2
792037,2
792041,0
792049,4
792061,2
792067,0
792073,0
792101,0
792107,0
792109,0
792119,2
792131,0
792151,4
792163,0
792179,2
792223,0
792227,0
792229,0
792241,0
792247,2
792257,0
792263,2
792277,0
792283,0
792293,2
792299,0
792301,0
792307,2
792317,0
792359,0
792371,0
792377,0
792383,0
792397,0
792413,0
792443,0
792461,2
792479,0
792481,0
792487,2
792521,2
792529,0
792551,0
792553,2
792559,0
792563,0
792581,4
792593,4
792601,2
792613,0
792629,2
792637,0
792641,0
792643,0
792647,0
792667,0
792679,0
792689,2
792691,0
792697,2
792703,6
792709,0
792713,0
792731,0
792751,4
792769,2
792793,0
792797,0
792821,0
792871,0
792881,2
792893,0
792907,0
792919,4
792929,0
792941,0
792959,2
792973,2
792983,4
792989,2
792991,0
793043,2
793069,0
793099,2
793103,4
793123,2
793129,0
793139,0
793159,0
793181,0
793187,0
793189,2
793207,2
793229,0
793253,0
793279,2
793297,0
793301,2
793327,4
793333,4
793337,0
793343,2
793379,2
793399,0
793439,0
793447,4
793453,0
793487,0
793489,0
793493,0
793511,0
793517,0
793519,0
793537,2
793547,0
793553,2
793561,2
793591,0
793601,0
793607,2
793621,2
793627,0
793633,0
793669,2
793673,2
793691,0
793699,4
793711,2
793717,0
793721,0
793733,0
793739,0
793757,0
793769,2
793777,0
793787,0
793789,0
793813,0
793841,0
793843,0
793853,2
793867,0
793889,0
793901,2
793927,2
793931,2
793939,2
793957,2
793967,0
793979,2
793981,2
793999,0
794009,0
794011,2
794023,0
794033,0
794039,0
794041,2
794063,0
794071,0
794077,2
794089,2
794111,4
794113,0
794119,0
794137,0
794141,2
794149,0
794153,0
794161,0
794173,2
794179,2
794191,2
794201,0
794203,0
794207,0
794221,2
794231,0
794239,0
794249,0
794327,0
794341,2
794363,2
794383,0
794389,0
794399,2
794407,0
794413,2
794449,2
794471,0
794473,0
794477,0
794483,0
794491,2
794509,0
794531,0
794537,0
794543,0
794551,0
794557,2
794569,0
794579,2
794587,0
794593,0
794641,2
794653,0
794657,0
794659,0
794669,2
794693,0
794711,0
794741,0
794743,0
794749,2
794779,0
794831,0
794879,0
794881,0
794887,2
794921,0
794923,2
794953,2
794957,0
794993,0
794999,0
795001,0
795007,0
795023,0
795071,0
795077,4
795079,0
795083,4
795097,0
795101,0
795103,4
795121,2
795127,2
795139,2
795149,2
795161,0
795187,0
795203,0
795211,2
795217,0
795233,0
795239,0
795251,0
795253,2
795299,0
795307,0
795323,2
795329,2
795337,0
795343,0
795349,2
795427,2
795449,0
795461,2
795467,0
795479,2
795493,0
795503,0
795517,0
795527,0
795533,0
795539,2
795551,0
795581,0
795589,0
795601,2
795643,0
795647,0
795649,0
795653,2
795659,0
795661,2
795667,4
795679,2
795703,0
795709,4
795713,2
795727,0
795737,4
795761,2
795763,0
795791,0
795793,2
795797,2
795799,0
795803,0
795827,2
795829,0
795871,0
795877,2
795913,0
795917,0
795931,0
795937,0
795941,2
795943,2
795947,2
795979,4
795983,2
795997,0
796001,0
796009,0
796063,0
796067,0
796091,4
796121,0
796139,0
796141,2
796151,0
796171,4
796177,2
796181,0
796189,0
796193,2
796217,4
796247,4
796259,0
796267,0
796291,0
796303,2
796307,2
796337,0
796339,4
796361,0
796363,6
796373,0
796379,0
796387,2
796391,0
796409,2
796447,0
796451,0
796459,0
796487,2
796493,0
796517,0
796531,2
796541,2
796553,0
796561,4
796567,0
796571,0
796583,2
796591,0
796619,0
796633,2
796657,0
796673,0
796687,0
796693,0
796699,0
796709,0
796711,2
796751,2
796759,0
796769,0
796777,0
796781,2
796799,0
796801,0
796813,2
796819,0
796847,0
796849,0
796853,2
796867,0
796871,0
796877,2
796889,2
796921,0
796931,0
796933,0
796937,0
796951,0
796967,0
796969,0
796981,4
797003,0
797009,0
797021,0
797029,0
797033,2
797039,4
797051,0
797053,2
797057,2
797063,0
797077,0
797119,2
797131,0
797143,0
797161,0
797171,0
797201,0
797207,4
797273,0
797281,6
797287,0
797309,0
797311,0
797333,4
797353,0
797359,2
797383,0
797389,4
797399,0
797417,0
797429,0
797473,2
797497,2
797507,0
797509,0
797539,0
797549,4
797551,0
797557,4
797561,0
797567,0
797569,2
797579,0
797581,0
797591,0
797593,0
797611,0
797627,2
797633,2
797647,0
797681,2
797689,2
797701,0
797711,0
797729,0
797743,2
797747,0
797767,0
797773,2
797813,0
797833,2
797851,2
797869,2
797887,2
797897,0
797911,8
797917,0
797933,0
797947,2
797957,0
797977,0
797987,6
798023,0
798043,2
798059,0
798067,0
798071,0
798079,0
798089,0
798097,0
798101,0
798121,6
798131,2
798139,2
798143,0
798151,2
798173,0
798179,0
798191,2
798197,0
798199,2
798221,0
798223,0
798227,0
798251,6
798257,0
798263,0
798271,0
798293,0
798319,0
798331,0
798373,2
798383,2
798397,0
798403,0
798409,2
798443,0
798451,2
798461,2
798481,0
798487,0
798503,2
798517,0
798521,0
798527,2
798533,2
798569,4
798599,0
798613,0
798641,0
798647,2
798649,0
798667,4
798691,0
798697,2
798701,0
798713,0
798727,2
798737,0
798751,2
798757,2
798773,2
798781,0
798799,2
798823,2
798871,2
798887,0
798911,4
798923,0
798929,0
798937,4
798943,2
798961,0
799003,2
799021,2
799031,0
799061,2
799063,0
799091,2
799093,2
799103,0
799147,4
799151,2
799171,2
799217,0
799219,0
799223,0
799259,0
799291,2
799301,0
799303,2
799307,2
799313,0
799333,2
799343,0
799361,0
799363,4
799369,0
799417,0
799427,2
799441,4
799453,0
799471,2
799481,2
799483,6
799489,0
799507,4
799523,0
799529,0
799543,0
799553,0
799573,0
799609,0
799613,0
799619,2
799621,0
799633,0
799637,2
799651,6
799657,2
799661,0
799679,0
799723,0
799727,2
799739,0
799741,0
799753,0
799759,0
799789,4
799801,0
799807,2
799817,0
799837,2
799853,2
799859,2
799873,0
799891,4
799921,0
799949,0
799961,2
799979,2
799991,0
799993,2
799999,0
800011,0
800029,0
800053,0
800057,2
800077,0
800083,2
800089,0
800113,0
800117,0
800119,0
800123,0
800131,0
800143,0
800159,0
800161,0
800171,0
800209,0
800213,0
800221,0
800231,0
800237,0
800243,2
800281,0
800287,0
800291,2
800311,2
800329,0
800333,2
800351,0
800357,0
800399,4
800407,2
800417,0
800419,2
800441,0
800447,4
800473,0
800477,2
800483,2
800497,0
800509,0
800519,2
800521,2
800533,0
800537,0
800539,0
800549,0
800557,0
800573,6
800587,0
800593,0
800599,0
800621,2
800623,0
800647,0
800651,2
800659,4
800663,2
800669,2
800677,2
800687,2
800693,0
800707,2
800711,0
800729,0
800731,2
800741,4
800743,0
800759,0
800773,0
800783,0
800801,0
800861,2
800873,2
800879,0
800897,0
800903,2
800909,2
800923,0
800953,0
800959,2
800971,0
800977,2
800993,2
800999,0
801001,2
801007,2
801011,2
801019,2
801037,2
801061,2
801077,0
801079,0
801103,0
801107,0
801127,2
801137,2
801179,2
801187,0
801197,2
801217,2
801247,0
801277,2
801289,2
801293,0
801301,0
801331,2
801337,2
801341,0
801349,0
801371,4
801379,0
801403,0
801407,4
801419,0
801421,0
801461,0
801469,2
801487,0
801503,2
801517,0
801539,0
801551,0
801557,0
801569,0
801571,0
801607,0
801611,0
801617,2
801631,2
801641,0
801677,0
801683,0
801701,0
801707,0
801709,0
801733,4
801761,4
801791,0
801809,0
801811,0
801817,0
801833,2
801841,0
801859,4
801883,2
801947,0
801949,0
801959,0
801973,0
801989,0
802007,0
802019,0
802027,0
802031,4
802037,0
802073,0
802103,0
802121,0
802127,2
802129,0
802133,0
802141,0
802147,2
802159,0
802163,0
802177,4
802181,4
802183,2
802189,4
802231,0
802253,2
802279,0
802283,0
802297,2
802331,2
802339,0
802357,2
802387,0
802421,0
802441,0
802453,0
802463,2
802471,2
802499,0
802511,0
802523,0
802531,2
802573,2
802583,0
802589,0
802597,0
802603,4
802609,2
802643,4
802649,2
802651,0
802661,0
802667,0
802709,0
802721,0
802729,0
802733,2
802751,0
802759,2
802777,0
802783,2
802787,4
802793,0
802799,2
802811,2
802829,0
802831,0
802873,2
802909,2
802913,0
802933,0
802951,0
802969,0
802979,0
802987,4
803027,0
803041,0
803053,0
803057,4
803059,2
803087,0
803093,2
803119,0
803141,0
803171,0
803189,2
803207,2
803227,0
803237,0
803251,4
803269,2
803273,0
803287,0
803311,0
803323,0
803333,0
803347,0
803359,4
803389,2
803393,0
803399,0
803417,0
803441,0
803443,2
803447,0
803449,0
803461,0
803479,0
803483,0
803497,0
803501,0
803513,2
803519,0
803549,0
803587,0
803591,0
803609,0
803611,0
803623,0
803629,2
803651,0
803659,2
803669,2
803687,0
803717,0
803729,0
803731,0
803741,0
803749,0
803813,0
803819,2
803849,2
803857,2
803867,2
803893,0
803897,0
803911,0
803921,0
803927,2
803939,2
803963,0
803977,2
803987,0
803989,0
804007,4
804017,0
804031,0
804043,0
804059,0
804073,2
804077,0
804091,2
804107,0
804113,2
804119,4
804127,2
804157,4
804161,0
804179,0
804191,2
804197,2
804203,2
804211,0
804239,0
804259,0
804281,0
804283,0
804313,4
804317,0
804329,2
804337,0
804341,2
804367,0
804371,0
804383,8
804409,0
804443,2
804449,0
804473,2
804493,0
804497,0
804511,0
804521,2
804523,0
804541,0
804553,2
804571,0
804577,0
804581,2
804589,2
804607,0
804611,2
804613,2
804619,2
804653,2
804689,0
804697,0
804703,0
804709,0
804743,0
804751,0
804757,2
804761,4
804767,0
804803,0
804823,0
804829,0
804833,0
804847,0
804857,0
804877,2
804889,0
804893,0
804901,0
804913,0
804919,0
804929,0
804941,0
804943,2
804983,2
804989,2
804997,0
805019,2
805027,2
805031,0
805033,0
805037,4
805061,2
805067,0
805073,2
805081,0
805097,2
805099,6
805109,0
805111,0
805121,0
805153,0
805159,0
805177,2
805187,0
805213,0
805219,0
805223,2
805241,2
805249,0
805267,2
805271,4
805279,2
805289,0
805297,0
805309,4
805313,0
805327,0
805331,2
805333,0
805339,0
805369,0
805381,0
805397,0
805403,0
805421,0
805451,2
805463,0
805471,0
805487,4
805499,0
805501,0
805507,0
805517,0
805523,0
805531,0
805537,0
805559,0
805573,2
805583,2
805589,0
805633,0
805639,0
805687,0
805703,0
805711,0
805723,0
805729,0
805741,0
805757,0
805789,0
805799,0
805807,2
805811,0
805843,0
805853,0
805859,2
805867,0
805873,0
805877,2
805891,0
805901,2
805913,0
805933,0
805967,2
805991,2
806009,0
806011,4
806017,2
806023,2
806027,0
806033,0
806041,2
806051,0
806059,2
806087,0
806107,2
806111,2
806129,0
806137,2
806153,0
806159,0
806177,0
806203,0
806213,0
806233,2
806257,6
806261,2
806263,0
806269,0
806291,4
806297,0
806317,0
806329,0
806363,0
806369,0
806371,2
806381,4
806383,4
806389,0
806447,0
806453,0
806467,0
806483,2
806503,0
806513,0
806521,0
806543,0
806549,0
806579,0
806581,0
806609,0
806639,0
806657,4
806671,0
806719,0
806737,0
806761,2
806783,2
806789,0
806791,0
806801,0
806807,0
806821,0
806857,2
806893,2
806903,2
806917,2
806929,0
806941,0
806947,6
806951,2
806977,0
806999,0
807011,2
807017,0
807071,0
807077,2
807083,0
807089,2
807097,0
807113,2
807119,0
807127,0
807151,0
807181,2
807187,2
807193,2
807197,0
807203,2
807217,2
807221,0
807241,0
807251,2
807259,2
807281,2
807299,0
807337,2
807371,0
807379,2
807383,0
807403,2
807407,0
807409,0
807419,0
807427,4
807463,0
807473,4
807479,0
807487,0
807491,0
807493,0
807509,2
807511,0
807523,0
807539,0
807559,0
807571,0
807607,0
807613,2
807629,0
807637,0
807647,2
807689,0
807707,0
807731,0
807733,2
807749,0
807757,0
807787,0
807797,2
807809,4
807817,0
807869,0
807871,0
807901,0
807907,0
807923,0
807931,0
807941,0
807943,2
807949,2
807973,0
807997,0
808019,2
808021,0
808039,0
808081,2
808097,2
808111,0
808147,0
808153,0
808169,0
808177,0
808187,2
808211,2
808217,2
808229,0
808237,0
808261,2
808267,0
808307,2
808309,0
808343,0
808349,2
808351,0
808361,0
808363,0
808369,0
808373,0
808391,4
808399,2
808417,0
808421,0
808439,2
808441,2
808459,0
808481,0
808517,0
808523,0
808553,2
808559,0
808579,0
808589,0
808597,0
808601,2
808603,0
808627,0
808637,0
808651,2
808679,0
808681,0
808693,2
808699,0
808721,0
808733,0
808739,4
808747,0
808751,4
808771,4
808777,0
808789,2
808793,2
808837,0
808853,0
808867,4
808919,0
808937,4
808957,0
808961,0
808981,0
808991,0
808993,0
809023,4
809041,2
809051,0
809063,0
809087,2
809093,2
809101,2
809141,0
809143,2
809147,0
809173,0
809177,0
809189,0
809201,2
809203,0
809213,4
809231,0
809239,0
809243,2
809261,0
809269,0
809273,2
809297,0
809309,4
809323,0
809339,0
809357,0
809359,2
809377,0
809383,0
809399,0
809401,0
809407,0
809423,0
809437,4
809443,2
809447,4
809453,0
809461,0
809491,0
809507,2
809521,2
809527,0
809563,0
809569,0
809579,0
809581,2
809587,0
809603,0
809629,0
809701,4
809707,4
809719,4
809729,2
809737,2
809741,4
809747,0
809749,2
809759,4
809771,0
809779,2
809797,2
809801,0
809803,0
809821,2
809827,4
809833,0
809839,0
809843,0
809869,0
809891,0
809903,0
809909,0
809917,0
809929,2
809981,0
809983,0
809993,0
810013,0
810023,2
810049,0
810053,0
810059,4
810071,0
810079,0
810091,0
810109,4
810137,0
810149,4
810151,0
810191,0
810193,4
810209,0
810223,8
810239,2
810253,0
810259,2
810269,0
810281,0
810307,0
810319,2
810343,2
810349,0
810353,0
810361,2
810367,2
810377,0
810379,2
810389,0
810391,4
810401,0
810409,0
810419,0
810427,2
810437,2
810443,0
810457,2
810473,0
810487,0
810493,2
810503,0
810517,2
810533,2
810539,0
810541,0
810547,0
810553,0
810571,2
810581,0
810583,2
810587,0
810643,2
810653,0
810659,2
810671,0
810697,0
810737,0
810757,0
810763,0
810769,6
810791,2
810809,0
810839,0
810853,2
810871,0
810881,0
810893,2
810907,0
810913,0
810923,0
810941,0
810949,2
810961,0
810967,2
810973,4
810989,2
811037,0
811039,0
811067,2
811081,2
811099,0
811123,8
811127,2
811147,0
811157,0
811163,2
811171,0
811183,0
811193,0
811199,2
811207,0
811231,6
811241,0
811253,2
811259,8
811273,0
811277,2
811289,2
811297,0
811337,0
811351,2
811379,2
811387,6
811411,0
811429,0
811441,2
811457,0
811469,4
811493,2
811501,2
811511,0
811519,6
811523,0
811553,2
811561,0
811583,0
811607,4
811619,0
811627,2
811637,0
811649,0
811651,2
811667,0
811691,0
811697,0
811703,6
811709,0
811729,2
811747,2
811753,2
811757,4
811763,0
811771,2
811777,0
811799,2
811819,2
811861,0
811871,2
811879,0
811897,0
811919,0
811931,0
811933,0
811957,2
811961,0
811981,2
811991,0
811997,2
812011,0
812033,0
812047,0
812051,4
812057,2
812081,0
812101,0
812129,2
812137,4
812167,0
812173,2
812179,2
812183,0
812191,2
812213,0
812221,0
812233,0
812249,0
812257,2
812267,4
812281,4
812297,0
812299,0
812309,0
812341,0
812347,2
812351,2
812353,2
812359,2
812363,0
812381,0
812387,0
812393,0
812401,2
812431,0
812443,2
812467,0
812473,0
812477,0
812491,2
812501,0
812503,0
812519,2
812527,2
812587,2
812597,2
812599,4
812627,0
812633,2
812639,2
812641,2
812671,2
812681,0
812689,2
812699,0
812701,4
812711,0
812717,0
812731,0
812759,0
812761,0
812807,0
812849,0
812857,0
812869,2
812921,2
812939,0
812963,0
812969,0
813013,2
813017,0
813023,4
813041,0
813049,0
813061,0
813083,2
813089,0
813091,0
813097,0
813107,4
813121,2
813133,0
813157,0
813167,0
813199,2
813203,0
813209,2
813217,0
813221,2
813227,2
813251,0
813269,2
813277,0
813283,2
813287,0
813299,0
813301,0
813311,0
813343,4
813361,2
813367,2
813377,0
813383,0
813401,0
813419,0
813427,0
813443,0
813493,2
813499,2
813503,0
813511,2
813529,2
813541,2
813559,0
813577,2
813583,4
813601,2
813613,0
813623,4
813647,0
813677,0
813697,4
813707,0
813721,2
813749,2
813767,0
813797,0
813811,6
813817,0
813829,2
813833,0
813847,0
813863,2
813871,0
813893,0
813907,2
813931,0
813961,0
813971,0
813991,2
813997,0
814003,0
814007,0
814013,4
814019,2
814031,2
814043,0
814049,0
814061,2
814063,0
814067,2
814069,0
814081,0
814097,0
814127,4
814129,2
814139,0
814171,0
814183,2
814193,0
814199,0
814211,0
814213,0
814237,0
814241,4
814243,0
814279,2
814309,2
814327,0
814337,0
814367,0
814379,2
814381,0
814393,2
814399,0
814403,0
814423,6
814447,2
814469,0
814477,0
814493,0
814501,0
814531,0
814537,4
814543,0
814559,2
814577,0
814579,0
814601,2
814603,2
814609,2
814631,0
814633,0
814643,0
814687,2
814699,0
814717,2
814741,2
814747,2
814763,4
814771,0
814783,2
814789,2
814799,0
814823,0
814829,0
814841,2
814859,4
814873,4
814883,2
814889,0
814901,0
814903,0
814927,2
814937,0
814939,0
814943,4
814949,0
814991,0
815029,0
815033,6
815047,0
815053,0
815063,2
815123,0
815141,0
815149,0
815159,0
815173,0
815197,2
815209,2
815231,2
815251,0
815257,0
815261,0
815273,0
815279,2
815291,0
815317,4
815333,0
815341,4
815351,0
815389,0
815401,2
815411,0
815413,0
815417,0
815431,0
815453,0
815459,2
815471,0
815491,0
815501,0
815519,0
815527,0
815533,0
815539,0
815543,4
815569,0
815587,2
815599,2
815621,0
815623,2
815627,0
815653,0
815663,0
815669,2
815671,0
815681,0
815687,0
815693,0
815713,2
815729,2
815809,4
815819,2
815821,0
815831,0
815851,0
815869,4
815891,0
815897,2
815923,4
815933,0
815939,4
815953,2
815963,4
815977,2
815989,0
816019,0
816037,0
816043,0
816047,2
816077,0
816091,0
816103,0
816113,2
816121,2
816131,2
816133,0
816157,0
816161,0
816163,0
816169,2
816191,0
816203,0
816209,0
816217,4
816223,0
816227,0
816239,0
816251,0
816271,2
816317,2
816329,0
816341,0
816353,0
816367,0
816377,2
816401,0
816427,0
816443,0
816451,4
816469,0
816499,0
816521,0
816539,4
816547,0
816559,2
816581,0
816587,2
816589,0
816593,0
816649,0
816653,2
816667,0
816689,0
816691,0
816703,0
816709,2
816743,0
816763,2
816769,0
816779,0
816811,0
816817,0
816821,0
816839,0
816841,0
816847,2
816857,2
816859,0
816869,4
816883,0
816887,0
816899,2
816911,0
816917,0
816919,0
816929,2
816941,0
816947,2
816961,2
816971,2
817013,2
817027,0
817039,0
817049,6
817051,2
817073,2
817081,2
817087,2
817093,0
817111,0
817123,0
817127,0
817147,4
817151,0
817153,0
817163,0
817169,2
817183,6
817211,0
817237,2
817273,0
817277,2
817279,0
817291,2
817303,4
817319,0
817321,4
817331,4
817337,4
817357,0
817379,2
817403,0
817409,2
817433,0
817457,0
817463,0
817483,2
817519,0
817529,2
817549,0
817561,4
817567,4
817603,2
817637,2
817651,0
817669,4
817679,0
817697,2
817709,0
817711,0
817721,0
817723,0
817727,0
817757,2
817769,0
817777,0
817783,2
817787,0
817793,4
817823,0
817837,0
817841,2
817867,4
817871,0
817877,0
817889,2
817891,0
817897,2
817907,0
817913,0
817919,2
817933,0
817951,0
817979,2
817987,2
818011,0
818017,0
818021,4
818093,0
818099,2
818101,0
818113,4
818123,4
818143,0
818171,0
818173,2
818189,0
818219,2
818231,0
818239,2
818249,2
818281,0
818287,0
818291,2
818303,0
818309,0
818327,0
818339,2
818341,0
818347,0
818353,0
818359,2
818371,0
818383,4
818393,0
818399,0
818413,2
818429,2
818453,2
818473,2
818509,0
818561,0
818569,0
818579,0
818581,0
818603,0
818621,2
818659,2
818683,2
818687,0
818689,0
818707,0
818717,0
818723,0
818813,0
818819,0
818821,4
818827,0
818837,2
818887,0
818897,0
818947,0
818959,0
818963,0
818969,0
818977,0
818999,2
819001,0
819017,0
819029,2
819031,0
819037,0
819061,0
819073,0
819083,4
819101,0
819131,2
819149,2
819157,2
819167,0
819173,0
819187,0
819229,0
819239,0
819241,0
819251,2
819253,0
819263,2
819271,0
819289,0
819307,2
819311,0
819317,2
819319,0
819367,2
819373,0
819389,0
819391,2
819407,2
819409,0
819419,2
819431,0
819437,0
819443,2
819449,4
819457,4
819463,0
819473,0
819487,4
819491,0
819493,4
819499,0
819503,0
819509,0
819523,0
819563,2
819583,4
819593,0
819607,0
819617,2
819619,0
819629,0
819647,2
819653,0
819659,0
819673,0
819691,0
819701,0
819719,0
819737,0
819739,0
819761,0
819769,8
819773,0
819781,2
819787,2
819799,0
819811,0
819823,4
819827,0
819829,0
819853,0
819899,0
819911,2
819913,0
819937,0
819943,0
819977,0
819989,0
819991,4
820037,0
820051,2
820067,0
820073,0
820093,0
820109,2
820117,0
820129,0
820133,2
820163,4
820177,0
820187,2
820201,0
820213,2
820223,4
820231,4
820241,2
820243,0
820247,2
820271,0
820273,4
820279,0
820319,2
820321,0
820331,2
820333,4
820343,0
820349,0
820361,0
820367,0
820399,0
820409,0
820411,0
820427,2
820429,4
820441,0
820459,2
820481,2
820489,2
820537,2
820541,2
820559,2
820577,0
820597,0
820609,0
820619,0
820627,0
820637,2
820643,0
820649,4
820657,2
820679,4
820681,2
820691,0
820711,0
820723,0
820733,0
820747,2
820753,0
820759,0
820763,0
820789,0
820793,0
820837,2
820873,0
820891,0
820901,0
820907,0
820909,0
820921,0
820927,6
820957,0
820969,2
820991,0
820997,2
821003,0
821027,0
821039,0
821053,0
821057,2
821063,0
821069,0
821081,2
821089,0
821099,2
821101,6
821113,0
821131,0
821143,0
821147,0
821153,4
821167,4
821173,0
821207,2
821209,0
821263,0
821281,0
821291,0
821297,0
821311,0
821329,0
821333,2
821377,0
821383,0
821411,0
821441,0
821449,0
821459,0
821461,0
821467,0
821477,0
821479,0
821489,0
821497,0
821507,4
821519,2
821551,0
821573,2
821603,0
821641,2
821647,0
821651,2
821663,0
821677,0
821741,2
821747,0
821753,4
821759,0
821771,0
821801,0
821803,0
821809,0
821819,0
821827,0
821833,0
821851,2
821857,0
821861,2
821869,2
821879,2
821897,2
821911,0
821939,0
821941,0
821971,0
821993,0
821999,0
822007,0
822011,4
822013,0
822037,4
822049,2
822067,0
822079,2
822113,0
822131,0
822139,2
822161,0
822163,0
822167,0
822169,6
822191,0
822197,2
822221,0
822223,0
822229,0
822233,2
822253,2
822259,2
822277,2
822293,2
822299,0
822313,2
822317,0
822323,0
822329,2
822343,4
822347,6
822361,0
822379,4
822383,0
822389,0
822391,0
822407,2
822431,0
822433,0
822517,2
822539,2
822541,0
822551,0
822553,2
822557,4
822571,0
822581,0
822587,0
822589,2
822599,0
822607,0
822611,0
822631,6
822667,0
822671,2
822673,2
822683,4
822691,2
822697,0
822713,0
822721,0
822727,2
822739,0
822743,2
822761,0
822763,0
822781,0
822791,0
822793,0
822803,2
822821,2
822823,0
822839,0
822853,0
822881,2
822883,0
822889,0
822893,0
822901,0
822907,2
822949,2
822971,0
822973,0
822989,0
823001,0
823003,2
823013,0
823033,0
823051,0
823117,0
823127,0
823129,0
823153,2
823169,0
823177,0
823183,2
823201,2
823219,2
823231,6
823237,2
823241,0
823243,2
823261,0
823271,0
823283,2
823309,0
823337,0
823349,0
823351,4
823357,2
823373,2
823399,2
823421,0
823447,4
823451,2
823457,4
823481,0
823483,0
823489,0
823499,0
823519,0
823541,0
823547,2
823553,0
823573,0
823591,4
823601,2
823619,0
823621,0
823637,0
823643,4
823651,4
823663,0
823679,0
823703,0
823709,4
823717,0
823721,2
823723,0
823727,0
823729,0
823741,2
823747,0
823759,0
823777,0
823787,0
823789,0
823799,2
823819,0
823829,0
823831,0
823841,0
823843,0
823877,2
823903,2
823913,4
823961,4
823967,0
823969,0
823981,0
823993,2
823997,2
824017,2
824029,0
824039,0
824063,2
824069,2
824077,4
824081,0
824099,0
824123,0
824137,4
824147,6
824179,0
824183,8
824189,2
824191,0
824227,0
824231,0
824233,4
824269,0
824281,2
824287,0
824339,0
824393,4
824399,0
824401,2
824413,2
824419,4
824437,0
824443,0
824459,2
824477,4
824489,0
824497,2
824501,0
824513,2
824531,0
824539,0
824563,2
824591,0
824609,0
824641,4
824647,2
824651,0
824669,2
824671,2
824683,0
824699,2
824701,2
824723,0
824741,2
824749,0
824753,6
824773,0
824777,0
824779,0
824801,0
824821,2
824833,4
824843,0
824861,0
824893,2
824899,0
824911,2
824921,0
824933,2
824939,2
824947,0
824951,0
824977,0
824981,0
824983,4
825001,0
825007,0
825017,0
825029,2
825047,0
825049,0
825059,0
825067,0
825073,0
825101,2
825107,2
825109,0
825131,0
825161,0
825191,0
825193,2
825199,0
825203,0
825229,2
825241,6
825247,0
825259,0
825277,4
825281,4
825283,0
825287,6
825301,2
825329,2
825337,0
825343,0
825347,0
825353,2
825361,4
825389,0
825397,0
825403,2
825413,0
825421,0
825439,0
825443,0
825467,0
825479,0
825491,4
825509,0
825527,0
825533,2
825547,0
825551,0
825553,2
825577,0
825593,0
825611,0
825613,2
825637,0
825647,2
825661,2
825679,0
825689,0
825697,0
825701,0
825709,2
825733,0
825739,0
825749,0
825763,0
825779,0
825791,2
825821,0
825827,0
825829,0
825857,0
825883,0
825889,0
825919,0
825947,0
825959,2
825961,0
825971,0
825983,0
825991,2
825997,4
826019,0
826037,2
826039,2
826051,0
826061,0
826069,0
826087,2
826093,0
826097,0
826129,0
826151,0
826153,4
826169,0
826171,0
826193,2
826201,0
826211,2
826271,0
826283,2
826289,2
826303,0
826313,2
826333,0
826339,4
826349,2
826351,0
826363,2
826379,0
826381,0
826391,2
826393,2
826403,0
826411,2
826453,2
826477,2
826493,0
826499,2
826541,4
826549,4
826559,2
826561,0
826571,0
826583,2
826603,0
826607,0
826613,0
826621,0
826663,0
826667,0
826669,4
826673,0
826681,0
826697,0
826699,0
826711,0
826717,0
826723,0
826729,2
826753,2
826759,0
826783,0
826799,2
826807,0
826811,0
826831,2
826849,0
826867,0
826879,0
826883,4
826907,4
826921,2
826927,4
826939,0
826957,0
826963,0
826967,0
826979,0
826997,0
827009,0
827023,2
827039,0
827041,2
827063,0
827087,0
827129,0
827131,6
827143,0
827147,2
827161,4
827213,2
827227,0
827231,0
827251,0
827269,0
827293,2
827303,4
827311,2
827327,2
827347,2
827369,0
827389,0
827417,2
827423,2
827429,2
827443,0
827447,2
827461,0
827473,2
827501,0
827521,0
827537,0
827539,0
827549,0
827581,2
827591,2
827599,0
827633,2
827639,0
827677,2
827681,0
827693,2
827699,0
827719,2
827737,0
827741,2
827767,2
827779,0
827791,0
827803,0
827809,2
827821,2
827833,0
827837,2
827843,4
827851,0
827857,0
827867,2
827873,4
827899,4
827903,0
827923,0
827927,2
827929,0
827941,0
827969,0
827987,2
827989,0
828007,0
828011,0
828013,2
828029,0
828043,4
828059,0
828067,0
828071,2
828101,2
828109,2
828119,0
828127,0
828131,0
828133,2
828169,4
828199,2
828209,2
828221,0
828239,0
828277,0
828349,4
828361,0
828371,2
828379,4
828383,2
828397,6
828407,2
828409,0
828431,2
828449,2
828517,4
828523,0
828547,0
828557,0
828577,0
828587,2
828601,2
828637,2
828643,2
828649,0
828673,0
828677,0
828691,2
828697,2
828701,0
828703,0
828721,2
828731,0
828743,0
828757,0
828787,0
828797,0
828809,0
828811,6
828823,0
828829,2
828833,0
828859,0
828871,2
828881,0
828889,0
828899,0
828901,6
828917,0
828923,0
828941,2
828953,0
828967,0
828977,0
829001,2
829013,6
829057,0
829063,0
829069,2
829093,0
829097,0
829111,0
829121,0
829123,0
829151,0
829159,0
829177,0
829187,4
829193,4
829211,2
829223,4
829229,2
829237,2
829249,4
829267,2
829273,0
829289,0
829319,0
829349,4
829399,2
829453,0
829457,0
829463,0
829469,0
829501,2
829511,0
829519,2
829537,0
829547,0
829561,2
829601,0
829613,0
829627,2
829637,0
829639,0
829643,0
829657,0
829687,0
829693,0
829709,2
829721,0
829723,0
829727,4
829729,0
829733,0
829757,0
829789,0
829811,4
829813,2
829819,2
829831,2
829841,0
829847,2
829849,0
829867,2
829877,0
829883,0
829949,0
829967,2
829979,0
829987,2
829993,0
830003,0
830017,2
830041,0
830051,6
830099,0
830111,2
830117,0
830131,0
830143,0
830153,0
830173,2
830177,0
830191,2
830233,4
830237,0
830257,2
830267,0
830279,0
830293,0
830309,0
830311,2
830327,2
830329,2
830339,4
830341,0
830353,0
830359,2
830363,0
830383,0
830387,0
830411,0
830413,0
830419,0
830441,0
830447,2
830449,0
830477,2
830483,0
830497,0
830503,0
830513,0
830549,0
830551,2
830561,0
830567,0
830579,2
830587,2
830591,2
830597,0
830617,4
830639,2
830657,4
830677,2
830693,0
830719,4
830729,0
830741,0
830743,0
830777,2
830789,0
830801,0
830827,2
830833,0
830839,0
830849,0
830861,0
830873,2
830887,0
830891,0
830899,0
830911,0
830923,0
830939,0
830957,0
830981,0
830989,0
831023,0
831031,2
831037,2
831043,2
831067,0
831071,0
831073,0
831091,2
831109,0
831139,0
831161,4
831163,6
831167,2
831191,2
831217,0
831221,0
831239,0
831253,0
831287,2
831301,0
831323,2
831329,2
831361,4
831367,2
831371,0
831373,0
831407,2
831409,2
831431,0
831433,4
831437,0
831443,2
831461,0
831503,4
831529,0
831539,0
831541,2
831547,0
831553,2
831559,4
831583,0
831587,0
831599,0
831617,0
831619,0
831631,0
831643,0
831647,4
831653,0
831659,2
831661,0
831679,0
831683,0
831697,2
831707,2
831709,0
831713,6
831731,0
831739,2
831751,0
831757,0
831769,4
831781,0
831799,6
831811,0
831821,0
831829,0
831847,0
831851,0
831863,2
831881,0
831889,0
831893,4
831899,0
831911,0
831913,0
831917,0
831967,0
831983,4
832003,0
832063,4
832079,0
832081,0
832103,0
832109,2
832121,0
832123,4
832129,0
832141,2
832151,2
832157,2
832159,0
832189,0
832211,0
832217,2
832253,0
832291,0
832297,2
832309,4
832327,2
832331,2
832339,0
832361,2
832367,4
832369,0
832373,0
832379,0
832399,0
832411,2
832421,4
832427,0
832451,0
832457,2
832477,0
832483,2
832487,0
832493,2
832499,2
832519,2
832583,4
832591,8
832597,2
832607,0
832613,0
832621,2
832627,0
832631,0
832633,0
832639,0
832673,0
832679,2
832681,2
832687,2
832693,0
832703,0
832709,0
832717,2
832721,0
832729,4
832747,0
832757,4
832763,2
832771,2
832787,2
832801,6
832837,0
832841,0
832861,0
832879,2
832883,0
832889,2
832913,0
832919,0
832927,2
832933,0
832943,0
832957,0
832963,2
832969,0
832973,2
832987,2
833009,2
833023,0
833033,2
833047,0
833057,2
833099,0
833101,2
833117,0
833171,0
833177,2
833179,0
833191,2
833197,0
833201,0
833219,0
833251,2
833269,0
833281,0
833293,0
833299,0
833309,0
833347,4
833353,4
833363,0
833377,0
833389,0
833429,0
833449,2
833453,0
833461,0
833467,2
833477,2
833479,0
833491,2
833509,2
833537,2
833557,2
833563,0
833593,0
833597,2
833617,4
833633,0
833659,2
833669,0
833689,2
833711,2
833713,0
833717,2
833719,2
833737,2
833747,2
833759,2
833783,0
833801,4
833821,0
833839,0
833843,0
833857,0
833873,0
833887,0
833893,0
833897,0
833923,4
833927,0
833933,2
833947,0
833977,2
833999,0
834007,0
834013,0
834023,0
834059,2
834107,0
834131,0
834133,2
834137,0
834143,2
834149,0
834151,0
834181,2
834199,0
834221,0
834257,0
834259,4
834269,2
834277,0
834283,0
834287,0
834299,2
834311,0
834341,0
834367,2
834433,4
834439,2
834469,0
834487,2
834497,0
834503,0
834511,2
834523,2
834527,2
834569,0
834571,2
834593,0
834599,2
834607,0
834611,2
834623,2
834629,0
834641,0
834643,0
834653,0
834671,0
834703,0
834709,2
834721,2
834761,0
834773,2
834781,0
834787,0
834797,2
834809,0
834811,0
834829,4
834857,0
834859,2
834893,2
834913,2
834941,0
834947,2
834949,0
834959,0
834961,0
834983,0
834991,0
835001,2
835013,0
835019,0
835033,0
835039,0
835097,0
835099,0
835117,0
835123,2
835139,2
835141,0
835207,2
835213,0
835217,0
835249,0
835253,2
835271,2
835313,2
835319,0
835321,4
835327,2
835369,0
835379,4
835391,2
835399,2
835421,0
835427,0
835441,2
835451,2
835453,0
835459,0
835469,0
835489,4
835511,0
835531,0
835553,0
835559,0
835591,0
835603,0
835607,4
835609,0
835633,0
835643,0
835661,4
835663,0
835673,0
835687,0
835717,2
835721,0
835733,0
835739,2
835759,0
835789,0
835811,0
835817,2
835819,0
835823,0
835831,2
835841,0
835847,0
835859,0
835897,4
835909,2
835927,0
835931,0
835937,0
835951,0
835957,2
835973,0
835979,0
835987,0
835993,2
835997,2
836047,0
836063,0
836071,0
836107,4
836117,0
836131,0
836137,0
836149,0
836153,0
836159,2
836161,0
836183,2
836189,0
836191,0
836203,2
836219,0
836233,0
836239,0
836243,0
836267,0
836291,0
836299,2
836317,2
836327,0
836347,0
836351,2
836369,0
836377,2
836387,0
836413,0
836449,2
836471,2
836477,2
836491,2
836497,2
836501,0
836509,0
836567,2
836569,0
836573,2
836609,0
836611,2
836623,0
836657,2
836663,0
836677,0
836683,0
836699,0
836701,2
836707,2
836713,0
836729,2
836747,0
836749,2
836753,0
836761,0
836789,0
836807,0
836821,0
836833,0
836839,4
836861,0
836863,0
836873,0
836879,0
836881,2
836917,0
836921,4
836939,0
836951,0
836971,0
837017,0
837043,0
837047,0
837059,2
837071,0
837073,2
837077,0
837079,0
837107,2
837113,2
837139,0
837149,0
837157,0
837191,2
837203,2
837257,2
837271,0
837283,4
837293,2
837307,2
837313,0
837359,0
837367,0
837373,2
837377,2
837379,0
837409,2
837413,2
837439,2
837451,0
837461,4
837467,0
837497,0
837503,0
837509,2
837521,2
837533,0
837583,4
837601,0
837611,0
837619,0
837631,0
837659,0
837667,0
837673,2
837677,0
837679,0
837721,0
837731,0
837737,0
837773,2
837779,2
837797,0
837817,0
837833,0
837847,2
837853,2
837887,0
837923,2
837929,2
837931,2
837937,0
837943,0
837979,0
838003,0
838021,2
838037,4
838039,0
838043,2
838063,2
838069,0
838091,2
838093,0
838099,0
838133,2
838139,0
838141,6
838153,4
838157,0
838169,0
838171,0
838193,0
838207,0
838247,0
838249,0
838349,0
838351,2
838363,2
838367,2
838379,2
838391,0
838393,2
838399,8
838403,2
838421,0
838429,0
838441,0
838447,4
838459,0
838463,0
838471,2
838483,0
838517,0
838547,2
838553,0
838561,0
838571,0
838583,0
838589,2
838597,0
838601,0
838609,0
838613,2
838631,2
838633,0
838657,0
838667,2
838687,0
838693,0
838711,0
838751,0
838757,0
838769,4
838771,2
838777,0
838781,0
838807,0
838813,0
838837,0
838853,0
838889,0
838897,0
838909,0
838913,0
838919,2
838927,0
838931,4
838939,0
838949,0
838951,0
838963,2
838969,0
838991,2
838993,0
839009,0
839029,2
839051,0
839071,2
839087,0
839117,2
839131,0
839161,2
839203,6
839207,2
839221,4
839227,2
839261,0
839269,0
839303,0
839323,0
839327,0
839351,0
839353,2
839369,4
839381,0
839413,0
839429,0
839437,0
839441,2
839453,0
839459,0
839471,2
839473,2
839483,0
839491,2
839497,0
839519,0
839539,0
839551,0
839563,0
839599,2
839603,0
839609,0
839611,0
839617,0
839621,0
839633,0
839651,4
839653,2
839669,0
839693,4
839723,0
839731,2
839767,4
839771,4
839791,2
839801,0
839809,4
839831,2
839837,4
839873,2
839879,0
839887,0
839897,2
839899,0
839903,0
839911,0
839921,4
839957,0
839959,0
839963,0
839981,0
839999,0
840023,0
840053,2
840061,0
840067,0
840083,6
840109,0
840137,0
840139,0
840149,2
840163,0
840179,6
840181,2
840187,2
840197,2
840223,0
840239,0
840241,2
840253,2
840269,2
840277,2
840289,2
840299,2
840319,2
840331,0
840341,0
840347,0
840353,0
840439,2
840451,2
840457,2
840467,0
840473,2
840479,0
840491,2
840523,2
840547,0
840557,0
840571,2
840589,2
840601,0
840611,0
840643,4
840661,0
840683,0
840703,0
840709,6
840713,0
840727,0
840733,2
840743,2
840757,0
840761,2
840767,2
840817,0
840821,0
840823,0
840839,0
840841,0
840859,2
840863,4
840907,2
840911,2
840923,0
840929,4
840941,4
840943,0
840967,0
840979,0
840989,0
840991,0
841003,2
841013,2
841019,0
841021,0
841063,0
841069,0
841079,0
841081,0
841091,0
841097,2
841103,4
841147,0
841157,0
841189,0
841193,0
841207,0
841213,0
841219,0
841223,0
841231,0
841237,0
841241,0
841259,0
841273,0
841277,4
841283,2
841289,0
841297,0
841307,0
841327,2
841333,0
841349,0
841369,2
841391,0
841397,2
841411,4
841427,0
841447,2
841457,0
841459,0
841541,0
841549,0
841559,0
841573,2
841597,0
841601,0
841637,0
841651,2
841661,0
841663,2
841691,0
841697,0
841727,2
841741,0
841751,2
841793,0
841801,0
841849,0
841859,2
841873,2
841879,4
841889,2
841913,2
841921,0
841927,0
841931,0
841933,0
841979,8
841987,0
842003,2
842021,2
842041,0
842047,0
842063,0
842071,0
842077,0
842081,0
842087,2
842089,0
842111,0
842113,0
842141,0
842147,2
842159,2
842161,0
842167,0
842173,0
842183,4
842203,0
842209,0
842249,2
842267,0
842279,2
842291,0
842293,0
842311,0
842321,0
842323,0
842339,0
842341,0
842351,0
842353,0
842371,2
842383,4
842393,2
842399,0
842407,0
842417,2
842419,2
842423,0
842447,0
842449,2
842473,2
842477,0
842483,0
842489,0
842497,0
842507,0
842519,0
842521,0
842531,0
842551,2
842581,2
842587,0
842599,2
842617,0
842623,4
842627,0
842657,2
842701,2
842729,2
842747,4
842759,2
842767,0
842771,0
842791,4
842801,0
842813,0
842819,0
842857,0
842869,0
842879,0
842887,6
842923,2
842939,2
842951,2
842957,0
842969,0
842977,0
842981,2
842987,0
842993,0
843043,4
843067,0
843079,2
843091,0
843103,2
843113,2
843127,2
843131,0
843137,0
843173,0
843179,0
843181,2
843209,2
843211,2
843229,0
843253,0
843257,2
843289,0
843299,0
843301,0
843307,0
843331,2
843347,2
843361,0
843371,0
843377,2
843379,0
843383,4
843397,0
843443,2
843449,0
843457,2
843461,0
843473,0
843487,0
843497,0
843503,0
843527,2
843539,0
843553,0
843559,4
843587,4
843589,0
843607,0
843613,0
843629,2
843643,0
843649,0
843677,0
843679,2
843701,2
843737,2
843757,2
843763,0
843779,0
843781,0
843793,0
843797,0
843811,0
843823,0
843833,0
843841,6
843881,2
843883,0
843889,0
843901,2
843907,4
843911,0
844001,0
844013,0
844043,0
844061,2
844069,0
844087,0
844093,2
844111,0
844117,2
844121,0
844127,0
844139,2
844141,0
844153,0
844157,4
844163,0
844183,0
844187,0
844199,0
844201,4
844243,0
844247,2
844253,0
844279,2
844289,0
844297,0
844309,0
844321,0
844351,2
844369,0
844421,0
844427,0
844429,2
844433,0
844439,0
844447,4
844453,2
844457,2
844463,0
844469,0
844483,0
844489,0
844499,0
844507,0
844511,0
844513,2
844517,2
844523,0
844549,0
844553,0
844601,0
844603,0
844609,0
844619,0
844621,0
844631,2
844639,2
844643,0
844651,2
844709,4
844717,4
844733,0
844757,2
844763,2
844769,2
844771,0
844777,0
844841,0
844847,0
844861,2
844867,0
844891,0
844897,0
844903,2
844913,0
844927,2
844957,0
844999,0
845003,2
845017,0
845021,0
845027,0
845041,0
845069,0
845083,0
845099,0
845111,0
845129,0
845137,4
845167,4
845179,2
845183,0
845197,0
845203,0
845209,2
845219,0
845231,2
845237,4
845261,2
845279,0
845287,0
845303,2
845309,0
845333,0
845347,0
845357,2
845363,0
845371,2
845381,0
845387,0
845431,2
845441,2
845447,0
845459,0
845489,0
845491,2
845531,0
845567,2
845599,2
845623,2
845653,2
845657,0
845659,2
845683,0
845717,0
845723,0
845729,0
845749,0
845753,0
845771,6
845777,0
845809,0
845833,4
845849,0
845863,0
845879,0
845881,2
845893,2
845909,2
845921,4
845927,2
845941,0
845951,0
845969,0
845981,0
845983,2
845987,2
845989,6
846037,2
846059,0
846061,0
846067,0
846113,0
846137,0
846149,0
846161,2
846179,0
846187,4
846217,2
846229,0
846233,2
846247,2
846259,0
846271,0
846323,2
846341,0
846343,2
846353,0
846359,0
846361,4
846383,4
846389,0
846397,0
846401,0
846403,0
846407,0
846421,0
846427,2
846437,4
846457,0
846487,0
846493,2
846499,0
846529,2
846563,0
846577,2
846589,0
846647,4
846661,0
846667,2
846673,0
846689,0
846721,0
846733,6
846739,2
846749,2
846751,0
846757,0
846779,2
846823,2
846841,0
846851,0
846869,2
846871,4
846877,2
846913,0
846917,0
846919,0
846931,0
846943,2
846949,0
846953,0
846961,0
846973,6
846977,0
846983,2
846997,0
847009,0
847031,0
847037,0
847043,4
847051,2
847069,0
847073,2
847079,4
847097,0
847103,0
847109,2
847129,0
847139,2
847151,2
847157,4
847163,0
847169,2
847193,4
847201,0
847213,0
847219,0
847237,0
847247,0
847271,0
847277,0
847279,0
847283,4
847309,0
847321,2
847339,6
847361,2
847367,0
847373,0
847393,2
847423,0
847453,0
847477,2
847493,0
847499,0
847507,0
847519,0
847531,2
847537,0
847543,2
847549,2
847577,0
847589,2
847601,0
847607,0
847621,6
847657,0
847663,0
847673,0
847681,2
847687,0
847697,2
847703,2
847727,0
847729,2
847741,2
847787,2
847789,0
847813,6
847817,0
847853,2
847871,2
847883,0
847901,0
847919,2
847933,0
847937,0
847949,0
847967,4
847969,2
847991,2
847993,4
847997,4
848017,0
848051,0
848087,2
848101,0
848119,4
848123,0
848131,0
848143,2
848149,0
848173,2
848201,0
848203,0
848213,0
848227,0
848251,2
848269,0
848273,2
848297,0
848321,2
848359,2
848363,2
848383,0
848387,2
848399,0
848417,0
848423,0
848429,0
848443,0
848461,0
848467,2
848473,0
848489,0
848531,0
848537,2
848557,0
848567,0
848579,2
848591,0
848593,0
848599,2
848611,2
848629,2
848633,0
848647,2
848651,2
848671,4
848681,0
848699,2
848707,4
848713,2
848737,0
848747,0
848761,6
848779,2
848789,2
848791,2
848797,0
848803,2
848807,0
848839,0
848843,0
848849,0
848851,0
848857,0
848879,2
848893,0
848909,2
848921,0
848923,0
848927,0
848933,2
848941,0
848959,0
848983,0
848993,0
849019,4
849047,0
849049,0
849061,2
849083,0
849097,0
849103,0
849119,2
849127,0
849131,0
849143,0
849161,4
849179,2
849197,6
849203,2
849217,0
849221,2
849223,0
849241,8
849253,6
849271,0
849301,4
849311,0
849347,0
849349,0
849353,2
849383,4
849391,0
849419,0
849427,0
849461,4
849467,0
849481,4
849523,2
849533,0
849539,6
849571,0
849581,2
849587,2
849593,0
849599,4
849601,2
849649,0
849691,2
849701,2
849703,0
849721,2
849727,0
849731,0
849733,0
849743,2
849763,0
849767,0
849773,0
849829,0
849833,0
849839,4
849857,2
849869,2
849883,0
849917,0
849923,4
849931,2
849943,0
849967,2
849973,0
849991,0
849997,2
850009,2
850021,0
850027,0
850033,2
850043,2
850049,0
850061,4
850063,0
850081,0
850093,2
850121,2
850133,2
850139,0
850147,0
850177,0
850181,2
850189,0
850207,2
850211,2
850229,0
850243,0
850247,2
850253,2
850261,2
850271,0
850273,0
850301,0
850303,0
850331,2
850337,0
850349,0
850351,2
850373,0
850387,2
850393,4
850397,2
850403,0
850417,2
850427,2
850433,4
850439,0
850453,0
850457,4
850481,2
850529,0
850537,4
850567,0
850571,2
850613,0
850631,0
850637,0
850673,0
850679,2
850691,0
850711,0
850727,2
850753,0
850781,2
850807,0
850823,0
850849,2
850853,0
850879,0
850891,0
850897,0
850933,2
850943,0
850951,4
850973,2
850979,4
851009,2
851017,0
851033,2
851041,2
851051,0
851057,2
851087,2
851093,0
851113,0
851117,4
851131,2
851153,2
851159,0
851171,2
851177,4
851197,4
851203,2
851209,0
851231,0
851239,4
851251,0
851261,0
851267,0
851273,0
851293,0
851297,0
851303,0
851321,0
851327,0
851351,4
851359,2
851363,0
851381,0
851387,0
851393,0
851401,0
851413,0
851419,2
851423,2
851449,0
851471,0
851491,2
851507,0
851519,4
851537,0
851549,2
851569,0
851573,0
851597,0
851603,0
851623,0
851633,2
851639,0
851647,0
851659,0
851671,0
851677,0
851689,0
851723,0
851731,4
851749,0
851761,0
851797,2
851801,2
851803,0
851813,0
851821,0
851831,2
851839,0
851843,2
851863,2
851881,0
851891,0
851899,4
851953,0
851957,2
851971,0
852011,0
852013,2
852031,0
852037,0
852079,4
852101,0
852121,0
852139,2
852143,0
852149,0
852151,2
852167,0
852179,2
852191,0
852197,4
852199,0
852211,2
852233,0
852239,2
852253,4
852259,0
852263,4
852287,2
852289,2
852301,2
852323,0
852347,0
852367,4
852391,0
852409,2
852427,2
852437,8
852457,0
852463,0
852521,4
852557,0
852559,2
852563,0
852569,0
852581,4
852583,0
852589,2
852613,0
852617,2
852623,0
852641,2
852661,0
852671,0
852673,0
852689,2
852749,4
852751,0
852757,0
852763,0
852769,2
852793,0
852799,0
852809,0
852827,2
852829,0
852833,0
852847,0
852851,2
852857,2
852871,0
852881,0
852889,4
852893,0
852913,0
852937,2
852953,0
852959,2
852989,2
852997,0
853007,0
853031,0
853033,2
853049,0
853057,0
853079,0
853091,4
853103,0
853123,0
853133,2
853159,0
853187,0
853189,2
853211,0
853217,2
853241,2
853283,4
853289,0
853291,2
853319,0
853339,0
853357,2
853387,0
853403,0
853427,2
853429,2
853439,2
853477,2
853481,2
853493,2
853529,2
853543,0
853547,4
853571,2
853577,0
853597,0
853637,0
853663,0
853667,0
853669,2
853687,0
853693,0
853703,0
853717,2
853733,0
853739,0
853759,2
853763,4
853793,4
853799,2
853807,2
853813,0
853819,0
853823,0
853837,0
853843,0
853873,2
853889,0
853901,2
853903,0
853913,2
853933,2
853949,0
853969,0
853981,2
853999,0
854017,0
854033,2
854039,4
854041,4
854047,2
854053,0
854083,0
854089,0
854093,0
854099,0
854111,2
854123,0
854129,0
854141,0
854149,2
854159,2
854171,0
854213,2
854257,0
854263,4
854299,0
854303,0
854323,0
854327,0
854333,2
854351,2
854353,2
854363,2
854383,0
854387,0
854407,2
854417,0
854419,0
854423,2
854431,0
854443,2
854459,2
854461,0
854467,6
854479,2
854527,2
854533,0
854569,0
854587,2
854593,0
854599,0
854617,2
854621,0
854629,2
854647,2
854683,0
854713,2
854729,4
854747,2
854771,2
854801,0
854807,2
854849,0
854869,0
854881,0
854897,0
854899,2
854921,0
854923,2
854927,0
854929,2
854951,2
854957,0
854963,0
854993,0
854999,0
855031,0
855059,0
855061,0
855067,0
855079,4
855089,0
855119,2
855131,0
855143,0
855187,0
855191,4
855199,0
855203,2
855221,2
855229,2
855241,0
855269,2
855271,0
855277,2
855293,0
855307,4
855311,4
855317,2
855331,0
855359,4
855373,2
855377,0
855391,2
855397,2
855401,0
855419,2
855427,4
855431,6
855461,2
855467,4
855499,2
855511,2
855521,2
855527,2
855581,0
855601,2
855607,0
855619,0
855641,0
855667,8
855671,0
855683,0
855697,0
855709,2
855713,4
855719,2
855721,0
855727,0
855731,0
855733,2
855737,2
855739,0
855781,0
855787,0
855821,2
855851,0
855857,0
855863,0
855887,4
855889,2
855901,0
855919,0
855923,0
855937,0
855947,2
855983,2
855989,2
855997,2
856021,0
856043,0
856057,0
856061,2
856073,2
856081,0
856099,0
856111,2
856117,0
856133,0
856139,2
856147,2
856153,2
856169,0
856181,2
856187,0
856213,4
856237,2
856241,0
856249,2
856277,0
856279,0
856301,0
856309,2
856333,2
856343,2
856351,2
856369,0
856381,0
856391,0
856393,0
856411,0
856417,2
856421,4
856441,0
856459,0
856469,2
856483,0
856487,0
856507,2
856519,2
856529,0
856547,0
856549,0
856553,0
856567,4
856571,2
856627,4
856637,0
856649,2
856693,0
856697,0
856699,0
856703,0
856711,0
856717,2
856721,0
856733,0
856759,0
856787,0
856789,0
856799,0
856811,0
856813,2
856831,0
856841,0
856847,0
856853,2
856897,0
856901,6
856903,0
856909,0
856927,0
856939,0
856943,0
856949,0
856969,4
856993,0
857009,0
857011,0
857027,0
857029,0
857039,2
857047,2
857053,2
857069,2
857081,0
857083,4
857099,0
857107,4
857137,2
857161,0
857167,0
857201,0
857203,2
857221,2
857249,0
857267,0
857273,2
857281,2
857287,0
857309,0
857321,0
857333,0
857341,0
857347,0
857357,0
857369,0
857407,2
857411,0
857419,0
857431,4
857453,0
857459,0
857471,2
857513,6
857539,0
857551,0
857567,0
857569,0
857573,0
857579,0
857581,0
857629,0
857653,0
857663,2
857669,2
857671,0
857687,6
857707,0
857711,0
857713,0
857723,0
857737,2
857741,0
857743,0
857749,4
857809,0
857821,0
857827,0
857839,0
857851,0
857867,0
857873,2
857897,0
857903,0
857929,4
857951,0
857953,0
857957,2
857959,2
857963,0
857977,0
857981,0
858001,2
858029,2
858043,2
858073,0
858083,2
858101,0
858103,2
858113,0
858127,0
858149,0
858161,0
858167,0
858217,6
858223,4
858233,0
858239,2
858241,0
858251,2
858259,0
858269,0
858281,0
858293,0
858301,2
858307,0
858311,0
858317,0
858373,4
858397,2
858427,0
858433,2
858457,2
858463,2
858467,2
858479,6
858497,0
858503,0
858527,2
858563,0
858577,2
858589,2
858623,0
858631,2
858673,4
858691,2
858701,0
858707,0
858709,2
858713,0
858749,0
858757,0
858763,2
858769,0
858787,0
858817,6
858821,0
858833,0
858841,0
858859,0
858877,0
858883,2
858899,0
858911,2
858919,0
858931,0
858943,0
858953,0
858961,0
858989,0
858997,4
859003,0
859031,2
859037,0
859049,0
859051,0
859057,0
859081,0
859091,0
859093,0
859109,0
859121,0
859181,4
859189,0
859213,4
859223,2
859249,2
859259,4
859267,0
859273,2
859277,0
859279,0
859297,0
859321,0
859361,0
859363,0
859373,2
859381,6
859393,2
859423,0
859433,2
859447,2
859459,0
859477,0
859493,2
859513,0
859553,0
859559,2
859561,0
859567,2
859577,0
859601,4
859603,0
859609,0
859619,4
859633,2
859657,4
859667,0
859669,0
859679,0
859681,0
859697,0
859709,0
859751,0
859783,0
859787,0
859799,0
859801,0
859823,0
859841,0
859849,0
859853,0
859861,0
859891,2
859913,0
859919,0
859927,2
859933,0
859939,0
859973,2
859981,0
859987,2
860009,0
860011,2
860029,0
860051,0
860059,2
860063,0
860071,4
860077,0
860087,4
860089,0
860107,2
860113,0
860117,2
860143,2
860239,0
860257,2
860267,6
860291,0
860297,0
860309,0
860311,0
860317,2
860323,2
860333,2
860341,0
860351,0
860357,4
860369,0
860381,0
860383,0
860393,0
860399,0
860413,4
860417,2
860423,2
860441,2
860479,2
860501,0
860507,0
860513,0
860533,2
860543,0
860569,0
860579,0
860581,0
860593,0
860599,2
860609,0
860623,0
860641,0
860647,2
860663,0
860689,0
860701,0
860747,0
860753,0
860759,0
860779,0
860789,0
860791,0
860809,0
860813,0
860819,0
860843,4
860861,0
860887,0
860891,0
860911,0
860917,2
860921,2
860927,4
860929,2
860939,2
860941,0
860957,0
860969,0
860971,0
861001,0
861013,2
861019,0
861031,2
861037,2
861043,0
861053,0
861059,0
861079,2
861083,0
861089,0
861109,0
861121,0
861131,2
861139,0
861163,0
861167,2
861191,0
861199,2
861221,0
861239,2
861293,0
861299,0
861317,0
861347,0
861353,0
861361,4
861391,0
861433,6
861437,0
861439,0
861491,0
861493,0
861499,4
861541,2
861547,2
861551,0
861559,0
861563,0
861571,0
861589,0
861599,0
861613,2
861617,2
861647,4
861659,0
861691,0
861701,0
861703,0
861719,0
861733,0
861739,0
861743,0
861761,0
861797,2
861799,0
861803,2
861823,0
861829,0
861853,2
861857,0
861871,4
861877,2
861881,0
861899,0
861901,4
861907,0
861929,0
861937,2
861941,0
861947,2
861977,2
861979,0
861997,4
862009,0
862013,0
862031,2
862033,0
862061,0
862067,0
862097,0
862117,2
862123,0
862129,0
862139,0
862157,0
862159,2
862171,0
862177,2
862181,0
862187,4
862207,2
862219,0
862229,0
862231,0
862241,2
862249,2
862259,0
862261,2
862273,2
862283,2
862289,0
862297,0
862307,0
862319,0
862331,0
862343,0
862369,2
862387,0
862397,0
862399,2
862409,0
862417,2
862423,0
862441,4
862447,0
862471,0
862481,0
862483,0
862487,0
862493,0
862501,0
862541,0
862553,0
862559,0
862567,0
862571,0
862573,2
862583,2
862607,2
862627,4
862633,2
862649,0
862651,2
862669,0
862703,2
862727,0
862739,0
862769,0
862777,0
862783,0
862789,0
862811,0
862819,0
862861,2
862879,0
862907,0
862909,0
862913,0
862919,2
862921,0
862943,0
862957,0
862973,6
862987,0
862991,2
862997,0
863003,0
863017,2
863047,0
863081,0
863087,4
863119,2
863123,0
863131,0
863143,0
863153,0
863179,0
863197,0
863231,2
863251,2
863279,0
863287,2
863299,2
863309,2
863323,4
863363,2
863377,2
863393,6
863479,4
863491,0
863497,2
863509,0
863521,0
863537,0
863539,0
863561,2
863593,4
863609,4
863633,0
863641,2
863671,0
863689,0
863693,0
863711,0
863729,0
863743,0
863749,2
863767,2
863771,0
863783,2
863801,2
863803,0
863833,0
863843,0
863851,0
863867,0
863869,0
863879,0
863887,0
863897,0
863899,0
863909,0
863917,2
863921,2
863959,2
863983,2
864007,0
864011,0
864013,0
864029,0
864037,0
864047,0
864049,0
864053,0
864077,0
864079,2
864091,0
864103,2
864107,2
864119,2
864121,0
864131,2
864137,0
864151,0
864167,4
864169,0
864191,0
864203,0
864211,2
864221,0
864223,2
864251,0
864277,2
864289,0
864299,0
864301,2
864307,0
864319,4
864323,0
864341,0
864359,0
864361,0
864379,0
864407,0
864419,4
864427,2
864439,2
864449,0
864491,2
864503,2
864509,0
864511,2
864533,2
864541,0
864551,0
864581,4
864583,2
864587,2
864613,2
864623,0
864629,2
864631,2
864641,0
864673,0
864679,0
864691,2
864707,0
864733,0
864737,0
864757,2
864781,2
864793,0
864803,4
864811,0
864817,0
864883,2
864887,0
864901,4
864911,4
864917,2
864947,0
864953,0
864959,2
864967,0
864979,0
864989,2
865001,2
865003,0
865043,0
865049,2
865057,0
865061,2
865069,0
865087,0
865091,0
865103,0
865121,0
865153,0
865159,0
865177,0
865201,2
865211,2
865213,0
865217,0
865231,2
865247,0
865253,2
865259,0
865261,2
865301,0
865307,4
865313,2
865321,0
865327,0
865339,0
865343,0
865349,0
865357,0
865363,0
865379,4
865409,2
865457,0
865477,0
865481,0
865483,0
865493,0
865499,2
865511,0
865537,0
865577,2
865591,4
865597,0
865609,4
865619,2
865637,0
865639,0
865643,2
865661,0
865681,0
865687,2
865717,0
865721,2
865729,4
865741,0
865747,2
865751,0
865757,0
865769,6
865771,0
865783,0
865801,0
865807,0
865817,0
865819,0
865829,0
865847,2
865859,0
865867,2
865871,2
865877,2
865889,0
865933,0
865937,0
865957,0
865979,2
865993,2
866003,0
866009,2
866011,0
866029,2
866051,0
866053,0
866057,0
866081,0
866083,2
866087,2
866093,0
866101,4
866119,2
866123,2
866161,2
866183,2
866197,0
866213,2
866221,2
866231,0
866279,0
866293,4
866309,0
866311,0
866329,2
866353,0
866389,0
866399,0
866417,2
866431,2
866443,2
866461,0
866471,0
866477,0
866513,0
866519,0
866573,2
866581,0
866623,0
866629,0
866639,2
866641,0
866653,0
866683,0
866689,0
866693,2
866707,0
866713,0
866717,2
866737,0
866743,0
866759,0
866777,2
866783,4
866819,0
866843,0
866849,0
866851,0
866857,2
866869,4
866909,0
866917,0
866927,2
866933,0
866941,0
866953,6
866963,0
866969,0
867001,0
867007,0
867011,4
867023,2
867037,0
867059,2
867067,0
867079,6
867091,2
867121,2
867131,2
867143,2
867151,2
867161,0
867173,0
867203,0
867211,2
867227,0
867233,2
867253,2
867257,2
867259,0
867263,0
867271,2
867281,0
867301,2
867319,0
867337,0
867343,0
867371,2
867389,0
867397,6
867401,0
867409,0
867413,0
867431,0
867443,0
867457,0
867463,4
867467,0
867487,0
867509,2
867511,4
867541,0
867547,0
867553,2
867563,2
867571,2
867577,2
867589,2
867617,0
867619,0
867623,4
867631,0
867641,2
867653,0
867677,2
867679,0
867689,0
867701,0
867719,0
867733,0
867743,2
867773,0
867781,0
867793,0
867803,0
867817,2
867827,0
867829,0
867857,0
867871,2
867887,4
867913,2
867943,0
867947,2
867959,2
867991,2
868019,0
868033,4
868039,2
868051,0
868069,0
868073,0
868081,0
868103,2
868111,0
868121,0
868123,0
868151,0
868157,2
868171,0
868177,0
868199,2
868211,0
868229,2
868249,2
868267,0
868271,4
868277,2
868291,0
868313,2
868327,4
868331,0
868337,0
868349,0
868369,0
868379,2
868381,0
868397,0
868409,0
868423,0
868451,0
868453,0
868459,0
868487,0
868489,2
868493,2
868529,0
868531,2
868537,0
868559,0
868561,2
868577,0
868583,0
868603,0
868613,2
868639,4
868663,0
868669,0
868691,0
868697,2
868727,2
868739,4
868741,0
868771,0
868783,0
868787,0
868793,0
868799,0
868801,2
868817,2
868841,2
868849,0
868867,0
868873,2
868877,2
868883,0
868891,2
868909,0
868937,2
868939,0
868943,2
868951,0
868957,2
868993,0
868997,0
868999,0
869017,0
869021,0
869039,0
869053,0
869059,0
869069,0
869081,0
869119,0
869131,0
869137,0
869153,0
869173,2
869179,0
869203,0
869233,2
869249,0
869251,0
869257,2
869273,0
869291,4
869293,0
869299,0
869303,0
869317,0
869321,0
869339,4
869369,0
869371,0
869381,0
869399,0
869413,0
869419,4
869437,2
869443,0
869461,2
869467,0
869471,0
869489,2
869501,2
869521,0
869543,0
869551,2
869563,0
869579,0
869587,0
869597,0
869599,2
869657,0
869663,4
869683,0
869689,2
869707,4
869717,0
869747,0
869753,2
869773,4
869777,2
869779,0
869807,0
869809,2
869819,0
869849,2
869863,0
869879,0
869887,4
869893,4
869899,0
869909,2
869927,0
869951,0
869959,2
869983,0
869989,0
870007,2
870013,2
870031,0
870047,2
870049,4
870059,2
870083,0
870097,0
870109,4
870127,2
870131,2
870137,0
870151,0
870161,2
870169,0
870173,0
870197,2
870211,2
870223,0
870229,0
870239,0
870241,0
870253,4
870271,0
870283,0
870301,0
870323,0
870329,0
870341,2
870367,0
870391,0
870403,4
870407,2
870413,2
870431,2
870433,2
870437,0
870461,2
870479,0
870491,2
870497,2
870517,0
870533,0
870547,2
870577,0
870589,0
870593,2
870601,0
870613,2
870629,0
870641,2
870643,0
870679,0
870691,4
870703,0
870731,2
870739,0
870743,0
870773,2
870787,0
870809,4
870811,0
870823,0
870833,2
870847,2
870853,2
870871,2
870889,2
870901,0
870907,0
870911,0
870917,0
870929,0
870931,2
870953,4
870967,4
870977,2
870983,0
870997,2
871001,0
871021,0
871027,0
871037,0
871061,0
871103,0
871147,0
871159,2
871163,0
871177,2
871181,2
871229,0
871231,0
871249,0
871259,2
871271,2
871289,2
871303,0
871337,2
871349,0
871393,0
871439,0
871459,0
871463,0
871477,0
871513,0
871517,2
871531,0
871553,0
871571,0
871589,0
871597,2
871613,0
871621,0
871639,0
871643,0
871649,0
871657,0
871679,0
871681,0
871687,0
871727,0
871763,0
871771,0
871789,2
871817,0
871823,0
871837,0
871867,4
871883,0
871901,0
871919,0
871931,0
871957,0
871963,2
871973,0
871987,0
871993,0
872017,0
872023,2
872033,0
872041,0
872057,0
872071,6
872077,0
872089,2
872099,0
872107,0
872129,4
872141,2
872143,0
872149,0
872159,2
872161,0
872173,2
872177,2
872189,0
872203,0
872227,0
872231,0
872237,2
872243,0
872251,2
872257,2
872269,0
872281,2
872317,0
872323,0
872351,0
872353,2
872369,0
872381,2
872383,0
872387,0
872393,0
872411,0
872419,0
872429,0
872437,2
872441,0
872453,0
872471,0
872477,2
872479,2
872533,2
872549,4
872561,0
872563,0
872567,0
872587,0
872609,4
872611,0
872621,0
872623,2
872647,0
872657,2
872659,0
872671,0
872687,0
872731,0
872737,0
872747,0
872749,0
872761,2
872789,0
872791,4
872843,0
872863,0
872923,0
872947,2
872951,2
872953,4
872959,2
872999,4
873017,4
873043,0
873049,0
873073,2
873079,0
873083,0
873091,0
873109,0
873113,2
873121,0
873133,0
873139,0
873157,0
873209,0
873247,2
873251,0
873263,2
873293,0
873317,2
873319,2
873331,2
873343,0
873349,0
873359,6
873403,0
873407,0
873419,0
873421,2
873427,0
873437,0
873461,0
873463,2
873469,0
873497,4
873527,6
873529,0
873539,0
873541,0
873553,0
873569,2
873571,0
873617,0
873619,2
873641,0
873643,0
873659,0
873667,0
873671,6
873689,0
873707,2
873709,0
873721,0
873727,0
873739,0
873767,2
873773,4
873781,0
873787,4
873863,0
873877,0
873913,0
873959,0
873979,0
873989,0
873991,2
874001,0
874009,2
874037,0
874063,0
874087,0
874091,4
874099,2
874103,0
874109,0
874117,2
874121,2
874127,2
874151,0
874193,0
874213,0
874217,0
874229,0
874249,0
874267,0
874271,0
874277,2
874301,0
874303,2
874331,2
874337,2
874343,2
874351,0
874373,0
874387,0
874397,2
874403,0
874409,0
874427,2
874457,4
874459,2
874477,2
874487,0
874537,0
874543,0
874547,0
874567,2
874583,0
874597,0
874619,0
874637,0
874639,0
874651,0
874661,0
874673,0
874681,4
874693,0
874697,2
874711,2
874721,0
874723,0
874729,0
874739,2
874763,2
874771,2
874777,4
874799,2
874807,0
874813,2
874823,0
874831,0
874847,4
874859,4
874873,0
874879,2
874889,0
874891,2
874919,2
874957,0
874967,0
874987,2
875011,2
875027,0
875033,0
875089,2
875107,2
875113,0
875117,0
875129,0
875141,2
875183,2
875201,4
875209,0
875213,2
875233,0
875239,2
875243,0
875261,4
875263,2
875267,2
875269,2
875297,0
875299,0
875317,0
875323,0
875327,2
875333,0
875339,0
875341,0
875363,0
875377,0
875389,0
875393,0
875417,2
875419,2
875429,4
875443,0
875447,0
875477,2
875491,0
875503,2
875509,2
875513,0
875519,0
875521,0
875543,0
875579,2
875591,2
875593,4
875617,0
875621,0
875627,2
875629,2
875647,0
875659,0
875663,2
875681,2
875683,0
875689,0
875701,0
875711,0
875717,0
875731,0
875741,2
875759,0
875761,0
875773,0
875779,2
875783,2
875803,0
875821,0
875837,2
875851,2
875893,2
875923,0
875929,0
875933,0
875947,2
875969,0
875981,0
875983,0
876011,2
876013,2
876017,0
876019,0
876023,0
876041,2
876067,2
876077,0
876079,0
876097,4
876103,0
876107,0
876121,2
876131,2
876137,2
876149,0
876181,0
876191,0
876193,0
876199,2
876203,0
876229,0
876233,0
876257,0
876263,2
876287,2
876301,2
876307,0
876311,0
876329,0
876331,2
876341,4
876349,0
876371,2
876373,0
876431,4
876433,0
876443,4
876479,0
876481,2
876497,0
876523,0
876529,0
876569,4
876581,0
876593,2
876607,0
876611,0
876619,2
876643,0
876647,0
876653,2
876661,0
876677,0
876719,2
876721,0
876731,0
876749,4
876751,2
876761,4
876769,0
876787,0
876791,2
876797,0
876817,2
876823,0
876833,0
876851,0
876853,0
876871,0
876893,4
876913,0
876929,2
876947,2
876971,0
877003,0
877027,2
877043,0
877057,0
877073,4
877091,0
877109,4
877111,2
877117,2
877133,2
877169,2
877181,0
877187,0
877199,0
877213,0
877223,0
877237,4
877267,0
877291,0
877297,0
877301,0
877313,2
877321,6
877333,0
877343,2
877351,0
877361,0
877367,4
877379,0
877397,0
877399,2
877403,2
877411,4
877423,2
877463,2
877469,0
877531,4
877543,2
877567,0
877573,0
877577,2
877601,0
877609,0
877619,0
877621,0
877651,0
877661,0
877699,0
877739,0
877771,0
877783,0
877817,0
877823,2
877837,2
877843,2
877853,2
877867,0
877871,0
877873,2
877879,0
877883,2
877907,6
877909,0
877937,0
877939,0
877949,2
877997,0
878011,2
878021,2
878023,2
878039,0
878041,0
878077,0
878083,4
878089,0
878099,2
878107,0
878113,0
878131,2
878147,0
878153,2
878159,0
878167,0
878173,0
878183,0
878191,0
878197,0
878201,0
878221,0
878239,0
878279,0
878287,4
878291,0
878299,0
878309,0
878359,2
878377,2
878387,2
878411,0
878413,0
878419,0
878443,4
878453,0
878467,0
878489,0
878513,0
878539,0
878551,0
878567,0
878573,2
878593,2
878597,0
878609,0
878621,0
878629,2
878641,2
878651,0
878659,2
878663,2
878677,2
878681,2
878699,0
878719,0
878737,0
878743,0
878749,2
878777,0
878783,2
878789,0
878797,0
878821,2
878831,4
878833,2
878837,0
878851,0
878863,0
878869,2
878873,0
878893,0
878929,0
878939,0
878953,2
878957,0
878987,0
878989,6
879001,0
879007,0
879023,2
879031,0
879061,2
879089,2
879097,0
879103,0
879113,0
879119,0
879133,0
879143,2
879167,4
879169,4
879181,0
879199,0
879227,4
879239,2
879247,4
879259,0
879269,0
879271,0
879283,0
879287,4
879299,2
879331,0
879341,2
879343,0
879353,0
879371,0
879391,4
879401,0
879413,0
879449,2
879457,0
879493,2
879523,0
879533,4
879539,4
879553,0
879581,2
879583,0
879607,0
879617,0
879623,0
879629,2
879649,0
879653,4
879661,0
879667,0
879673,0
879679,0
879689,2
879691,2
879701,0
879707,2
879709,0
879713,2
879721,0
879743,0
879797,2
879799,2
879817,0
879821,2
879839,2
879859,0
879863,2
879881,0
879917,0
879919,0
879941,0
879953,0
879961,0
879973,2
879979,0
880001,2
880007,0
880021,2
880027,2
880031,0
880043,0
880057,4
880067,2
880069,0
880091,0
880097,4
880109,0
880127,0
880133,2
880151,0
880153,4
880199,0
880211,0
880219,0
880223,0
880247,2
880249,0
880259,2
880283,0
880301,4
880303,0
880331,4
880337,2
880343,0
880349,2
880361,4
880367,0
880409,0
880421,0
880423,0
880427,4
880483,0
880487,0
880513,0
880519,0
880531,0
880541,0
880543,2
880553,2
880559,0
880571,2
880573,2
880589,2
880603,2
880661,6
880667,0
880673,0
880681,2
880687,4
880699,0
880703,2
880709,0
880723,0
880727,0
880729,0
880751,2
880793,2
880799,0
880801,4
880813,4
880819,2
880823,4
880853,0
880861,0
880871,0
880883,0
880903,0
880907,2
880909,0
880939,0
880949,0
880951,4
880961,2
880981,0
880993,0
881003,0
881009,0
881017,2
881029,2
881057,0
881071,0
881077,2
881099,2
881119,0
881141,2
881143,0
881147,0
881159,0
881171,2
881173,0
881191,2
881197,0
881207,6
881219,0
881233,2
881249,0
881269,0
881273,0
881311,2
881317,0
881327,6
881333,0
881351,2
881357,2
881369,0
881393,0
881407,2
881411,0
881417,0
881437,0
881449,0
881471,2
881473,0
881477,2
881479,0
881509,6
881527,2
881533,0
881537,2
881539,4
881591,0
881597,0
881611,0
881641,2
881663,2
881669,0
881681,0
881707,0
881711,0
881729,2
881743,2
881779,0
881813,0
881833,2
881849,0
881897,0
881899,0
881911,0
881917,0
881939,4
881953,0
881963,2
881983,0
881987,4
882017,0
882019,0
882029,0
882031,0
882047,0
882061,0
882067,2
882071,0
882083,0
882103,0
882139,0
882157,0
882169,2
882173,0
882179,0
882187,0
882199,2
882239,2
882241,4
882247,4
882251,0
882253,2
882263,2
882289,0
882313,0
882359,0
882367,0
882377,2
882389,0
882391,0
882433,2
882439,2
882449,2
882451,2
882461,0
882481,0
882491,0
882517,0
882529,2
882551,0
882571,2
882577,2
882587,0
882593,0
882599,2
882617,0
882631,0
882653,0
882659,0
882697,0
882701,0
882703,0
882719,2
882727,6
882733,0
882751,2
882773,0
882779,0
882823,2
882851,2
882863,2
882877,0
882881,0
882883,0
882907,8
882913,2
882923,0
882943,0
882953,2
882961,0
882967,0
882979,2
883013,0
883049,0
883061,0
883073,2
883087,2
883093,0
883109,0
883111,6
883117,0
883121,0
883163,0
883187,2
883193,2
883213,2
883217,0
883229,0
883231,0
883237,2
883241,0
883247,0
883249,2
883273,0
883279,0
883307,2
883327,0
883331,0
883339,0
883343,0
883357,0
883391,2
883397,0
883409,0
883411,0
883423,0
883429,0
883433,0
883451,0
883471,0
883483,0
883489,0
883517,0
883537,0
883549,0
883577,0
883579,0
883613,0
883621,6
883627,2
883639,4
883661,2
883667,0
883691,2
883697,4
883699,2
883703,6
883721,2
883733,0
883739,2
883763,0
883777,0
883781,2
883783,0
883807,2
883871,4
883877,2
883889,4
883921,4
883933,2
883963,2
883969,0
883973,2
883979,4
883991,2
884003,2
884011,2
884029,0
884057,0
884069,2
884077,0
884087,0
884111,0
884129,0
884131,2
884159,0
884167,0
884171,0
884183,0
884201,0
884227,0
884231,2
884243,0
884251,2
884267,0
884269,0
884287,2
884293,0
884309,0
884311,0
884321,4
884341,0
884353,0
884363,0
884369,0
884371,0
884417,0
884423,0
884437,0
884441,0
884453,4
884483,2
884489,0
884491,0
884497,0
884501,0
884537,0
884573,0
884579,2
884591,2
884593,0
884617,2
884651,0
884669,4
884693,0
884699,0
884717,0
884743,0
884789,0
884791,0
884803,2
884813,0
884827,0
884831,2
884857,2
884881,2
884899,2
884921,2
884951,2
884959,2
884977,0
884981,2
884987,0
884999,2
885023,2
885041,0
885061,0
885083,2
885091,0
885097,0
885103,0
885107,2
885127,0
885133,0
885161,0
885163,0
885169,0
885187,2
885217,0
885223,0
885233,0
885239,0
885251,0
885257,0
885263,2
885289,0
885301,2
885307,0
885331,2
885359,2
885371,2
885383,0
885389,0
885397,0
885403,0
885421,0
885427,2
885449,0
885473,2
885487,2
885497,2
885503,6
885509,0
885517,2
885529,0
885551,4
885553,0
885589,0
885607,0
885611,4
885623,2
885679,0
885713,2
885721,4
885727,0
885733,0
885737,2
885769,2
885791,2
885793,0
885803,0
885811,0
885821,2
885823,0
885839,4
885869,2
885881,0
885883,4
885889,0
885893,2
885919,0
885923,2
885931,0
885943,2
885947,0
885959,2
885961,0
885967,0
885971,2
885977,2
885991,0
886007,0
886013,2
886019,0
886021,0
886031,0
886043,2
886069,4
886097,2
886117,2
886129,4
886163,0
886177,0
886181,2
886183,0
886189,0
886199,0
886241,2
886243,0
886247,0
886271,0
886283,0
886307,0
886313,0
886337,0
886339,0
886349,0
886367,0
886381,0
886387,2
886421,0
886427,4
886429,0
886433,0
886453,2
886463,0
886469,0
886471,0
886493,0
886511,0
886517,2
886519,0
886537,0
886541,0
886547,0
886549,2
886583,2
886591,4
886607,0
886609,0
886619,0
886643,0
886651,0
886663,0
886667,4
886741,0
886747,0
886751,0
886759,2
886777,2
886793,0
886799,2
886807,2
886819,0
886859,0
886867,0
886891,0
886909,0
886913,0
886967,0
886969,0
886973,2
886979,2
886981,2
886987,0
886993,0
886999,2
887017,2
887057,0
887059,0
887069,2
887093,0
887101,0
887113,0
887141,0
887143,2
887153,0
887171,0
887177,0
887191,0
887203,2
887233,2
887261,0
887267,0
887269,0
887291,0
887311,0
887323,4
887333,4
887377,2
887387,0
887399,0
887401,0
887423,0
887441,0
887449,0
887459,2
887479,2
887483,4
887503,0
887533,0
887543,0
887567,2
887569,0
887573,0
887581,0
887599,0
887617,4
887629,0
887633,0
887641,0
887651,2
887657,0
887659,0
887669,0
887671,0
887681,2
887693,0
887701,4
887707,2
887717,0
887743,0
887749,0
887759,0
887819,0
887827,4
887837,2
887839,0
887849,2
887867,0
887903,0
887911,0
887921,0
887923,0
887941,0
887947,4
887987,4
887989,0
888001,4
888011,0
888047,0
888059,0
888061,0
888077,0
888091,0
888103,0
888109,2
888133,2
888143,4
888157,0
888161,0
888163,0
888179,2
888203,0
888211,0
888247,0
888257,0
888263,2
888271,0
888287,0
888313,0
888319,0
888323,2
888359,0
888361,0
888373,0
888389,6
888397,0
888409,0
888413,0
888427,0
888431,2
888443,0
888451,0
888457,2
888469,2
888479,2
888493,2
888499,0
888533,2
888541,0
888557,2
888623,2
888631,0
888637,2
888653,0
888659,2
888661,0
888683,0
888689,2
888691,2
888721,4
888737,0
888751,0
888761,2
888773,2
888779,0
888781,0
888793,2
888799,0
888809,0
888827,0
888857,2
888869,2
888871,0
888887,2
888917,0
888919,0
888931,0
888959,2
888961,0
888967,0
888983,2
888989,2
888997,0
889001,0
889027,0
889037,2
889039,0
889043,0
889051,0
889069,0
889081,0
889087,0
889123,0
889139,0
889171,2
889177,0
889211,2
889237,2
889247,4
889261,0
889271,2
889279,2
889289,2
889309,0
889313,2
889327,0
889337,0
889349,2
889351,0
889363,0
889367,2
889373,0
889391,2
889411,2
889429,0
889439,0
889453,0
889481,2
889489,0
889501,2
889519,0
889579,4
889589,2
889597,2
889631,0
889639,4
889657,2
889673,2
889687,2
889697,2
889699,2
889703,2
889727,0
889747,2
889769,0
889783,2
889829,0
889871,4
889873,2
889877,2
889879,4
889891,0
889901,0
889907,0
889909,0
889921,2
889937,0
889951,2
889957,2
889963,0
889997,0
890003,0
890011,0
890027,0
890053,2
890063,0
890083,2
890107,0
890111,2
890117,0
890119,0
890129,2
890147,2
890159,0
890161,0
890177,2
890221,4
890231,0
890237,0
890287,2
890291,0
890303,0
890317,0
890333,0
890371,2
890377,0
890419,2
890429,2
890437,2
890441,2
890459,0
890467,2
890501,2
890531,0
890543,0
890551,0
890563,0
890597,2
890609,4
890653,2
890657,0
890671,0
890683,0
890707,0
890711,0
890717,0
890737,0
890761,2
890789,0
890797,0
890803,0
890809,4
890821,0
890833,2
890843,0
890861,2
890863,2
890867,0
890881,0
890887,4
890893,2
890927,0
890933,0
890941,0
890957,0
890963,0
890969,0
890993,0
890999,0
891001,0
891017,2
891047,0
891049,0
891061,0
891067,0
891091,0
891101,0
891103,0
891133,0
891151,0
891161,0
891173,0
891179,0
891223,0
891239,0
891251,2
891277,2
891287,0
891311,2
891323,2
891329,2
891349,0
891377,0
891379,0
891389,2
891391,2
891409,2
891421,0
891427,0
891439,0
891481,0
891487,0
891491,2
891493,2
891509,0
891521,0
891523,0
891551,0
891557,0
891559,0
891563,2
891571,2
891577,0
891587,2
891593,0
891601,0
891617,0
891629,0
891643,4
891647,2
891659,0
891661,0
891677,0
891679,0
891707,0
891743,0
891749,4
891763,0
891767,2
891797,0
891799,0
891809,2
891817,0
891823,0
891827,4
891829,0
891851,0
891859,0
891887,4
891889,2
891893,2
891899,2
891907,0
891923,0
891929,0
891967,2
891983,4
891991,0
891997,0
892019,0
892027,0
892049,0
892057,0
892079,0
892091,0
892093,2
892097,0
892103,0
892123,2
892141,0
892153,2
892159,0
892169,0
892189,0
892219,0
892237,2
892249,4
892253,0
892261,0
892267,0
892271,0
892291,2
892321,2
892351,2
892357,0
892387,2
892391,0
892421,0
892433,0
892439,2
892457,4
892471,0
892481,4
892513,2
892523,0
892531,0
892547,0
892553,2
892559,2
892579,2
892597,2
892603,0
892609,0
892627,0
892643,0
892657,2
892663,0
892667,0
892709,4
892733,0
892747,0
892757,2
892763,2
892777,0
892781,2
892783,2
892817,0
892841,0
892849,0
892861,2
892877,0
892901,2
892919,0
892933,2
892951,0
892973,2
892987,0
892999,0
893003,0
893023,0
893029,4
893033,0
893041,0
893051,2
893059,0
893093,0
893099,0
893107,0
893111,0
893117,0
893119,2
893131,0
893147,0
893149,0
893161,0
893183,0
893213,0
893219,0
893227,0
893237,0
893257,0
893261,0
893281,4
893317,2
893339,0
893341,0
893351,0
893359,4
893363,0
893381,0
893383,0
893407,0
893413,0
893419,2
893429,0
893441,2
893449,4
893479,0
893489,0
893509,0
893521,0
893549,2
893567,0
893591,2
893603,0
893609,0
893653,4
893657,0
893671,0
893681,0
893701,0
893719,0
893723,0
893743,2
893777,2
893797,0
893821,2
893839,0
893857,2
893863,0
893873,2
893881,2
893897,0
893903,0
893917,0
893929,2
893933,0
893939,2
893989,0
893999,2
894011,0
894037,0
894059,0
894067,0
894073,0
894097,0
894109,2
894119,0
894137,0
894139,2
894151,0
894161,0
894167,0
894181,0
894191,0
894193,0
894203,0
894209,0
894211,2
894221,0
894227,0
894233,0
894239,4
894247,2
894259,0
894277,2
894281,0
894287,0
894301,0
894329,0
894343,0
894371,0
894391,0
894403,0
894407,0
894409,2
894419,0
894427,2
894431,0
894449,0
894451,4
894503,0
894511,0
894521,0
894527,0
894541,0
894547,2
894559,0
894581,0
894589,2
894611,0
894613,0
894637,0
894643,0
894667,4
894689,2
894709,2
894713,0
894721,2
894731,2
894749,0
894763,2
894779,2
894791,0
894793,0
894811,0
894869,2
894871,0
894893,0
894917,0
894923,0
894947,2
894973,2
894997,2
895003,0
895007,2
895009,0
895039,0
895049,2
895051,0
895079,0
895087,0
895127,0
895133,0
895151,0
895157,4
895159,2
895171,0
895189,0
895211,0
895231,0
895241,0
895243,2
895247,2
895253,2
895277,0
895283,0
895291,0
895309,0
895313,0
895319,0
895333,0
895343,2
895351,4
895357,0
895361,0
895387,0
895393,2
895421,0
895423,2
895457,0
895463,0
895469,4
895471,0
895507,2
895529,2
895553,0
895571,0
895579,2
895591,2
895613,0
895627,2
895633,0
895649,2
895651,2
895667,0
895669,2
895673,0
895681,4
895691,2
895703,0
895709,0
895721,2
895729,4
895757,4
895771,0
895777,0
895787,0
895789,0
895799,0
895801,2
895813,0
895823,2
895841,0
895861,0
895879,0
895889,6
895901,0
895903,0
895913,0
895927,0
895933,2
895957,0
895987,0
896003,2
896009,2
896047,2
896069,0
896101,0
896107,4
896111,2
896113,4
896123,0
896143,0
896167,0
896191,0
896201,0
896263,2
896281,2
896293,0
896297,0
896299,0
896323,0
896327,0
896341,0
896347,4
896353,0
896369,0
896381,2
896417,0
896443,0
896447,0
896449,0
896453,0
896479,2
896491,0
896509,2
896521,0
896531,2
896537,0
896543,0
896549,0
896557,2
896561,2
896573,2
896587,2
896617,0
896633,4
896647,0
896669,0
896677,0
896681,2
896717,0
896719,0
896723,0
896771,0
896783,2
896803,2
896837,0
896867,0
896879,6
896897,0
896921,0
896927,0
896947,0
896953,0
896963,2
896983,2
897007,0
897011,0
897019,0
897049,0
897053,0
897059,0
897067,0
897077,0
897101,0
897103,4
897119,0
897133,0
897137,0
897157,0
897163,2
897191,0
897223,2
897229,0
897241,0
897251,2
897263,4
897269,0
897271,0
897301,2
897307,0
897317,2
897319,4
897329,0
897349,2
897359,0
897373,4
897401,0
897433,2
897443,0
897461,0
897467,2
897469,4
897473,0
897497,4
897499,2
897517,4
897527,0
897553,0
897557,0
897563,0
897571,0
897577,2
897581,0
897593,2
897601,0
897607,0
897629,0
897647,0
897649,0
897671,0
897691,0
897703,2
897707,0
897709,0
897727,0
897751,8
897779,0
897781,0
897817,0
897829,0
897847,2
897877,2
897881,0
897887,0
897899,0
897907,0
897931,0
897947,6
897971,0
897983,0
898013,0
898019,0
898033,0
898063,2
898067,2
898069,0
898091,2
898097,2
898109,2
898129,0
898133,0
898147,0
898153,2
898171,2
898181,2
898189,0
898199,0
898211,0
898213,2
898223,0
898231,0
898241,0
898243,0
898253,0
898259,2
898279,0
898283,0
898291,0
898307,0
898319,4
898327,6
898361,2
898369,2
898409,0
898421,0
898423,0
898427,0
898439,2
898459,4
898477,0
898481,0
898483,0
898493,0
898519,2
898523,0
898543,0
898549,0
898553,0
898561,0
898607,0
898613,0
898621,0
898661,0
898663,4
898669,0
898673,0
898691,0
898717,2
898727,0
898753,0
898763,2
898769,0
898787,0
898813,0
898819,0
898823,2
898853,0
898867,0
898873,0
898889,0
898897,2
898921,0
898927,0
898951,0
898981,0
898987,4
899009,2
899051,0
899057,2
899069,0
899123,0
899149,0
899153,2
899159,2
899161,0
899177,4
899179,0
899183,2
899189,0
899209,0
899221,0
899233,2
899237,0
899263,0
899273,0
899291,0
899309,2
899321,4
899387,0
899401,0
899413,0
899429,0
899447,2
899467,0
899473,0
899477,0
899491,0
899519,0
899531,2
899537,0
899611,0
899617,4
899659,0
899671,0
899681,2
899687,0
899693,0
899711,0
899719,0
899749,0
899753,0
899761,0
899779,0
899791,2
899807,0
899831,2
899849,0
899851,4
899863,0
899881,2
899891,4
899893,0
899903,2
899917,2
899939,4
899971,2
899981,0
900001,2
900007,0
900019,0
900037,2
900061,0
900089,0
900091,0
900103,0
900121,0
900139,0
900143,2
900149,0
900157,0
900161,0
900169,2
900187,0
900217,0
900233,0
900241,0
900253,0
900259,0
900283,0
900287,0
900293,0
900307,0
900329,4
900331,2
900349,0
900397,0
900409,0
900443,4
900461,0
900481,2
900491,0
900511,0
900539,0
900551,0
900553,0
900563,0
900569,2
900577,0
900583,2
900587,2
900589,0
900593,0
900607,0
900623,0
900649,2
900659,2
900671,0
900673,0
900689,2
900701,0
900719,4
900737,0
900743,2
900751,0
900761,0
900763,2
900773,2
900797,0
900803,2
900817,0
900821,2
900863,0
900869,0
900917,0
900929,0
900931,2
900937,0
900959,0
900971,0
900973,2
900997,0
901007,4
901009,2
901013,0
901063,0
901067,0
901079,0
901093,0
901097,0
901111,0
901133,0
901141,0
901169,2
901171,2
901177,0
901183,2
901193,0
901207,2
901211,0
901213,0
901247,2
901249,0
901253,4
901273,0
901279,0
901309,2
901333,4
901339,2
901367,0
901399,2
901403,4
901423,0
901427,0
901429,0
901441,0
901447,4
901451,0
901457,2
901471,0
901489,4
901499,0
901501,4
901513,0
901517,0
901529,4
901547,0
901567,4
901591,2
901613,0
901643,0
901657,0
901679,0
901687,0
901709,0
901717,0
901739,0
901741,0
901751,4
901781,0
901787,0
901811,4
901819,0
901841,0
901861,0
901891,2
901907,0
901909,0
901919,0
901931,0
901937,0
901963,0
901973,0
901993,0
901997,0
902009,2
902017,2
902029,2
902039,0
902047,0
902053,2
902087,4
902089,4
902119,2
902137,0
902141,0
902179,0
902191,0
902201,2
902227,0
902261,2
902263,6
902281,0
902299,0
902303,2
902311,0
902333,2
902347,0
902351,0
902357,0
902389,0
902401,0
902413,0
902437,0
902449,2
902471,0
902477,0
902483,0
902501,2
902507,2
902521,2
902563,0
902569,0
902579,2
902591,2
902597,0
902599,0
902611,0
902639,0
902653,4
902659,0
902669,0
902677,0
902687,2
902719,6
902723,0
902753,0
902761,0
902767,0
902771,0
902777,4
902789,0
902807,0
902821,2
902827,4
902849,0
902873,2
902903,0
902933,0
902953,0
902963,2
902971,0
902977,0
902981,0
902987,0
903017,0
903029,0
903037,0
903073,0
903079,2
903103,2
903109,2
903143,0
903151,2
903163,0
903179,0
903197,2
903211,0
903223,2
903251,2
903257,0
903269,2
903311,0
903323,0
903337,2
903347,2
903359,0
903367,0
903389,0
903391,0
903403,0
903407,2
903421,0
903443,2
903449,2
903451,0
903457,0
903479,0
903493,2
903527,0
903541,0
903547,0
903563,0
903569,0
903607,0
903613,0
903641,2
903649,0
903673,2
903677,2
903691,4
903701,2
903709,0
903751,0
903757,2
903761,0
903781,0
903803,0
903827,2
903841,0
903871,0
903883,0
903899,0
903913,0
903919,2
903949,0
903967,0
903979,0
904019,2
904027,0
904049,2
904067,2
904069,2
904073,0
904087,2
904093,0
904097,0
904103,2
904117,0
904121,4
904147,0
904157,0
904181,2
904193,0
904201,2
904207,0
904217,2
904219,0
904261,0
904283,0
904289,2
904297,0
904303,2
904357,4
904361,2
904369,0
904399,2
904441,2
904459,2
904483,0
904489,0
904499,2
904511,6
904513,0
904517,0
904523,0
904531,0
904559,2
904573,0
904577,0
904601,0
904619,2
904627,0
904633,0
904637,2
904643,2
904661,2
904663,0
904667,2
904679,2
904681,2
904693,0
904697,0
904721,4
904727,4
904733,0
904759,2
904769,0
904777,2
904781,2
904789,0
904793,2
904801,0
904811,0
904823,4
904847,2
904861,0
904867,8
904873,0
904879,4
904901,0
904903,0
904907,0
904919,0
904931,0
904933,2
904987,0
904997,2
904999,0
905011,2
905053,2
905059,0
905071,4
905083,4
905087,2
905111,2
905123,2
905137,2
905143,2
905147,0
905161,0
905167,2
905171,0
905189,0
905197,0
905207,0
905209,0
905213,0
905227,0
905249,0
905269,0
905291,0
905297,0
905299,0
905329,2
905339,0
905347,2
905381,0
905413,0
905449,0
905453,0
905461,0
905477,0
905491,0
905497,0
905507,2
905551,2
905581,2
905587,0
905599,2
905617,0
905621,0
905629,0
905647,0
905651,4
905659,0
905677,0
905683,0
905687,2
905693,2
905701,2
905713,2
905719,2
905759,2
905761,0
905767,0
905783,0
905803,0
905819,0
905833,2
905843,0
905897,2
905909,0
905917,0
905923,0
905951,2
905959,0
905963,2
905999,0
906007,0
906011,0
906013,2
906023,2
906029,4
906043,4
906089,0
906107,0
906119,0
906121,0
906133,0
906179,2
906187,0
906197,0
906203,0
906211,2
906229,0
906233,2
906259,0
906263,0
906289,0
906293,0
906313,0
906317,0
906329,0
906331,0
906343,2
906349,2
906371,0
906377,0
906383,0
906391,0
906403,2
906421,0
906427,4
906431,4
906461,0
906473,0
906481,2
906487,0
906497,0
906517,0
906523,0
906539,0
906541,0
906557,2
906589,2
906601,0
906613,0
906617,0
906641,2
906649,2
906673,0
906679,0
906691,2
906701,0
906707,0
906713,2
906727,2
906749,2
906751,0
906757,0
906767,0
906779,0
906793,0
906809,0
906817,0
906823,2
906839,4
906847,4
906869,2
906881,0
906901,0
906911,8
906923,0
906929,2
906931,2
906943,0
906949,0
906973,0
907019,0
907021,0
907031,2
907063,0
907073,0
907099,0
907111,2
907133,2
907139,2
907141,0
907163,2
907169,0
907183,0
907199,2
907211,0
907213,0
907217,0
907223,4
907229,0
907237,0
907259,0
907267,0
907279,2
907297,0
907301,0
907321,0
907331,0
907363,4
907367,2
907369,2
907391,0
907393,2
907397,2
907399,0
907427,0
907433,0
907447,0
907457,0
907469,4
907471,0
907481,0
907493,2
907507,0
907513,0
907549,0
907561,0
907567,0
907583,0
907589,2
907637,0
907651,0
907657,0
907663,0
907667,0
907691,0
907693,2
907703,0
907717,0
907723,2
907727,0
907733,2
907757,0
907759,2
907793,2
907807,2
907811,0
907813,2
907831,0
907843,2
907849,0
907871,2
907891,0
907909,0
907913,0
907927,0
907957,0
907967,2
907969,2
907997,0
907999,0
908003,0
908041,0
908053,0
908057,0
908071,2
908081,2
908101,0
908113,2
908129,0
908137,0
908153,0
908179,0
908183,0
908197,0
908213,2
908221,2
908233,2
908249,4
908287,0
908317,0
908321,2
908353,0
908359,0
908363,0
908377,4
908381,0
908417,2
908419,2
908441,2
908449,0
908459,0
908471,0
908489,0
908491,0
908503,2
908513,2
908521,0
908527,0
908533,0
908539,0
908543,0
908549,0
908573,2
908581,2
908591,0
908597,4
908603,0
908617,0
908623,0
908627,2
908653,0
908669,0
908671,2
908711,2
908723,0
908731,0
908741,4
908749,0
908759,0
908771,0
908797,0
908807,2
908813,2
908819,2
908821,0
908849,0
908851,0
908857,0
908861,2
908863,0
908879,2
908881,0
908893,0
908909,2
908911,2
908927,2
908953,4
908959,0
908993,6
909019,0
909023,0
909031,0
909037,0
909043,2
909047,2
909061,0
909071,0
909089,0
909091,0
909107,0
909113,0
909119,0
909133,2
909151,0
909173,0
909203,2
909217,2
909239,2
909241,0
909247,0
909253,2
909281,0
909287,2
909289,2
909299,0
909301,0
909317,2
909319,0
909329,0
909331,2
909341,0
909343,6
909371,0
909379,0
909383,2
909401,2
909409,6
909437,0
909451,0
909457,2
909463,2
909481,2
909521,0
909529,6
909539,0
909541,0
909547,0
909577,0
909599,0
909611,2
909613,2
909631,2
909637,2
909679,2
909683,2
909691,0
909697,2
909731,0
909737,0
909743,4
909761,0
909767,0
909773,0
909787,0
909791,2
909803,0
909809,2
909829,2
909833,0
909859,0
909863,0
909877,2
909889,0
909899,4
909901,2
909907,0
909911,0
909917,0
909971,0
909973,2
909977,4
910003,0
910031,0
910051,0
910069,0
910093,0
910097,0
910099,2
910103,4
910109,0
910121,0
910127,0
910139,2
910141,2
910171,0
910177,0
910199,2
910201,0
910207,0
910213,0
910219,0
910229,2
910277,4
910279,2
910307,0
910361,2
910369,0
910421,0
910447,2
910451,0
910453,2
910457,2
910471,2
910519,0
910523,0
910561,0
910577,0
910583,0
910603,0
910619,4
910621,2
910627,2
910631,0
910643,2
910661,0
910691,0
910709,0
910711,2
910747,0
910751,0
910771,0
910781,0
910787,0
910799,0
910807,0
910817,0
910849,2
910853,2
910883,4
910909,0
910939,2
910957,2
910981,0
911003,2
911011,0
911023,4
911033,2
911039,0
911063,2
911077,0
911087,0
911089,0
911101,0
911111,0
911129,0
911147,0
911159,0
911161,0
911167,2
911171,0
911173,2
911179,0
911201,0
911219,2
911227,0
911231,6
911233,2
911249,0
911269,0
911291,0
911293,4
911303,0
911311,6
911321,0
911327,2
911341,0
911357,2
911359,0
911363,0
911371,2
911413,2
911419,0
911437,0
911453,4
911459,2
911503,0
911507,2
911527,0
911549,2
911593,0
911597,6
911621,0
911633,2
911657,0
911663,0
911671,4
911681,0
911683,0
911689,4
911707,0
911719,0
911723,0
911737,2
911749,0
911773,0
911777,4
911783,0
911819,0
911831,2
911837,6
911839,0
911851,2
911861,0
911873,0
911879,0
911893,0
911899,2
911903,2
911917,0
911947,0
911951,0
911957,4
911959,0
911969,2
912007,0
912031,0
912047,0
912049,2
912053,2
912061,0
912083,0
912089,0
912103,0
912167,2
912173,0
912187,0
912193,0
912211,0
912217,2
912227,0
912239,0
912251,2
912269,0
912287,0
912337,0
912343,2
912349,0
912367,2
912391,2
912397,2
912403,2
912409,0
912413,0
912449,2
912451,0
912463,2
912467,4
912469,0
912481,0
912487,0
912491,2
912497,0
912511,4
912521,2
912523,4
912533,2
912539,0
912559,0
912581,4
912631,2
912647,0
912649,0
912727,0
912763,4
912773,0
912797,0
912799,8
912809,4
912823,2
912829,0
912839,4
912851,2
912853,2
912859,2
912869,2
912871,0
912911,0
912929,8
912941,0
912953,2
912959,2
912971,2
912973,4
912979,2
912991,2
913013,4
913027,2
913037,0
913039,0
913063,0
913067,0
913103,0
913139,2
913151,0
913177,2
913183,0
913217,0
913247,4
913259,2
913279,2
913309,2
913321,0
913327,0
913331,2
913337,2
913373,0
913397,0
913417,2
913421,0
913433,2
913441,2
913447,4
913457,0
913483,0
913487,0
913513,2
913571,0
913573,2
913579,2
913589,0
913637,2
913639,0
913687,0
913709,0
913723,0
913739,0
913753,0
913771,2
913799,2
913811,2
913853,2
913873,4
913889,2
913907,0
913921,0
913933,0
913943,0
913981,0
913999,0
914021,0
914027,2
914041,0
914047,2
914117,2
914131,2
914161,0
914189,2
914191,0
914213,2
914219,2
914237,0
914239,2
914257,0
914269,4
914279,0
914293,2
914321,2
914327,0
914339,4
914351,0
914357,4
914359,4
914363,0
914369,2
914371,0
914429,0
914443,2
914449,4
914461,0
914467,0
914477,0
914491,0
914513,2
914519,0
914521,2
914533,0
914561,0
914569,4
914579,0
914581,0
914591,2
914597,0
914609,0
914611,0
914629,2
914647,2
914657,2
914701,2
914713,0
914723,0
914731,2
914737,6
914777,0
914783,2
914789,0
914791,0
914801,4
914813,0
914819,0
914827,2
914843,0
914857,0
914861,0
914867,0
914873,0
914887,2
914891,2
914897,0
914941,2
914951,0
914971,0
914981,0
915007,2
915017,0
915029,0
915041,0
915049,0
915053,0
915067,0
915071,4
915113,0
915139,4
915143,0
915157,0
915181,4
915191,0
915197,0
915199,2
915203,2
915221,0
915223,0
915247,2
915251,0
915253,0
915259,0
915283,2
915301,4
915311,0
915353,0
915367,4
915379,2
915391,0
915437,2
915451,2
915479,4
915487,0
915527,0
915533,2
915539,0
915547,0
915557,0
915587,0
915589,0
915601,0
915611,4
915613,2
915623,0
915631,2
915641,2
915659,0
915683,0
915697,2
915703,2
915727,0
915731,4
915737,2
915757,2
915763,4
915769,0
915799,0
915839,2
915851,2
915869,0
915881,0
915911,2
915917,2
915919,0
915947,0
915949,2
915961,0
915973,4
915991,0
916031,2
916033,0
916049,0
916057,2
916061,0
916073,0
916099,4
916103,0
916109,2
916121,0
916127,2
916129,2
916141,0
916169,0
916177,0
916183,0
916187,0
916189,0
916213,0
916217,0
916219,4
916259,2
916261,2
916273,0
916291,0
916319,0
916337,0
916339,0
916361,2
916367,0
916387,0
916411,0
916417,0
916441,2
916451,2
916457,0
916463,0
916469,4
916471,0
916477,2
916501,0
916507,0
916511,0
916537,2
916561,2
916571,0
916583,0
916613,2
916621,0
916633,0
916649,2
916651,0
916679,0
916703,0
916733,2
916771,0
916781,0
916787,0
916831,2
916837,0
916841,0
916859,6
916871,2
916879,2
916907,2
916913,0
916931,0
916933,2
916939,0
916961,0
916973,0
916999,4
917003,0
917039,0
917041,0
917051,0
917053,0
917083,2
917089,0
917093,0
917101,0
917113,0
917117,0
917123,2
917141,0
917153,0
917159,0
917173,2
917179,0
917209,4
917219,0
917227,0
917237,0
917239,0
917243,2
917251,0
917281,2
917291,4
917317,2
917327,0
917333,0
917353,0
917363,0
917381,0
917407,2
917443,0
917459,0
917461,2
917471,0
917503,0
917513,0
917519,0
917549,0
917557,0
917573,2
917591,0
917593,0
917611,0
917617,0
917629,6
917633,2
917641,2
917659,0
917669,0
917687,0
917689,0
917713,2
917729,0
917737,0
917753,2
917759,0
917767,2
917771,2
917773,0
917783,0
917789,0
917803,0
917809,2
917827,0
917831,2
917837,0
917843,0
917849,2
917869,6
917887,6
917893,0
917923,0
917927,2
917951,0
917971,4
917993,0
918011,0
918019,0
918041,0
918067,0
918079,0
918089,2
918103,4
918109,0
918131,0
918139,0
918143,0
918149,0
918157,2
918161,0
918173,0
918193,0
918199,0
918209,0
918223,0
918257,0
918259,0
918263,2
918283,0
918301,0
918319,2
918329,0
918341,2
918347,4
918353,4
918361,0
918371,2
918389,0
918397,0
918431,2
918433,0
918439,0
918443,0
918469,0
918481,2
918497,2
918529,0
918539,0
918563,6
918581,2
918583,0
918587,0
918613,0
918641,0
918647,0
918653,4
918677,4
918679,2
918683,2
918733,2
918737,0
918751,2
918763,0
918767,0
918779,0
918787,4
918793,0
918823,0
918829,2
918839,4
918857,0
918877,0
918889,2
918899,0
918913,2
918943,2
918947,2
918949,0
918959,0
918971,4
918989,2
919013,0
919019,0
919021,4
919031,0
919033,2
919063,6
919067,0
919081,0
919109,0
919111,2
919129,2
919147,2
919153,0
919169,0
919183,2
919189,2
919223,0
919229,2
919231,8
919249,2
919253,0
919267,4
919301,2
919313,2
919319,0
919337,0
919349,0
919351,0
919381,0
919393,2
919409,2
919417,0
919421,0
919423,0
919427,0
919447,0
919511,2
919519,2
919531,4
919559,0
919571,0
919591,0
919613,4
919621,0
919631,0
919679,0
919691,0
919693,0
919703,0
919729,0
919757,0
919759,0
919769,0
919781,0
919799,0
919811,0
919817,4
919823,2
919859,0
919871,0
919883,0
919901,0
919903,0
919913,0
919927,0
919937,0
919939,0
919949,0
919951,0
919969,4
919979,0
920011,2
920021,0
920039,0
920053,0
920107,2
920123,4
920137,2
920147,0
920149,0
920167,2
920197,2
920201,0
920203,0
920209,0
920219,0
920233,2
920263,0
920267,2
920273,0
920279,0
920281,2
920291,0
920323,2
920333,0
920357,2
920371,0
920377,0
920393,2
920399,2
920407,0
920411,0
920419,0
920441,2
920443,0
920467,4
920473,0
920477,0
920497,0
920509,0
920519,2
920539,0
920561,4
920609,2
920641,4
920651,0
920653,0
920677,0
920687,2
920701,2
920707,2
920729,2
920741,0
920743,4
920753,2
920761,0
920783,0
920789,2
920791,0
920807,4
920827,2
920833,0
920849,0
920863,2
920869,0
920891,0
920921,0
920947,2
920951,0
920957,0
920963,0
920971,0
920999,2
921001,0
921007,0
921013,2
921029,0
921031,0
921073,0
921079,0
921091,0
921121,0
921133,0
921143,2
921149,2
921157,2
921169,4
921191,0
921197,4
921199,0
921203,2
921223,4
921233,0
921241,0
921257,2
921259,4
921287,2
921293,6
921331,0
921353,0
921373,0
921379,0
921407,4
921409,0
921457,4
921463,0
921467,4
921491,0
921497,4
921499,4
921517,0
921523,0
921563,0
921581,2
921589,0
921601,2
921611,0
921629,0
921637,0
921643,0
921647,0
921667,4
921677,0
921703,4
921733,0
921737,0
921743,0
921749,0
921751,0
921761,0
921779,2
921787,0
921821,0
921839,0
921841,0
921871,0
921887,0
921889,2
921901,0
921911,0
921913,0
921919,0
921931,0
921959,2
921989,0
922021,0
922027,0
922037,0
922039,4
922043,0
922057,0
922067,0
922069,2
922073,0
922079,0
922081,0
922087,4
922099,0
922123,0
922169,0
922211,2
922217,0
922223,4
922237,4
922247,4
922261,0
922283,2
922289,0
922291,2
922303,0
922309,0
922321,2
922331,6
922333,2
922351,0
922357,0
922367,2
922391,2
922423,0
922451,0
922457,0
922463,2
922487,2
922489,0
922499,2
922511,2
922513,4
922517,2
922531,0
922549,6
922561,0
922601,4
922613,0
922619,0
922627,0
922631,0
922637,2
922639,2
922643,0
922667,0
922679,0
922681,0
922699,0
922717,2
922729,0
922739,0
922741,2
922781,0
922807,4
922813,2
922853,0
922861,4
922897,0
922907,0
922931,0
922973,0
922993,2
923017,0
923023,2
923029,0
923047,0
923051,2
923053,2
923107,0
923123,2
923129,0
923137,2
923141,2
923147,2
923171,0
923177,0
923179,0
923183,2
923201,4
923203,0
923227,0
923233,0
923239,2
923249,0
923309,2
923311,2
923333,2
923341,0
923347,0
923369,0
923371,0
923387,4
923399,0
923407,2
923411,0
923437,0
923441,0
923449,0
923453,2
923467,0
923471,2
923501,0
923509,0
923513,2
923539,0
923543,2
923551,2
923561,0
923567,2
923579,2
923581,2
923591,2
923599,0
923603,0
923617,4
923641,0
923653,0
923687,0
923693,2
923701,2
923711,0
923719,2
923743,0
923773,0
923789,2
923809,0
923833,0
923849,0
923851,2
923861,0
923869,0
923903,0
923917,4
923929,2
923939,2
923947,0
923953,0
923959,0
923963,0
923971,4
923977,0
923983,0
923987,0
924019,4
924023,0
924031,2
924037,2
924041,2
924043,0
924059,0
924073,0
924083,0
924097,2
924101,4
924109,2
924139,2
924151,2
924173,2
924191,0
924197,0
924241,2
924269,0
924281,0
924283,0
924299,0
924323,0
924337,0
924359,0
924361,2
924383,4
924397,0
924401,0
924403,0
924419,2
924421,0
924431,0
924437,4
924463,2
924493,2
924499,2
924503,0
924523,0
924527,0
924529,0
924551,0
924557,4
924601,4
924617,2
924641,2
924643,0
924659,2
924661,2
924683,0
924697,0
924709,4
924713,2
924719,0
924727,0
924731,2
924743,0
924751,2
924757,8
924769,0
924773,4
924779,0
924793,0
924809,0
924811,2
924827,0
924829,6
924841,0
924871,0
924877,0
924881,0
924907,0
924929,4
924961,2
924967,2
924997,2
925019,0
925027,0
925033,0
925039,0
925051,2
925063,0
925073,2
925079,4
925081,2
925087,2
925097,0
925103,0
925109,0
925117,4
925121,0
925147,4
925153,4
925159,0
925163,0
925181,2
925189,0
925193,0
925217,2
925237,2
925241,2
925271,0
925273,0
925279,0
925291,0
925307,2
925339,2
925349,2
925369,0
925373,0
925387,0
925391,6
925399,0
925409,0
925423,2
925447,0
925469,0
925487,2
925499,0
925501,0
925513,0
925517,0
925523,0
925559,2
925577,0
925579,0
925597,0
925607,2
925619,0
925621,0
925637,2
925649,0
925663,2
925669,2
925679,0
925697,0
925721,0
925733,0
925741,0
925783,2
925789,2
925823,0
925831,4
925843,0
925849,2
925891,0
925901,2
925913,0
925921,2
925937,4
925943,0
925949,2
925961,0
925979,2
925987,0
925997,0
926017,2
926027,0
926033,0
926077,0
926087,0
926089,0
926099,2
926111,2
926113,2
926129,0
926131,0
926153,2
926161,0
926171,2
926179,0
926183,2
926203,0
926227,0
926239,4
926251,0
926273,4
926293,0
926309,2
926327,0
926351,0
926353,0
926357,2
926377,0
926389,0
926399,0
926411,0
926423,4
926437,0
926461,0
926467,2
926489,0
926503,0
926507,0
926533,0
926537,0
926557,2
926561,0
926567,2
926581,0
926587,2
926617,2
926623,0
926633,0
926657,0
926659,0
926669,2
926671,2
926689,2
926701,0
926707,0
926741,0
926747,0
926767,0
926777,0
926797,0
926803,2
926819,0
926843,0
926851,0
926867,0
926879,0
926899,0
926903,2
926921,0
926957,0
926963,2
926971,0
926977,0
926983,2
927001,2
927007,0
927013,0
927049,0
927077,0
927083,0
927089,0
927097,0
927137,2
927149,4
927161,2
927167,4
927187,0
927191,2
927229,2
927233,4
927259,0
927287,0
927301,0
927313,2
927317,0
927323,0
927361,4
927373,4
927397,0
927403,4
927431,2
927439,4
927491,2
927497,0
927517,2
927529,2
927533,0
927541,2
927557,0
927569,0
927587,2
927629,0
927631,0
927643,0
927649,2
927653,2
927671,0
927677,0
927683,4
927709,0
927727,0
927743,0
927763,0
927769,4
927779,2
927791,0
927803,2
927821,0
927833,0
927841,2
927847,0
927853,0
927863,0
927869,2
927961,0
927967,0
927973,0
928001,2
928043,0
928051,2
928063,0
928079,2
928097,2
928099,0
928111,0
928139,0
928141,0
928153,4
928157,0
928159,2
928163,4
928177,0
928223,0
928231,2
928253,0
928267,0
928271,0
928273,2
928289,4
928307,0
928313,2
928331,2
928337,2
928351,2
928399,0
928409,0
928423,0
928427,0
928429,0
928453,0
928457,2
928463,2
928469,2
928471,0
928513,4
928547,0
928559,2
928561,0
928597,2
928607,2
928619,0
928621,0
928637,0
928643,2
928649,0
928651,0
928661,2
928679,2
928699,0
928703,0
928769,0
928771,0
928787,0
928793,2
928799,0
928813,0
928817,2
928819,0
928849,0
928859,10
928871,4
928883,0
928903,0
928913,2
928927,0
928933,0
928979,2
929003,0
929009,0
929011,0
929023,0
929029,2
929051,0
929057,4
929059,2
929063,2
929069,2
929077,2
929083,2
929087,2
929113,4
929129,2
929141,2
929153,0
929161,2
929171,0
929197,2
929207,2
929209,0
929239,2
929251,2
929261,2
929281,0
929293,2
929303,0
929311,2
929323,0
929333,0
929381,2
929389,0
929393,2
929399,0
929417,2
929419,2
929431,0
929459,0
929483,0
929497,2
929501,4
929507,0
929527,2
929549,4
929557,2
929561,0
929573,2
929581,2
929587,2
929609,0
929623,4
929627,2
929629,2
929639,4
929641,0
929647,0
929671,0
929693,0
929717,0
929737,2
929741,2
929743,2
929749,0
929777,0
929791,0
929807,0
929809,2
929813,0
929843,0
929861,0
929869,2
929881,0
929891,0
929897,0
929941,0
929953,0
929963,2
929977,0
929983,0
930011,4
930043,2
930071,0
930073,0
930077,0
930079,0
930089,2
930101,2
930113,4
930119,4
930157,0
930173,0
930179,0
930187,2
930191,2
930197,2
930199,4
930211,0
930229,2
930269,0
930277,0
930283,0
930287,0
930289,0
930301,4
930323,2
930337,0
930379,4
930389,0
930409,0
930437,2
930467,0
930469,0
930481,0
930491,0
930499,4
930509,0
930547,0
930551,0
930569,0
930571,0
930583,0
930593,0
930617,2
930619,0
930637,2
930653,4
930667,4
930689,0
930707,0
930719,0
930737,0
930749,4
930763,2
930773,0
930779,2
930817,0
930827,0
930841,0
930847,0
930859,0
930863,0
930889,0
930911,2
930931,2
930973,0
930977,0
930989,0
930991,0
931003,0
931013,0
931067,0
931087,0
931097,0
931123,0
931127,4
931129,2
931153,2
931163,6
931169,0
931181,0
931193,0
931199,0
931213,0
931237,4
931241,0
931267,4
931289,4
931303,0
931309,0
931313,0
931319,0
931351,2
931363,0
931387,4
931417,0
931421,0
931487,2
931499,4
931517,2
931529,0
931537,2
931543,4
931571,2
931573,2
931577,4
931597,2
931621,0
931639,4
931657,2
931691,0
931709,0
931727,2
931729,2
931739,4
931747,0
931751,0
931757,0
931781,0
931783,0
931789,0
931811,2
931837,0
931849,2
931859,2
931873,0
931877,2
931883,4
931901,2
931907,0
931913,4
931921,2
931933,2
931943,0
931949,2
931967,4
931981,2
931999,0
932003,0
932021,0
932039,0
932051,0
932081,0
932101,0
932117,4
932119,0
932131,0
932149,2
932153,0
932177,2
932189,0
932203,0
932207,2
932209,4
932219,0
932221,0
932227,0
932231,0
932257,0
932303,0
932317,2
932333,2
932341,0
932353,0
932357,0
932413,0
932417,0
932419,2
932431,0
932441,0
932447,2
932471,4
932473,0
932483,2
932497,0
932513,2
932521,2
932537,4
932549,2
932557,0
932563,4
932567,0
932579,0
932587,2
932593,2
932597,0
932609,0
932647,2
932651,2
932663,0
932677,0
932681,0
932683,4
932749,2
932761,0
932779,0
932783,0
932801,0
932803,0
932819,0
932839,4
932863,0
932879,4
932887,0
932917,0
932923,0
932927,2
932941,2
932947,2
932951,0
932963,4
932969,0
932983,0
932999,0
933001,2
933019,2
933047,0
933059,0
933061,0
933067,0
933073,0
933151,0
933157,2
933173,0
933199,0
933209,0
933217,2
933221,4
933241,0
933259,0
933263,4
933269,0
933293,0
933301,0
933313,2
933319,4
933329,2
933349,0
933389,2
933397,0
933403,2
933407,4
933421,2
933433,2
933463,4
933479,0
933497,2
933523,0
933551,0
933553,2
933563,2
933601,4
933607,0
933613,2
933643,0
933649,0
933671,4
933677,2
933703,0
933707,2
933739,2
933761,0
933781,0
933787,0
933797,2
933809,2
933811,0
933817,0
933839,0
933847,4
933851,0
933853,0
933883,2
933893,2
933923,0
933931,2
933943,2
933949,0
933953,2
933967,0
933973,0
933979,0
934001,2
934009,2
934033,0
934039,0
934049,0
934051,2
934057,0
934067,2
934069,0
934079,0
934111,2
934117,2
934121,0
934127,0
934151,0
934159,2
934187,0
934223,0
934229,0
934243,2
934253,0
934259,0
934277,4
934291,2
934301,0
934319,2
934343,2
934387,2
934393,0
934399,2
934403,0
934429,0
934441,2
934463,2
934469,4
934481,0
934487,0
934489,0
934499,0
934517,0
934523,0
934537,0
934543,0
934547,0
934561,0
934567,0
934579,0
934597,0
934603,0
934607,2
934613,0
934639,2
934669,2
934673,2
934693,8
934721,0
934723,4
934733,2
934753,0
934763,2
934771,0
934793,4
934799,0
934811,2
934831,0
934837,2
934853,0
934861,2
934883,0
934889,0
934891,2
934897,2
934907,0
934909,2
934919,2
934939,2
934943,0
934951,0
934961,0
934979,0
934981,0
935003,2
935021,0
935023,4
935059,2
935063,2
935071,0
935093,2
935107,2
935113,0
935147,0
935149,0
935167,0
935183,2
935189,6
935197,2
935201,0
935213,0
935243,2
935257,2
935261,2
935303,2
935339,2
935353,4
935359,2
935377,0
935381,2
935393,0
935399,4
935413,2
935423,4
935443,0
935447,0
935461,0
935489,0
935507,0
935513,0
935531,2
935537,0
935581,0
935587,0
935591,0
935593,0
935603,0
935621,0
935639,0
935651,2
935653,2
935677,2
935687,2
935689,2
935699,0
935707,0
935717,0
935719,2
935761,2
935771,2
935777,0
935791,0
935813,2
935819,0
935827,2
935839,0
935843,2
935861,0
935899,0
935903,0
935971,4
935999,2
936007,0
936029,0
936053,0
936097,0
936113,0
936119,0
936127,2
936151,2
936161,2
936179,2
936181,2
936197,0
936203,2
936223,2
936227,2
936233,0
936253,0
936259,2
936281,0
936283,0
936311,0
936319,0
936329,2
936361,0
936379,0
936391,2
936401,0
936407,0
936413,0
936437,2
936451,0
936469,2
936487,2
936493,0
936499,0
936511,2
936521,0
936527,2
936539,2
936557,6
936577,4
936587,2
936599,0
936619,0
936647,2
936659,0
936667,0
936673,0
936679,2
936697,0
936709,2
936713,0
936731,2
936737,0
936739,0
936769,0
936773,0
936779,0
936797,0
936811,0
936827,0
936869,0
936889,0
936907,2
936911,4
936917,0
936919,0
936937,0
936941,0
936953,2
936967,0
937003,0
937007,0
937009,0
937031,0
937033,2
937049,0
937067,0
937121,0
937127,0
937147,0
937151,2
937171,0
937187,0
937207,2
937229,0
937231,2
937241,0
937243,0
937253,0
937331,2
937337,0
937351,2
937373,0
937379,4
937421,0
937429,0
937459,0
937463,4
937477,4
937481,0
937501,0
937511,0
937537,0
937571,0
937577,0
937589,0
937591,2
937613,2
937627,0
937633,0
937637,0
937639,0
937661,0
937663,2
937667,2
937679,2
937681,0
937693,0
937709,4
937721,0
937747,0
937751,0
937777,2
937789,0
937801,2
937813,0
937819,0
937823,2
937841,6
937847,2
937877,2
937883,0
937891,2
937901,0
937903,0
937919,2
937927,0
937943,0
937949,0
937969,0
937991,2
938017,0
938023,0
938027,0
938033,0
938051,0
938053,2
938057,0
938059,2
938071,0
938083,2
938089,0
938099,2
938107,2
938117,0
938129,0
938183,0
938207,0
938219,0
938233,0
938243,0
938251,2
938257,0
938263,0
938279,2
938293,0
938309,0
938323,0
938341,0
938347,0
938351,2
938359,0
938369,0
938387,0
938393,0
938437,4
938447,0
938453,0
938459,0
938491,0
938507,2
938533,0
938537,4
938563,2
938569,6
938573,4
938591,4
938611,0
938617,0
938659,0
938677,2
938681,0
938713,2
938747,2
938761,0
938803,0
938807,0
938827,0
938831,0
938843,2
938857,2
938869,0
938879,0
938881,4
938921,0
938939,0
938947,0
938953,0
938963,2
938969,2
938981,0
938983,0
938989,0
939007,0
939011,2
939019,0
939061,2
939089,0
939091,2
939109,0
939119,0
939121,0
939157,0
939167,0
939179,0
939181,2
939193,2
939203,2
939229,0
939247,0
939287,0
939293,0
939299,2
939317,0
939347,0
939349,0
939359,0
939361,4
939373,2
939377,2
939391,4
939413,2
939431,0
939439,0
939443,0
939451,2
939469,0
939487,2
939511,4
939551,0
939581,0
939599,4
939611,2
939613,0
939623,2
939649,2
939661,0
939677,0
939707,0
939713,0
939737,2
939739,0
939749,0
939767,0
939769,0
939773,2
939791,2
939793,2
939823,0
939839,0
939847,0
939853,0
939871,2
939881,0
939901,0
939923,2
939931,4
939971,0
939973,0
939989,4
939997,0
940001,0
940003,0
940019,0
940031,2
940067,0
940073,0
940087,0
940097,0
940127,0
940157,2
940169,4
940183,0
940189,0
940201,0
940223,2
940229,2
940241,0
940249,6
940259,6
940271,0
940279,0
940297,2
940301,0
940319,0
940327,2
940349,0
940351,0
940361,0
940369,0
940399,0
940403,2
940421,2
940469,0
940477,0
940483,0
940501,0
940523,4
940529,0
940531,4
940543,2
940547,4
940549,0
940553,0
940573,2
940607,2
940619,0
940649,0
940669,0
940691,0
940703,0
940721,6
940727,2
940733,0
940739,0
940759,0
940781,0
940783,0
940787,0
940801,0
940813,0
940817,0
940829,0
940853,0
940871,2
940879,2
940889,0
940903,0
940913,4
940921,0
940931,4
940949,2
940957,0
940981,0
940993,0
941009,0
941011,2
941023,0
941027,0
941041,4
941093,0
941099,0
941117,0
941119,4
941123,2
941131,2
941153,2
941159,0
941167,0
941179,4
941201,2
941207,2
941209,2
941221,2
941249,0
941251,0
941263,4
941267,2
941299,2
941309,2
941323,0
941329,0
941351,4
941359,0
941383,0
941407,0
941429,2
941441,4
941449,0
941453,0
941461,4
941467,2
941471,0
941489,0
941491,2
941503,0
941509,0
941513,0
941519,6
941537,0
941557,0
941561,0
941573,2
941593,0
941599,0
941609,2
941617,0
941641,0
941653,0
941663,2
941669,0
941671,2
941683,4
941701,2
941723,2
941737,2
941741,2
941747,2
941753,0
941771,6
941791,0
941813,2
941839,0
941861,0
941879,2
941903,0
941911,2
941929,4
941933,2
941947,2
941971,0
941981,2
941989,2
941999,0
942013,2
942017,0
942031,0
942037,0
942041,0
942043,0
942049,0
942061,4
942079,2
942091,0
942101,0
942113,0
942143,0
942163,0
942167,0
942169,0
942187,0
942199,2
942217,0
942223,0
942247,4
942257,0
942269,0
942301,0
942311,0
942313,0
942317,2
942341,0
942367,0
942371,0
942401,0
942433,2
942437,2
942439,2
942449,0
942479,0
942509,0
942521,0
942527,0
942541,2
942569,0
942577,0
942583,2
942593,2
942607,0
942637,0
942653,0
942659,0
942661,2
942691,0
942709,2
942719,0
942727,0
942749,2
942763,0
942779,0
942787,2
942811,0
942827,4
942847,0
942853,0
942857,0
942859,0
942869,0
942883,0
942889,0
942899,2
942901,0
942917,0
942943,0
942979,4
942983,2
943003,0
943009,6
943013,0
943031,4
943043,2
943057,2
943073,0
943079,0
943081,2
943091,2
943097,0
943127,0
943139,4
943153,0
943157,0
943183,0
943199,0
943213,0
943219,0
943231,0
943249,2
943273,6
943277,2
943289,0
943301,0
943303,0
943307,2
943321,0
943343,2
943357,4
943363,0
943367,0
943373,2
943387,0
943403,2
943409,0
943421,2
943429,0
943471,6
943477,2
943499,0
943511,4
943541,0
943543,0
943567,0
943571,0
943589,0
943601,0
943603,2
943637,4
943651,2
943693,2
943699,0
943729,0
943741,0
943751,0
943757,0
943763,2
943769,0
943777,0
943781,0
943783,0
943799,0
943801,0
943819,0
943837,2
943841,6
943843,2
943849,0
943871,2
943903,0
943909,0
943913,2
943931,2
943951,0
943967,0
944003,0
944017,0
944029,0
944039,0
944071,0
944077,4
944123,0
944137,0
944143,2
944147,2
944149,0
944161,0
944179,0
944191,2
944233,2
944239,2
944257,2
944261,0
944263,2
944297,0
944309,4
944329,0
944369,0
944387,0
944389,2
944393,0
944399,2
944417,2
944429,4
944431,4
944453,0
944467,2
944473,0
944491,0
944497,0
944519,0
944521,0
944527,0
944533,0
944543,2
944551,2
944561,2
944563,2
944579,2
944591,0
944609,2
944621,0
944651,0
944659,2
944677,0
944687,2
944689,2
944701,0
944711,0
944717,0
944729,0
944731,4
944773,0
944777,0
944803,0
944821,0
944833,4
944857,0
944873,0
944887,0
944893,2
944897,0
944899,0
944929,2
944953,0
944963,0
944969,2
944987,0
945031,0
945037,0
945059,0
945089,0
945103,0
945143,2
945151,0
945179,0
945209,0
945211,2
945227,2
945233,0
945289,2
945293,0
945331,0
945341,0
945349,0
945359,0
945367,2
945377,0
945389,0
945391,2
945397,2
945409,2
945431,0
945457,2
945463,2
945473,4
945479,2
945481,0
945521,2
945547,0
945577,2
945587,0
945589,2
945601,0
945629,0
945631,0
945647,2
945671,2
945673,2
945677,2
945701,0
945731,0
945733,0
945739,0
945767,0
945787,0
945799,4
945809,0
945811,0
945817,2
945823,0
945851,4
945881,0
945883,0
945887,2
945899,0
945907,2
945929,0
945937,2
945941,0
945943,0
945949,0
945961,2
945983,2
946003,4
946021,2
946031,0
946037,2
946079,2
946081,2
946091,0
946093,2
946109,0
946111,0
946123,2
946133,0
946163,2
946177,4
946193,4
946207,0
946223,6
946249,0
946273,4
946291,0
946307,0
946327,2
946331,0
946367,0
946369,0
946391,0
946397,2
946411,0
946417,2
946453,2
946459,0
946469,6
946487,0
946489,0
946507,2
946511,2
946513,0
946549,0
946573,0
946579,2
946607,0
946661,2
946663,0
946667,0
946669,0
946681,0
946697,0
946717,0
946727,0
946733,0
946741,4
946753,0
946769,2
946783,2
946801,0
946819,0
946823,2
946853,0
946859,0
946861,2
946873,0
946877,4
946901,0
946919,0
946931,2
946943,0
946949,0
946961,0
946969,0
946987,0
946993,2
946997,6
947027,2
947033,0
947083,0
947119,0
947129,2
947137,2
947171,4
947183,2
947197,4
947203,2
947239,0
947263,4
947299,0
947327,2
947341,0
947351,0
947357,0
947369,0
947377,0
947381,0
947383,4
947389,0
947407,2
947411,0
947413,0
947417,2
947423,0
947431,0
947449,6
947483,0
947501,0
947509,0
947539,2
947561,2
947579,0
947603,4
947621,0
947627,0
947641,4
947647,0
947651,0
947659,0
947707,4
947711,2
947719,0
947729,0
947741,0
947743,2
947747,2
947753,0
947773,0
947783,0
947803,0
947819,0
947833,2
947851,2
947857,4
947861,0
947873,4
947893,2
947911,2
947917,0
947927,2
947959,2
947963,4
947987,4
948007,0
948019,0
948029,2
948041,0
948049,0
948053,2
948061,2
948067,2
948089,0
948091,0
948133,0
948139,0
948149,0
948151,0
948169,0
948173,0
948187,2
948247,0
948253,0
948263,2
948281,0
948287,0
948293,0
948317,0
948331,2
948349,0
948377,2
948391,0
948401,0
948403,2
948407,0
948427,2
948439,0
948443,2
948449,0
948457,2
948469,2
948487,2
948517,0
948533,0
948547,0
948551,0
948557,0
948581,4
948593,2
948659,0
948671,2
948707,0
948713,0
948721,2
948749,2
948767,2
948797,2
948799,0
948839,0
948847,2
948853,0
948877,0
948887,2
948901,2
948907,0
948929,0
948943,0
948947,0
948971,0
948973,0
948989,2
949001,0
949019,4
949021,4
949033,0
949037,0
949043,0
949051,0
949111,0
949121,0
949129,0
949147,0
949153,0
949159,0
949171,0
949211,0
949213,2
949241,0
949243,4
949253,2
949261,2
949303,2
949307,0
949381,0
949387,0
949391,0
949409,0
949423,0
949427,2
949439,2
949441,0
949451,2
949453,2
949471,0
949477,0
949513,2
949517,0
949523,0
949567,2
949583,4
949589,2
949607,0
949609,2
949621,0
949631,0
949633,2
949643,0
949649,0
949651,0
949667,0
949673,2
949687,0
949691,2
949699,0
949733,0
949759,0
949771,2
949777,2
949789,0
949811,0
949849,0
949853,0
949889,0
949891,0
949903,0
949931,2
949937,0
949939,0
949951,0
949957,0
949961,0
949967,0
949973,0
949979,0
949987,2
949997,4
950009,4
950023,0
950029,0
950039,0
950041,0
950071,0
950083,2
950099,0
950111,0
950149,0
950161,0
950177,2
950179,2
950207,0
950221,0
950227,0
950231,4
950233,0
950239,0
950251,0
950269,0
950281,2
950329,0
950333,0
950347,0
950357,0
950363,0
950393,0
950401,0
950423,2
950447,2
950459,0
950461,0
950473,0
950479,0
950483,0
950497,2
950501,2
950507,0
950519,0
950527,0
950531,0
950557,0
950569,2
950611,0
950617,2
950633,2
950639,0
950647,2
950671,2
950681,2
950689,4
950693,0
950699,0
950717,0
950723,2
950737,0
950743,2
950753,0
950783,0
950791,2
950809,0
950813,0
950819,2
950837,0
950839,0
950867,2
950869,2
950879,2
950921,0
950927,4
950933,2
950947,2
950953,0
950959,2
950993,2
951001,0
951019,2
951023,0
951029,0
951047,0
951053,0
951059,0
951061,0
951079,0
951089,2
951091,2
951101,2
951107,0
951109,0
951131,0
951151,0
951161,0
951193,0
951221,0
951259,0
951277,0
951281,2
951283,0
951299,4
951331,0
951341,2
951343,0
951361,0
951367,0
951373,0
951389,0
951407,2
951413,0
951427,0
951437,4
951449,0
951469,0
951479,4
951491,0
951497,0
951553,2
951557,0
951571,0
951581,4
951583,0
951589,0
951623,0
951637,0
951641,0
951647,0
951649,0
951659,2
951689,0
951697,0
951749,2
951781,0
951787,0
951791,2
951803,4
951829,2
951851,6
951859,2
951887,2
951893,2
951911,4
951941,0
951943,4
951959,4
951967,0
951997,0
952001,2
952009,0
952037,4
952057,0
952073,2
952087,2
952097,0
952111,0
952117,2
952123,0
952129,2
952141,2
952151,0
952163,0
952169,0
952183,0
952199,2
952207,2
952219,0
952229,0
952247,2
952253,2
952277,0
952279,2
952291,0
952297,0
952313,2
952349,0
952363,4
952379,0
952381,0
952397,0
952423,0
952429,0
952439,0
952481,0
952487,2
952507,0
952513,2
952541,0
952547,2
952559,2
952573,0
952583,0
952597,4
952619,4
952649,2
952657,2
952667,4
952669,2
952681,0
952687,2
952691,0
952709,4
952739,4
952741,2
952753,2
952771,0
952789,0
952811,0
952813,0
952823,0
952829,0
952843,4
952859,2
952873,2
952877,2
952883,0
952921,0
952927,0
952933,0
952937,0
952943,2
952957,0
952967,2
952979,0
952981,0
952997,0
953023,0
953039,2
953041,2
953053,0
953077,2
953081,0
953093,0
953111,2
953131,0
953149,2
953171,2
953179,2
953191,0
953221,0
953237,2
953243,0
953261,0
953273,0
953297,0
953321,0
953333,2
953341,2
953347,0
953399,0
953431,0
953437,0
953443,0
953473,0
953483,2
953497,0
953501,0
953503,0
953507,2
953521,0
953539,2
953543,2
953551,2
953567,0
953593,0
953621,2
953639,0
953647,2
953651,4
953671,2
953681,0
953699,2
953707,0
953731,2
953747,2
953773,0
953789,0
953791,2
953831,0
953851,0
953861,0
953873,2
953881,0
953917,0
953923,0
953929,2
953941,2
953969,2
953977,0
953983,0
953987,0
954001,0
954007,4
954011,2
954043,0
954067,4
954097,0
954103,0
954131,0
954133,0
954139,2
954157,0
954167,2
954181,0
954203,0
954209,0
954221,0
954229,0
954253,0
954257,2
954259,0
954263,0
954269,2
954277,0
954287,4
954307,0
954319,0
954323,0
954367,0
954377,0
954379,0
954391,0
954409,0
954433,0
954451,2
954461,2
954469,0
954491,2
954497,0
954509,2
954517,2
954539,0
954571,0
954599,0
954619,0
954623,2
954641,0
954649,0
954671,0
954677,0
954697,0
954713,0
954719,0
954727,0
954743,2
954757,0
954763,0
954827,0
954829,0
954847,2
954851,2
954853,0
954857,2
954869,2
954871,2
954911,0
954917,0
954923,2
954929,2
954971,0
954973,0
954977,0
954979,0
954991,4
955037,0
955039,2
955051,2
955061,2
955063,0
955091,6
955093,4
955103,2
955127,0
955139,2
955147,0
955153,0
955183,0
955193,0
955211,0
955217,0
955223,2
955243,0
955261,0
955267,0
955271,0
955277,4
955307,2
955309,0
955313,0
955319,0
955333,0
955337,0
955363,2
955379,2
955391,0
955433,0
955439,4
955441,0
955457,0
955469,0
955477,0
955481,6
955483,0
955501,0
955511,2
955541,0
955601,0
955607,0
955613,0
955649,0
955657,0
955693,2
955697,0
955709,2
955711,0
955727,4
955729,2
955769,0
955777,0
955781,2
955793,0
955807,0
955813,0
955819,0
955841,0
955853,0
955879,0
955883,0
955891,0
955901,0
955919,0
955937,0
955939,0
955951,0
955957,0
955963,0
955967,4
955987,2
955991,2
955993,0
956003,0
956051,4
956057,0
956083,0
956107,2
956113,0
956119,0
956143,0
956147,2
956177,2
956231,0
956237,0
956261,0
956269,0
956273,0
956281,2
956303,0
956311,0
956341,2
956353,2
956357,2
956377,0
956383,0
956387,0
956393,2
956399,0
956401,0
956429,0
956477,2
956503,0
956513,2
956521,0
956569,4
956587,0
956617,2
956633,0
956689,0
956699,0
956713,2
956723,0
956749,0
956759,0
956789,0
956801,0
956831,0
956843,2
956849,4
956861,0
956881,4
956903,0
956909,0
956929,0
956941,4
956951,0
956953,0
956987,2
956993,0
956999,2
957031,0
957037,0
957041,0
957043,4
957059,0
957071,2
957091,0
957097,0
957107,0
957109,4
957119,2
957133,2
957139,0
957161,2
957169,0
957181,0
957193,0
957211,2
957221,0
957241,0
957247,2
957263,0
957289,2
957317,0
957331,0
957337,0
957349,2
957361,0
957403,0
957409,2
957413,0
957419,2
957431,0
957433,4
957499,0
957529,0
957547,0
957553,0
957557,0
957563,0
957587,2
957599,0
957601,2
957611,0
957641,0
957643,2
957659,2
957701,2
957703,2
957709,0
957721,0
957731,0
957751,0
957769,0
957773,2
957811,0
957821,0
957823,2
957851,0
957871,0
957877,2
957889,2
957917,0
957937,2
957949,2
957953,0
957959,0
957977,2
957991,0
958007,0
958021,2
958039,0
958043,0
958049,2
958051,2
958057,0
958063,4
958121,0
958123,0
958141,2
958159,0
958163,2
958183,0
958193,0
958213,2
958259,6
958261,2
958289,2
958313,0
958319,0
958327,2
958333,0
958339,0
958343,0
958351,0
958357,0
958361,4
958367,0
958369,2
958381,0
958393,2
958423,2
958439,0
958459,0
958481,0
958487,0
958499,0
958501,0
958519,0
958523,0
958541,0
958543,0
958547,0
958549,0
958553,0
958577,2
958609,2
958627,2
958637,0
958667,0
958669,2
958673,0
958679,2
958687,0
958693,2
958729,0
958739,0
958777,0
958787,2
958807,0
958819,2
958829,0
958843,2
958849,4
958871,0
958877,4
958883,2
958897,0
958901,0
958921,2
958931,2
958933,0
958957,0
958963,2
958967,0
958973,2
959009,0
959083,2
959093,0
959099,0
959131,0
959143,0
959149,0
959159,0
959173,0
959183,0
959207,0
959209,6
959219,0
959227,0
959237,0
959263,2
959267,0
959269,2
959279,2
959323,0
959333,4
959339,0
959351,0
959363,4
959369,0
959377,6
959383,0
959389,2
959449,0
959461,2
959467,0
959471,0
959473,0
959477,0
959479,4
959489,0
959533,0
959561,0
959579,2
959597,0
959603,2
959617,0
959627,0
959659,0
959677,0
959681,4
959689,2
959719,2
959723,0
959737,0
959759,0
959773,0
959779,2
959801,0
959809,0
959831,0
959863,2
959867,0
959869,2
959873,0
959879,0
959887,6
959911,0
959921,0
959927,0
959941,0
959947,4
959953,0
959969,0
960017,4
960019,2
960031,0
960049,0
960053,4
960059,0
960077,4
960119,4
960121,0
960131,4
960137,4
960139,0
960151,0
960173,0
960191,4
960199,2
960217,4
960229,0
960251,0
960259,2
960293,0
960299,2
960329,0
960331,2
960341,4
960353,0
960373,0
960383,2
960389,0
960419,2
960467,2
960493,0
960497,2
960499,2
960521,4
960523,0
960527,2
960569,2
960581,0
960587,0
960593,0
960601,0
960637,2
960643,2
960647,0
960649,0
960667,0
960677,0
960691,2
960703,0
960709,0
960737,0
960763,0
960793,0
960803,0
960809,0
960829,2
960833,0
960863,0
960889,0
960931,0
960937,0
960941,4
960961,0
960977,0
960983,4
960989,0
960991,2
961003,2
961021,0
961033,2
961063,0
961067,0
961069,0
961073,2
961087,0
961091,0
961097,0
961099,2
961109,0
961117,2
961123,2
961133,0
961139,0
961141,0
961151,0
961157,2
961159,6
961183,4
961187,0
961189,2
961201,0
961241,2
961243,0
961273,0
961277,4
961283,2
961313,2
961319,0
961339,4
961393,0
961397,0
961399,4
961427,0
961447,2
961451,2
961453,2
961459,0
961487,4
961507,0
961511,0
961529,2
961531,4
961547,2
961549,0
961567,0
961601,0
961613,0
961619,0
961627,0
961633,0
961637,0
961643,0
961657,0
961661,0
961663,4
961679,0
961687,2
961691,4
961703,0
961729,2
961733,0
961739,0
961747,2
961757,2
961769,0
961777,2
961783,0
961789,0
961811,0
961813,0
961817,0
961841,0
961847,0
961853,2
961861,2
961871,0
961879,0
961927,0
961937,0
961943,2
961957,2
961973,2
961981,2
961991,4
961993,4
962009,0
962011,0
962033,0
962041,0
962051,0
962063,2
962077,2
962099,0
962119,0
962131,2
962161,4
962177,0
962197,2
962233,0
962237,0
962243,4
962257,2
962267,2
962303,0
962309,2
962341,4
962363,4
962413,0
962417,0
962431,0
962441,2
962447,0
962459,0
962461,4
962471,2
962477,0
962497,0
962503,0
962509,4
962537,0
962543,0
962561,0
962569,4
962587,6
962603,4
962609,2
962617,0
962623,0
962627,2
962653,0
962669,2
962671,0
962677,4
962681,0
962683,0
962737,2
962743,0
962747,2
962779,0
962783,0
962789,0
962791,0
962807,0
962837,2
962839,0
962861,4
962867,0
962869,0
962903,0
962909,2
962911,2
962921,0
962959,2
962963,2
962971,2
962993,0
963019,0
963031,0
963043,6
963047,0
963097,0
963103,4
963121,0
963143,0
963163,2
963173,4
963181,2
963187,0
963191,2
963211,0
963223,0
963227,2
963239,0
963241,2
963253,2
963283,0
963299,4
963301,0
963311,0
963323,0
963331,2
963341,2
963343,2
963349,0
963367,2
963379,2
963397,4
963419,2
963427,0
963461,0
963481,0
963491,0
963497,0
963499,0
963559,4
963581,0
963601,2
963607,0
963629,4
963643,0
963653,2
963659,2
963667,0
963689,0
963691,0
963701,4
963707,0
963709,2
963719,0
963731,4
963751,2
963761,2
963763,0
963779,2
963793,0
963799,0
963811,2
963817,0
963839,0
963841,0
963847,2
963863,2
963871,0
963877,0
963899,0
963901,2
963913,0
963943,0
963973,0
963979,0
964009,0
964021,2
964027,2
964039,2
964049,0
964081,2
964097,0
964133,2
964151,2
964153,0
964199,2
964207,0
964213,0
964217,0
964219,2
964253,4
964259,4
964261,0
964267,0
964283,0
964289,2
964297,0
964303,0
964309,0
964333,0
964339,0
964351,0
964357,2
964363,2
964373,0
964417,0
964423,2
964433,2
964463,0
964499,0
964501,0
964507,0
964517,0
964519,0
964531,2
964559,0
964571,2
964577,0
964583,2
964589,2
964609,0
964637,0
964661,0
964679,2
964693,0
964697,2
964703,0
964721,0
964753,0
964757,0
964783,0
964787,0
964793,2
964823,2
964829,2
964861,0
964871,2
964879,2
964883,4
964889,0
964897,0
964913,0
964927,2
964933,0
964939,2
964967,2
964969,0
964973,2
964981,0
965023,4
965047,2
965059,0
965087,0
965089,0
965101,0
965113,2
965117,8
965131,0
965147,0
965161,2
965171,0
965177,0
965179,0
965189,2
965191,2
965197,0
965201,4
965227,2
965233,0
965249,0
965267,0
965291,0
965303,0
965317,2
965329,2
965357,0
965369,0
965399,0
965401,0
965407,0
965411,2
965423,2
965429,2
965443,4
965453,0
965467,0
965483,2
965491,0
965507,2
965519,0
965533,0
965551,2
965567,0
965603,0
965611,2
965621,0
965623,2
965639,0
965647,0
965659,2
965677,4
965711,2
965749,0
965759,0
965773,0
965777,2
965779,2
965791,2
965801,2
965843,4
965851,0
965857,2
965893,2
965927,0
965953,2
965963,0
965969,0
965983,0
965989,0
966011,0
966013,0
966029,0
966041,0
966109,2
966113,0
966139,0
966149,0
966157,0
966191,2
966197,2
966209,0
966211,2
966221,0
966227,0
966233,0
966241,0
966257,6
966271,0
966293,0
966307,2
966313,2
966319,0
966323,0
966337,4
966347,0
966353,2
966373,2
966377,0
966379,0
966389,0
966401,4
966409,2
966419,0
966431,4
966439,0
966463,2
966481,2
966491,0
966499,0
966509,0
966521,2
966527,2
966547,2
966557,0
966583,2
966613,2
966617,0
966619,0
966631,0
966653,4
966659,2
966661,0
966677,0
966727,0
966751,2
966781,2
966803,2
966817,2
966863,4
966869,2
966871,2
966883,4
966893,0
966907,0
966913,0
966919,0
966923,4
966937,0
966961,0
966971,2
966991,2
966997,0
967003,0
967019,2
967049,2
967061,2
967111,2
967129,0
967139,0
967171,0
967201,0
967229,2
967259,0
967261,0
967289,2
967297,0
967319,2
967321,0
967327,0
967333,0
967349,0
967361,4
967363,2
967391,0
967397,0
967427,0
967429,0
967441,0
967451,0
967459,0
967481,2
967493,0
967501,0
967507,0
967511,2
967529,2
967567,2
967583,0
967607,0
967627,0
967663,2
967667,2
967693,2
967699,0
967709,0
967721,0
967739,0
967751,0
967753,2
967763,4
967781,0
967787,0
967819,0
967823,2
967831,0
967843,0
967847,0
967859,0
967873,0
967877,0
967903,0
967919,0
967931,0
967937,2
967951,0
967961,4
967979,2
967999,0
968003,0
968017,2
968021,2
968027,0
968041,0
968063,0
968089,0
968101,2
968111,0
968113,0
968117,6
968137,4
968141,0
968147,2
968159,0
968173,2
968197,0
968213,0
968237,2
968239,0
968251,0
968263,0
968267,4
968273,4
968291,0
968299,4
968311,2
968321,0
968329,2
968333,0
968353,0
968377,4
968381,2
968389,2
968419,0
968423,0
968431,2
968437,4
968459,0
968467,0
968479,2
968501,2
968503,4
968519,2
968521,2
968537,0
968557,0
968567,0
968573,2
968593,2
968641,0
968647,0
968659,0
968663,2
968689,2
968699,0
968713,0
968729,2
968731,0
968761,0
968801,0
968809,0
968819,4
968827,2
968831,0
968857,0
968879,0
968897,0
968909,2
968911,0
968917,0
968939,2
968959,4
968963,2
968971,0
969011,0
969037,0
969041,0
969049,2
969071,0
969083,0
969097,2
969109,0
969113,2
969131,2
969139,0
969167,2
969179,0
969181,0
969233,2
969239,6
969253,0
969257,2
969259,0
969271,2
969301,0
969341,2
969343,0
969347,0
969359,2
969377,2
969403,0
969407,0
969421,0
969431,0
969433,4
969443,2
969457,2
969461,0
969467,4
969481,0
969497,0
969503,2
969509,0
969533,0
969559,2
969569,2
969593,2
969599,0
969637,0
969641,2
969667,0
969671,0
969677,2
969679,2
969713,0
969719,0
969721,0
969743,2
969757,0
969763,0
969767,2
969791,0
969797,4
969809,0
969821,2
969851,2
969863,0
969869,0
969877,0
969889,2
969907,2
969911,0
969919,2
969923,0
969929,0
969977,2
969989,2
970027,2
970031,0
970043,2
970051,0
970061,2
970063,0
970069,2
970087,0
970091,2
970111,0
970133,0
970147,0
970201,0
970213,0
970217,0
970219,0
970231,2
970237,2
970247,0
970259,0
970261,0
970267,0
970279,0
970297,0
970303,0
970313,0
970351,0
970391,4
970421,0
970423,0
970433,6
970441,2
970447,2
970457,0
970469,2
970481,2
970493,0
970537,0
970549,2
970561,0
970573,4
970583,2
970603,0
970633,0
970643,2
970657,0
970667,2
970687,0
970699,2
970721,0
970747,0
970777,2
970787,2
970789,2
970793,0
970799,2
970813,0
970817,4
970829,0
970847,2
970859,2
970861,0
970867,0
970877,0
970883,2
970903,2
970909,2
970927,6
970939,2
970943,0
970961,2
970967,2
970969,2
970987,0
970997,0
970999,0
971021,0
971027,2
971029,0
971039,0
971051,4
971053,2
971063,2
971077,0
971093,0
971099,0
971111,0
971141,0
971143,0
971149,0
971153,0
971171,0
971177,2
971197,0
971207,0
971237,0
971251,2
971263,0
971273,0
971279,6
971281,2
971291,0
971309,0
971339,0
971353,2
971357,0
971371,2
971381,0
971387,0
971389,0
971401,0
971419,2
971429,2
971441,2
971473,0
971479,4
971483,0
971491,2
971501,2
971513,2
971521,0
971549,2
971561,0
971563,4
971569,0
971591,2
971639,0
971651,0
971653,2
971683,0
971693,2
971699,0
971713,0
971723,0
971753,0
971759,0
971767,2
971783,0
971821,0
971833,0
971851,2
971857,0
971863,0
971899,4
971903,4
971917,0
971921,4
971933,0
971939,2
971951,2
971959,0
971977,2
971981,0
971989,0
972001,2
972017,0
972029,0
972031,8
972047,0
972071,0
972079,2
972091,0
972113,0
972119,4
972121,2
972131,0
972133,0
972137,2
972161,0
972163,0
972197,0
972199,0
972221,2
972227,0
972229,0
972259,0
972263,0
972271,2
972277,0
972313,2
972319,2
972329,0
972337,0
972343,0
972347,2
972353,0
972373,0
972403,0
972407,2
972409,0
972427,2
972431,0
972443,0
972469,0
972473,0
972481,0
972493,0
972533,6
972557,0
972577,0
972581,0
972599,2
972611,0
972613,2
972623,0
972637,2
972649,0
972661,0
972679,2
972683,0
972701,2
972721,0
972787,0
972793,2
972799,0
972823,0
972827,2
972833,0
972847,0
972869,0
972887,0
972899,0
972901,0
972941,0
972943,0
972967,2
972977,2
972991,2
973001,0
973003,2
973031,0
973033,0
973051,0
973057,0
973067,2
973069,4
973073,0
973081,0
973099,0
973129,0
973151,2
973169,0
973177,0
973187,0
973213,0
973253,0
973277,0
973279,2
973283,0
973289,0
973321,0
973331,2
973333,0
973367,2
973373,0
973387,0
973397,0
973409,2
973411,4
973421,2
973439,2
973459,0
973487,2
973523,0
973529,2
973537,0
973547,2
973561,0
973591,2
973597,0
973631,0
973657,2
973669,0
973681,0
973691,2
973727,0
973757,4
973759,0
973781,0
973787,2
973789,0
973801,2
973813,0
973823,0
973837,0
973853,0
973891,0
973897,2
973901,0
973919,2
973957,0
974003,0
974009,2
974033,0
974041,0
974053,0
974063,0
974089,2
974107,0
974123,0
974137,0
974143,2
974147,0
974159,0
974161,2
974167,0
974177,2
974179,0
974189,2
974213,0
974249,2
974261,0
974269,0
974273,2
974279,0
974293,4
974317,2
974329,0
974359,2
974383,2
974387,0
974401,2
974411,0
974417,2
974419,0
974431,2
974437,2
974443,2
974459,2
974473,0
974489,0
974497,0
974507,0
974513,0
974531,2
974537,0
974539,2
974551,0
974557,0
974563,2
974581,0
974591,4
974599,2
974651,0
974653,4
974657,0
974707,0
974711,2
974713,2
974737,0
974747,0
974749,2
974761,0
974773,2
974803,2
974819,4
974821,4
974837,0
974849,0
974861,0
974863,0
974867,0
974873,4
974879,0
974887,0
974891,0
974923,0
974927,0
974957,0
974959,2
974969,0
974971,0
974977,0
974983,2
974989,0
974999,2
975011,0
975017,2
975049,0
975053,0
975071,0
975083,4
975089,2
975133,4
975151,0
975157,0
975181,0
975187,0
975193,0
975199,0
975217,2
975257,0
975259,2
975263,0
975277,0
975281,2
975287,0
975313,0
975323,2
975343,4
975367,0
975379,0
975383,6
975389,2
975421,4
975427,2
975433,2
975439,0
975463,0
975493,2
975497,0
975509,2
975521,0
975523,4
975551,0
975553,2
975581,0
975599,0
975619,0
975629,0
975643,2
975649,0
975661,0
975671,4
975691,0
975701,2
975731,2
975739,0
975743,4
975797,0
975803,0
975811,2
975823,0
975827,0
975847,2
975857,0
975869,2
975883,0
975899,0
975901,0
975907,0
975941,2
975943,0
975967,0
975977,0
975991,0
976009,2
976013,0
976033,4
976039,2
976091,0
976093,0
976103,2
976109,2
976117,0
976127,0
976147,0
976177,0
976187,2
976193,0
976211,2
976231,0
976253,0
976271,0
976279,0
976301,2
976303,0
976307,2
976309,2
976351,2
976369,2
976403,0
976411,0
976439,0
976447,2
976453,2
976457,0
976471,0
976477,2
976483,2
976489,2
976501,0
976513,4
976537,0
976553,0
976559,0
976561,2
976571,2
976601,2
976607,0
976621,0
976637,2
976639,0
976643,0
976669,2
976699,0
976709,2
976721,0
976727,0
976777,0
976799,0
976817,0
976823,0
976849,0
976853,0
976883,2
976909,0
976919,0
976933,2
976951,0
976957,2
976991,0
977021,4
977023,4
977047,0
977057,0
977069,6
977087,2
977107,0
977147,0
977149,0
977167,0
977183,0
977191,0
977203,0
977209,0
977233,2
977239,4
977243,0
977257,0
977269,0
977299,2
977323,4
977351,0
977357,0
977359,2
977363,0
977369,2
977407,0
977411,0
977413,4
977437,0
977447,2
977507,0
977513,0
977521,0
977539,0
977567,2
977591,8
977593,0
977609,2
977611,0
977629,0
977671,0
977681,2
977693,0
977719,0
977723,0
977747,0
977761,0
977791,0
977803,0
977813,0
977819,0
977831,0
977849,0
977861,2
977881,2
977897,0
977923,0
977927,2
977971,2
978001,0
978007,6
978011,0
978017,0
978031,2
978037,0
978041,2
978049,0
978053,4
978067,0
978071,2
978073,2
978077,2
978079,0
978091,2
978113,0
978149,2
978151,2
978157,2
978179,0
978181,0
978203,0
978209,0
978217,0
978223,2
978233,0
978239,0
978269,2
978277,0
978283,0
978287,4
978323,2
978337,4
978343,0
978347,0
978349,0
978359,2
978389,0
978403,0
978413,0
978427,6
978449,0
978457,0
978463,2
978473,2
978479,0
978491,6
978511,0
978521,0
978541,4
978569,0
978599,2
978611,2
978617,0
978619,0
978643,4
978647,0
978683,2
978689,4
978697,0
978713,0
978727,0
978743,2
978749,0
978773,2
978797,0
978799,0
978821,0
978839,2
978851,0
978853,0
978863,0
978871,2
978883,0
978907,0
978917,2
978931,2
978947,0
978973,0
978997,0
979001,0
979009,0
979031,0
979037,0
979061,2
979063,0
979093,0
979103,2
979109,2
979117,0
979159,2
979163,0
979171,2
979177,2
979189,2
979201,0
979207,0
979211,0
979219,2
979229,0
979261,2
979273,0
979283,6
979291,2
979313,0
979327,6
979333,4
979337,0
979343,0
979361,4
979369,2
979373,0
979379,0
979403,4
979423,2
979439,2
979457,2
979471,0
979481,2
979519,2
979529,2
979541,2
979543,0
979549,0
979553,2
979567,0
979651,0
979691,0
979709,0
979717,0
979747,0
979757,0
979787,0
979807,0
979819,0
979831,0
979873,2
979883,0
979889,0
979907,0
979919,8
979921,0
979949,0
979969,2
979987,0
980027,0
980047,2
980069,4
980071,0
980081,2
980107,2
980117,2
980131,2
980137,2
980149,2
980159,0
980173,0
980179,2
980197,2
980219,0
980249,0
980261,2
980293,2
980299,2
980321,0
980327,0
980363,0
980377,4
980393,0
980401,2
980417,0
980423,4
980431,0
980449,0
980459,0
980471,0
980489,0
980491,2
980503,0
980549,0
980557,2
980579,4
980587,2
980591,0
980593,0
980599,2
980621,2
980641,0
980677,2
980687,2
980689,0
980711,0
980717,0
980719,2
980729,0
980731,4
980773,0
980801,2
980803,2
980827,2
980831,2
980851,4
980887,2
980893,0
980897,0
980899,2
980909,0
980911,2
980921,2
980957,0
980963,0
980999,4
981011,2
981017,0
981023,0
981037,0
981049,0
981061,0
981067,0
981073,2
981077,0
981091,0
981133,0
981137,4
981139,0
981151,2
981173,0
981187,0
981199,2
981209,2
981221,0
981241,2
981263,2
981271,4
981283,0
981287,0
981289,0
981301,0
981311,0
981319,2
981373,0
981377,2
981391,2
981397,0
981419,0
981437,2
981439,0
981443,6
981451,0
981467,0
981473,0
981481,0
981493,2
981517,2
981523,0
981527,2
981569,0
981577,0
981587,2
981599,0
981601,0
981623,2
981637,0
981653,0
981683,0
981691,0
981697,0
981703,0
981707,0
981713,0
981731,0
981769,0
981797,2
981809,2
981811,2
981817,4
981823,0
981887,0
981889,0
981913,2
981919,2
981941,2
981947,0
981949,2
981961,0
981979,0
981983,2
982021,2
982057,0
982061,0
982063,0
982067,0
982087,2
982097,0
982099,6
982103,0
982117,0
982133,0
982147,0
982151,0
982171,0
982183,0
982187,6
982211,0
982213,0
982217,0
982231,4
982271,2
982273,4
982301,0
982321,2
982337,2
982339,2
982343,0
982351,0
982363,0
982381,0
982393,0
982403,0
982453,2
982489,0
982493,2
982559,0
982571,0
982573,0
982577,0
982589,2
982603,2
982613,2
982621,2
982633,2
982643,0
982687,0
982693,0
982697,0
982703,2
982741,2
982759,2
982769,2
982777,2
982783,0
982789,0
982801,0
982819,0
982829,0
982841,2
982843,2
982847,0
982867,2
982871,0
982903,0
982909,0
982931,0
982939,0
982967,0
982973,2
982981,0
983063,0
983069,2
983083,0
983113,2
983119,0
983123,0
983131,0
983141,0
983149,0
983153,2
983173,0
983179,0
983189,0
983197,2
983209,0
983233,0
983239,6
983243,4
983261,2
983267,2
983299,2
983317,0
983327,0
983329,0
983347,0
983363,0
983371,0
983377,0
983407,2
983429,6
983431,0
983441,0
983443,2
983447,2
983449,0
983461,0
983491,6
983513,0
983519,0
983527,4
983531,0
983533,0
983557,0
983579,2
983581,2
983597,0
983617,0
983659,0
983699,0
983701,0
983737,0
983771,0
983777,6
983783,2
983789,4
983791,2
983803,2
983809,0
983813,2
983819,0
983849,0
983861,2
983863,0
983881,0
983911,2
983923,2
983929,0
983951,2
983987,2
983993,2
984007,0
984017,0
984037,0
984047,0
984059,2
984083,0
984091,0
984119,2
984121,0
984127,2
984149,0
984167,0
984199,0
984211,0
984241,2
984253,0
984299,0
984301,4
984307,2
984323,0
984329,0
984337,0
984341,0
984349,2
984353,0
984359,0
984367,0
984383,4
984391,0
984397,4
984407,2
984413,2
984421,0
984427,0
984437,0
984457,0
984461,0
984481,2
984491,0
984497,2
984539,0
984541,0
984563,0
984583,0
984587,2
984593,0
984611,2
984617,2
984667,2
984689,0
984701,2
984703,0
984707,4
984733,0
984749,0
984757,0
984761,4
984817,0
984847,4
984853,0
984859,0
984877,2
984881,0
984911,0
984913,6
984917,0
984923,2
984931,0
984947,2
984959,0
985003,0
985007,0
985013,0
985027,0
985057,0
985063,0
985079,0
985097,0
985109,0
985121,0
985129,0
985151,0
985177,6
985181,0
985213,2
985219,4
985253,0
985277,0
985279,0
985291,0
985301,2
985307,2
985331,2
985339,2
985351,4
985379,4
985399,0
985403,0
985417,2
985433,0
985447,2
985451,0
985463,2
985471,6
985483,0
985487,0
985493,4
985499,2
985519,0
985529,0
985531,4
985547,0
985571,0
985597,10
985601,2
985613,0
985631,0
985639,0
985657,2
985667,0
985679,0
985703,0
985709,2
985723,0
985729,0
985741,0
985759,0
985781,2
985783,0
985799,2
985807,0
985819,0
985867,0
985871,0
985877,0
985903,2
985921,4
985937,0
985951,0
985969,0
985973,2
985979,0
985981,0
985991,0
985993,2
985997,2
986023,0
986047,2
986053,0
986071,2
986101,2
986113,4
986131,0
986137,2
986143,2
986147,2
986149,0
986177,2
986189,0
986191,2
986197,0
986207,0
986213,0
986239,2
986257,6
986267,0
986281,0
986287,0
986333,0
986339,0
986351,8
986369,0
986411,0
986417,0
986429,2
986437,0
986471,0
986477,0
986497,0
986507,2
986509,0
986519,0
986533,0
986543,0
986563,2
986567,2
986569,0
986581,0
986593,0
986597,0
986599,0
986617,0
986633,0
986641,0
986659,0
986693,6
986707,0
986717,2
986719,2
986729,4
986737,4
986749,4
986759,0
986767,0
986779,0
986801,0
986813,6
986819,2
986837,2
986849,0
986851,0
986857,2
986903,0
986927,0
986929,0
986933,2
986941,0
986959,2
986963,0
986981,0
986983,2
986989,2
987013,2
987023,0
987029,2
987043,0
987053,2
987061,0
987067,0
987079,0
987083,0
987089,2
987097,2
987101,0
987127,2
987143,0
987191,0
987193,0
987199,0
987209,2
987211,0
987227,2
987251,0
987293,0
987299,0
987313,0
987353,4
987361,2
987383,0
987391,0
987433,6
987457,0
987463,2
987473,0
987491,0
987509,2
987523,4
987533,0
987541,0
987559,2
987587,0
987593,2
987599,2
987607,0
987631,0
987659,0
987697,0
987713,0
987739,0
987793,2
987797,4
987803,0
987809,4
987821,0
987851,2
987869,0
987911,0
987913,0
987929,0
987941,2
987971,0
987979,0
987983,0
987991,2
987997,0
988007,0
988021,0
988033,0
988051,2
988061,4
988067,0
988069,4
988093,2
988109,0
988111,0
988129,2
988147,2
988157,6
988199,2
988213,0
988217,0
988219,0
988231,2
988237,2
988243,2
988271,2
988279,8
988297,0
988313,2
988319,0
988321,2
988343,0
988357,0
988367,0
988409,2
988417,2
988439,2
988453,0
988459,0
988483,2
988489,0
988501,2
988511,0
988541,2
988549,0
988571,0
988577,0
988579,2
988583,0
988591,0
988607,2
988643,6
988649,0
988651,4
988661,0
988681,2
988693,0
988711,2
988727,0
988733,6
988759,0
988763,0
988783,0
988789,0
988829,0
988837,0
988849,4
988859,0
988861,0
988877,0
988901,0
988909,0
988937,2
988951,0
988963,0
988979,2
989011,0
989029,0
989059,0
989071,0
989081,0
989099,0
989119,4
989123,0
989171,0
989173,2
989231,0
989239,4
989249,0
989251,0
989279,4
989293,2
989309,2
989321,2
989323,2
989327,0
989341,0
989347,0
989353,4
989377,0
989381,0
989411,0
989419,0
989423,0
989441,2
989467,0
989477,4
989479,0
989507,0
989533,2
989557,0
989561,0
989579,0
989581,0
989623,0
989629,0
989641,2
989647,0
989663,0
989671,0
989687,2
989719,2
989743,2
989749,0
989753,2
989761,0
989777,0
989783,0
989797,2
989803,0
989827,0
989831,0
989837,0
989839,2
989869,2
989873,0
989887,2
989909,2
989917,0
989921,0
989929,2
989939,0
989951,0
989959,2
989971,4
989977,0
989981,0
989999,0
990001,4
990013,0
990023,0
990037,0
990043,2
990053,0
990137,0
990151,0
990163,0
990169,2
990179,2
990181,0
990211,0
990239,0
990259,0
990277,2
990281,0
990287,0
990289,0
990293,2
990307,0
990313,4
990323,0
990329,0
990331,0
990349,4
990359,0
990361,0
990371,0
990377,2
990383,0
990389,4
990397,0
990463,0
990469,2
990487,2
990497,2
990503,6
990511,0
990523,0
990529,2
990547,0
990559,2
990589,0
990593,0
990599,0
990631,2
990637,0
990643,0
990673,0
990707,2
990719,0
990733,0
990761,0
990767,0
990797,2
990799,4
990809,0
990841,4
990851,0
990881,0
990887,0
990889,0
990893,0
990917,2
990923,2
990953,0
990961,4
990967,2
990973,0
990989,2
991009,0
991027,2
991031,6
991037,0
991043,0
991057,0
991063,0
991069,0
991073,2
991079,0
991091,0
991127,2
991129,0
991147,0
991171,4
991181,2
991187,0
991201,0
991217,2
991223,2
991229,0
991261,2
991273,0
991313,0
991327,4
991343,4
991357,0
991381,2
991387,0
991409,0
991427,0
991429,0
991447,2
991453,0
991483,2
991493,2
991499,0
991511,0
991531,2
991541,0
991547,2
991567,4
991579,0
991603,0
991607,4
991619,2
991621,0
991633,4
991643,2
991651,4
991663,0
991693,0
991703,0
991717,2
991723,0
991733,0
991741,0
991751,2
991777,0
991811,0
991817,0
991867,2
991871,0
991873,0
991883,0
991889,0
991901,2
991909,0
991927,4
991931,0
991943,4
991951,0
991957,0
991961,0
991973,0
991979,0
991981,0
991987,2
991999,2
992011,0
992021,2
992023,0
992051,0
992087,0
992111,2
992113,2
992129,4
992141,0
992153,0
992179,2
992183,2
992219,2
992231,0
992249,2
992263,0
992267,0
992269,0
992281,0
992309,0
992317,2
992357,4
992359,0
992363,4
992371,2
992393,0
992417,0
992429,2
992437,0
992441,0
992449,0
992461,0
992513,2
992521,4
992539,0
992549,0
992561,0
992591,0
992603,0
992609,6
992623,0
992633,0
992659,0
992689,0
992701,0
992707,0
992723,2
992737,2
992777,0
992801,2
992809,0
992819,0
992843,2
992857,0
992861,2
992863,0
992867,0
992891,0
992903,0
992917,0
992923,0
992941,0
992947,0
992963,0
992983,0
993001,0
993011,4
993037,0
993049,0
993053,0
993079,2
993103,2
993107,2
993121,0
993137,0
993169,0
993197,0
993199,2
993203,0
993211,2
993217,2
993233,2
993241,2
993247,0
993253,2
993269,2
993283,0
993287,0
993319,0
993323,2
993341,2
993367,0
993397,2
993401,4
993407,0
993431,0
993437,2
993451,2
993467,0
993479,0
993481,4
993493,0
993527,0
993541,0
993557,2
993589,0
993611,0
993617,0
993647,0
993679,0
993683,4
993689,0
993703,2
993763,4
993779,2
993781,2
993793,2
993821,0
993823,2
993827,2
993841,2
993851,4
993869,0
993887,0
993893,2
993907,0
993913,0
993919,0
993943,2
993961,2
993977,0
993983,0
993997,0
994013,4
994027,2
994039,0
994051,0
994067,2
994069,2
994073,0
994087,2
994093,0
994141,0
994163,0
994181,0
994183,0
994193,2
994199,0
994229,0
994237,0
994241,2
994247,4
994249,0
994271,2
994297,0
994303,2
994307,4
994309,0
994319,2
994321,0
994337,2
994339,0
994363,2
994369,4
994391,0
994393,2
994417,2
994447,2
994453,0
994457,2
994471,0
994489,2
994501,2
994549,2
994559,2
994561,2
994571,2
994579,4
994583,2
994603,2
994621,4
994657,0
994663,2
994667,2
994691,2
994699,0
994709,2
994711,2
994717,0
994723,0
994751,2
994769,0
994793,0
994811,4
994813,2
994817,0
994831,4
994837,2
994853,0
994867,0
994871,2
994879,0
994901,0
994907,0
994913,0
994927,0
994933,0
994949,0
994963,2
994991,0
994997,0
995009,0
995023,0
995051,0
995053,2
995081,0
995117,0
995119,0
995147,2
995167,4
995173,0
995219,2
995227,0
995237,0
995243,0
995273,2
995303,6
995327,2
995329,0
995339,4
995341,2
995347,2
995363,0
995369,0
995377,4
995381,2
995387,0
995399,0
995431,0
995443,0
995447,0
995461,4
995471,0
995513,2
995531,2
995539,2
995549,0
995551,0
995567,2
995573,6
995587,0
995591,2
995593,2
995611,2
995623,0
995641,2
995651,0
995663,2
995669,0
995677,0
995699,0
995713,0
995719,0
995737,0
995747,0
995783,2
995791,0
995801,4
995833,0
995881,2
995887,0
995903,2
995909,0
995927,0
995941,2
995957,2
995959,2
995983,0
995987,0
995989,0
996001,0
996011,0
996019,0
996049,0
996067,2
996103,2
996109,0
996119,0
996143,0
996157,4
996161,0
996167,0
996169,0
996173,0
996187,2
996197,2
996209,0
996211,2
996253,0
996257,0
996263,0
996271,2
996293,0
996301,0
996311,2
996323,0
996329,0
996361,0
996367,0
996403,0
996407,0
996409,0
996431,0
996461,0
996487,2
996511,4
996529,2
996539,0
996551,2
996563,0
996571,2
996599,0
996601,0
996617,0
996629,0
996631,0
996637,0
996647,0
996649,0
996689,2
996703,0
996739,4
996763,2
996781,0
996803,0
996811,2
996841,2
996847,4
996857,0
996859,0
996871,2
996881,0
996883,2
996887,0
996899,0
996953,2
996967,0
996973,0
996979,0
997001,0
997013,0
997019,0
997021,0
997037,0
997043,0
997057,2
997069,2
997081,2
997091,2
997097,4
997099,0
997103,2
997109,0
997111,0
997121,0
997123,0
997141,2
997147,0
997151,0
997153,0
997163,0
997201,0
997207,2
997219,0
997247,2
997259,0
997267,0
997273,4
997279,0
997307,0
997309,0
997319,0
997327,0
997333,0
997343,0
997357,0
997369,4
997379,0
997391,2
997427,2
997433,2
997439,2
997453,0
997463,0
997511,2
997541,0
997547,0
997553,0
997573,0
997583,2
997589,0
997597,0
997609,0
997627,4
997637,2
997649,2
997651,0
997663,2
997681,2
997693,2
997699,0
997727,0
997739,0
997741,0
997751,0
997769,2
997783,2
997793,2
997807,2
997811,0
997813,2
997877,0
997879,0
997889,0
997891,0
997897,0
997933,2
997949,0
997961,0
997963,2
997973,0
997991,2
998009,0
998017,0
998027,2
998029,0
998069,0
998071,0
998077,2
998083,0
998111,0
998117,0
998147,0
998161,0
998167,0
998197,0
998201,0
998213,0
998219,0
998237,2
998243,2
998273,2
998281,0
998287,0
998311,2
998329,2
998353,0
998377,0
998381,0
998399,2
998411,0
998419,0
998423,0
998429,0
998443,2
998471,0
998497,0
998513,0
998527,0
998537,0
998539,0
998551,2
998561,0
998617,4
998623,2
998629,2
998633,0
998651,4
998653,0
998681,0
998687,0
998689,0
998717,0
998737,0
998743,0
998749,6
998759,0
998779,0
998813,0
998819,0
998831,0
998839,0
998843,0
998857,2
998861,0
998897,0
998909,0
998917,0
998927,0
998941,2
998947,2
998951,2
998957,4
998969,2
998983,0
998989,2
999007,0
999023,0
999029,0
999043,0
999049,0
999067,0
999083,0
999091,0
999101,2
999133,0
999149,0
999169,2
999181,0
999199,2
999217,0
999221,0
999233,0
999239,0
999269,4
999287,2
999307,4
999329,2
999331,4
999359,0
999371,2
999377,0
999389,4
999431,0
999433,2
999437,2
999451,0
999491,0
999499,0
999521,2
999529,4
999541,0
999553,2
999563,0
999599,0
999611,2
999613,0
999623,2
999631,0
999653,2
999667,0
999671,2
999683,0
999721,0
999727,0
999749,0
999763,0
999769,0
999773,4
999809,0
999853,0
999863,0
999883,0
999907,2
999917,2
999931,2
999953,8
999959,0
999961,0
999979,0
999983,2
