sign,q,t,p,r,a_plus,a_minus,raw_plus,raw_minus,Zq,selected,nearest_zero,linear,cyclic,scaled_A
-,1005373,70344,897751,716076,-1,37277,0,1,4,0,291306,220962,220962,1.75825
+,1009301,323194,951437,670378,66125,-1,1,0,0,0,-1,-1,-1,-1
+,1009301,538127,951437,885311,281058,-1,1,0,0,0,-1,-1,-1,-1
+,1010461,191083,930301,672043,222702,-1,1,0,0,0,-1,-1,-1,-1
+,1010461,226638,930301,707598,258257,-1,1,0,0,0,-1,-1,-1,-1
-,1011271,8568,875593,822636,-1,127109,0,1,4,0,221066,212498,212498,1.68104
+,1011671,143350,916099,716782,374115,-1,1,0,0,0,-1,-1,-1,-1
+,1015967,42793,902719,722281,499050,-1,1,0,4,0,14659,28134,28134,0.221535
+,1027739,165996,910619,868716,660817,-1,1,0,2,0,221505,55509,55509,0.216043
+,1027883,256448,960077,663284,110043,-1,1,0,4,0,277056,20608,20608,0.320784
+,1027883,443197,960077,850033,296792,-1,1,0,4,0,372928,70269,70269,1.09381
+,1028329,685874,996511,876782,71179,-1,1,0,2,0,853296,167422,167422,1.30248
+,1028329,734423,996511,925331,119728,-1,1,0,2,0,853296,118873,118873,0.924786
+,1030369,10064,901403,783860,656253,-1,1,0,4,0,290172,280108,280108,2.17482
-,1032131,90075,906847,841779,-1,35208,0,1,0,0,-1,-1,-1,-1
+,1036319,139552,962363,583288,64661,-1,1,0,0,0,-1,-1,-1,-1
+,1036319,453965,962363,897701,379074,-1,1,0,0,0,-1,-1,-1,-1
-,1038211,22862,921407,723686,-1,93941,0,1,0,0,-1,-1,-1,-1
+,1047313,209025,943841,829857,506848,-1,1,0,0,0,-1,-1,-1,-1
+,1049011,146663,978007,572687,20704,-1,1,0,0,0,-1,-1,-1,-1
+,1049011,531278,978007,957302,405319,-1,1,0,0,0,-1,-1,-1,-1
+,1057117,34857,977023,515421,18962,-1,1,0,2,0,271627,236770,236770,1.79182
+,1057117,477496,977023,958060,461601,-1,1,0,2,0,271627,205869,205869,1.55797
+,1060421,51215,982273,520103,6718,-1,1,0,0,0,-1,-1,-1,-1
+,1060421,506666,982273,975554,462169,-1,1,0,0,0,-1,-1,-1,-1
+,1076381,588748,1038187,817912,8889,-1,1,0,4,0,736723,147975,147975,2.19959
+,1076381,800133,1038187,1029297,220274,-1,1,0,4,0,857838,57705,57705,0.857763
+,1080353,97348,961183,812368,566205,-1,1,0,2,0,355353,258005,258005,0.955262
-,1084177,92843,971921,766379,-1,19412,0,1,4,0,373210,280367,280367,2.06879
+,1084357,13294,959333,763438,554249,-1,1,0,0,0,-1,-1,-1,-1
+,1108957,704918,1077101,896054,10089,-1,1,0,0,0,-1,-1,-1,-1
+,1108957,875875,1077101,1067011,181046,-1,1,0,0,0,-1,-1,-1,-1
+,1120799,120554,982187,952226,801711,-1,1,0,2,0,285086,164532,164532,0.587195
-,1125739,5442,1009997,699894,-1,110299,0,1,0,0,-1,-1,-1,-1
-,1129603,68638,986351,928150,-1,74613,0,1,2,0,359586,290948,290948,1.03027
+,1142789,344223,1065689,806823,203734,-1,1,0,2,0,161861,182362,182362,1.27661
+,1142789,399354,1065689,861954,258865,-1,1,0,2,0,161861,237493,237493,1.66255
+,1144511,410260,1080263,795748,100973,-1,1,0,0,0,-1,-1,-1,-1
+,1144511,593801,1080263,979289,284514,-1,1,0,0,0,-1,-1,-1,-1
+,1151401,283666,1041203,944854,564839,-1,1,0,4,0,45668,237998,237998,1.65362
+,1158823,191898,1081757,654294,34933,-1,1,0,0,0,-1,-1,-1,-1
+,1158823,584427,1081757,1046823,427462,-1,1,0,0,0,-1,-1,-1,-1
+,1180141,19086,1046659,819978,574211,-1,1,0,0,0,-1,-1,-1,-1
+,1181237,156850,1087027,722110,200343,-1,1,0,0,0,-1,-1,-1,-1
+,1181237,321423,1087027,886683,364916,-1,1,0,0,0,-1,-1,-1,-1
+,1181293,84038,1057603,826178,510715,-1,1,0,0,0,-1,-1,-1,-1
-,1181573,43592,1046389,854696,-1,91591,0,1,0,0,-1,-1,-1,-1
+,1184461,354101,1080263,979289,524214,-1,1,0,2,0,579936,225835,225835,0.762659
+,1190587,347814,1082141,998490,567025,-1,1,0,0,0,-1,-1,-1,-1
+,1196537,261505,1116491,741781,105566,-1,1,0,2,0,350769,89264,89264,0.596816
+,1196537,530648,1116491,1010924,374709,-1,1,0,2,0,350769,179879,179879,1.20266
+,1210597,83692,1114489,660340,122499,-1,1,0,0,0,-1,-1,-1,-1
+,1210597,415341,1114489,991989,454148,-1,1,0,0,0,-1,-1,-1,-1
-,1210871,2857,1085521,754957,-1,122492,0,1,2,0,442182,439325,439325,1.45127
-,1233361,48565,1073143,1009873,-1,111652,0,1,2,0,577262,528697,528697,1.71465
-,1248529,52210,1194517,376282,-1,1801,0,1,2,0,360446,308236,308236,0.987517
+,1254557,505183,1186811,911659,131324,-1,1,0,2,0,174899,330284,330284,2.10614
+,1254557,649010,1186811,1055486,275151,-1,1,0,2,0,1079657,430647,430647,2.74613
+,1259077,36026,1143223,731150,283051,-1,1,0,0,0,-1,-1,-1,-1
+,1259077,165047,1143223,860171,412072,-1,1,0,0,0,-1,-1,-1,-1
+,1262563,374864,1191293,802484,38811,-1,1,0,0,0,-1,-1,-1,-1
+,1262563,724861,1191293,1152481,388808,-1,1,0,0,0,-1,-1,-1,-1
+,1270333,174215,1125169,1045199,791014,-1,1,0,0,0,-1,-1,-1,-1
+,1271201,620496,1207237,1004280,180827,-1,1,0,0,0,-1,-1,-1,-1
+,1271201,642625,1207237,1026409,202956,-1,1,0,0,0,-1,-1,-1,-1
-,1273121,44323,1136741,862603,-1,92056,0,1,2,0,152414,108091,108091,0.33961
-,1275611,18169,1121297,944053,-1,136144,0,1,2,0,281157,262988,262988,0.824665
+,1279657,213979,1194763,723343,37944,-1,1,0,0,0,-1,-1,-1,-1
+,1279657,647454,1194763,1156818,471419,-1,1,0,0,0,-1,-1,-1,-1
-,1310041,11331,1162453,896859,-1,136256,0,1,2,0,401172,389841,389841,1.19032
-,1322129,24067,1203739,734407,-1,94322,0,1,0,0,-1,-1,-1,-1
+,1324261,59904,1216867,704268,131765,-1,1,0,0,0,-1,-1,-1,-1
+,1324261,440737,1216867,1085101,512598,-1,1,0,0,0,-1,-1,-1,-1
-,1331411,41690,1236329,612182,-1,53391,0,1,4,0,638617,596927,596927,3.58673
+,1331719,208021,1189553,1061017,724460,-1,1,0,2,0,641510,433489,433489,1.30204
+,1341547,309507,1253737,836367,109490,-1,1,0,2,0,163207,146300,146300,0.872426
+,1341547,617386,1253737,1144246,417369,-1,1,0,2,0,163207,454179,454179,2.70839
-,1347481,22908,1177711,1041528,-1,146861,0,1,0,0,-1,-1,-1,-1
+,1362407,787421,1315451,1069157,35442,-1,1,0,4,0,692579,94842,94842,1.11382
+,1362407,998272,1315451,1280008,246293,-1,1,0,4,0,1100251,101979,101979,1.19763
-,1371137,86320,1191781,1162456,-1,93035,0,1,4,0,163155,76835,76835,0.448299
+,1374019,327787,1286693,851743,89006,-1,1,0,0,0,-1,-1,-1,-1
+,1374019,673730,1286693,1197686,434949,-1,1,0,0,0,-1,-1,-1,-1
-,1375037,29180,1200499,1076408,-1,145357,0,1,0,0,-1,-1,-1,-1
+,1375243,1185532,1359097,1282408,20187,-1,1,0,4,0,1307674,122142,122142,1.42104
+,1375243,1242033,1359097,1338909,76688,-1,1,0,4,0,1307674,65641,65641,0.763688
-,1389943,16438,1195459,1183342,-1,178045,0,1,0,0,-1,-1,-1,-1
+,1392229,812671,1339001,1132039,112406,-1,1,0,0,0,-1,-1,-1,-1
+,1392229,907226,1339001,1226594,206961,-1,1,0,0,0,-1,-1,-1,-1
+,1398973,305907,1259129,1144971,724906,-1,1,0,2,0,175637,130270,130270,0.372473
+,1409659,978293,1369793,1217489,86892,-1,1,0,2,0,1102884,124591,124591,0.70707
+,1409659,1043704,1369793,1282900,152303,-1,1,0,2,0,1102884,59180,59180,0.335854
+,1410527,690618,1346123,1077042,117343,-1,1,0,0,0,-1,-1,-1,-1
+,1410527,842355,1346123,1228779,269080,-1,1,0,0,0,-1,-1,-1,-1
+,1412629,3991,1286833,758767,226710,-1,1,0,0,0,-1,-1,-1,-1
+,1412629,305346,1286833,1060122,528065,-1,1,0,0,0,-1,-1,-1,-1
-,1416551,92870,1290539,848942,-1,33141,0,1,4,0,212890,120020,120020,0.677815
+,1423159,524168,1351667,953120,30405,-1,1,0,2,0,462577,61591,61591,0.346221
+,1423159,892309,1351667,1321261,398546,-1,1,0,2,0,960581,68272,68272,0.383777
-,1426987,38737,1345457,527917,-1,42792,0,1,2,0,12497,26240,26240,0.0735536
-,1439359,17231,1330751,668879,-1,91376,0,1,0,0,-1,-1,-1,-1
-,1441367,49134,1267103,1094718,-1,125129,0,1,0,0,-1,-1,-1,-1
+,1444913,191987,1280863,1176287,879724,-1,1,0,2,0,161973,30014,30014,0.0830887
+,1452169,574346,1365167,1096358,253203,-1,1,0,2,0,306758,267588,267588,1.47414
+,1452169,589951,1365167,1111963,268808,-1,1,0,2,0,306758,283193,283193,1.56011
+,1456709,749974,1398979,1096354,43755,-1,1,0,0,0,-1,-1,-1,-1
+,1456709,1008843,1398979,1355223,302624,-1,1,0,0,0,-1,-1,-1,-1
+,1459153,555229,1371061,1083781,241272,-1,1,0,2,0,228766,326463,326463,1.78988
+,1459153,601236,1371061,1129788,287279,-1,1,0,2,0,228766,372470,372470,2.04212
+,1460741,521769,1387921,958689,7688,-1,1,0,0,0,-1,-1,-1,-1
+,1460741,943312,1387921,1380232,429231,-1,1,0,0,0,-1,-1,-1,-1
-,1462693,67827,1380781,559299,-1,14084,0,1,2,0,490238,422411,422411,1.15516
-,1468741,97125,1359427,753009,-1,12188,0,1,2,0,597333,500208,500208,1.36228
+,1476529,363070,1340617,1178542,653397,-1,1,0,2,0,552429,189359,189359,0.512984
-,1477843,8358,1277233,1212018,-1,192251,0,1,2,0,544227,535869,535869,1.45041
-,1487113,7525,1301527,1121041,-1,178060,0,1,0,0,-1,-1,-1,-1
-,1487599,47117,1358881,819425,-1,81600,0,1,0,0,-1,-1,-1,-1
+,1490161,120323,1363673,879251,274506,-1,1,0,0,0,-1,-1,-1,-1
+,1490161,330238,1363673,1089166,484421,-1,1,0,0,0,-1,-1,-1,-1
+,1495511,607302,1376003,1324350,665395,-1,1,0,2,0,473377,133925,133925,0.358205
-,1499231,22670,1342087,965534,-1,134473,0,1,0,0,-1,-1,-1,-1
+,1499551,175408,1315451,1280008,1069157,-1,1,0,2,0,229462,54054,54054,0.144187
+,1505681,643986,1432511,1083006,89515,-1,1,0,0,0,-1,-1,-1,-1
+,1505681,903975,1432511,1342995,349504,-1,1,0,0,0,-1,-1,-1,-1
-,1509581,12026,1331821,1078586,-1,165733,0,1,0,0,-1,-1,-1,-1
-,1510039,73128,1381229,845988,-1,55681,0,1,2,0,197726,124598,124598,0.330052
-,1514783,64540,1331989,1161304,-1,118253,0,1,2,0,653909,589369,589369,1.55631
+,1517317,279989,1362017,1211789,781572,-1,1,0,0,0,-1,-1,-1,-1
+,1519159,361188,1385191,1164996,583613,-1,1,0,0,0,-1,-1,-1,-1
+,1521901,245966,1399213,982094,319009,-1,1,0,0,0,-1,-1,-1,-1
+,1521901,344075,1399213,1080203,417118,-1,1,0,0,0,-1,-1,-1,-1
-,1522253,116146,1403239,830230,-1,2867,0,1,0,0,-1,-1,-1,-1
+,1529149,227006,1362223,1228562,867895,-1,1,0,0,0,-1,-1,-1,-1
+,1533139,511655,1390283,1368791,835644,-1,1,0,2,0,52344,459311,459311,1.19835
+,1534051,360876,1420511,1042116,302845,-1,1,0,2,0,23058,337818,337818,1.7617
+,1534051,436425,1420511,1117665,378394,-1,1,0,2,0,23058,413367,413367,2.15569
+,1536487,15594,1351543,1125258,883379,-1,1,0,2,0,590127,574533,574533,1.49571
-,1537411,66518,1438097,662402,-1,32795,0,1,0,0,-1,-1,-1,-1
+,1538167,137834,1424959,817082,71371,-1,1,0,0,0,-1,-1,-1,-1
+,1538167,674339,1424959,1353587,607876,-1,1,0,0,0,-1,-1,-1,-1
-,1538261,101261,1339003,1296809,-1,97996,0,1,2,0,487555,386294,386294,1.0045
+,1545539,596565,1472467,1034997,962,-1,1,0,2,0,25438,571127,571127,2.95626
+,1545539,1033072,1472467,1471504,437469,-1,1,0,2,0,1520100,487028,487028,2.52095
+,1548623,284779,1437031,954331,186852,-1,1,0,0,0,-1,-1,-1,-1
+,1548623,580626,1437031,1250178,482699,-1,1,0,0,0,-1,-1,-1,-1
+,1551133,714781,1468553,1210261,237188,-1,1,0,0,0,-1,-1,-1,-1
+,1551133,735884,1468553,1231364,258291,-1,1,0,0,0,-1,-1,-1,-1
-,1553561,56163,1420207,856287,-1,77190,0,1,0,0,-1,-1,-1,-1
+,1563253,444244,1455439,1091128,282573,-1,1,0,0,0,-1,-1,-1,-1
+,1563253,525981,1455439,1172865,364310,-1,1,0,0,0,-1,-1,-1,-1
+,1570237,73775,1384309,1189343,920602,-1,1,0,0,0,-1,-1,-1,-1
-,1576501,18079,1482583,581587,-1,75838,0,1,6,0,611102,593023,593023,4.51397
+,1579313,540560,1485733,1102040,177787,-1,1,0,2,0,37965,502595,502595,2.54589
+,1579313,746465,1485733,1307945,383692,-1,1,0,2,0,37965,708500,708500,3.5889
+,1597331,217163,1407053,1358831,1093446,-1,1,0,2,0,65701,151462,151462,0.379288
+,1610149,59608,1427681,1154416,821543,-1,1,0,2,0,66768,7160,7160,0.0177872
+,1611917,283875,1430279,1373703,1033252,-1,1,0,0,0,-1,-1,-1,-1
+,1616623,922427,1551943,1310507,146644,-1,1,0,0,0,-1,-1,-1,-1
+,1616623,1017218,1551943,1405298,241435,-1,1,0,0,0,-1,-1,-1,-1
+,1625483,47922,1408999,1346826,1236731,-1,1,0,2,0,377868,329946,329946,0.811933
+,1626503,462669,1514231,1136301,295702,-1,1,0,0,0,-1,-1,-1,-1
+,1626503,544896,1514231,1218528,377929,-1,1,0,0,0,-1,-1,-1,-1
+,1635971,45423,1502689,845115,142118,-1,1,0,0,0,-1,-1,-1,-1
+,1635971,560878,1502689,1360570,657573,-1,1,0,0,0,-1,-1,-1,-1
+,1638569,249260,1444481,1413788,1133835,-1,1,0,0,0,-1,-1,-1,-1
+,1649287,463502,1544201,1094018,180333,-1,1,0,0,0,-1,-1,-1,-1
+,1649287,733351,1544201,1363867,450182,-1,1,0,0,0,-1,-1,-1,-1
+,1651921,986444,1597601,1312364,40683,-1,1,0,2,0,1590738,604294,604294,2.9265
+,1651921,1230997,1597601,1556917,285236,-1,1,0,2,0,1590738,359741,359741,1.74217
-,1663589,5738,1621469,258458,-1,36381,0,1,4,0,83921,78183,78183,0.375973
+,1663919,705331,1575697,1234663,188298,-1,1,0,0,0,-1,-1,-1,-1
+,1663919,858066,1575697,1387398,341033,-1,1,0,0,0,-1,-1,-1,-1
+,1670687,253395,1503863,1254339,751420,-1,1,0,2,0,772167,518772,518772,1.24206
+,1675339,90305,1477937,1274717,981192,-1,1,0,0,0,-1,-1,-1,-1
-,1676713,47945,1457363,1364045,-1,171404,0,1,0,0,-1,-1,-1,-1
+,1679059,986163,1622233,1327119,45842,-1,1,0,0,0,-1,-1,-1,-1
+,1679059,1235434,1622233,1576390,295113,-1,1,0,0,0,-1,-1,-1,-1
+,1679417,19781,1485763,1181705,857866,-1,1,0,2,0,143921,124140,124140,0.295674
+,1680439,92778,1485719,1261098,943699,-1,1,0,0,0,-1,-1,-1,-1
-,1689211,128009,1514633,1175477,-1,46568,0,1,0,0,-1,-1,-1,-1
+,1691033,179456,1489751,1387148,1105089,-1,1,0,2,0,147763,31693,31693,0.0749672
+,1700807,254518,1499627,1461598,1169051,-1,1,0,0,0,-1,-1,-1,-1
+,1702249,316281,1576889,1068441,243712,-1,1,0,4,0,381950,65669,65669,0.617245
+,1702249,581016,1576889,1333176,508447,-1,1,0,4,0,679925,98909,98909,0.929678
-,1703957,125115,1515713,1254579,-1,63128,0,1,0,0,-1,-1,-1,-1
-,1706641,176086,1496567,1436530,-1,33987,0,1,0,0,-1,-1,-1,-1
-,1707767,70,1583929,743098,-1,123767,0,1,2,0,1420,1350,1350,0.00316202
+,1715237,369826,1606529,1022074,67793,-1,1,0,0,0,-1,-1,-1,-1
+,1715237,886487,1606529,1538735,584454,-1,1,0,0,0,-1,-1,-1,-1
+,1727779,88188,1504589,1427328,1261879,-1,1,0,4,0,751761,663573,663573,3.07249
+,1731407,119113,1586617,987853,269976,-1,1,0,2,0,162882,43769,43769,0.202236
+,1731407,447900,1586617,1316640,598763,-1,1,0,2,0,162882,285018,285018,1.31693
+,1734763,948859,1673923,1313899,5016,-1,1,0,0,0,-1,-1,-1,-1
+,1734763,1303866,1673923,1668906,360023,-1,1,0,0,0,-1,-1,-1,-1
-,1736729,150918,1531333,1383294,-1,54477,0,1,0,0,-1,-1,-1,-1
+,1743059,169016,1609879,968096,157297,-1,1,0,0,0,-1,-1,-1,-1
+,1743059,653501,1609879,1452581,641782,-1,1,0,0,0,-1,-1,-1,-1
-,1754147,91880,1591553,1067444,-1,70713,0,1,4,0,368130,276250,276250,1.25987
+,1762627,515771,1663381,1111247,43342,-1,1,0,2,0,268261,247510,247510,1.12337
+,1762627,1024562,1663381,1620038,552133,-1,1,0,2,0,1494365,469803,469803,2.13229
+,1765573,203410,1629623,1019110,205187,-1,1,0,2,0,161862,41548,41548,0.188258
+,1765573,608735,1629623,1424435,610512,-1,1,0,2,0,161862,446873,446873,2.02483
+,1765913,666617,1612601,1586489,893760,-1,1,0,0,0,-1,-1,-1,-1
+,1773319,255752,1627489,1130732,378223,-1,1,0,0,0,-1,-1,-1,-1
+,1773319,374285,1627489,1249265,496756,-1,1,0,0,0,-1,-1,-1,-1
+,1773847,207881,1625867,1095761,357774,-1,1,0,2,0,709270,501389,501389,2.26125
+,1773847,380212,1625867,1268092,530105,-1,1,0,2,0,709270,329058,329058,1.48404
+,1797319,1173820,1747661,1471768,22055,-1,1,0,0,0,-1,-1,-1,-1
+,1797319,1427657,1747661,1725605,275892,-1,1,0,0,0,-1,-1,-1,-1
+,1799887,485340,1624811,1535796,961441,-1,1,0,0,0,-1,-1,-1,-1
+,1803337,25407,1627693,1079271,505442,-1,1,0,0,0,-1,-1,-1,-1
+,1803337,68386,1627693,1122250,548421,-1,1,0,0,0,-1,-1,-1,-1
-,1807187,4028,1593833,1284152,-1,209325,0,1,2,0,174426,170398,170398,0.377156
+,1807769,28216,1587877,1347568,1079043,-1,1,0,0,0,-1,-1,-1,-1
+,1828153,24881,1661123,1027061,368118,-1,1,0,0,0,-1,-1,-1,-1
+,1828153,290824,1661123,1293004,634061,-1,1,0,0,0,-1,-1,-1,-1
+,1829143,648312,1664909,1633716,954211,-1,1,0,2,0,796832,148520,148520,0.324786
+,1831033,180554,1611187,1499630,1207519,-1,1,0,0,0,-1,-1,-1,-1
+,1831877,134980,1619507,1409200,1063913,-1,1,0,4,0,342281,207301,207301,0.905305
+,1833527,34725,1674209,990633,272332,-1,1,0,0,0,-1,-1,-1,-1
+,1833527,445968,1674209,1401876,683575,-1,1,0,0,0,-1,-1,-1,-1
-,1834403,30366,1577267,1573182,-1,226769,0,1,0,0,-1,-1,-1,-1
+,1839473,1250086,1781309,1599070,166745,-1,1,0,2,0,1720216,470130,470130,2.04463
+,1839473,1265579,1781309,1614563,182238,-1,1,0,2,0,1720216,454637,454637,1.97725
+,1840351,522358,1736213,1147186,35801,-1,1,0,2,0,661636,139278,139278,0.605441
+,1840351,1075583,1736213,1700411,589026,-1,1,0,2,0,1178714,103131,103131,0.44831
+,1854701,185695,1621469,1585087,1363010,-1,1,0,0,0,-1,-1,-1,-1
-,1855811,141985,1624811,1527985,-1,89014,0,1,2,0,742703,600718,600718,1.29478
+,1859687,386895,1681597,1455435,842378,-1,1,0,0,0,-1,-1,-1,-1
+,1862737,328817,1717829,1198265,349884,-1,1,0,0,0,-1,-1,-1,-1
+,1862737,498496,1717829,1367944,519563,-1,1,0,0,0,-1,-1,-1,-1
+,1871627,696443,1760021,1366079,275694,-1,1,0,0,0,-1,-1,-1,-1
+,1871627,814690,1760021,1484326,393941,-1,1,0,0,0,-1,-1,-1,-1
+,1878229,15508,1677323,1220944,749057,-1,1,0,0,0,-1,-1,-1,-1
+,1885243,1135062,1823963,1502742,46459,-1,1,0,2,0,1525124,390062,390062,1.65522
+,1885243,1409823,1823963,1777503,321220,-1,1,0,2,0,1525124,115301,115301,0.489278
-,1885601,60090,1771271,746070,-1,54239,0,1,2,0,793641,733551,733551,1.55611
-,1887131,7241,1714117,1045325,-1,165772,0,1,0,0,-1,-1,-1,-1
+,1888907,130041,1742579,1008009,143398,-1,1,0,2,0,464960,334919,334919,1.41847
+,1888907,721212,1742579,1599180,734569,-1,1,0,2,0,464960,256252,256252,1.08529
+,1912843,22578,1767091,897090,4511,-1,1,0,0,0,-1,-1,-1,-1
+,1912843,888067,1767091,1762579,870000,-1,1,0,0,0,-1,-1,-1,-1
+,1915777,16076,1743229,1051364,343423,-1,1,0,0,0,-1,-1,-1,-1
+,1915777,364517,1743229,1399805,691864,-1,1,0,0,0,-1,-1,-1,-1
+,1919459,319526,1783391,1135934,168951,-1,1,0,0,0,-1,-1,-1,-1
+,1919459,798031,1783391,1614439,647456,-1,1,0,0,0,-1,-1,-1,-1
+,1921393,324130,1792387,1098166,79815,-1,1,0,0,0,-1,-1,-1,-1
+,1921393,938535,1792387,1712571,694220,-1,1,0,0,0,-1,-1,-1,-1
+,1932859,63784,1770539,1037704,241085,-1,1,0,0,0,-1,-1,-1,-1
+,1932859,555533,1770539,1529453,732834,-1,1,0,0,0,-1,-1,-1,-1
+,1935893,602113,1765627,1623709,879678,-1,1,0,0,0,-1,-1,-1,-1
-,1946501,114779,1808077,945323,-1,23644,0,1,0,0,-1,-1,-1,-1
+,1946501,834370,1790149,1772482,920445,-1,1,0,0,0,-1,-1,-1,-1
+,1956439,752904,1863731,1309152,1669,-1,1,0,0,0,-1,-1,-1,-1
+,1956439,1305813,1863731,1862061,554578,-1,1,0,0,0,-1,-1,-1,-1
+,1963391,665978,1780837,1761302,1075789,-1,1,0,2,0,113486,552492,552492,1.12559
-,1965443,35434,1825489,875158,-1,104519,0,1,2,0,209328,173894,173894,0.353903
+,1966871,480692,1791773,1531280,790095,-1,1,0,0,0,-1,-1,-1,-1
-,1971503,84384,1762039,1341168,-1,125079,0,1,2,0,657503,573119,573119,1.16281
+,1982921,531411,1846837,1347915,317582,-1,1,0,0,0,-1,-1,-1,-1
+,1982921,712750,1846837,1529254,498921,-1,1,0,0,0,-1,-1,-1,-1
+,1996763,297231,1807499,1432815,760900,-1,1,0,2,0,406704,109473,109473,0.219301
+,2002249,899863,1897957,1525615,253410,-1,1,0,0,0,-1,-1,-1,-1
+,2002249,1018794,1897957,1644546,372341,-1,1,0,0,0,-1,-1,-1,-1
+,2009981,875568,1901329,1527480,278063,-1,1,0,0,0,-1,-1,-1,-1
+,2009981,971353,1901329,1623265,373848,-1,1,0,0,0,-1,-1,-1,-1
+,2010571,541503,1824577,1657467,948854,-1,1,0,6,0,467240,74263,74263,0.443235
-,2022791,12620,1846261,1071800,-1,163909,0,1,2,0,304937,292317,292317,0.578047
+,2026081,569758,1903921,1302718,131757,-1,1,0,2,0,588661,18903,18903,0.0746387
+,2026081,1039203,1903921,1772163,601202,-1,1,0,2,0,1437419,398216,398216,1.57236
-,2026841,126036,1879109,1012428,-1,21695,0,1,0,0,-1,-1,-1,-1
+,2027549,1172069,1960009,1577309,22540,-1,1,0,2,0,1734670,562601,562601,2.21983
+,2027549,1532228,1960009,1937468,382699,-1,1,0,2,0,1734670,202442,202442,0.798765
+,2028277,1575178,1989847,1805758,46491,-1,1,0,0,0,-1,-1,-1,-1
+,2028277,1712775,1989847,1943355,184088,-1,1,0,0,0,-1,-1,-1,-1
+,2028781,500360,1908997,1219064,28771,-1,1,0,0,0,-1,-1,-1,-1
+,2028781,1161521,1908997,1880225,689932,-1,1,0,0,0,-1,-1,-1,-1
-,2031983,14090,1754323,1680050,-1,263569,0,1,0,0,-1,-1,-1,-1
+,2032417,585374,1850803,1675058,913939,-1,1,0,4,0,597303,11929,11929,0.0469549
+,2036071,723856,1852637,1824460,1072427,-1,1,0,2,0,306164,417692,417692,0.820584
+,2036357,316345,1899101,1139881,64316,-1,1,0,0,0,-1,-1,-1,-1
+,2036357,1011248,1899101,1834784,759219,-1,1,0,0,0,-1,-1,-1,-1
-,2043539,172708,1841951,1382236,-1,28879,0,1,2,0,460522,287814,287814,0.563364
-,2069051,173758,1802407,1773622,-1,92885,0,1,0,0,-1,-1,-1,-1
+,2084287,1466303,2025211,1820759,150004,-1,1,0,4,0,1660989,194686,194686,1.4945
+,2084287,1520750,2025211,1875206,204451,-1,1,0,4,0,1660989,140239,140239,1.07654
-,2085929,68732,1899343,1188248,-1,117853,0,1,0,0,-1,-1,-1,-1
+,2091889,253477,1949341,1108765,14712,-1,1,0,0,0,-1,-1,-1,-1
+,2091889,1079340,1949341,1934628,840575,-1,1,0,0,0,-1,-1,-1,-1
+,2094637,808608,1973687,1534308,286321,-1,1,0,0,0,-1,-1,-1,-1
+,2094637,961665,1973687,1687365,439378,-1,1,0,0,0,-1,-1,-1,-1
+,2106353,125574,1880573,1480254,954361,-1,1,0,4,0,919047,793473,793473,3.01364
+,2110099,421093,1956881,1340401,302828,-1,1,0,2,0,207164,213929,213929,0.811067
+,2110099,734744,1956881,1654052,616479,-1,1,0,2,0,207164,527580,527580,2.00021
-,2114393,23994,1828319,1740438,-1,262079,0,1,0,0,-1,-1,-1,-1
-,2122961,10897,1893193,1389505,-1,218870,0,1,0,0,-1,-1,-1,-1
-,2135719,36720,1882229,1557660,-1,216769,0,1,2,0,100108,63388,63388,0.11872
+,2137999,401636,1924799,1680836,1035237,-1,1,0,0,0,-1,-1,-1,-1
+,2146357,596499,2018629,1362867,110606,-1,1,0,0,0,-1,-1,-1,-1
+,2146357,1141654,2018629,1908022,655761,-1,1,0,0,0,-1,-1,-1,-1
+,2150719,14884,1865863,1724020,1567293,-1,1,0,0,0,-1,-1,-1,-1
+,2151251,302043,1915663,1715571,1213436,-1,1,0,0,0,-1,-1,-1,-1
+,2151791,140801,1869191,1836401,1662810,-1,1,0,0,0,-1,-1,-1,-1
+,2155661,2041711,2146523,2096539,4844,-1,1,0,2,0,2123800,82089,82089,0.304645
+,2155661,2086850,2146523,2141678,49983,-1,1,0,2,0,2123800,36950,36950,0.137127
+,2169031,144941,1952729,1442753,787836,-1,1,0,0,0,-1,-1,-1,-1
+,2173529,912711,1995073,1983447,1059110,-1,1,0,0,0,-1,-1,-1,-1
+,2175947,439047,1973033,1656531,900982,-1,1,0,0,0,-1,-1,-1,-1
-,2179241,228849,1942027,1652133,-1,8364,0,1,0,0,-1,-1,-1,-1
+,2184331,442806,1954427,1822230,1247227,-1,1,0,2,0,253608,189198,189198,0.346464
+,2184361,632588,2045669,1464740,251223,-1,1,0,0,0,-1,-1,-1,-1
+,2184361,962293,2045669,1794445,580928,-1,1,0,0,0,-1,-1,-1,-1
-,2195243,158371,1922519,1794715,-1,114352,0,1,0,0,-1,-1,-1,-1
+,2206663,249379,1947499,1804363,1411848,-1,1,0,0,0,-1,-1,-1,-1
+,2207897,39532,2040377,1044652,9395,-1,1,0,0,0,-1,-1,-1,-1
+,2207897,1025861,2040377,2030981,995724,-1,1,0,0,0,-1,-1,-1,-1
+,2217617,338880,1975609,1790928,1267367,-1,1,0,0,0,-1,-1,-1,-1
+,2227889,378813,2078693,1273989,90472,-1,1,0,0,0,-1,-1,-1,-1
+,2227889,1093044,2078693,1988220,804703,-1,1,0,0,0,-1,-1,-1,-1
+,2230147,77282,1957871,1710938,1386723,-1,1,0,0,0,-1,-1,-1,-1
+,2233031,165072,1997557,1577916,993203,-1,1,0,4,0,252048,86976,86976,0.311598
+,2238359,3758,1965553,1640594,1311877,-1,1,0,2,0,659982,656224,656224,1.17269
+,2239229,350178,2056741,1445106,483293,-1,1,0,2,0,224157,126021,126021,0.45023
+,2239229,478519,2056741,1573447,611634,-1,1,0,2,0,224157,254362,254362,0.908749
+,2242781,134804,2057047,1249208,306565,-1,1,0,0,0,-1,-1,-1,-1
+,2242781,636077,2057047,1750481,807838,-1,1,0,0,0,-1,-1,-1,-1
+,2242879,243304,2077151,1237672,154889,-1,1,0,0,0,-1,-1,-1,-1
+,2242879,927893,2077151,1922261,839478,-1,1,0,0,0,-1,-1,-1,-1
+,2245043,623138,2083847,1590314,473643,-1,1,0,4,0,479091,144047,144047,1.0266
+,2245043,643027,2083847,1610203,493532,-1,1,0,4,0,479091,163936,163936,1.16834
+,2249987,345109,2070793,1420273,424644,-1,1,0,0,0,-1,-1,-1,-1
+,2249987,570984,2070793,1646148,650519,-1,1,0,0,0,-1,-1,-1,-1
+,2252161,394212,2024591,1759632,1100461,-1,1,0,0,0,-1,-1,-1,-1
+,2266973,683427,2068763,1872687,993184,-1,1,0,0,0,-1,-1,-1,-1
-,2275769,51300,1980941,1820268,-1,243527,0,1,0,0,-1,-1,-1,-1
+,2276179,70126,2084479,1220326,286047,-1,1,0,0,0,-1,-1,-1,-1
+,2276179,648231,2084479,1798431,864152,-1,1,0,0,0,-1,-1,-1,-1
+,2285911,199762,2117561,1209862,102401,-1,1,0,0,0,-1,-1,-1,-1
+,2285911,1005059,2117561,2015159,907698,-1,1,0,0,0,-1,-1,-1,-1
+,2290037,156249,2029997,1716489,1246732,-1,1,0,0,0,-1,-1,-1,-1
-,2306671,192520,2053897,1709164,-1,60253,0,1,2,0,759376,566856,566856,0.982985
-,2307377,67281,2013821,1828617,-1,226274,0,1,0,0,-1,-1,-1,-1
-,2309921,151473,2120653,1287081,-1,37794,0,1,2,0,1032139,880666,880666,1.52501
-,2318033,41415,2150411,1047147,-1,126206,0,1,2,0,254860,213445,213445,0.368321
+,2326963,835842,2190653,1653702,280909,-1,1,0,4,0,678338,157504,157504,1.08298
+,2326963,1091883,2190653,1909743,536950,-1,1,0,4,0,996846,95037,95037,0.653466
-,2329667,89317,2169511,1050253,-1,70838,0,1,0,0,-1,-1,-1,-1
+,2334949,446594,2146691,1576142,558999,-1,1,0,0,0,-1,-1,-1,-1
+,2334949,458143,2146691,1587691,570548,-1,1,0,0,0,-1,-1,-1,-1
+,2343343,730145,2210387,1527881,115230,-1,1,0,2,0,298520,431625,431625,1.47354
+,2343343,1297420,2210387,2095156,682505,-1,1,0,2,0,2044822,747402,747402,2.55158
+,2346733,21080,2147843,1214420,259917,-1,1,0,0,0,-1,-1,-1,-1
+,2346733,694585,2147843,1887925,933422,-1,1,0,0,0,-1,-1,-1,-1
-,2350181,172822,2079251,1798402,-1,98107,0,1,0,0,-1,-1,-1,-1
+,2362331,709118,2223563,1541726,150771,-1,1,0,2,0,461383,247735,247735,0.838951
+,2362331,1240183,2223563,2072791,681836,-1,1,0,2,0,1900947,660764,660764,2.23767
+,2389297,628249,2218547,1652749,458702,-1,1,0,0,0,-1,-1,-1,-1
+,2389297,735344,2218547,1759844,565797,-1,1,0,0,0,-1,-1,-1,-1
+,2390743,161269,2158097,1557145,794924,-1,1,0,0,0,-1,-1,-1,-1
+,2391293,452979,2166797,1799955,980134,-1,1,0,0,0,-1,-1,-1,-1
+,2399611,637,2153299,1478509,803082,-1,1,0,0,0,-1,-1,-1,-1
+,2400869,238983,2111189,1977063,1603954,-1,1,0,0,0,-1,-1,-1,-1
+,2407333,500370,2148397,2053986,1459205,-1,1,0,0,0,-1,-1,-1,-1
-,2415019,147185,2126681,1877213,-1,141152,0,1,0,0,-1,-1,-1,-1
+,2428787,699674,2287633,1546598,105889,-1,1,0,4,0,761936,62262,62262,0.41016
+,2428787,1334819,2287633,2181743,741034,-1,1,0,4,0,1536271,201452,201452,1.3271
+,2435929,143496,2192131,1606284,876941,-1,1,0,2,0,509519,366023,366023,0.601041
-,2449303,114631,2136019,1994335,-1,198652,0,1,0,0,-1,-1,-1,-1
+,2449991,540219,2200423,2037627,1334612,-1,1,0,0,0,-1,-1,-1,-1
+,2457641,72652,2235997,1402516,496383,-1,1,0,4,0,753649,680997,680997,4.4335
+,2457641,409749,2235997,1739613,833480,-1,1,0,4,0,753649,343900,343900,2.23889
+,2462827,93413,2171011,1844309,1424194,-1,1,0,2,0,144718,51305,51305,0.083327
+,2473609,838956,2331743,1690152,209605,-1,1,0,0,0,-1,-1,-1,-1
+,2473609,1270941,2331743,2122137,641590,-1,1,0,0,0,-1,-1,-1,-1
-,2489717,41374,2141311,2131810,-1,307031,0,1,0,0,-1,-1,-1,-1
+,2501999,286915,2213203,2019691,1539264,-1,1,0,0,0,-1,-1,-1,-1
+,2504657,695120,2326087,1766540,511873,-1,1,0,0,0,-1,-1,-1,-1
+,2504657,742793,2326087,1814213,559546,-1,1,0,0,0,-1,-1,-1,-1
+,2511323,1874357,2451919,2230781,135286,-1,1,0,2,0,2408176,533819,533819,1.70052
+,2511323,1960208,2451919,2316632,221137,-1,1,0,2,0,2408176,447968,447968,1.42703
+,2511389,432347,2248139,2011847,1343208,-1,1,0,2,0,652459,220112,220112,0.350582
+,2513689,1093206,2397947,1787658,84163,-1,1,0,0,0,-1,-1,-1,-1
+,2513689,1619331,2397947,2313783,610288,-1,1,0,0,0,-1,-1,-1,-1
+,2516413,1321218,2399231,2024310,328171,-1,1,0,2,0,1960338,639120,639120,2.03184
+,2516413,1367967,2399231,2071059,374920,-1,1,0,2,0,1960338,592371,592371,1.88322
+,2518309,627178,2296733,1956634,989357,-1,1,0,0,0,-1,-1,-1,-1
+,2520367,257350,2214599,2091958,1711967,-1,1,0,2,0,564108,306758,306758,0.486847
-,2522473,238321,2236489,1954225,-1,47662,0,1,2,0,916546,678225,678225,1.07549
+,2531017,540412,2372257,1492972,73275,-1,1,0,0,0,-1,-1,-1,-1
+,2531017,1346421,2372257,2298981,879284,-1,1,0,0,0,-1,-1,-1,-1
-,2540663,114436,2374157,1113472,-1,52069,0,1,2,0,712209,597773,597773,0.941129
-,2541281,76377,2280463,1641285,-1,184440,0,1,0,0,-1,-1,-1,-1
-,2549647,119724,2275561,1764240,-1,154361,0,1,0,0,-1,-1,-1,-1
-,2555191,109122,2298977,1646406,-1,147091,0,1,4,0,163447,54325,54325,0.170085
+,2556091,530784,2297051,2085024,1342213,-1,1,0,4,0,125821,404963,404963,1.26744
-,2566171,53325,2337913,1422873,-1,174932,0,1,0,0,-1,-1,-1,-1
+,2570137,186938,2236489,2188826,1954225,-1,1,0,2,0,1220726,1033788,1033788,1.60892
+,2577049,212987,2245013,2205203,1952406,-1,1,0,2,0,1007076,794089,794089,1.23256
-,2579741,90562,2339089,1534474,-1,150089,0,1,0,0,-1,-1,-1,-1
+,2585777,246449,2258261,2211545,1918380,-1,1,0,0,0,-1,-1,-1,-1
-,2595937,119500,2364161,1510156,-1,112275,0,1,4,0,155873,36373,36373,0.112092
-,2597663,49497,2518151,526569,-1,30014,0,1,2,0,979504,930007,930007,1.43207
-,2604521,239869,2341477,1818133,-1,23174,0,1,4,0,503810,263941,263941,0.810716
+,2605439,636012,2444809,1599792,118763,-1,1,0,2,0,343436,292576,292576,0.898355
+,2605439,1362265,2444809,2326045,845016,-1,1,0,2,0,2262002,899737,899737,2.76264
-,2630609,107203,2414597,1403275,-1,108808,0,1,2,0,633244,526041,526041,0.799877
-,2631071,266419,2341477,2003983,-1,23174,0,1,4,0,336708,70289,70289,0.21372
+,2631743,401200,2433901,1588252,341403,-1,1,0,0,0,-1,-1,-1,-1
+,2631743,905445,2433901,2092497,845648,-1,1,0,0,0,-1,-1,-1,-1
+,2639071,1210673,2514509,1958045,190908,-1,1,0,2,0,632225,578448,578448,1.75349
+,2639071,1576228,2514509,2323600,556463,-1,1,0,2,0,2006845,430617,430617,1.30536
-,2644139,39827,2405527,1471499,-1,198784,0,1,0,0,-1,-1,-1,-1
+,2649011,982622,2502389,1862354,239697,-1,1,0,0,0,-1,-1,-1,-1
+,2649011,1382959,2502389,2262691,640034,-1,1,0,0,0,-1,-1,-1,-1
+,2663429,837154,2513801,1734922,118889,-1,1,0,0,0,-1,-1,-1,-1
+,2663429,1497143,2513801,2394911,778878,-1,1,0,0,0,-1,-1,-1,-1
+,2679587,1932461,2608561,2358617,176212,-1,1,0,2,0,2543965,611504,611504,1.82567
+,2679587,2006192,2608561,2432348,249943,-1,1,0,2,0,2543965,537773,537773,1.60554
+,2685461,1566802,2587967,2151766,148763,-1,1,0,0,0,-1,-1,-1,-1
+,2685461,1854239,2587967,2439203,436200,-1,1,0,0,0,-1,-1,-1,-1
+,2687329,1723126,2593529,2285926,255197,-1,1,0,2,0,1613572,109554,109554,0.326135
+,2687329,1775531,2593529,2338331,307602,-1,1,0,2,0,1613572,161959,161959,0.482141
+,2698063,11609,2400577,1796525,1180864,-1,1,0,4,0,468723,457114,457114,1.35538
+,2704529,12398,2428787,1666850,892515,-1,1,0,6,0,663466,651068,651068,2.88879
+,2709481,42823,2498381,1309423,77642,-1,1,0,0,0,-1,-1,-1,-1
+,2709481,1154138,2498381,2420738,1188957,-1,1,0,0,0,-1,-1,-1,-1
+,2719637,396019,2457781,1967155,1080510,-1,1,0,0,0,-1,-1,-1,-1
-,2733707,88575,2567783,1084119,-1,77348,0,1,0,0,-1,-1,-1,-1
+,2736533,406947,2540423,1583607,219844,-1,1,0,0,0,-1,-1,-1,-1
+,2736533,1143918,2540423,2320578,956815,-1,1,0,0,0,-1,-1,-1,-1
-,2749573,54352,2596679,971716,-1,98541,0,1,0,0,-1,-1,-1,-1
-,2751299,131233,2391671,2289001,-1,228394,0,1,2,0,686238,555005,555005,0.806899
+,2762029,794067,2502293,2352483,1408606,-1,1,0,6,0,475684,318383,318383,1.38326
+,2762167,447886,2486623,2101150,1267791,-1,1,0,4,0,615131,167245,167245,0.484388
-,2765219,35905,2574071,1182793,-1,155242,0,1,0,0,-1,-1,-1,-1
+,2769097,99259,2457781,1967155,1377270,-1,1,0,0,0,-1,-1,-1,-1
+,2777539,2050984,2705113,2485540,214983,-1,1,0,2,0,2031109,19875,19875,0.0572449
+,2777539,2055573,2705113,2490129,219572,-1,1,0,2,0,2031109,24464,24464,0.0704624
+,2777573,1003180,2619931,1949032,274953,-1,1,0,0,0,-1,-1,-1,-1
+,2777573,1399125,2619931,2344977,670898,-1,1,0,0,0,-1,-1,-1,-1
+,2789441,383132,2557561,1774412,608131,-1,1,0,2,0,599136,216004,216004,0.61949
+,2789441,558149,2557561,1949429,783148,-1,1,0,2,0,599136,40987,40987,0.117549
-,2791331,47457,2653351,875337,-1,90522,0,1,0,0,-1,-1,-1,-1
+,2797999,1634744,2707801,2175932,9319,-1,1,0,2,0,2531746,897002,897002,2.5647
+,2797999,2157293,2707801,2698481,531868,-1,1,0,2,0,2531746,374453,374453,1.07063
+,2801593,50158,2493083,1901218,1259195,-1,1,0,0,0,-1,-1,-1,-1
+,2803337,597283,2494123,2452567,1813728,-1,1,0,0,0,-1,-1,-1,-1
-,2811709,88865,2621167,1232117,-1,101676,0,1,0,0,-1,-1,-1,-1
-,2819683,95880,2509063,1959600,-1,214739,0,1,0,0,-1,-1,-1,-1
+,2829557,810238,2650931,1881994,302819,-1,1,0,2,0,1402194,591956,591956,1.67364
+,2829557,1276355,2650931,2348111,768936,-1,1,0,2,0,1402194,125839,125839,0.355784
+,2830853,151141,2513579,2054785,1444850,-1,1,0,0,0,-1,-1,-1,-1
-,2835293,18665,2744639,562589,-1,71988,0,1,0,0,-1,-1,-1,-1
+,2840237,275671,2528783,2144395,1484336,-1,1,0,0,0,-1,-1,-1,-1
+,2841967,297305,2570047,1928825,990298,-1,1,0,0,0,-1,-1,-1,-1
+,2846161,610418,2583631,2185598,1177147,-1,1,0,0,0,-1,-1,-1,-1
+,2848121,942361,2597041,2448841,1358280,-1,1,0,2,0,1161520,219159,219159,0.307795
-,2849389,10958,2812331,233306,-1,26099,0,1,0,0,-1,-1,-1,-1
-,2849687,314378,2525717,2258198,-1,9591,0,1,0,0,-1,-1,-1,-1
-,2851361,283635,2544403,2125383,-1,23322,0,1,2,0,411085,127450,127450,0.178792
+,2860973,534119,2674849,1650863,92758,-1,1,0,0,0,-1,-1,-1,-1
+,2860973,1465346,2674849,2582090,1023985,-1,1,0,0,0,-1,-1,-1,-1
-,2862017,54297,2607853,1579281,-1,199866,0,1,0,0,-1,-1,-1,-1
+,2865463,963928,2594569,2589292,1620087,-1,1,0,2,0,1056179,92251,92251,0.128776
+,2874023,2213509,2821859,2526493,17618,-1,1,0,2,0,1643784,569725,569725,1.58586
+,2874023,2491256,2821859,2804240,295365,-1,1,0,2,0,1643784,847472,847472,2.35898
+,2874979,247142,2527409,2332562,1890573,-1,1,0,0,0,-1,-1,-1,-1
-,2877649,37675,2565347,1911487,-1,274626,0,1,2,0,1307149,1269474,1269474,1.7646
+,2881561,153267,2648287,1552911,304268,-1,1,0,0,0,-1,-1,-1,-1
+,2881561,944374,2648287,2344018,1095375,-1,1,0,0,0,-1,-1,-1,-1
+,2891257,1838727,2787559,2460915,295544,-1,1,0,2,0,2040126,201399,201399,0.557264
+,2891257,1869826,2787559,2492014,326643,-1,1,0,2,0,2040126,170300,170300,0.471214
-,2896913,33739,2659159,1460263,-1,204014,0,1,2,0,749396,715657,715657,0.988165
+,2897003,147275,2611117,1862591,966790,-1,1,0,0,0,-1,-1,-1,-1
+,2898017,1282926,2759689,2112894,183173,-1,1,0,2,0,375661,907265,907265,2.50451
+,2898017,1746547,2759689,2576515,646794,-1,1,0,2,0,2522355,775808,775808,2.14162
+,2912033,465669,2599741,2339421,1613432,-1,1,0,4,0,391806,73863,73863,0.202918
-,2916827,120041,2574569,2173589,-1,222216,0,1,2,0,784695,664654,664654,0.911475
+,2922061,105158,2699689,1439390,73933,-1,1,0,0,0,-1,-1,-1,-1
+,2922061,1291523,2699689,2625755,1260298,-1,1,0,0,0,-1,-1,-1,-1
+,2928749,614888,2708221,1938056,553003,-1,1,0,2,0,545670,69218,69218,0.189072
+,2928749,832049,2708221,2155217,770164,-1,1,0,2,0,545670,286379,286379,0.782256
+,2929373,1256082,2693393,2671962,1394449,-1,1,0,2,0,1233970,22112,22112,0.0301935
+,2939191,56177,2647097,1808741,914208,-1,1,0,0,0,-1,-1,-1,-1
+,2944751,278498,2634859,2137850,1362343,-1,1,0,0,0,-1,-1,-1,-1
+,2959609,1088467,2790841,2101075,322842,-1,1,0,0,0,-1,-1,-1,-1
+,2959609,1455390,2790841,2467998,689765,-1,1,0,0,0,-1,-1,-1,-1
-,2984141,287799,2655403,2260227,-1,40938,0,1,0,0,-1,-1,-1,-1
+,2985373,49205,2726561,1602077,428388,-1,1,0,0,0,-1,-1,-1,-1
+,2985373,745300,2726561,2298172,1124483,-1,1,0,0,0,-1,-1,-1,-1
-,2988539,107425,2618533,2327461,-1,262580,0,1,0,0,-1,-1,-1,-1
-,2997727,251157,2723881,1894233,-1,22688,0,1,2,0,805157,554000,554000,0.739227
+,3002189,174112,2631653,2397328,1988891,-1,1,0,2,0,585374,411262,411262,0.54795
-,3008563,81526,2700967,1927102,-1,226069,0,1,2,0,1496774,1415248,1415248,1.88163
+,3010349,483419,2771273,1917875,581058,-1,1,0,0,0,-1,-1,-1,-1
+,3010349,755758,2771273,2190214,853397,-1,1,0,0,0,-1,-1,-1,-1
+,3010697,779966,2739713,2405870,1292061,-1,1,0,0,0,-1,-1,-1,-1
+,3024863,1188733,2863079,2159437,267062,-1,1,0,0,0,-1,-1,-1,-1
+,3024863,1625312,2863079,2596016,703641,-1,1,0,0,0,-1,-1,-1,-1
-,3031981,280534,2745103,2001802,-1,6343,0,1,2,0,765173,484639,484639,0.639369
+,3053881,1970854,2952913,2576662,229557,-1,1,0,2,0,1707501,263353,263353,0.689884
+,3053881,2117547,2952913,2723355,376250,-1,1,0,2,0,1707501,410046,410046,1.07416
-,3059377,203089,2739673,2121313,-1,116614,0,1,2,0,96126,106963,106963,0.139849
+,3074089,1208207,2907011,2210675,306132,-1,1,0,0,0,-1,-1,-1,-1
+,3074089,1598410,2907011,2600878,696335,-1,1,0,0,0,-1,-1,-1,-1
+,3086959,968262,2918537,1978794,70789,-1,1,0,0,0,-1,-1,-1,-1
+,3086959,1837215,2918537,2847747,939742,-1,1,0,0,0,-1,-1,-1,-1
+,3087533,497220,2743381,2562132,1883663,-1,1,0,0,0,-1,-1,-1,-1
+,3092447,1507125,2936807,2440965,437998,-1,1,0,0,0,-1,-1,-1,-1
+,3092447,1564968,2936807,2498808,495841,-1,1,0,0,0,-1,-1,-1,-1
+,3103283,706654,2909923,1866814,117051,-1,1,0,0,0,-1,-1,-1,-1
+,3103283,1632711,2909923,2792871,1043108,-1,1,0,0,0,-1,-1,-1,-1
+,3104641,348079,2731979,2584051,2088044,-1,1,0,0,0,-1,-1,-1,-1
+,3110963,494477,2897731,1773869,155530,-1,1,0,0,0,-1,-1,-1,-1
+,3110963,1462808,2897731,2742200,1123861,-1,1,0,0,0,-1,-1,-1,-1
+,3112661,385130,2739673,2623058,2121313,-1,1,0,0,0,-1,-1,-1,-1
+,3113039,628687,2821867,2375719,1300884,-1,1,0,0,0,-1,-1,-1,-1
+,3120697,530223,2808721,2402079,1465214,-1,1,0,0,0,-1,-1,-1,-1
+,3120899,1468779,2963971,2410347,387944,-1,1,0,0,0,-1,-1,-1,-1
+,3120899,1634458,2963971,2576026,553623,-1,1,0,0,0,-1,-1,-1,-1
+,3123317,721058,2805367,2628758,1731091,-1,1,0,2,0,838245,117187,117187,0.15008
+,3132917,246803,2817599,2138711,1213020,-1,1,0,0,0,-1,-1,-1,-1
-,3133931,261962,2751293,2557790,-1,120675,0,1,0,0,-1,-1,-1,-1
-,3140233,140697,2994469,1015281,-1,5066,0,1,0,0,-1,-1,-1,-1
+,3141419,95142,2903627,1521894,45019,-1,1,0,0,0,-1,-1,-1,-1
+,3141419,1431855,2903627,2858607,1381732,-1,1,0,0,0,-1,-1,-1,-1
-,3145547,149123,2941753,1371887,-1,54670,0,1,0,0,-1,-1,-1,-1
+,3151007,469789,2829223,2400493,1501974,-1,1,0,0,0,-1,-1,-1,-1
+,3163799,973466,2884351,2650154,1442491,-1,1,0,2,0,995681,22215,22215,0.0280865
+,3166333,702763,2920409,2178307,733442,-1,1,0,2,0,1130768,428005,428005,1.08139
+,3166333,711422,2920409,2186966,742101,-1,1,0,2,0,1130768,419346,419346,1.05951
+,3174167,149601,2820673,2270565,1570856,-1,1,0,2,0,270460,120859,120859,0.152303
+,3180337,256509,2791681,2588445,2128700,-1,1,0,2,0,39025,217484,217484,0.273536
-,3182203,214212,2781797,2616648,-1,186193,0,1,6,0,1056662,842450,842450,3.17686
-,3187643,90388,2963437,1435624,-1,133817,0,1,2,0,362540,272152,272152,0.341509
+,3207119,282070,2817599,2619190,2138711,-1,1,0,2,0,765249,483179,483179,0.602633
+,3207443,242811,2891419,2138955,1143680,-1,1,0,4,0,200912,41899,41899,0.104504
-,3210017,125098,3033703,1182982,-1,51215,0,1,0,0,-1,-1,-1,-1
+,3212509,1262546,2941753,2887082,1569865,-1,1,0,2,0,828656,433890,433890,0.540251
-,3214187,144952,2813329,2550100,-1,255905,0,1,0,0,-1,-1,-1,-1
+,3230797,853329,3033913,2034633,182024,-1,1,0,4,0,1338946,485617,485617,2.40494
+,3230797,1670584,3033913,2851888,999279,-1,1,0,4,0,1891850,221266,221266,1.09578
+,3232597,2375831,3157181,2828327,123642,-1,1,0,2,0,3081668,705837,705837,1.7468
+,3232597,2581042,3157181,3033538,328853,-1,1,0,2,0,3081668,500626,500626,1.23894
+,3242251,211982,2943217,2006186,857173,-1,1,0,2,0,1003766,791784,791784,1.95366
+,3242251,291839,2943217,2086043,937030,-1,1,0,2,0,1003766,711927,711927,1.75662
+,3249997,231085,2921563,2201689,1250730,-1,1,0,0,0,-1,-1,-1,-1
-,3250189,329710,2906663,2390866,-1,13815,0,1,2,0,771952,442242,442242,0.544266
-,3250393,46442,3082721,1052474,-1,121229,0,1,0,0,-1,-1,-1,-1
+,3257377,735850,3007373,2235874,728525,-1,1,0,0,0,-1,-1,-1,-1
+,3257377,778823,3007373,2278847,771498,-1,1,0,0,0,-1,-1,-1,-1
+,3260867,371858,2941613,2287382,1261293,-1,1,0,0,0,-1,-1,-1,-1
+,3260891,2162845,3157577,2782729,245036,-1,1,0,2,0,2135120,27725,27725,0.0680182
+,3260891,2292656,3157577,2912540,374847,-1,1,0,2,0,2135120,157536,157536,0.386486
+,3261397,2119223,3172357,2653463,15346,-1,1,0,0,0,-1,-1,-1,-1
+,3261397,2622770,3172357,3157010,518893,-1,1,0,0,0,-1,-1,-1,-1
+,3261473,2173184,3156991,2800076,269977,-1,1,0,0,0,-1,-1,-1,-1
+,3261473,2260121,3156991,2887013,356914,-1,1,0,0,0,-1,-1,-1,-1
+,3264491,968085,3064363,2168853,305258,-1,1,0,0,0,-1,-1,-1,-1
+,3264491,1558336,3064363,2759104,895509,-1,1,0,0,0,-1,-1,-1,-1
+,3273937,852205,2975389,2643493,1459392,-1,1,0,0,0,-1,-1,-1,-1
+,3280493,16699,2934751,2091151,1230852,-1,1,0,4,0,39412,22713,22713,0.0553892
+,3285703,452361,2894443,2799921,2253038,-1,1,0,0,0,-1,-1,-1,-1
+,3286841,229705,2929337,2374729,1590416,-1,1,0,0,0,-1,-1,-1,-1
+,3293681,208462,2899993,2570590,2032725,-1,1,0,4,0,1285165,1076703,1076703,2.6152
-,3294449,313708,2910091,2619856,-1,70649,0,1,0,0,-1,-1,-1,-1
+,3300359,371560,2944523,2506576,1697069,-1,1,0,0,0,-1,-1,-1,-1
+,3308341,872599,2967689,2916511,1992734,-1,1,0,0,0,-1,-1,-1,-1
+,3309997,1802617,3182147,2569717,154670,-1,1,0,2,0,2816670,1014053,1014053,2.45089
+,3309997,2260376,3182147,3027476,612429,-1,1,0,2,0,2816670,556294,556294,1.34452
+,3311299,658539,2998097,2537751,1418866,-1,1,0,2,0,463285,195254,195254,0.235864
-,3314477,169124,3071231,1628600,-1,74121,0,1,2,0,767885,598761,598761,0.722601
-,3320791,77853,3084083,1498101,-1,158854,0,1,4,0,1374169,1296316,1296316,3.12291
+,3326417,1686069,3184057,2540229,210332,-1,1,0,2,0,1990438,304369,304369,0.732004
+,3326417,2119564,3184057,2973724,643827,-1,1,0,2,0,1990438,129126,129126,0.310547
+,3327169,1004210,2995477,2994362,1989037,-1,1,0,2,0,585187,419023,419023,0.503759
+,3333257,987307,3027457,2822107,1629450,-1,1,0,4,0,1212845,225538,225538,0.541304
-,3338747,102288,3010967,2068968,-1,225491,0,1,2,0,933489,831201,831201,0.995824
+,3339029,1093671,3151157,2220903,196978,-1,1,0,2,0,220669,873002,873002,2.09163
+,3339029,1826946,3151157,2954178,930253,-1,1,0,2,0,3118359,1291413,1291413,3.0941
+,3341743,370368,2982569,2525412,1697887,-1,1,0,0,0,-1,-1,-1,-1
-,3349543,243626,2989541,2403638,-1,116375,0,1,0,0,-1,-1,-1,-1
-,3351841,327716,3000887,2433440,-1,23237,0,1,2,0,392867,65151,65151,0.0777495
-,3352183,92996,2965189,2414960,-1,293997,0,1,0,0,-1,-1,-1,-1
-,3374089,124305,3088121,1840113,-1,161662,0,1,0,0,-1,-1,-1,-1
+,3395177,522022,3057913,2545606,1511277,-1,1,0,0,0,-1,-1,-1,-1
+,3397013,66911,2955053,2718671,2415378,-1,1,0,0,0,-1,-1,-1,-1
-,3404377,196267,3140861,1777363,-1,67248,0,1,2,0,533093,336826,336826,0.395756
+,3407557,481261,3087281,2402917,1237292,-1,1,0,0,0,-1,-1,-1,-1
+,3423011,771366,3176861,2248266,548305,-1,1,0,0,0,-1,-1,-1,-1
+,3423011,1151655,3176861,2628555,928594,-1,1,0,0,0,-1,-1,-1,-1
+,3423587,428328,3126779,2209176,863245,-1,1,0,0,0,-1,-1,-1,-1
+,3423587,482685,3126779,2263533,917602,-1,1,0,0,0,-1,-1,-1,-1
+,3459373,818699,3123089,2836403,1731018,-1,1,0,0,0,-1,-1,-1,-1
+,3463541,1879803,3309701,2802843,416182,-1,1,0,2,0,2851852,972049,972049,2.24521
+,3463541,1970478,3309701,2893518,506857,-1,1,0,2,0,2851852,881374,881374,2.03578
+,3465851,613221,3136403,2589909,1430194,-1,1,0,2,0,795944,182723,182723,0.210884
-,3466069,250135,3079613,2568871,-1,136320,0,1,2,0,1271080,1020945,1020945,1.17822
+,3466913,1284702,3249749,2587686,640921,-1,1,0,2,0,1174513,110189,110189,0.254264
+,3466913,1305843,3249749,2608827,662062,-1,1,0,2,0,1174513,131330,131330,0.303048
-,3472171,181459,3097781,2427799,-1,192930,0,1,4,0,73372,108087,108087,0.249036
+,3472247,757852,3157277,2647672,1380215,-1,1,0,0,0,-1,-1,-1,-1
-,3472871,235645,3079379,2596597,-1,157846,0,1,0,0,-1,-1,-1,-1
-,3481001,181908,3075797,2613132,-1,223295,0,1,0,0,-1,-1,-1,-1
+,3494807,1364422,3317231,2429878,178103,-1,1,0,2,0,1598149,233727,233727,0.535027
+,3494807,2073671,3317231,3139127,887352,-1,1,0,2,0,1896657,177014,177014,0.405205
+,3503849,1440901,3211049,3197701,1743452,-1,1,0,0,0,-1,-1,-1,-1
-,3516209,285761,3086801,2862209,-1,143646,0,1,2,0,1003937,718176,718176,0.816989
+,3526333,1956021,3394487,2747097,143686,-1,1,0,0,0,-1,-1,-1,-1
+,3526333,2459724,3394487,3250800,647389,-1,1,0,0,0,-1,-1,-1,-1
+,3538453,167088,3079379,2921532,2596597,-1,1,0,0,0,-1,-1,-1,-1
+,3560173,2478500,3460069,3079124,219679,-1,1,0,2,0,1926368,552132,552132,1.24069
+,3560173,2639765,3460069,3240389,380944,-1,1,0,2,0,1926368,713397,713397,1.60306
+,3563719,1012922,3361607,2225594,76659,-1,1,0,0,0,-1,-1,-1,-1
+,3563719,2072275,3361607,3284947,1136012,-1,1,0,0,0,-1,-1,-1,-1
-,3578723,110170,3140551,2739202,-1,328001,0,1,0,0,-1,-1,-1,-1
-,3589819,219299,3190909,2612759,-1,179610,0,1,0,0,-1,-1,-1,-1
+,3593003,114657,3133541,2871429,2494660,-1,1,0,0,0,-1,-1,-1,-1
+,3593981,973479,3245857,3062223,1905110,-1,1,0,0,0,-1,-1,-1,-1
+,3608551,1754184,3465079,2615016,10769,-1,1,0,0,0,-1,-1,-1,-1
+,3608551,2593477,3465079,3454309,850062,-1,1,0,0,0,-1,-1,-1,-1
+,3610357,80961,3171053,2716785,2181556,-1,1,0,0,0,-1,-1,-1,-1
-,3620153,247561,3217727,2662117,-1,154864,0,1,2,0,408845,161284,161284,0.178207
+,3626837,248712,3223547,2668452,1864645,-1,1,0,0,0,-1,-1,-1,-1
+,3636839,659908,3251173,2973904,2036727,-1,1,0,2,0,1404434,744526,744526,0.818872
-,3639523,113190,3257603,2404710,-1,268729,0,1,0,0,-1,-1,-1,-1
+,3668953,1482028,3368837,3282724,1714583,-1,1,0,2,0,1646706,164678,164678,0.179537
+,3679999,911211,3296287,3213483,2219468,-1,1,0,2,0,627433,283778,283778,0.308454
-,3687433,41131,3173659,3123775,-1,472642,0,1,0,0,-1,-1,-1,-1
+,3693883,1014673,3313399,3297577,2267082,-1,1,0,6,0,986946,27727,27727,0.0900743
+,3708073,232504,3251173,2973904,2464131,-1,1,0,2,0,513053,280549,280549,0.302636
+,3710501,2009853,3544889,3003525,452308,-1,1,0,2,0,3068373,1058520,1058520,2.28221
+,3710501,2098908,3544889,3092580,541363,-1,1,0,2,0,3068373,969465,969465,2.09021
+,3717809,201165,3228143,3139161,2849014,-1,1,0,0,0,-1,-1,-1,-1
+,3717893,390507,3301933,2886267,2080094,-1,1,0,4,0,993357,602850,602850,1.29719
+,3719899,123606,3428617,1871298,190373,-1,1,0,0,0,-1,-1,-1,-1
+,3719899,1490551,3428617,3238243,1557318,-1,1,0,0,0,-1,-1,-1,-1
+,3728407,34096,3417523,1899400,347181,-1,1,0,0,0,-1,-1,-1,-1
+,3728407,1205037,3417523,3070341,1518122,-1,1,0,0,0,-1,-1,-1,-1
-,3729997,242493,3353209,2503221,-1,134294,0,1,0,0,-1,-1,-1,-1
-,3732083,90595,3304151,2658187,-1,337336,0,1,2,0,1309175,1218580,1218580,1.30606
+,3736349,2619234,3638777,3204666,151321,-1,1,0,0,0,-1,-1,-1,-1
+,3736349,2902023,3638777,3487455,434110,-1,1,0,0,0,-1,-1,-1,-1
+,3740519,2244856,3619877,2968708,72683,-1,1,0,2,0,1916737,328119,328119,0.701761
+,3740519,2823341,3619877,3547193,651168,-1,1,0,2,0,1916737,906604,906604,1.93899
+,3748229,223769,3416639,2213309,786210,-1,1,0,0,0,-1,-1,-1,-1
+,3748229,640888,3416639,2630428,1203329,-1,1,0,0,0,-1,-1,-1,-1
+,3749029,444970,3491533,1989946,43389,-1,1,0,0,0,-1,-1,-1,-1
+,3749029,1903167,3491533,3448143,1501586,-1,1,0,0,0,-1,-1,-1,-1
+,3754241,1616301,3543523,2880609,601394,-1,1,0,4,0,620776,995525,995525,4.24278
+,3754241,1677820,3543523,2942128,662913,-1,1,0,4,0,620776,1057044,1057044,4.50496
-,3757711,21437,3625991,811757,-1,110282,0,1,0,0,-1,-1,-1,-1
+,3772229,1176571,3428617,3238243,1871298,-1,1,0,2,0,121092,1055479,1055479,1.11921
-,3774469,356047,3371351,2774755,-1,47070,0,1,0,0,-1,-1,-1,-1
+,3775763,44635,3464977,1909351,309090,-1,1,0,2,0,1616935,1572300,1572300,3.33135
+,3775763,1291170,3464977,3155886,1555625,-1,1,0,2,0,1616935,325765,325765,0.690223
-,3776683,77317,3670109,716761,-1,29256,0,1,2,0,1726085,1648768,1648768,1.74626
-,3782893,56164,3659179,798448,-1,67549,0,1,0,0,-1,-1,-1,-1
+,3784927,1186405,3433229,3296593,1973552,-1,1,0,0,0,-1,-1,-1,-1
-,3787799,107348,3601681,1224056,-1,78769,0,1,0,0,-1,-1,-1,-1
+,3792721,607146,3369697,3145290,2313737,-1,1,0,0,0,-1,-1,-1,-1
+,3801839,1375973,3608393,2536649,88932,-1,1,0,0,0,-1,-1,-1,-1
+,3801839,2358784,3608393,3519460,1071743,-1,1,0,0,0,-1,-1,-1,-1
-,3812719,113315,3508709,1937375,-1,190694,0,1,0,0,-1,-1,-1,-1
+,3813391,2251148,3686339,3013460,89433,-1,1,0,2,0,3725152,1474004,1474004,3.09227
+,3813391,2834593,3686339,3596905,672878,-1,1,0,2,0,3725152,890559,890559,1.86828
+,3816557,1561929,3619723,2742933,304214,-1,1,0,4,0,12711,1549218,1549218,6.49472
+,3816557,2134504,3619723,3315508,876789,-1,1,0,4,0,3803845,1669341,1669341,6.99831
+,3824137,1152296,3558587,2745596,780309,-1,1,0,0,0,-1,-1,-1,-1
+,3824137,1184977,3558587,2778277,812990,-1,1,0,0,0,-1,-1,-1,-1
-,3828743,229267,3477587,2336203,-1,121888,0,1,2,0,229452,185,185,0.000193275
+,3838441,15206,3304153,3220934,3122509,-1,1,0,0,0,-1,-1,-1,-1
+,3843677,143710,3449119,2511058,1429287,-1,1,0,2,0,34683,109027,109027,0.113461
+,3845293,597130,3449053,2974570,1902957,-1,1,0,0,0,-1,-1,-1,-1
+,3850813,2738505,3746767,3362781,240290,-1,1,0,0,0,-1,-1,-1,-1
+,3850813,2882200,3746767,3506476,383985,-1,1,0,0,0,-1,-1,-1,-1
+,3866201,216703,3421499,2884915,2131628,-1,1,0,0,0,-1,-1,-1,-1
-,3868031,317912,3491549,2576804,-1,58569,0,1,0,0,-1,-1,-1,-1
-,3872387,19494,3481657,2363874,-1,371235,0,1,0,0,-1,-1,-1,-1
+,3872543,389908,3467479,2820292,1783197,-1,1,0,0,0,-1,-1,-1,-1
+,3878137,1438027,3555353,3374731,1756082,-1,1,0,0,0,-1,-1,-1,-1
+,3883597,2401329,3759209,3147657,134776,-1,1,0,0,0,-1,-1,-1,-1
+,3883597,2878104,3759209,3624432,611551,-1,1,0,0,0,-1,-1,-1,-1
+,3886457,1296616,3521071,3488932,2160177,-1,1,0,2,0,1652700,356084,356084,0.366487
+,3894229,1013029,3609497,2721421,820316,-1,1,0,0,0,-1,-1,-1,-1
+,3894229,1080788,3609497,2789180,888075,-1,1,0,0,0,-1,-1,-1,-1
+,3896597,178684,3430831,2973280,2337045,-1,1,0,0,0,-1,-1,-1,-1
+,3906953,153754,3588787,2062750,382959,-1,1,0,2,0,68274,85480,85480,0.175032
+,3906953,1296831,3588787,3205827,1526036,-1,1,0,2,0,68274,1228557,1228557,2.51563
+,3908549,5671,3568489,2046031,517902,-1,1,0,0,0,-1,-1,-1,-1
+,3908549,1010226,3568489,3050586,1522457,-1,1,0,0,0,-1,-1,-1,-1
+,3914923,2303915,3781909,3101999,118174,-1,1,0,0,0,-1,-1,-1,-1
+,3914923,2865650,3781909,3663734,679909,-1,1,0,0,0,-1,-1,-1,-1
+,3919829,508285,3599137,2432437,757452,-1,1,0,6,0,373718,134567,134567,0.823916
+,3919829,917532,3599137,2841684,1166699,-1,1,0,6,0,1149542,232010,232010,1.42053
-,3930767,369895,3438511,3323431,-1,122360,0,1,2,0,1336584,966689,966689,0.983715
-,3936791,302621,3469463,3106589,-1,164706,0,1,2,0,1229102,926481,926481,0.941357
+,3939589,2221540,3792589,3103540,192951,-1,1,0,0,0,-1,-1,-1,-1
+,3939589,2717637,3792589,3599637,689048,-1,1,0,0,0,-1,-1,-1,-1
+,3951481,966588,3661501,2706468,784847,-1,1,0,2,0,674547,292041,292041,0.591254
+,3951481,1136773,3661501,2876653,955032,-1,1,0,2,0,674547,462226,462226,0.935803
+,3952759,362748,3526541,2920056,1950823,-1,1,0,0,0,-1,-1,-1,-1
+,3957973,1553714,3747833,2814554,327561,-1,1,0,0,0,-1,-1,-1,-1
+,3957973,2159431,3747833,3420271,933278,-1,1,0,0,0,-1,-1,-1,-1
+,3960893,1450443,3634801,3406995,1728746,-1,1,0,0,0,-1,-1,-1,-1
-,3973729,138350,3811141,1113878,-1,24237,0,1,0,0,-1,-1,-1,-1
-,3997111,37285,3908159,570997,-1,51666,0,1,0,0,-1,-1,-1,-1
+,4000039,395836,3541877,3144808,2351903,-1,1,0,2,0,174206,221630,221630,0.221628
-,4012033,63064,3599107,2540620,-1,349861,0,1,4,0,80786,17722,17722,0.0353377
+,4015741,381476,3517967,3368120,2836797,-1,1,0,4,0,1081171,699695,699695,1.3939
-,4036909,164418,3677473,2321034,-1,195017,0,1,0,0,-1,-1,-1,-1
+,4042943,1045674,3747197,2820150,847429,-1,1,0,0,0,-1,-1,-1,-1
+,4042943,1125291,3747197,2899767,927046,-1,1,0,0,0,-1,-1,-1,-1
+,4048223,506543,3641867,2944679,1740948,-1,1,0,0,0,-1,-1,-1,-1
+,4051057,828880,3733273,2735584,909015,-1,1,0,0,0,-1,-1,-1,-1
+,4051057,917553,3733273,2824257,997688,-1,1,0,0,0,-1,-1,-1,-1
-,4055551,340244,3654017,2749448,-1,61289,0,1,0,0,-1,-1,-1,-1
+,4067513,2306568,3921079,3185172,142697,-1,1,0,2,0,2394197,87629,87629,0.172349
+,4067513,2899777,3921079,3778381,735906,-1,1,0,2,0,2394197,505580,505580,0.994377
+,4083901,606719,3640717,3265823,2284210,-1,1,0,4,0,602292,4427,4427,0.0086721
-,4083931,322938,3747649,2340630,-1,13343,0,1,4,0,408688,85750,85750,0.167975
-,4089157,347502,3731473,2493606,-1,10181,0,1,0,0,-1,-1,-1,-1
-,4089227,283502,3769273,2203226,-1,36451,0,1,0,0,-1,-1,-1,-1
-,4090103,99383,3553787,3317279,-1,436932,0,1,2,0,183037,83654,83654,0.0818111
+,4090223,858993,3686729,3279957,2014192,-1,1,0,0,0,-1,-1,-1,-1
-,4090703,133506,3806119,1841010,-1,151077,0,1,2,0,1017074,883568,883568,0.863977
+,4100743,248196,3553243,3533196,3264953,-1,1,0,6,0,106940,141256,141256,0.413357
+,4103839,503921,3792821,2370029,443316,-1,1,0,4,0,45241,458680,458680,1.7883
+,4103839,1483396,3792821,3349504,1422791,-1,1,0,4,0,1457529,25867,25867,0.10085
+,4105093,593493,3655793,3289293,2329300,-1,1,0,2,0,899094,305601,305601,0.297777
-,4105711,37464,3735671,2257704,-1,332575,0,1,2,0,1089937,1052473,1052473,1.02537
+,4123387,86107,3730729,2442055,1067274,-1,1,0,0,0,-1,-1,-1,-1
+,4123387,307506,3730729,2663454,1288673,-1,1,0,0,0,-1,-1,-1,-1
-,4125427,463297,3633167,3416857,-1,28962,0,1,0,0,-1,-1,-1,-1
-,4130849,76642,3732511,2466670,-1,321695,0,1,0,0,-1,-1,-1,-1
+,4142167,57846,3598601,3319242,2982037,-1,1,0,2,0,207340,149494,149494,0.144363
+,4148483,780591,3712231,3398103,2303384,-1,1,0,4,0,1637607,857016,857016,1.65268
+,4149679,1308291,3925177,2655303,77138,-1,1,0,0,0,-1,-1,-1,-1
+,4149679,2501026,3925177,3848038,1269873,-1,1,0,0,0,-1,-1,-1,-1
+,4150793,972616,3870557,2654032,464891,-1,1,0,0,0,-1,-1,-1,-1
+,4150793,1724249,3870557,3405665,1216524,-1,1,0,0,0,-1,-1,-1,-1
+,4152311,980656,3841399,2846128,870201,-1,1,0,0,0,-1,-1,-1,-1
+,4152311,1105725,3841399,2971197,995270,-1,1,0,0,0,-1,-1,-1,-1
+,4163231,589629,3873343,2328957,194942,-1,1,0,0,0,-1,-1,-1,-1
+,4163231,1939072,3873343,3678400,1544385,-1,1,0,0,0,-1,-1,-1,-1
+,4172489,2673097,4031821,3517105,329292,-1,1,0,2,0,3849361,1176264,1176264,2.25528
+,4172489,2858520,4031821,3702528,514715,-1,1,0,2,0,3849361,990841,990841,1.89976
-,4180097,76343,4005343,1124867,-1,98410,0,1,0,0,-1,-1,-1,-1
+,4182809,980231,3901661,2667119,452346,-1,1,0,0,0,-1,-1,-1,-1
+,4182809,1762426,3901661,3449314,1234541,-1,1,0,0,0,-1,-1,-1,-1
-,4190981,237659,3629117,3608843,-1,324204,0,1,0,0,-1,-1,-1,-1
+,4192021,999260,3789481,3414500,2040259,-1,1,0,0,0,-1,-1,-1,-1
+,4196407,2256747,4025111,3284523,287188,-1,1,0,0,0,-1,-1,-1,-1
+,4196407,2710146,4025111,3737922,740587,-1,1,0,0,0,-1,-1,-1,-1
-,4200991,24777,3991331,1282737,-1,184882,0,1,0,0,-1,-1,-1,-1
+,4205017,54165,3679649,3206373,2678932,-1,1,0,0,0,-1,-1,-1,-1
+,4209991,936966,3789143,3462054,2197999,-1,1,0,0,0,-1,-1,-1,-1
-,4242677,99059,4093403,994703,-1,50214,0,1,4,0,557308,458249,458249,0.864075
+,4243091,804144,3923687,2720568,713305,-1,1,0,4,0,1387855,583711,583711,2.20108
+,4243091,1293957,3923687,3210381,1203118,-1,1,0,4,0,1387855,93898,93898,0.354074
+,4247363,3591722,4185449,3963206,149241,-1,1,0,2,0,2481909,1109813,1109813,2.09036
+,4247363,3664723,4185449,4036207,222242,-1,1,0,2,0,2481909,1182814,1182814,2.22786
+,4247917,1299285,3980857,2901645,523148,-1,1,0,0,0,-1,-1,-1,-1
+,4247917,1855348,3980857,3457708,1079211,-1,1,0,0,0,-1,-1,-1,-1
+,4259719,151825,3723439,3369505,2863746,-1,1,0,4,0,1494756,1342931,1342931,2.5221
+,4259903,1029176,3805621,3754868,2674939,-1,1,0,2,0,1684205,655029,655029,0.615065
+,4261589,2817359,4130261,3605327,263034,-1,1,0,2,0,2463026,354333,354333,0.665166
+,4261589,3079258,4130261,3867226,524933,-1,1,0,2,0,2463026,616232,616232,1.15681
+,4276031,531615,3984479,2280927,45760,-1,1,0,4,0,912191,380576,380576,1.42403
+,4276031,2189406,3984479,3938718,1703551,-1,1,0,4,0,3283245,1093839,1093839,4.09291
+,4280503,829087,3945701,2837899,901010,-1,1,0,0,0,-1,-1,-1,-1
+,4280503,1035878,3945701,3044690,1107801,-1,1,0,0,0,-1,-1,-1,-1
+,4286311,109347,3758141,3278367,2689246,-1,1,0,0,0,-1,-1,-1,-1
+,4286749,190580,3964283,2125376,95889,-1,1,0,0,0,-1,-1,-1,-1
+,4286749,1933597,3964283,3868393,1838906,-1,1,0,0,0,-1,-1,-1,-1
+,4302041,46337,3768059,3250229,2686062,-1,1,0,0,0,-1,-1,-1,-1
-,4307669,48597,3927601,2329005,-1,331470,0,1,0,0,-1,-1,-1,-1
+,4310563,1139730,3894857,3633966,2233345,-1,1,0,2,0,1942650,802920,802920,0.745072
+,4311533,868680,3819923,3818340,2948077,-1,1,0,6,0,1334332,465652,465652,1.29602
+,4312223,301131,3801247,3366987,2631596,-1,1,0,0,0,-1,-1,-1,-1
+,4318991,173335,3823717,3144979,2292906,-1,1,0,4,0,845045,671710,671710,1.2442
+,4328419,1140722,3874561,3863870,2712457,-1,1,0,0,0,-1,-1,-1,-1
-,4348411,368430,3903299,3039102,-1,76681,0,1,0,0,-1,-1,-1,-1
-,4351349,303038,3937783,2784434,-1,110527,0,1,4,0,862122,559084,559084,1.02788
+,4354547,1731772,4113959,3175300,504869,-1,1,0,2,0,608571,1123201,1123201,2.0635
+,4354547,2165561,4113959,3609089,938658,-1,1,0,2,0,608571,1556990,1556990,2.86044
+,4361233,96351,3992701,2307543,526034,-1,1,0,0,0,-1,-1,-1,-1
+,4361233,1255474,3992701,3466666,1685157,-1,1,0,0,0,-1,-1,-1,-1
+,4361579,373850,3905443,3110666,1942039,-1,1,0,0,0,-1,-1,-1,-1
+,4362119,1779630,4130369,3170130,430261,-1,1,0,0,0,-1,-1,-1,-1
+,4362119,2309607,4130369,3700107,960238,-1,1,0,0,0,-1,-1,-1,-1
+,4362739,367714,4046591,2264602,114899,-1,1,0,0,0,-1,-1,-1,-1
+,4362739,2034803,4046591,3931691,1781988,-1,1,0,0,0,-1,-1,-1,-1
+,4364147,54786,3937831,2612682,1232747,-1,1,0,0,0,-1,-1,-1,-1
+,4364147,147187,3937831,2705083,1325148,-1,1,0,0,0,-1,-1,-1,-1
+,4379021,3227928,4289911,3762588,7337,-1,1,0,2,0,3625684,397756,397756,0.726657
+,4379021,3747913,4289911,4282573,527322,-1,1,0,2,0,3625684,122229,122229,0.223299
+,4387211,574080,3881021,3611220,2767339,-1,1,0,0,0,-1,-1,-1,-1
+,4390781,601290,3965123,3155238,1744063,-1,1,0,2,0,1429374,828084,828084,0.754384
+,4393063,3392833,4307437,3906589,112908,-1,1,0,2,0,3751153,358320,358320,0.65252
+,4393063,3680772,4307437,4194528,400847,-1,1,0,2,0,3751153,70381,70381,0.128168
-,4398353,200205,4122751,1853817,-1,75396,0,1,0,0,-1,-1,-1,-1
-,4407287,148215,3927601,3026331,-1,331470,0,1,2,0,1259428,1111213,1111213,1.00852
-,4413061,118855,3914819,3108307,-1,379386,0,1,8,0,718764,599909,599909,2.17503
+,4414957,2904297,4285399,3681645,173594,-1,1,0,0,0,-1,-1,-1,-1
+,4414957,3334456,4285399,4111804,603753,-1,1,0,0,0,-1,-1,-1,-1
+,4417027,1848283,4168097,3341863,667346,-1,1,0,0,0,-1,-1,-1,-1
+,4417027,2007170,4168097,3500750,826233,-1,1,0,0,0,-1,-1,-1,-1
-,4418069,84675,4309489,736155,-1,23904,0,1,2,0,1987290,1902615,1902615,1.72258
-,4425349,246853,4021733,2668549,-1,156762,0,1,2,0,387419,140566,140566,0.127055
+,4428821,302304,3847867,3788028,3425885,-1,1,0,0,0,-1,-1,-1,-1
+,4429031,1179822,4021867,3622806,2043923,-1,1,0,0,0,-1,-1,-1,-1
+,4440221,438164,4103543,2458232,374757,-1,1,0,2,0,1030815,592651,592651,1.06779
+,4440221,1708717,4103543,3728785,1645310,-1,1,0,2,0,1030815,677902,677902,1.22138
+,4443841,1030480,4032967,3495724,1928001,-1,1,0,2,0,1876652,846172,846172,0.761658
+,4452347,829984,3995639,3570232,2314841,-1,1,0,0,0,-1,-1,-1,-1
+,4454521,457769,3961967,3413093,2406450,-1,1,0,2,0,2186338,1728569,1728569,1.55219
-,4461253,163319,4127303,2167019,-1,170630,0,1,0,0,-1,-1,-1,-1
+,4461433,427367,4010269,3134351,1831066,-1,1,0,0,0,-1,-1,-1,-1
+,4461493,3222221,4337881,3963893,367684,-1,1,0,0,0,-1,-1,-1,-1
+,4461493,3228524,4337881,3970196,373987,-1,1,0,0,0,-1,-1,-1,-1
-,4461643,43056,3935417,3200412,-1,483169,0,1,0,0,-1,-1,-1,-1
+,4465537,306368,3900569,3696176,3185415,-1,1,0,0,0,-1,-1,-1,-1
+,4466471,1536675,4187189,3212367,700870,-1,1,0,2,0,1950320,413645,413645,0.740889
+,4466471,1810626,4187189,3486318,974821,-1,1,0,2,0,1950320,139694,139694,0.250209
+,4468649,56482,3869881,3649090,3371817,-1,1,0,0,0,-1,-1,-1,-1
+,4468903,2468270,4300487,3478766,188775,-1,1,0,2,0,3545004,1076734,1076734,1.92751
+,4468903,3101215,4300487,4111711,821720,-1,1,0,2,0,3545004,443789,443789,0.794448
+,4469627,1992109,4225147,3458989,700722,-1,1,0,4,0,2147260,155151,155151,0.555397
+,4469627,2057544,4225147,3524424,766157,-1,1,0,4,0,2147260,89716,89716,0.321158
+,4480211,84069,3861967,3793533,3641030,-1,1,0,0,0,-1,-1,-1,-1
-,4485629,12563,3864059,3741983,-1,609006,0,1,2,0,2198695,2186132,2186132,1.94945
+,4493459,1008816,4211021,2703444,187051,-1,1,0,0,0,-1,-1,-1,-1
+,4493459,2329341,4211021,4023969,1507576,-1,1,0,0,0,-1,-1,-1,-1
+,4495717,479822,3948187,3765002,3101995,-1,1,0,0,0,-1,-1,-1,-1
-,4497247,91693,4061669,2705161,-1,343884,0,1,0,0,-1,-1,-1,-1
+,4499527,1271532,4193869,3105480,745559,-1,1,0,0,0,-1,-1,-1,-1
+,4499527,1614361,4193869,3448309,1088388,-1,1,0,0,0,-1,-1,-1,-1
+,4510651,877331,4032907,3743795,2577352,-1,1,0,2,0,2159767,1282436,1282436,1.13725
+,4512073,2267936,4312229,3467000,353835,-1,1,0,0,0,-1,-1,-1,-1
+,4512073,2759329,4312229,3958393,845228,-1,1,0,0,0,-1,-1,-1,-1
-,4516469,161063,3955561,3526511,-1,399844,0,1,0,0,-1,-1,-1,-1
+,4522933,78585,4104371,2589957,996958,-1,1,0,0,0,-1,-1,-1,-1
+,4522933,596040,4104371,3107412,1514413,-1,1,0,0,0,-1,-1,-1,-1
+,4530257,1733940,4307603,3069864,98185,-1,1,0,0,0,-1,-1,-1,-1
+,4530257,2873493,4307603,4209417,1237738,-1,1,0,0,0,-1,-1,-1,-1
+,4543991,416731,4195747,2506195,399912,-1,1,0,0,0,-1,-1,-1,-1
+,4543991,1706370,4195747,3795834,1689551,-1,1,0,0,0,-1,-1,-1,-1
-,4551517,142091,4167389,2446859,-1,242036,0,1,0,0,-1,-1,-1,-1
+,4554031,474062,4030759,3613694,2722567,-1,1,0,0,0,-1,-1,-1,-1
+,4558217,962111,4104277,3685751,2305114,-1,1,0,0,0,-1,-1,-1,-1
+,4560223,1027445,4099721,3790457,2453748,-1,1,0,0,0,-1,-1,-1,-1
-,4568327,229418,4006129,3602606,-1,332779,0,1,2,0,1816006,1586588,1586588,1.38921
+,4570403,1412616,4310237,2973612,224371,-1,1,0,2,0,370185,1042431,1042431,1.82466
+,4570403,2524869,4310237,4085865,1336624,-1,1,0,2,0,4200217,1675348,1675348,2.93252
+,4573783,236648,4095649,3105452,1878607,-1,1,0,0,0,-1,-1,-1,-1
+,4575833,520963,4174967,2926159,1156388,-1,1,0,2,0,350695,170268,170268,0.297682
+,4575833,613382,4174967,3018578,1248807,-1,1,0,2,0,350695,262687,262687,0.45926
+,4578313,465645,4137271,3111897,1620878,-1,1,0,0,0,-1,-1,-1,-1
-,4588373,87029,4223459,2276513,-1,277884,0,1,0,0,-1,-1,-1,-1
+,4593847,2032899,4364677,3407919,418262,-1,1,0,0,0,-1,-1,-1,-1
+,4593847,2571394,4364677,3946414,956757,-1,1,0,0,0,-1,-1,-1,-1
+,4595039,876427,4300801,2641855,106482,-1,1,0,2,0,642979,233448,233448,0.406435
+,4595039,2428890,4300801,4194318,1658945,-1,1,0,2,0,3952059,1523169,1523169,2.65185
-,4598963,102050,4378511,1424762,-1,118401,0,1,0,0,-1,-1,-1,-1
+,4603987,354877,4006091,3942253,3523538,-1,1,0,2,0,634770,279893,279893,0.243174
+,4612873,654083,4059761,3972755,3231666,-1,1,0,0,0,-1,-1,-1,-1
+,4619773,1115763,4203929,3610827,1901962,-1,1,0,6,0,2194794,1079031,1079031,2.80282
+,4620793,906824,4254203,3106364,1051701,-1,1,0,0,0,-1,-1,-1,-1
+,4620793,1002961,4254203,3202501,1147838,-1,1,0,0,0,-1,-1,-1,-1
+,4626007,594001,4103543,3728785,2760026,-1,1,0,0,0,-1,-1,-1,-1
+,4634111,31264,4143499,2974936,1775109,-1,1,0,4,0,726050,694786,694786,1.19943
-,4636847,2274,4603843,200298,-1,30729,0,1,0,0,-1,-1,-1,-1
+,4653827,471737,4304633,2566901,357432,-1,1,0,0,0,-1,-1,-1,-1
+,4653827,1852036,4304633,3947200,1737731,-1,1,0,0,0,-1,-1,-1,-1
-,4657901,348632,4081669,3806024,-1,227599,0,1,2,0,1764864,1416232,1416232,1.2162
+,4660067,471991,4078457,3961651,3372854,-1,1,0,2,0,713116,241125,241125,0.206971
+,4662689,1152244,4355669,2994364,480815,-1,1,0,0,0,-1,-1,-1,-1
+,4662689,2032733,4355669,3874853,1361304,-1,1,0,0,0,-1,-1,-1,-1
+,4666289,1379101,4404943,2947177,110310,-1,1,0,0,0,-1,-1,-1,-1
+,4666289,2726556,4404943,4294632,1457765,-1,1,0,0,0,-1,-1,-1,-1
+,4671671,2917381,4497217,3964105,513612,-1,1,0,0,0,-1,-1,-1,-1
+,4671671,2936880,4497217,3983604,533111,-1,1,0,0,0,-1,-1,-1,-1
-,4675037,55072,4307041,2263048,-1,312923,0,1,4,0,469829,414757,414757,0.709739
+,4676333,1010641,4364023,2884501,394338,-1,1,0,0,0,-1,-1,-1,-1
+,4676333,2095824,4364023,3969684,1479521,-1,1,0,0,0,-1,-1,-1,-1
-,4681037,410853,4180819,3412161,-1,89364,0,1,4,0,306866,103987,103987,0.177716
+,4684259,333859,4204027,3215251,1892616,-1,1,0,2,0,2012793,1678934,1678934,1.43368
-,4685623,132369,4360457,2083365,-1,192796,0,1,0,0,-1,-1,-1,-1
+,4699151,1828975,4295479,4251007,2377560,-1,1,0,6,0,774116,1054859,1054859,2.69374
+,4700039,1262809,4363069,3284629,943380,-1,1,0,2,0,885180,377629,377629,0.642767
+,4700039,1397868,4363069,3419688,1078439,-1,1,0,2,0,885180,512688,512688,0.872653
+,4706213,1869944,4467017,3305120,273279,-1,1,0,0,0,-1,-1,-1,-1
+,4706213,2758561,4467017,4193737,1161896,-1,1,0,0,0,-1,-1,-1,-1
+,4710833,329165,4184507,3487121,2460570,-1,1,0,2,0,1551341,1222176,1222176,1.03776
-,4715453,93394,4344253,2320594,-1,277805,0,1,0,0,-1,-1,-1,-1
+,4717597,144738,4275707,2796078,1171711,-1,1,0,0,0,-1,-1,-1,-1
+,4717597,452655,4275707,3103995,1479628,-1,1,0,0,0,-1,-1,-1,-1
+,4724309,455375,4208261,3551663,2439690,-1,1,0,0,0,-1,-1,-1,-1
+,4730953,583979,4200263,3768119,2751996,-1,1,0,2,0,1017395,433416,433416,0.366451
+,4733329,750559,4196789,3969799,2992250,-1,1,0,2,0,113438,637121,637121,0.538413
-,4733381,364248,4310219,2903220,-1,58913,0,1,0,0,-1,-1,-1,-1
+,4734673,1637318,4456861,3304190,514201,-1,1,0,0,0,-1,-1,-1,-1
+,4734673,2275787,4456861,3942659,1152670,-1,1,0,0,0,-1,-1,-1,-1
+,4755857,721752,4365811,3062028,1036493,-1,1,0,2,0,425867,295885,295885,0.497719
+,4755857,989041,4365811,3329317,1303782,-1,1,0,2,0,425867,563174,563174,0.947335
+,4762969,1222705,4481677,2910457,116532,-1,1,0,0,0,-1,-1,-1,-1
+,4762969,2677392,4481677,4365144,1571219,-1,1,0,0,0,-1,-1,-1,-1
+,4764373,7128,4138451,3762660,3379741,-1,1,0,0,0,-1,-1,-1,-1
-,4774883,40915,4480013,1810135,-1,253954,0,1,0,0,-1,-1,-1,-1
+,4789963,3109886,4625611,4095998,456499,-1,1,0,2,0,3698738,588852,588852,0.983476
+,4789963,3182999,4625611,4169111,529612,-1,1,0,2,0,3698738,515739,515739,0.861366
+,4790363,1083260,4486973,2903600,236967,-1,1,0,0,0,-1,-1,-1,-1
+,4790363,2429665,4486973,4250005,1583372,-1,1,0,0,0,-1,-1,-1,-1
-,4799261,154927,4539203,1715275,-1,105130,0,1,0,0,-1,-1,-1,-1
+,4801697,1694040,4510091,3443676,683221,-1,1,0,2,0,1267698,426342,426342,0.710319
+,4801697,2077233,4510091,3826869,1066414,-1,1,0,2,0,1267698,809535,809535,1.34875
+,4803439,1062529,4439389,3246829,991740,-1,1,0,0,0,-1,-1,-1,-1
+,4803439,1263348,4439389,3447648,1192559,-1,1,0,0,0,-1,-1,-1,-1
-,4808393,280145,4308881,3277217,-1,219366,0,1,0,0,-1,-1,-1,-1
+,4814801,1638077,4529297,3351101,534828,-1,1,0,0,0,-1,-1,-1,-1
+,4814801,2281444,4529297,3994468,1178195,-1,1,0,0,0,-1,-1,-1,-1
-,4820489,439007,4251563,3852563,-1,129918,0,1,2,0,622971,183964,183964,0.152652
+,4826501,239166,4419379,2681898,705251,-1,1,0,0,0,-1,-1,-1,-1
+,4826501,1271395,4419379,3714127,1737480,-1,1,0,0,0,-1,-1,-1,-1
-,4827523,53662,4543321,1758874,-1,230539,0,1,2,0,1833705,1780043,1780043,1.47491
+,4844141,564189,4290491,3886089,2917498,-1,1,0,0,0,-1,-1,-1,-1
+,4856711,454240,4483651,2692600,447309,-1,1,0,0,0,-1,-1,-1,-1
+,4856711,1797981,4483651,4036341,1791050,-1,1,0,0,0,-1,-1,-1,-1
-,4859081,583497,4260019,4177869,-1,15564,0,1,4,0,660497,77000,77000,0.126773
+,4864667,393696,4321019,3655584,2596453,-1,1,0,0,0,-1,-1,-1,-1
+,4865227,168261,4499377,2363361,59084,-1,1,0,0,0,-1,-1,-1,-1
+,4865227,2245192,4499377,4440292,2136015,-1,1,0,0,0,-1,-1,-1,-1
+,4867301,1384300,4441289,3940372,2055155,-1,1,0,2,0,2106557,722257,722257,0.593559
+,4871953,101936,4483097,2435072,285111,-1,1,0,0,0,-1,-1,-1,-1
+,4871953,1864849,4483097,4197985,2048024,-1,1,0,0,0,-1,-1,-1,-1
+,4880101,21980,4332577,3307124,2259691,-1,1,0,0,0,-1,-1,-1,-1
+,4880951,1325103,4387567,4285407,2858144,-1,1,0,0,0,-1,-1,-1,-1
-,4884553,92234,4209349,4143458,-1,582969,0,1,0,0,-1,-1,-1,-1
+,4886333,1889741,4613507,3526697,550146,-1,1,0,4,0,1916597,26856,26856,0.175877
+,4886333,2203307,4660933,3555707,247174,-1,1,0,4,0,1916597,286710,286710,1.87763
+,4886333,2426404,4613507,4063360,1086809,-1,1,0,4,0,1916597,509807,509807,3.33866
+,4886333,3061358,4660933,4413758,1105225,-1,1,0,4,0,2969735,91623,91623,0.600028
+,4889147,360217,4515209,2603845,332264,-1,1,0,2,0,795675,435458,435458,0.71253
+,4889147,1939316,4515209,4182944,1911363,-1,1,0,2,0,795675,1143641,1143641,1.87131
+,4890341,290131,4386419,3313663,1950776,-1,1,0,2,0,1792007,1501876,1501876,1.22844
-,4895347,143841,4681997,1423941,-1,69508,0,1,0,0,-1,-1,-1,-1
+,4896127,247052,4381787,3333092,2037345,-1,1,0,0,0,-1,-1,-1,-1
-,4896491,140004,4424059,2974596,-1,332427,0,1,4,0,389665,249661,249661,0.407902
-,4907359,12234,4760999,890394,-1,134125,0,1,0,0,-1,-1,-1,-1
+,4912073,427247,4323751,3957179,3163360,-1,1,0,0,0,-1,-1,-1,-1
+,4913873,2627781,4728743,3738561,120598,-1,1,0,0,0,-1,-1,-1,-1
+,4913873,3497364,4728743,4608144,990181,-1,1,0,0,0,-1,-1,-1,-1
+,4914937,1502405,4619039,3277793,434142,-1,1,0,0,0,-1,-1,-1,-1
+,4914937,2409508,4619039,4184896,1341245,-1,1,0,0,0,-1,-1,-1,-1
+,4925017,1321411,4579451,3394807,888752,-1,1,0,2,0,1328770,7359,7359,0.0119537
+,4925017,1617302,4579451,3690698,1184643,-1,1,0,2,0,1328770,288532,288532,0.46868
+,4927873,500158,4297817,4280494,3763013,-1,1,0,0,0,-1,-1,-1,-1
+,4929731,3648277,4814749,4338169,213312,-1,1,0,0,0,-1,-1,-1,-1
+,4929731,3911544,4814749,4601436,476579,-1,1,0,0,0,-1,-1,-1,-1
+,4933529,150082,4395389,3378922,2212373,-1,1,0,0,0,-1,-1,-1,-1
-,4944803,38231,4586297,2189267,-1,320274,0,1,0,0,-1,-1,-1,-1
-,4956703,38371,4326011,3822523,-1,592320,0,1,0,0,-1,-1,-1,-1
+,4961599,789626,4624381,2812934,211861,-1,1,0,0,0,-1,-1,-1,-1
+,4961599,2389211,4624381,4412519,1811446,-1,1,0,0,0,-1,-1,-1,-1
-,4978217,237920,4467017,3305120,-1,273279,0,1,0,0,-1,-1,-1,-1
+,4981393,916657,4501829,3794041,2169596,-1,1,0,4,0,1312840,396183,396183,0.636261
+,4989503,1965864,4736839,3481848,260993,-1,1,0,4,0,2010540,44676,44676,0.143264
+,4989503,2959861,4736839,4475845,1254990,-1,1,0,4,0,2978962,19101,19101,0.0612518
-,5010041,291325,4676369,2293357,-1,42346,0,1,2,0,612484,321159,321159,0.256412
+,5016953,890624,4605791,3357596,1218777,-1,1,0,0,0,-1,-1,-1,-1
+,5016953,920041,4605791,3387013,1248194,-1,1,0,0,0,-1,-1,-1,-1
+,5024861,437018,4567399,3181790,1359163,-1,1,0,4,0,642656,205638,205638,0.654786
+,5024861,463463,4567399,3208235,1385608,-1,1,0,4,0,642656,179193,179193,0.570581
-,5027537,407086,4613359,2892154,-1,7091,0,1,0,0,-1,-1,-1,-1
-,5042393,96153,4531609,3160857,-1,414630,0,1,0,0,-1,-1,-1,-1
+,5042971,860523,4446317,4440447,3574054,-1,1,0,0,0,-1,-1,-1,-1
+,5044423,397394,4438843,4030874,3225511,-1,1,0,0,0,-1,-1,-1,-1
+,5050091,1728921,4724089,3684933,916856,-1,1,0,2,0,1126796,602125,602125,0.953844
+,5050091,1851220,4724089,3807232,1039155,-1,1,0,2,0,1126796,724424,724424,1.14758
+,5050897,76851,4430969,3796419,3085018,-1,1,0,0,0,-1,-1,-1,-1
+,5063489,2431079,4849049,3717719,155310,-1,1,0,0,0,-1,-1,-1,-1
+,5063489,3407098,4849049,4693738,1131329,-1,1,0,0,0,-1,-1,-1,-1
+,5071019,1128844,4765157,2964016,34031,-1,1,0,0,0,-1,-1,-1,-1
+,5071019,2895953,4765157,4731125,1801140,-1,1,0,0,0,-1,-1,-1,-1
-,5073457,535279,4527473,3811183,-1,10704,0,1,0,0,-1,-1,-1,-1
+,5078119,134061,4551023,3296637,1908190,-1,1,0,0,0,-1,-1,-1,-1
+,5085637,842902,4550857,4051582,2709405,-1,1,0,2,0,1766293,923391,923391,0.726274
+,5090117,1372571,4621711,4183007,2371732,-1,1,0,0,0,-1,-1,-1,-1
+,5110423,3439338,4959083,4347378,296335,-1,1,0,2,0,4632717,1193379,1193379,1.86815
+,5110423,3754707,4959083,4662747,611704,-1,1,0,2,0,4632717,878010,878010,1.37446
+,5114827,474243,4622081,3430719,1765114,-1,1,0,0,0,-1,-1,-1,-1
+,5124781,250720,4692593,2843848,744383,-1,1,0,0,0,-1,-1,-1,-1
+,5124781,1355081,4692593,3948209,1848744,-1,1,0,0,0,-1,-1,-1,-1
+,5136323,357543,4592171,3622455,2295196,-1,1,0,2,0,198672,158871,158871,0.123724
+,5143447,146784,4473143,4168608,3717289,-1,1,0,0,0,-1,-1,-1,-1
+,5145197,3166910,4979617,4160390,174253,-1,1,0,2,0,3143215,23695,23695,0.0368421
+,5145197,3811883,4979617,4805363,819226,-1,1,0,2,0,3143215,668668,668668,1.03968
+,5152841,1275439,4683967,4088683,2217960,-1,1,0,2,0,2126617,851178,851178,0.660745
-,5152843,137272,4529363,3878152,-1,486207,0,1,0,0,-1,-1,-1,-1
-,5167583,13161,4969163,1203681,-1,185258,0,1,0,0,-1,-1,-1,-1
+,5171801,1761758,4880021,3512438,383097,-1,1,0,4,0,2133393,371635,371635,1.14973
+,5171801,2746243,4880021,4496923,1367582,-1,1,0,4,0,3038407,292164,292164,0.903868
-,5177803,16394,5077829,616238,-1,83579,0,1,0,0,-1,-1,-1,-1
+,5181641,1624421,4869517,3497165,500392,-1,1,0,0,0,-1,-1,-1,-1
+,5181641,2496380,4869517,4369124,1372351,-1,1,0,0,0,-1,-1,-1,-1
-,5187151,26510,4956691,1409270,-1,203949,0,1,0,0,-1,-1,-1,-1
+,5189357,1409164,4725431,4192720,2250845,-1,1,0,4,0,1789134,379970,379970,0.585768
+,5191057,2866490,4959833,4253834,681345,-1,1,0,2,0,2949633,83143,83143,0.128133
+,5191057,2891143,4959833,4278487,705998,-1,1,0,2,0,2949633,58490,58490,0.0901396
+,5201593,3287574,5030593,4313574,308981,-1,1,0,0,0,-1,-1,-1,-1
+,5201593,3695611,5030593,4721611,717018,-1,1,0,0,0,-1,-1,-1,-1
+,5206819,85188,4713259,3046548,1294649,-1,1,0,2,0,2025887,1940699,1940699,2.98178
+,5206819,457249,4713259,3418609,1666710,-1,1,0,2,0,2025887,1568638,1568638,2.41013
+,5210189,2711437,4969313,4156693,632636,-1,1,0,0,0,-1,-1,-1,-1
+,5210189,2891420,4969313,4336676,812619,-1,1,0,0,0,-1,-1,-1,-1
+,5218883,339482,4612451,3978074,3004215,-1,1,0,0,0,-1,-1,-1,-1
+,5221849,675240,4863611,2824668,110485,-1,1,0,0,0,-1,-1,-1,-1
+,5221849,2603697,4863611,4753125,2038942,-1,1,0,0,0,-1,-1,-1,-1
+,5226647,1185424,4725431,4192720,2474585,-1,1,0,2,0,826986,358438,358438,0.274316
+,5226733,940162,4877849,3033466,248921,-1,1,0,0,0,-1,-1,-1,-1
+,5226733,2535623,4877849,4628927,1844382,-1,1,0,0,0,-1,-1,-1,-1
-,5233639,229075,4689449,3494215,-1,315114,0,1,0,0,-1,-1,-1,-1
+,5242907,348033,4628279,4035801,3095290,-1,1,0,2,0,416591,68558,68558,0.0523053
-,5245067,200836,4576277,4213576,-1,467953,0,1,2,0,845093,644257,644257,0.491324
+,5254229,163782,4656241,3751710,2683397,-1,1,0,2,0,225407,61625,61625,0.0469146
-,5258303,300124,4868011,2641876,-1,90167,0,1,2,0,1848032,1547908,1547908,1.1775
+,5258867,3562619,5092193,4562663,470514,-1,1,0,2,0,2932754,629865,629865,0.958176
+,5258867,3621634,5092193,4621678,529529,-1,1,0,2,0,2932754,688880,688880,1.04795
-,5260597,543722,4603297,4487522,-1,113577,0,1,0,0,-1,-1,-1,-1
+,5261359,598548,4797497,3381720,1367395,-1,1,0,0,0,-1,-1,-1,-1
+,5261359,646929,4797497,3430101,1415776,-1,1,0,0,0,-1,-1,-1,-1
+,5269811,581116,4639387,4363660,3506817,-1,1,0,0,0,-1,-1,-1,-1
+,5283497,144211,4635341,4033147,3286742,-1,1,0,0,0,-1,-1,-1,-1
+,5286373,3061223,5080661,4295495,449106,-1,1,0,0,0,-1,-1,-1,-1
+,5286373,3397282,5080661,4631554,785165,-1,1,0,0,0,-1,-1,-1,-1
-,5293637,202807,4987819,2037715,-1,103010,0,1,0,0,-1,-1,-1,-1
+,5307439,343289,4641787,4337201,3689326,-1,1,0,0,0,-1,-1,-1,-1
+,5311217,3086835,5121979,4222263,235712,-1,1,0,2,0,4433252,1346417,1346417,2.02804
+,5311217,3750838,5121979,4886266,899715,-1,1,0,2,0,4433252,682414,682414,1.02788
+,5321851,324323,4675037,4205207,3411054,-1,1,0,0,0,-1,-1,-1,-1
+,5329967,4009018,5198287,4799098,390891,-1,1,0,2,0,4448139,439121,439121,0.659098
+,5329967,4017315,5198287,4807395,399188,-1,1,0,2,0,4448139,430824,430824,0.646644
-,5330513,105748,5155309,1156972,-1,69455,0,1,0,0,-1,-1,-1,-1
+,5330879,304639,4737907,3862471,2682396,-1,1,0,0,0,-1,-1,-1,-1
+,5333483,651102,4699733,4453602,3556369,-1,1,0,0,0,-1,-1,-1,-1
+,5333707,90722,4752277,3579302,2315605,-1,1,0,2,0,694932,604210,604210,0.453126
+,5340103,872656,4961563,3143896,453573,-1,1,0,2,0,812889,59767,59767,0.0895368
+,5340103,2236749,4961563,4507989,1817666,-1,1,0,2,0,812889,1423860,1423860,2.13308
+,5350843,105518,4844311,3144710,1339591,-1,1,0,2,0,23530,81988,81988,0.12258
+,5350843,465527,4844311,3504719,1699600,-1,1,0,2,0,23530,441997,441997,0.660826
-,5360881,153832,5121527,1589956,-1,85521,0,1,2,0,912129,758297,758297,0.5658
+,5365751,2985879,5172347,4146303,134380,-1,1,0,0,0,-1,-1,-1,-1
+,5365751,3877542,5172347,5037966,1026043,-1,1,0,0,0,-1,-1,-1,-1
+,5367577,2038251,5074787,3794991,476944,-1,1,0,0,0,-1,-1,-1,-1
+,5367577,2841102,5074787,4597842,1279795,-1,1,0,0,0,-1,-1,-1,-1
+,5374517,1045972,4811137,4426252,2995395,-1,1,0,0,0,-1,-1,-1,-1
+,5376883,4748753,5319689,5091917,115392,-1,1,0,0,0,-1,-1,-1,-1
+,5376883,4861132,5319689,5204296,227771,-1,1,0,0,0,-1,-1,-1,-1
+,5379203,514525,4852451,3675037,1983098,-1,1,0,2,0,959552,445027,445027,0.330924
+,5390023,519293,4820441,3936785,2533836,-1,1,0,2,0,1374764,855471,855471,0.634855
+,5397113,4180972,5285219,4852336,238481,-1,1,0,2,0,5225205,1044233,1044233,1.54784
+,5397113,4375373,5285219,5046737,432882,-1,1,0,2,0,5225205,849832,849832,1.25968
+,5405251,1120892,4997843,3565340,1011945,-1,1,0,0,0,-1,-1,-1,-1
+,5405251,1541449,4997843,3985897,1432502,-1,1,0,0,0,-1,-1,-1,-1
+,5411011,3635,4697383,4285403,3869788,-1,1,0,0,0,-1,-1,-1,-1
+,5414657,2391481,5163607,3897781,240474,-1,1,0,0,0,-1,-1,-1,-1
+,5414657,3416832,5163607,4923132,1265825,-1,1,0,0,0,-1,-1,-1,-1
+,5429899,57485,4998667,2644877,233602,-1,1,0,2,0,1724471,1666986,1666986,2.45601
+,5429899,2177672,4998667,4765064,2353789,-1,1,0,2,0,1724471,453201,453201,0.667712
-,5450351,159210,4778029,4193142,-1,513111,0,1,0,0,-1,-1,-1,-1
-,5459761,322800,4730647,4697484,-1,406313,0,1,0,0,-1,-1,-1,-1
+,5460607,4548,4829729,3789816,2745355,-1,1,0,0,0,-1,-1,-1,-1
+,5465459,3533180,5302837,4508912,181807,-1,1,0,2,0,4960375,1427195,1427195,2.08904
+,5465459,4145297,5302837,5121029,793924,-1,1,0,2,0,4960375,815078,815078,1.19306
+,5467351,1283780,5071903,3656468,957253,-1,1,0,0,0,-1,-1,-1,-1
+,5467351,1741961,5071903,4114649,1415434,-1,1,0,0,0,-1,-1,-1,-1
+,5468083,282795,5024183,2946195,585412,-1,1,0,0,0,-1,-1,-1,-1
+,5468083,1775370,5024183,4438770,2077987,-1,1,0,0,0,-1,-1,-1,-1
+,5474333,630889,4786981,4755001,4092132,-1,1,0,0,0,-1,-1,-1,-1
+,5477971,2370254,5217271,3934454,281383,-1,1,0,0,0,-1,-1,-1,-1
+,5477971,3371687,5217271,4935887,1282816,-1,1,0,0,0,-1,-1,-1,-1
+,5484397,1909700,5194907,3646640,188673,-1,1,0,4,0,2484657,574957,574957,1.67736
+,5484397,3269293,5194907,5006233,1548266,-1,1,0,4,0,2999739,269554,269554,0.786388
-,5484851,181356,5033341,2890416,-1,270153,0,1,0,0,-1,-1,-1,-1
+,5486911,44537,4962619,3190289,1373422,-1,1,0,0,0,-1,-1,-1,-1
+,5486911,443444,4962619,3589196,1772329,-1,1,0,0,0,-1,-1,-1,-1
-,5498573,478752,4799623,4672452,-1,220197,0,1,0,0,-1,-1,-1,-1
-,5505083,579106,4859201,4454398,-1,66775,0,1,0,0,-1,-1,-1,-1
+,5507461,1478396,4997383,4538864,2601949,-1,1,0,2,0,2095312,616916,616916,0.448058
+,5509429,1091669,5142259,3294689,355450,-1,1,0,2,0,1221902,130233,130233,0.189106
+,5509429,2583788,5142259,4786808,1847569,-1,1,0,2,0,1221902,1361886,1361886,1.97753
-,5516627,52273,5073511,2710969,-1,390842,0,1,0,0,-1,-1,-1,-1
+,5528779,1118668,5093519,3730228,1248269,-1,1,0,2,0,852517,266151,266151,0.385114
+,5528779,1233689,5093519,3845249,1363290,-1,1,0,2,0,852517,381172,381172,0.551546
-,5539439,56570,5376619,1033490,-1,106249,0,1,0,0,-1,-1,-1,-1
+,5547709,1755197,5048353,4751333,2699116,-1,1,0,2,0,331106,1424091,1424091,1.0268
+,5552171,1794875,5225287,3756179,492196,-1,1,0,0,0,-1,-1,-1,-1
+,5552171,2771786,5225287,4733090,1469107,-1,1,0,0,0,-1,-1,-1,-1
+,5561849,630053,5118637,3289325,829960,-1,1,0,2,0,1322314,692261,692261,0.995728
+,5561849,1629404,5118637,4288676,1829311,-1,1,0,2,0,1322314,307090,307090,0.441709
+,5565047,564217,5096249,3377005,1093544,-1,1,0,2,0,1946366,1382149,1382149,1.9869
+,5565047,1189916,5096249,4002704,1719243,-1,1,0,2,0,1946366,756450,756450,1.08743
-,5582699,401633,5112949,3220133,-1,68116,0,1,0,0,-1,-1,-1,-1
+,5596907,555343,5026817,3975883,2369606,-1,1,0,2,0,2408158,1852815,1852815,1.32417
+,5598091,1527275,5092193,4562663,2505858,-1,1,0,2,0,323126,1204149,1204149,0.8604
+,5610433,2539539,5329981,4222251,574982,-1,1,0,4,0,2236184,303355,303355,0.865117
+,5610433,3072286,5329981,4754998,1107729,-1,1,0,4,0,3374248,301962,301962,0.861144
+,5641291,237639,4898059,4697031,4258364,-1,1,0,0,0,-1,-1,-1,-1
-,5643641,135141,4973347,4156905,-1,535152,0,1,0,0,-1,-1,-1,-1
+,5657051,62529,5052169,3691821,2268944,-1,1,0,0,0,-1,-1,-1,-1
+,5662733,334576,5028431,4140388,2917769,-1,1,0,4,0,633831,299255,299255,0.422771
+,5667313,1262528,5254801,3737600,957871,-1,1,0,0,0,-1,-1,-1,-1
+,5667313,1821857,5254801,4296929,1517200,-1,1,0,0,0,-1,-1,-1,-1
+,5667973,1177999,5319689,3267703,37718,-1,1,0,2,0,679599,498400,498400,0.703461
+,5667973,3192266,5319689,5281970,2051985,-1,1,0,2,0,4988373,1796107,1796107,2.5351
+,5668309,60065,4936391,4451573,3906690,-1,1,0,0,0,-1,-1,-1,-1
-,5670619,121056,5416679,1644696,-1,132883,0,1,0,0,-1,-1,-1,-1
+,5674693,3012295,5422973,4522615,609962,-1,1,0,0,0,-1,-1,-1,-1
+,5674693,3302690,5422973,4813010,900357,-1,1,0,0,0,-1,-1,-1,-1
-,5682763,413356,5248303,3020116,-1,21103,0,1,2,0,2335111,1921755,1921755,1.35269
+,5684867,1289026,5295247,3626746,669219,-1,1,0,0,0,-1,-1,-1,-1
+,5684867,2288307,5295247,4626027,1668500,-1,1,0,0,0,-1,-1,-1,-1
+,5695531,300340,5111833,3802528,2192883,-1,1,0,0,0,-1,-1,-1,-1
+,5701909,503612,5132429,3920492,2204943,-1,1,0,0,0,-1,-1,-1,-1
+,5710919,1187842,5278001,3785350,1104857,-1,1,0,2,0,2236221,1048379,1048379,1.4686
+,5710919,1575635,5278001,4173143,1492650,-1,1,0,2,0,2236221,660586,660586,0.925366
+,5712757,1947555,5237839,4797063,2408732,-1,1,0,0,0,-1,-1,-1,-1
+,5717681,921101,5241881,3775901,1388820,-1,1,0,2,0,995237,74136,74136,0.103729
+,5717681,998260,5241881,3853060,1465979,-1,1,0,2,0,995237,3023,3023,0.00422969
+,5736833,1493863,5351257,3807319,769518,-1,1,0,2,0,1320500,173363,173363,0.241754
+,5736833,2268282,5351257,4581738,1543937,-1,1,0,2,0,1320500,947782,947782,1.32168
-,5742809,359228,5194907,3646640,-1,188673,0,1,0,0,-1,-1,-1,-1
-,5753479,193076,5137973,3886112,-1,422429,0,1,0,0,-1,-1,-1,-1
+,5766311,2301441,5301991,5087361,2571290,-1,1,0,0,0,-1,-1,-1,-1
+,5767409,4713654,5684641,5210262,22229,-1,1,0,2,0,5147599,433945,433945,0.601927
+,5767409,5165803,5684641,5662411,474378,-1,1,0,2,0,5147599,18204,18204,0.0252509
-,5783891,368231,5101541,4462331,-1,314118,0,1,2,0,2088149,1719918,1719918,1.18945
+,5785069,2757697,5495813,4493233,732956,-1,1,0,0,0,-1,-1,-1,-1
+,5785069,3027320,5495813,4762856,1002579,-1,1,0,0,0,-1,-1,-1,-1
+,5787149,571410,5203249,4074810,2374961,-1,1,0,0,0,-1,-1,-1,-1
+,5797993,3354448,5571689,4712272,498407,-1,1,0,2,0,3056500,297948,297948,0.411105
+,5797993,3715457,5571689,5073281,859416,-1,1,0,2,0,3056500,658957,658957,0.909221
+,5804069,773717,5122427,4863569,3830994,-1,1,0,0,0,-1,-1,-1,-1
-,5805941,156262,5178889,3918574,-1,470789,0,1,2,0,1671740,1515478,1515478,1.04409
+,5812199,4152460,5649649,5127760,453411,-1,1,0,2,0,4477478,325018,325018,0.44736
+,5812199,4220937,5649649,5196237,521888,-1,1,0,2,0,4477478,256541,256541,0.353107
+,5822491,3900349,5633161,5036329,539148,-1,1,0,0,0,-1,-1,-1,-1
+,5822491,3958032,5633161,5094012,596831,-1,1,0,0,0,-1,-1,-1,-1
+,5823497,910049,5263493,4270073,2366604,-1,1,0,4,0,701247,208802,208802,0.286841
+,5825399,788180,5110337,5078552,4258587,-1,1,0,0,0,-1,-1,-1,-1
+,5825591,220007,5104289,4547819,3771342,-1,1,0,0,0,-1,-1,-1,-1
+,5827937,634562,5397493,3217226,402397,-1,1,0,4,0,241421,393141,393141,1.07933
+,5827937,2412431,5397493,4995095,2180266,-1,1,0,4,0,2569511,157080,157080,0.431247
+,5836189,545723,5313173,3683819,1508742,-1,1,0,0,0,-1,-1,-1,-1
+,5836189,666334,5313173,3804430,1629353,-1,1,0,0,0,-1,-1,-1,-1
+,5857307,2020366,5318683,5252110,3165171,-1,1,0,2,0,2761169,740803,740803,0.5059
+,5861621,98815,5242487,3813619,2285936,-1,1,0,2,0,96919,1896,1896,0.00129384
+,5867591,1939297,5494639,4177009,920082,-1,1,0,0,0,-1,-1,-1,-1
+,5867591,2336844,5494639,4574556,1317629,-1,1,0,0,0,-1,-1,-1,-1
+,5887577,27789,5156101,4416645,3649400,-1,1,0,0,0,-1,-1,-1,-1
+,5909837,1865047,5340949,5278375,3350754,-1,1,0,2,0,14039,1851008,1851008,1.25283
+,5927723,801498,5315837,4472814,2828293,-1,1,0,0,0,-1,-1,-1,-1
+,5934527,296163,5314667,4015323,2419816,-1,1,0,0,0,-1,-1,-1,-1
+,5935789,476670,5289743,4352946,2939479,-1,1,0,0,0,-1,-1,-1,-1
+,5938181,2319392,5613109,4269824,607147,-1,1,0,2,0,417659,1901733,1901733,2.56204
+,5938181,3055529,5613109,5005961,1343284,-1,1,0,2,0,5520521,2464992,2464992,3.32087
-,5940007,222344,5376649,3602492,-1,341013,0,1,0,0,-1,-1,-1,-1
+,5948143,328849,5155309,5085853,4687548,-1,1,0,0,0,-1,-1,-1,-1
+,5952959,730662,5213777,5165754,4387069,-1,1,0,0,0,-1,-1,-1,-1
-,5964527,339677,5562059,2754485,-1,62790,0,1,2,0,1901696,1562019,1562019,1.04754
+,5971639,1105757,5284781,5226905,4063272,-1,1,0,0,0,-1,-1,-1,-1
+,5976023,338270,5460797,3429626,1060185,-1,1,0,2,0,1354528,1016258,1016258,1.36045
+,5976023,1309255,5460797,4400611,2031170,-1,1,0,2,0,1354528,45273,45273,0.0606062
+,5978279,24530,5295061,4123838,2928085,-1,1,0,0,0,-1,-1,-1,-1
-,5980967,326728,5252783,4695832,-1,401455,0,1,0,0,-1,-1,-1,-1
+,5981137,530822,5204503,5190626,4645927,-1,1,0,2,0,400223,130599,130599,0.0873406
+,5987677,1043625,5601251,3362181,79486,-1,1,0,2,0,44576,999049,999049,1.33481
+,5987677,3203208,5601251,5521764,2239069,-1,1,0,2,0,5943100,2739892,2739892,3.66071
-,5995079,264265,5648449,2344045,-1,82364,0,1,0,0,-1,-1,-1,-1
+,5998757,588273,5503859,3557661,1023190,-1,1,0,0,0,-1,-1,-1,-1
+,5998757,1511280,5503859,4480668,1946197,-1,1,0,0,0,-1,-1,-1,-1
+,6002861,1185396,5359633,5044764,3544499,-1,1,0,0,0,-1,-1,-1,-1
+,6007517,1321257,5609431,3709773,488858,-1,1,0,0,0,-1,-1,-1,-1
+,6007517,2732056,5609431,5120572,1899657,-1,1,0,0,0,-1,-1,-1,-1
+,6022747,952921,5620003,3369385,165846,-1,1,0,0,0,-1,-1,-1,-1
+,6022747,3037692,5620003,5454156,2250617,-1,1,0,0,0,-1,-1,-1,-1
-,6028049,55448,5721389,1895408,-1,251211,0,1,0,0,-1,-1,-1,-1
+,6028283,988519,5365267,4966615,3579444,-1,1,0,2,0,1943390,954871,954871,0.633594
-,6042217,368960,5292379,4867988,-1,380877,0,1,0,0,-1,-1,-1,-1
-,6044677,203389,5804431,1644865,-1,36856,0,1,0,0,-1,-1,-1,-1
+,6047329,511761,5359877,4636473,3401308,-1,1,0,0,0,-1,-1,-1,-1
+,6050731,2076087,5511739,5310039,3032252,-1,1,0,0,0,-1,-1,-1,-1
-,6053251,160286,5434129,3875018,-1,458835,0,1,2,0,842241,681955,681955,0.450637
-,6071311,175640,5357719,4457192,-1,537951,0,1,0,0,-1,-1,-1,-1
+,6079159,1679360,5721389,3825980,251211,-1,1,0,2,0,1077988,601372,601372,0.791388
+,6079159,3323557,5721389,5470177,1895408,-1,1,0,2,0,5001170,1677613,1677613,2.20769
+,6083527,2242505,5738077,4315205,649828,-1,1,0,0,0,-1,-1,-1,-1
+,6083527,3015548,5738077,5088248,1422871,-1,1,0,0,0,-1,-1,-1,-1
-,6083927,334941,5401247,4431021,-1,347738,0,1,2,0,1340356,1005415,1005415,0.66103
+,6090499,203772,5327821,4779840,4028087,-1,1,0,0,0,-1,-1,-1,-1
+,6096593,3918730,5895707,5124046,433655,-1,1,0,2,0,5489514,1570784,1570784,2.0612
+,6096593,4256735,5895707,5462051,771660,-1,1,0,2,0,5489514,1232779,1232779,1.61766
-,6099887,110146,5453359,3989314,-1,536381,0,1,0,0,-1,-1,-1,-1
+,6100781,322861,5338667,4895545,4129562,-1,1,0,2,0,2574144,2251283,2251283,1.47606
+,6113161,1715405,5566073,4997933,2714388,-1,1,0,2,0,1510283,205122,205122,0.134217
+,6137801,3600610,5884951,5117710,749859,-1,1,0,0,0,-1,-1,-1,-1
+,6137801,3617991,5884951,5135091,767240,-1,1,0,0,0,-1,-1,-1,-1
-,6141491,95806,5841791,1894006,-1,203893,0,1,0,0,-1,-1,-1,-1
+,6159547,583706,5430443,4958330,3902511,-1,1,0,2,0,665521,81815,81815,0.0531305
+,6159869,3168159,5891759,4776819,493720,-1,1,0,0,0,-1,-1,-1,-1
+,6159869,3789378,5891759,5398038,1114939,-1,1,0,0,0,-1,-1,-1,-1
+,6160639,488308,5433619,4850428,3778929,-1,1,0,0,0,-1,-1,-1,-1
+,6168377,1260282,5579131,4795758,2752103,-1,1,0,2,0,290586,969696,969696,0.628818
+,6172291,1184153,5694109,4053245,1228228,-1,1,0,0,0,-1,-1,-1,-1
+,6172291,1596788,5694109,4465880,1640863,-1,1,0,0,0,-1,-1,-1,-1
+,6175067,2045901,5610953,5430585,3204316,-1,1,0,0,0,-1,-1,-1,-1
+,6182879,4904333,6071099,5575013,174594,-1,1,0,0,0,-1,-1,-1,-1
+,6182879,5225824,6071099,5896504,496085,-1,1,0,0,0,-1,-1,-1,-1
+,6193123,869964,5556743,4688244,2949781,-1,1,0,0,0,-1,-1,-1,-1
+,6212203,1535180,5770321,4186472,1067443,-1,1,0,2,0,784302,750878,750878,0.966972
+,6212203,2051585,5770321,4702877,1583848,-1,1,0,2,0,784302,1267283,1267283,1.63199
-,6218749,363323,5575397,4223435,-1,280028,0,1,0,0,-1,-1,-1,-1
+,6223601,2673671,5722603,5679659,2963044,-1,1,0,2,0,1767587,906084,906084,0.582354
-,6226477,123416,5649649,3584384,-1,453411,0,1,0,0,-1,-1,-1,-1
-,6235399,561926,5595257,4402778,-1,78215,0,1,2,0,808075,246149,246149,0.157904
+,6245153,1584719,5616383,5357339,3513576,-1,1,0,0,0,-1,-1,-1,-1
+,6245557,4675217,6101549,5539265,301764,-1,1,0,0,0,-1,-1,-1,-1
+,6245557,4935736,6101549,5799784,562283,-1,1,0,0,0,-1,-1,-1,-1
+,6278527,2137511,5745583,5335175,2787256,-1,1,0,0,0,-1,-1,-1,-1
-,6279997,25358,5462239,4931906,-1,792399,0,1,2,0,1323132,1297774,1297774,0.826608
+,6280289,11575,5544179,4428235,3300716,-1,1,0,0,0,-1,-1,-1,-1
+,6293137,498673,5666527,4258333,2351466,-1,1,0,2,0,269909,228764,228764,0.145405
+,6298231,5042848,6193651,5670328,104157,-1,1,0,0,0,-1,-1,-1,-1
+,6298231,5462013,6193651,6089493,523322,-1,1,0,0,0,-1,-1,-1,-1
+,6299771,1534145,5659469,5375957,3558300,-1,1,0,0,0,-1,-1,-1,-1
-,6300601,13083,6164177,831627,-1,123340,0,1,2,0,2290756,2277673,2277673,1.446
+,6301913,1872744,5737057,5261880,2913959,-1,1,0,0,0,-1,-1,-1,-1
+,6315943,1571763,5875169,4216407,985882,-1,1,0,0,0,-1,-1,-1,-1
+,6315943,2244642,5875169,4889286,1658761,-1,1,0,0,0,-1,-1,-1,-1
-,6318409,48459,5685557,3845571,-1,584392,0,1,2,0,3039969,2991510,2991510,1.89384
+,6322513,2511382,5810521,5583334,2844765,-1,1,0,0,0,-1,-1,-1,-1
+,6323027,2726744,6009569,4607492,478671,-1,1,0,0,0,-1,-1,-1,-1
+,6323027,3650149,6009569,5530897,1402076,-1,1,0,0,0,-1,-1,-1,-1
+,6323441,512737,5627899,4685989,3231342,-1,1,0,0,0,-1,-1,-1,-1
-,6324137,334171,5857531,3133807,-1,132434,0,1,0,0,-1,-1,-1,-1
+,6340219,1831869,5790677,5129121,2635696,-1,1,0,0,0,-1,-1,-1,-1
+,6344771,359114,5493883,5464442,5075887,-1,1,0,0,0,-1,-1,-1,-1
+,6353351,13830,5606323,4495998,3371843,-1,1,0,0,0,-1,-1,-1,-1
+,6363923,821874,5901617,3595710,467929,-1,1,0,2,0,626044,195830,195830,0.246175
+,6363923,2659851,5901617,5433687,2305906,-1,1,0,2,0,626044,2033807,2033807,2.55667
+,6364637,2408051,6042791,4339127,227412,-1,1,0,0,0,-1,-1,-1,-1
+,6364637,3884302,6042791,5815378,1703663,-1,1,0,0,0,-1,-1,-1,-1
+,6369799,1074313,5861309,4125253,1314884,-1,1,0,0,0,-1,-1,-1,-1
+,6369799,1495484,5861309,4546424,1736055,-1,1,0,0,0,-1,-1,-1,-1
-,6387683,99629,5809633,3567929,-1,478420,0,1,0,0,-1,-1,-1,-1
-,6392717,469644,5571233,5398548,-1,351839,0,1,0,0,-1,-1,-1,-1
+,6400921,1392985,5721389,5470177,3825980,-1,1,0,4,0,422677,970308,970308,1.21271
+,6402653,812506,5800981,4422538,2231589,-1,1,0,0,0,-1,-1,-1,-1
+,6406789,1058454,5667097,5496606,4267661,-1,1,0,0,0,-1,-1,-1,-1
+,6424469,6279111,6410891,6360579,31156,-1,1,0,0,0,-1,-1,-1,-1
+,6424469,6298266,6410891,6379734,50311,-1,1,0,0,0,-1,-1,-1,-1
-,6429419,445874,5775983,4366490,-1,207561,0,1,2,0,3166759,2720885,2720885,1.69277
+,6430793,731055,5952259,3602259,521204,-1,1,0,0,0,-1,-1,-1,-1
+,6430793,2559850,5952259,5431054,2349999,-1,1,0,0,0,-1,-1,-1,-1
-,6435991,54140,5630351,4887980,-1,751499,0,1,0,0,-1,-1,-1,-1
+,6438199,2306701,6046093,4659337,965880,-1,1,0,0,0,-1,-1,-1,-1
+,6438199,2727576,6046093,5080212,1386755,-1,1,0,0,0,-1,-1,-1,-1
+,6442883,1635316,5827001,5330608,3198899,-1,1,0,0,0,-1,-1,-1,-1
-,6443293,286082,5876021,3689714,-1,281189,0,1,2,0,1825711,1539629,1539629,0.955803
-,6459907,115839,5843041,3817035,-1,501026,0,1,2,0,2320571,2204732,2204732,1.36518
+,6461563,2927477,6109837,5037833,1038352,-1,1,0,0,0,-1,-1,-1,-1
+,6461563,2961128,6109837,5071484,1072003,-1,1,0,0,0,-1,-1,-1,-1
+,6462647,912246,5919751,4169622,1507247,-1,1,0,0,0,-1,-1,-1,-1
+,6462647,1155127,5919751,4412503,1750128,-1,1,0,0,0,-1,-1,-1,-1
+,6467789,2384359,5938297,5561311,2799966,-1,1,0,0,0,-1,-1,-1,-1
-,6489361,333631,6070489,2846863,-1,85240,0,1,0,0,-1,-1,-1,-1
+,6493309,2928641,6146369,5010281,945552,-1,1,0,0,0,-1,-1,-1,-1
+,6493309,3119176,6146369,5200816,1136087,-1,1,0,0,0,-1,-1,-1,-1
+,6495367,1058745,6072527,3595785,60298,-1,1,0,2,0,2926991,1868246,1868246,2.30102
+,6495367,3475188,6072527,6012228,2476741,-1,1,0,2,0,3568375,93187,93187,0.114773
+,6497347,1480042,6085741,3949678,333573,-1,1,0,4,0,2247027,766985,766985,1.88873
+,6497347,3282531,6085741,5752167,2136062,-1,1,0,4,0,4250319,967788,967788,2.38322
+,6508367,472598,5928047,3954518,1508391,-1,1,0,2,0,742166,269568,269568,0.331349
+,6508367,937735,5928047,4419655,1973528,-1,1,0,2,0,742166,195569,195569,0.240391
+,6513373,240665,5840347,4278821,2476630,-1,1,0,6,0,1352708,1112043,1112043,2.04879
+,6519683,3205885,6236911,4902517,362238,-1,1,0,0,0,-1,-1,-1,-1
+,6519683,4178040,6236911,5874672,1334393,-1,1,0,0,0,-1,-1,-1,-1
+,6524183,2045995,5938297,5561311,3138330,-1,1,0,0,0,-1,-1,-1,-1
-,6540977,38109,5725693,4929813,-1,777174,0,1,0,0,-1,-1,-1,-1
+,6544039,2418793,6155761,4748461,922368,-1,1,0,0,0,-1,-1,-1,-1
+,6544039,2903724,6155761,5233392,1407299,-1,1,0,0,0,-1,-1,-1,-1
+,6544277,1052496,6082751,3821652,508057,-1,1,0,2,0,260380,792116,792116,0.968316
+,6544277,2805537,6082751,5574693,2261098,-1,1,0,2,0,260380,2545157,2545157,3.11131
+,6544883,1228755,5881339,5210019,3309944,-1,1,0,2,0,648685,580070,580070,0.354518
-,6555397,429356,5772317,5127836,-1,353723,0,1,2,0,709284,279928,279928,0.170808
+,6556723,429919,5684641,5662411,5210262,-1,1,0,0,0,-1,-1,-1,-1
+,6557099,2020256,6168691,4350704,512461,-1,1,0,6,0,1760758,259498,259498,0.949803
+,6557099,3325781,6168691,5656229,1817986,-1,1,0,6,0,3449158,123377,123377,0.451579
+,6579961,51852,5864513,4344540,2772715,-1,1,0,2,0,1897196,1845344,1845344,1.1218
+,6591743,52609,6025849,3447973,817488,-1,1,0,0,0,-1,-1,-1,-1
+,6591743,1812996,6025849,5208360,2577875,-1,1,0,0,0,-1,-1,-1,-1
+,6604733,590659,5925253,4667539,2819166,-1,1,0,0,0,-1,-1,-1,-1
-,6605377,201170,6149861,2934266,-1,254345,0,1,0,0,-1,-1,-1,-1
+,6607957,1909714,6191197,4410274,719637,-1,1,0,0,0,-1,-1,-1,-1
+,6607957,2970999,6191197,5471559,1780922,-1,1,0,0,0,-1,-1,-1,-1
+,6608647,3973717,6358997,5471617,610520,-1,1,0,0,0,-1,-1,-1,-1
+,6608647,4250576,6358997,5748476,887379,-1,1,0,0,0,-1,-1,-1,-1
+,6610067,1747083,6127609,4641831,1408970,-1,1,0,0,0,-1,-1,-1,-1
+,6610067,1823890,6127609,4718638,1485777,-1,1,0,0,0,-1,-1,-1,-1
-,6615043,642350,5965877,4537346,-1,6815,0,1,0,0,-1,-1,-1,-1
+,6616529,1862724,6229507,4184856,277481,-1,1,0,0,0,-1,-1,-1,-1
+,6616529,3629893,6229507,5952025,2044650,-1,1,0,0,0,-1,-1,-1,-1
-,6618727,152508,5884331,4558884,-1,581887,0,1,0,0,-1,-1,-1,-1
+,6628007,862342,6108191,3981238,991943,-1,1,0,0,0,-1,-1,-1,-1
+,6628007,1997351,6108191,5116247,2126952,-1,1,0,0,0,-1,-1,-1,-1
+,6628571,667021,5907331,4994461,3414570,-1,1,0,0,0,-1,-1,-1,-1
+,6628729,2142694,6282929,4217494,9365,-1,1,0,0,0,-1,-1,-1,-1
+,6628729,4198763,6282929,6273563,2065434,-1,1,0,0,0,-1,-1,-1,-1
+,6629387,686353,5845783,5387977,4243818,-1,1,0,0,0,-1,-1,-1,-1
+,6634949,1499412,5950019,5608992,3768553,-1,1,0,0,0,-1,-1,-1,-1
+,6638339,417919,5876021,4991827,3689714,-1,1,0,0,0,-1,-1,-1,-1
+,6643699,2201086,6017411,5958814,3699131,-1,1,0,0,0,-1,-1,-1,-1
-,6644177,406934,6209527,3014834,-1,27715,0,1,0,0,-1,-1,-1,-1
+,6652187,1386905,6025631,5146241,2879946,-1,1,0,0,0,-1,-1,-1,-1
+,6652553,303739,5925253,4667539,3106086,-1,1,0,2,0,378502,74763,74763,0.044953
-,6655729,285100,6190259,3077920,-1,180369,0,1,2,0,38434,246666,246666,0.148243
-,6662813,378471,5998351,4365243,-1,285990,0,1,0,0,-1,-1,-1,-1
+,6662857,1669304,6011573,5577008,3473139,-1,1,0,0,0,-1,-1,-1,-1
+,6678853,4110765,6480373,5301645,12152,-1,1,0,0,0,-1,-1,-1,-1
+,6678853,5277340,6480373,6468220,1178727,-1,1,0,0,0,-1,-1,-1,-1
+,6684449,332671,6060037,4079143,1765578,-1,1,0,6,0,81733,250938,250938,1.80195
+,6684449,547986,6060037,4294458,1980893,-1,1,0,6,0,81733,466253,466253,3.34809
+,6684449,2612408,6359231,4563716,155793,-1,1,0,6,0,3342195,729787,729787,5.24049
+,6684449,4252129,6359231,6203437,1795514,-1,1,0,6,0,3342253,909876,909876,6.53368
+,6690379,4317150,6469423,5642886,499199,-1,1,0,2,0,4870145,552995,552995,0.661242
+,6690379,4644487,6469423,5970223,826536,-1,1,0,2,0,4870145,225658,225658,0.26983
-,6697051,18042,6198911,3006882,-1,480097,0,1,2,0,500968,482926,482926,0.288441
+,6697651,4104170,6459097,5535494,507721,-1,1,0,0,0,-1,-1,-1,-1
+,6697651,4520051,6459097,5951375,923602,-1,1,0,0,0,-1,-1,-1,-1
+,6702469,2410613,6102773,6008789,3504192,-1,1,0,2,0,1280377,1130236,1130236,0.674519
+,6710269,1799198,6095263,5489234,3084007,-1,1,0,0,0,-1,-1,-1,-1
-,6719917,289400,5993539,4647668,-1,436977,0,1,4,0,1329980,1040580,1040580,1.2388
+,6729487,953998,5993201,5371714,3796229,-1,1,0,2,0,504349,449649,449649,0.267271
-,6731783,56316,6105569,3813600,-1,569897,0,1,0,0,-1,-1,-1,-1
+,6732469,3582972,6476581,5118300,177047,-1,1,0,0,0,-1,-1,-1,-1
+,6732469,4764205,6476581,6299533,1358280,-1,1,0,0,0,-1,-1,-1,-1
+,6738269,2571171,6168527,5989623,3239548,-1,1,0,0,0,-1,-1,-1,-1
+,6741961,2236548,6310673,4824276,1101331,-1,1,0,2,0,1823293,413255,413255,0.490368
+,6741961,2621613,6310673,5209341,1486396,-1,1,0,2,0,1823293,798320,798320,0.947285
+,6764239,1454676,6277339,4376076,1020137,-1,1,0,0,0,-1,-1,-1,-1
+,6764239,2335801,6277339,5257201,1901262,-1,1,0,0,0,-1,-1,-1,-1
+,6796969,1817480,6104057,5974952,4028367,-1,1,0,0,0,-1,-1,-1,-1
+,6801797,1053727,6236179,4447435,1604964,-1,1,0,0,0,-1,-1,-1,-1
+,6801797,1237506,6236179,4631214,1788743,-1,1,0,0,0,-1,-1,-1,-1
+,6818621,558328,5946313,5792176,5079711,-1,1,0,0,0,-1,-1,-1,-1
+,6825437,1411569,6354479,4237317,708586,-1,1,0,2,0,3196714,1785145,1785145,2.09234
+,6825437,2820144,6354479,5645892,2117161,-1,1,0,2,0,3196714,376570,376570,0.441372
+,6825799,2428247,6244531,5915855,3158932,-1,1,0,0,0,-1,-1,-1,-1
+,6831113,185629,6319727,3253945,2534,-1,1,0,0,0,-1,-1,-1,-1
+,6831113,3248876,6319727,6317192,3065781,-1,1,0,0,0,-1,-1,-1,-1
+,6833243,18518,5866457,5819234,5753493,-1,1,0,0,0,-1,-1,-1,-1
+,6842417,2233202,6406321,4849778,1060033,-1,1,0,0,0,-1,-1,-1,-1
+,6842417,2729711,6406321,5346287,1556542,-1,1,0,0,0,-1,-1,-1,-1
+,6848929,1367724,6210289,5199564,2821115,-1,1,0,2,0,2405096,1037372,1037372,0.605859
-,6866329,156365,6187837,4227317,-1,522126,0,1,2,0,3290841,3134476,3134476,1.826
+,6868231,424236,6115267,4942020,3344537,-1,1,0,0,0,-1,-1,-1,-1
-,6877837,454887,6295519,3948795,-1,127430,0,1,0,0,-1,-1,-1,-1
-,6885883,203158,6028801,5345650,-1,653923,0,1,0,0,-1,-1,-1,-1
+,6886349,2756793,6506243,5037429,811822,-1,1,0,0,0,-1,-1,-1,-1
+,6886349,3413784,6506243,5694420,1468813,-1,1,0,0,0,-1,-1,-1,-1
+,6898907,138571,6059653,5174095,4149966,-1,1,0,2,0,1097128,958557,958557,0.555773
-,6912281,268884,6330551,3759264,-1,312845,0,1,2,0,3271969,3003085,3003085,1.73783
-,6914111,107525,6384991,3282245,-1,421594,0,1,0,0,-1,-1,-1,-1
+,6917821,2273936,6270347,6158780,3773277,-1,1,0,0,0,-1,-1,-1,-1
-,6919463,116653,6744523,1166293,-1,58286,0,1,2,0,339334,222681,222681,0.128727
+,6924193,177709,6296611,3943201,1412082,-1,1,0,2,0,386359,208650,208650,0.241068
+,6924193,1119036,6296611,4884528,2353409,-1,1,0,2,0,386359,732677,732677,0.846513
+,6928609,877941,6386099,4133001,1001962,-1,1,0,0,0,-1,-1,-1,-1
+,6928609,2129076,6386099,5384136,2253097,-1,1,0,0,0,-1,-1,-1,-1
+,6932609,224692,6224483,4473448,2497721,-1,1,0,2,0,329647,104955,104955,0.0605573
+,6936973,4490015,6696643,5931995,677332,-1,1,0,2,0,6620019,2130004,2130004,2.45641
+,6936973,4577330,6696643,6019310,764647,-1,1,0,2,0,6620019,2042689,2042689,2.35571
+,6949297,2692149,6530947,5202249,1181402,-1,1,0,2,0,3148727,456578,456578,0.525611
+,6949297,2839444,6530947,5349544,1328697,-1,1,0,2,0,3148727,309283,309283,0.356045
-,6982907,111808,6021109,5882596,-1,849989,0,1,0,0,-1,-1,-1,-1
+,6989063,92606,6145753,5152466,4066573,-1,1,0,2,0,220285,127679,127679,0.0730736
+,6991013,2414903,6592609,4805327,603142,-1,1,0,2,0,1859400,555503,555503,0.635677
+,6991013,3599042,6592609,5989466,1787281,-1,1,0,2,0,5131612,1532570,1532570,1.75376
+,6997873,573026,6154189,5635130,4543045,-1,1,0,0,0,-1,-1,-1,-1
-,6998561,194773,6294697,4417957,-1,509090,0,1,0,0,-1,-1,-1,-1
+,7003991,94041,6199027,4923825,3554582,-1,1,0,0,0,-1,-1,-1,-1
+,7009307,3010095,6445381,6393651,3331826,-1,1,0,0,0,-1,-1,-1,-1
+,7009757,259641,6216887,5016861,3557194,-1,1,0,2,0,2232887,1973246,1973246,1.126
+,7014131,1733991,6560053,4458459,622874,-1,1,0,2,0,2349958,615967,615967,0.702544
+,7014131,3212710,6560053,5937178,2101593,-1,1,0,2,0,2349958,862752,862752,0.984016
+,7016413,1784527,6277339,6218971,4376076,-1,1,0,0,0,-1,-1,-1,-1
+,7020641,832466,6152687,6040190,5095227,-1,1,0,0,0,-1,-1,-1,-1
-,7034519,601209,6398621,4416597,-1,34688,0,1,0,0,-1,-1,-1,-1
+,7039667,1264446,6255203,5971230,4422811,-1,1,0,0,0,-1,-1,-1,-1
+,7045757,2760088,6704099,4810036,155885,-1,1,0,0,0,-1,-1,-1,-1
+,7045757,4498265,6704099,6548213,1894062,-1,1,0,0,0,-1,-1,-1,-1
+,7051633,695360,6232781,5608472,4288803,-1,1,0,0,0,-1,-1,-1,-1
+,7067209,2057986,6573341,5021194,1411061,-1,1,0,0,0,-1,-1,-1,-1
+,7067209,2199071,6573341,5162279,1552146,-1,1,0,0,0,-1,-1,-1,-1
+,7071943,5385901,6915863,6322381,342998,-1,1,0,0,0,-1,-1,-1,-1
+,7071943,5636384,6915863,6572864,593481,-1,1,0,0,0,-1,-1,-1,-1
+,7076093,1305583,6500779,4757467,1708572,-1,1,0,0,0,-1,-1,-1,-1
+,7076093,1340322,6500779,4792206,1743311,-1,1,0,0,0,-1,-1,-1,-1
+,7080011,411377,6270751,5266937,3851746,-1,1,0,0,0,-1,-1,-1,-1
+,7080893,454793,6558271,3590525,167986,-1,1,0,0,0,-1,-1,-1,-1
+,7080893,3254552,6558271,6390284,2967745,-1,1,0,0,0,-1,-1,-1,-1
+,7096853,401803,6377081,4720435,2661986,-1,1,0,4,0,221530,180273,180273,0.203215
+,7109273,825358,6264421,5894470,4699161,-1,1,0,0,0,-1,-1,-1,-1
+,7112717,1101180,6618013,4069404,419615,-1,1,0,2,0,2173416,1072236,1072236,1.20599
+,7112717,3230173,6618013,6198397,2548608,-1,1,0,2,0,2173416,1056757,1056757,1.18858
+,7120063,1393403,6386207,5796539,3813468,-1,1,0,2,0,3527050,2133647,2133647,1.19867
+,7122449,3457238,6772163,5558954,888507,-1,1,0,0,0,-1,-1,-1,-1
+,7122449,3781939,6772163,5883655,1213208,-1,1,0,0,0,-1,-1,-1,-1
+,7128307,334999,6310919,5239327,3832736,-1,1,0,2,0,1379163,1044164,1044164,0.585925
+,7137517,2847982,6565093,6282526,3151977,-1,1,0,4,0,3424098,576116,576116,0.645733
-,7137677,532698,6452359,4644606,-1,152619,0,1,0,0,-1,-1,-1,-1
+,7148893,3763546,6845981,5581018,552509,-1,1,0,2,0,5910315,2146769,2146769,2.40235
+,7148893,4475999,6845981,6293471,1264962,-1,1,0,2,0,5910315,1434316,1434316,1.60508
+,7150691,92788,6396661,4616968,2744487,-1,1,0,4,0,235030,142242,142242,0.159137
+,7157963,782525,6459049,4976009,2710444,-1,1,0,0,0,-1,-1,-1,-1
+,7164631,621243,6511031,4542843,1953412,-1,1,0,0,0,-1,-1,-1,-1
+,7164631,636018,6511031,4557618,1968187,-1,1,0,0,0,-1,-1,-1,-1
-,7170671,163830,6827839,2220822,-1,179001,0,1,0,0,-1,-1,-1,-1
+,7177481,2305061,6721541,5040701,1054800,-1,1,0,4,0,3531726,1226665,1226665,2.73447
+,7177481,2931100,6721541,5666740,1680839,-1,1,0,4,0,3531726,600626,600626,1.33891
-,7179079,816554,6348247,5801546,-1,14277,0,1,0,0,-1,-1,-1,-1
+,7202053,405992,6410891,5152964,3489045,-1,1,0,0,0,-1,-1,-1,-1
+,7205111,686668,6597589,4331800,1379343,-1,1,0,0,0,-1,-1,-1,-1
+,7205111,1573113,6597589,5218245,2265788,-1,1,0,0,0,-1,-1,-1,-1
+,7206247,1225683,6620291,4741419,1636864,-1,1,0,0,0,-1,-1,-1,-1
+,7206247,1467690,6620291,4983426,1878871,-1,1,0,0,0,-1,-1,-1,-1
-,7218397,186076,7003543,1475200,-1,28777,0,1,2,0,2818285,2632209,2632209,1.45861
+,7221733,1417904,6717077,4445840,756699,-1,1,0,0,0,-1,-1,-1,-1
+,7221733,2932441,6717077,5960377,2271236,-1,1,0,0,0,-1,-1,-1,-1
+,7225997,3505294,6897643,5475418,547899,-1,1,0,0,0,-1,-1,-1,-1
+,7225997,4379619,6897643,6349743,1422224,-1,1,0,0,0,-1,-1,-1,-1
+,7227973,1318377,6771197,4059033,28492,-1,1,0,0,0,-1,-1,-1,-1
+,7227973,4002048,6771197,6742704,2712163,-1,1,0,0,0,-1,-1,-1,-1
-,7239487,746961,6480373,5301645,-1,12152,0,1,0,0,-1,-1,-1,-1
+,7240553,1800375,6474019,6399579,4524764,-1,1,0,0,0,-1,-1,-1,-1
+,7243937,2759277,6606487,6583977,3802190,-1,1,0,2,0,3376569,617292,617292,0.34086
+,7245929,1086866,6637181,4739354,1754661,-1,1,0,0,0,-1,-1,-1,-1
+,7245929,1230031,6637181,4882519,1897826,-1,1,0,0,0,-1,-1,-1,-1
+,7250987,1503043,6459121,6254239,4546314,-1,1,0,0,0,-1,-1,-1,-1
-,7254857,300572,6576077,4373252,-1,378207,0,1,0,0,-1,-1,-1,-1
+,7259801,782618,6682693,4245266,1025221,-1,1,0,0,0,-1,-1,-1,-1
+,7259801,2194823,6682693,5657471,2437426,-1,1,0,0,0,-1,-1,-1,-1
-,7260277,290576,6492569,4896824,-1,477131,0,1,2,0,2328844,2038268,2038268,1.12297
+,7264597,4271686,7009777,5800606,319749,-1,1,0,0,0,-1,-1,-1,-1
+,7264597,5161107,7009777,6690027,1209170,-1,1,0,0,0,-1,-1,-1,-1
-,7270931,262818,6307121,6045678,-1,700991,0,1,2,0,2996891,2734073,2734073,1.50411
-,7276039,166470,7092307,1268862,-1,17261,0,1,0,0,-1,-1,-1,-1
+,7293079,1569738,6571421,5899686,3658213,-1,1,0,0,0,-1,-1,-1,-1
+,7295201,1230591,6748799,4509003,1038616,-1,1,0,0,0,-1,-1,-1,-1
+,7295201,2431770,6748799,5710182,2239795,-1,1,0,0,0,-1,-1,-1,-1
-,7302929,38662,7223543,514978,-1,40723,0,1,0,0,-1,-1,-1,-1
+,7306661,4537320,7092307,5823444,17261,-1,1,0,2,0,6092388,1555068,1555068,1.70263
+,7306661,5788921,7092307,7075045,1268862,-1,1,0,2,0,6092388,303467,303467,0.332263
-,7314127,532626,6714193,4132230,-1,67307,0,1,0,0,-1,-1,-1,-1
+,7316299,2542244,6928421,4869512,268359,-1,1,0,2,0,1248373,1293871,1293871,1.41478
+,7316299,4332793,6928421,6660061,2058908,-1,1,0,2,0,6067925,1735132,1735132,1.89728
-,7316359,380030,6405187,5847062,-1,531141,0,1,0,0,-1,-1,-1,-1
+,7325209,5939771,7212013,6618947,86110,-1,1,0,0,0,-1,-1,-1,-1
+,7325209,6446726,7212013,7125902,593065,-1,1,0,0,0,-1,-1,-1,-1
+,7331501,1318612,6614539,5620384,3307617,-1,1,0,4,0,1391958,73346,73346,0.0800338
+,7345931,788190,6490111,5923110,4567919,-1,1,0,4,0,1538301,750111,750111,0.8169
-,7347407,11200,6604187,4470520,-1,732019,0,1,0,0,-1,-1,-1,-1
+,7357993,100477,6589969,4708621,2726796,-1,1,0,0,0,-1,-1,-1,-1
+,7366607,1239837,6838241,4410033,741988,-1,1,0,4,0,1762851,523014,523014,1.13597
+,7366607,2926056,6838241,6096252,2428207,-1,1,0,4,0,1946592,979464,979464,2.12736
-,7377817,376594,6824809,3694642,-1,176413,0,1,0,0,-1,-1,-1,-1
+,7380199,1139502,6601223,5813358,3885991,-1,1,0,0,0,-1,-1,-1,-1
+,7386961,3312179,7046491,5354999,351328,-1,1,0,0,0,-1,-1,-1,-1
+,7386961,4652342,7046491,6695162,1691491,-1,1,0,0,0,-1,-1,-1,-1
+,7387201,1337594,6713717,5378498,2705685,-1,1,0,0,0,-1,-1,-1,-1
+,7391519,2002011,6624659,6603171,4579672,-1,1,0,2,0,698177,1303834,1303834,0.705584
+,7403197,5391210,7204261,6584826,574181,-1,1,0,0,0,-1,-1,-1,-1
+,7403197,5436463,7204261,6630079,619434,-1,1,0,0,0,-1,-1,-1,-1
-,7411771,92710,6939601,2925730,-1,379459,0,1,0,0,-1,-1,-1,-1
+,7413101,464770,6755741,4408930,1597349,-1,1,0,0,0,-1,-1,-1,-1
+,7413101,1214231,6755741,5158391,2346810,-1,1,0,0,0,-1,-1,-1,-1
+,7423879,6558357,7347871,7014405,122582,-1,1,0,2,0,5708503,849854,849854,0.915806
+,7423879,6769240,7347871,7225288,333465,-1,1,0,2,0,5708503,1060737,1060737,1.14305
+,7425749,1052412,6554341,6280860,4954967,-1,1,0,2,0,1132951,80539,80539,0.0433836
-,7426613,620310,6768079,4571514,-1,38223,0,1,0,0,-1,-1,-1,-1
+,7427701,355200,6627083,5158908,3335533,-1,1,0,0,0,-1,-1,-1,-1
+,7436113,1162839,6888577,4448055,844694,-1,1,0,4,0,2291687,1128848,1128848,2.4289
+,7436113,2758666,6888577,6043882,2440521,-1,1,0,4,0,2375631,383035,383035,0.824162
+,7443889,429737,6654919,5163557,3242458,-1,1,0,0,0,-1,-1,-1,-1
-,7445959,12308,7370369,465848,-1,63281,0,1,0,0,-1,-1,-1,-1
+,7465483,319983,6633007,5314839,3676688,-1,1,0,0,0,-1,-1,-1,-1
-,7468157,438765,6874163,4002729,-1,155228,0,1,2,0,337678,101087,101087,0.0541429
+,7474903,1382598,6995113,4261338,144965,-1,1,0,0,0,-1,-1,-1,-1
+,7474903,3971407,6995113,6850147,2733774,-1,1,0,0,0,-1,-1,-1,-1
+,7475047,1431061,6926971,4719517,1081002,-1,1,0,0,0,-1,-1,-1,-1
+,7475047,2557512,6926971,5845968,2207453,-1,1,0,0,0,-1,-1,-1,-1
+,7475581,128616,6654643,5054244,3325229,-1,1,0,0,0,-1,-1,-1,-1
+,7482679,47515,6772357,4309447,1799022,-1,1,0,2,0,1694571,1647056,1647056,1.76093
+,7482679,711402,6772357,4973334,2462909,-1,1,0,2,0,1694571,983169,983169,1.05114
+,7488017,1391160,6637373,6495024,4961515,-1,1,0,2,0,3206446,1815286,1815286,0.969702
-,7501609,478694,6733123,5089610,-1,289791,0,1,0,0,-1,-1,-1,-1
+,7526443,3461016,7158199,5670480,721745,-1,1,0,0,0,-1,-1,-1,-1
+,7526443,4226989,7158199,6436453,1487718,-1,1,0,0,0,-1,-1,-1,-1
+,7528021,2875648,7133843,5240716,471941,-1,1,0,4,0,3742102,866454,866454,1.84155
+,7528021,4296833,7133843,6661901,1893126,-1,1,0,4,0,3785918,510915,510915,1.08589
-,7533377,158032,7011947,3286612,-1,363397,0,1,0,0,-1,-1,-1,-1
-,7546673,248322,6951047,3822078,-1,347303,0,1,0,0,-1,-1,-1,-1
+,7549799,1835147,6852739,6017507,3347128,-1,1,0,4,0,1356967,478180,478180,0.506694
+,7555469,137046,6606973,5828022,4912025,-1,1,0,0,0,-1,-1,-1,-1
+,7556083,1219376,7035797,4341092,427011,-1,1,0,0,0,-1,-1,-1,-1
+,7556083,3487069,7035797,6608785,2694704,-1,1,0,0,0,-1,-1,-1,-1
-,7560193,229031,7078693,3118031,-1,252468,0,1,0,0,-1,-1,-1,-1
+,7569481,947017,6941483,4715005,1541510,-1,1,0,2,0,3326766,2379749,2379749,2.5151
+,7569481,1631984,6941483,5399972,2226477,-1,1,0,2,0,3326766,1694782,1694782,1.79117
+,7570637,4343528,7318613,5855672,49203,-1,1,0,2,0,7272976,2929448,2929448,3.09559
+,7570637,5757265,7318613,7269409,1462940,-1,1,0,2,0,7272976,1515711,1515711,1.60167
-,7580569,236617,6545353,6447913,-1,798598,0,1,0,0,-1,-1,-1,-1
+,7587751,1235753,6810431,5899673,3753162,-1,1,0,0,0,-1,-1,-1,-1
-,7596047,215088,7093621,3229644,-1,287337,0,1,0,0,-1,-1,-1,-1
+,7613651,4058988,7263241,6161448,1000667,-1,1,0,0,0,-1,-1,-1,-1
+,7613651,4160113,7263241,6262573,1101792,-1,1,0,0,0,-1,-1,-1,-1
+,7614967,1979838,6893911,6306174,3738599,-1,1,0,0,0,-1,-1,-1,-1
-,7624349,88612,7177619,2768992,-1,358117,0,1,0,0,-1,-1,-1,-1
+,7624769,738180,6653389,6566460,5741351,-1,1,0,2,0,117802,620378,620378,0.325454
-,7637351,212107,7339027,2002051,-1,86216,0,1,0,0,-1,-1,-1,-1
+,7640443,590161,7078693,3960661,252468,-1,1,0,2,0,2042162,1452001,1452001,1.52033
+,7640443,3455724,7078693,6826224,3118031,-1,1,0,2,0,2042162,1413562,1413562,1.48008
-,7643737,110663,7423301,1433279,-1,109772,0,1,0,0,-1,-1,-1,-1
+,7648913,3128302,7262639,5445946,500951,-1,1,0,0,0,-1,-1,-1,-1
+,7648913,4444043,7262639,6761687,1816692,-1,1,0,0,0,-1,-1,-1,-1
+,7660417,734833,6878671,5425309,3237114,-1,1,0,2,0,519289,215544,215544,0.112549
-,7669553,157245,6886519,4855449,-1,625788,0,1,4,0,1645455,1488210,1488210,1.55233
-,7680341,479653,7156987,3619777,-1,43700,0,1,0,0,-1,-1,-1,-1
+,7683593,209582,6982081,4418654,1645645,-1,1,0,2,0,8142,201440,201440,0.209735
+,7683593,1127363,6982081,5336435,2563426,-1,1,0,2,0,8142,1119221,1119221,1.16531
+,7691329,1853973,6894971,6632121,4515298,-1,1,0,0,0,-1,-1,-1,-1
+,7700249,638361,6913429,5359281,3166772,-1,1,0,0,0,-1,-1,-1,-1
+,7706177,4560812,7397113,6415196,872467,-1,1,0,2,0,7571151,3010339,3010339,3.12512
+,7706177,4670261,7397113,6524645,981916,-1,1,0,2,0,7571151,2900890,2900890,3.0115
+,7712603,1240749,6946963,5834589,3481466,-1,1,0,2,0,3724942,2484193,2484193,1.28838
+,7717063,6210290,7572449,7077974,373209,-1,1,0,4,0,6314237,103947,103947,0.215516
+,7717063,6331555,7572449,7199239,494474,-1,1,0,4,0,6314237,17318,17318,0.0359059
+,7720633,1828825,6981847,6261541,3712410,-1,1,0,0,0,-1,-1,-1,-1
+,7722707,1401892,7203379,4517860,430449,-1,1,0,0,0,-1,-1,-1,-1
+,7722707,3656961,7203379,6772929,2685518,-1,1,0,0,0,-1,-1,-1,-1
+,7725521,2907946,7049921,6961546,3965225,-1,1,0,0,0,-1,-1,-1,-1
+,7743097,6237947,7611377,7028267,207210,-1,1,0,4,0,6034898,203049,203049,0.419572
+,7743097,6613846,7611377,7404166,583109,-1,1,0,4,0,6743156,129310,129310,0.267201
-,7748773,17293,6985481,4597045,-1,745998,0,1,0,0,-1,-1,-1,-1
+,7750987,1866985,7017203,6269689,3655190,-1,1,0,2,0,2483964,616979,616979,0.3184
+,7761181,53905,6875053,5370673,3812388,-1,1,0,2,0,3343043,3289138,3289138,1.69517
+,7779461,711839,6788891,6655259,5809788,-1,1,0,4,0,468542,243297,243297,0.250194
-,7783231,587282,7081199,4799474,-1,114749,0,1,2,0,297253,290029,290029,0.149053
-,7794019,674021,6882937,6140513,-1,237060,0,1,2,0,1058740,384719,384719,0.197443
+,7794833,440933,7009603,5152313,2854090,-1,1,0,0,0,-1,-1,-1,-1
+,7802621,4218698,7497031,6052238,388747,-1,1,0,0,0,-1,-1,-1,-1
+,7802621,5274743,7497031,7108283,1444792,-1,1,0,0,0,-1,-1,-1,-1
+,7813777,589991,6965753,5678135,3800526,-1,1,0,2,0,2610413,2020422,2020422,1.03429
-,7817279,412062,7253639,3793902,-1,151577,0,1,0,0,-1,-1,-1,-1
+,7825369,528859,6917293,5977315,4508478,-1,1,0,0,0,-1,-1,-1,-1
-,7825373,53947,7069571,4588759,-1,701854,0,1,0,0,-1,-1,-1,-1
+,7830481,1840681,7035797,6608785,4341092,-1,1,0,0,0,-1,-1,-1,-1
+,7838387,968178,7216159,4701546,1218755,-1,1,0,0,0,-1,-1,-1,-1
+,7838387,2264035,7216159,5997403,2514612,-1,1,0,0,0,-1,-1,-1,-1
+,7847327,789491,6894317,6507551,5331294,-1,1,0,2,0,3497934,2708443,2708443,1.38057
+,7859581,1667749,7335047,4814953,627110,-1,1,0,2,0,471282,1196467,1196467,1.21784
+,7859581,3560732,7335047,6707936,2520093,-1,1,0,2,0,471282,3089450,3089450,3.14465
-,7862047,417084,7379171,3314340,-1,65791,0,1,2,0,2253207,1836123,1836123,0.93417
-,7880737,487604,6863141,6593180,-1,529991,0,1,2,0,373094,114510,114510,0.0581215
-,7891069,310206,7305791,3821874,-1,275071,0,1,2,0,390651,80445,80445,0.0407777
+,7898747,1907134,7111243,6632158,4245939,-1,1,0,0,0,-1,-1,-1,-1
+,7904753,1510086,7032313,6744726,4947053,-1,1,0,2,0,3313903,1803817,1803817,0.912776
+,7906291,1742700,7137397,6356064,3832031,-1,1,0,0,0,-1,-1,-1,-1
+,7917521,481047,7009823,5927235,4363600,-1,1,0,0,0,-1,-1,-1,-1
-,7923499,460974,7247533,4516770,-1,214991,0,1,0,0,-1,-1,-1,-1
-,7924243,190851,7050863,5431131,-1,682528,0,1,0,0,-1,-1,-1,-1
+,7932289,62886,7305791,3821874,275071,-1,1,0,0,0,-1,-1,-1,-1
+,7932289,3271731,7305791,7030719,3483916,-1,1,0,0,0,-1,-1,-1,-1
+,7933313,33427,7184137,4528483,1839402,-1,1,0,0,0,-1,-1,-1,-1
+,7933313,849678,7184137,5344734,2655653,-1,1,0,0,0,-1,-1,-1,-1
+,7934959,1387685,7349917,4897937,1058272,-1,1,0,0,0,-1,-1,-1,-1
+,7934959,2781392,7349917,6291644,2451979,-1,1,0,0,0,-1,-1,-1,-1
-,7939727,176205,7491623,2864829,-1,271898,0,1,0,0,-1,-1,-1,-1
+,7945489,893567,6999481,6569615,5246182,-1,1,0,0,0,-1,-1,-1,-1
-,7950881,329805,7043273,5775453,-1,577802,0,1,0,0,-1,-1,-1,-1
+,7964569,4791654,7704467,6352266,208411,-1,1,0,2,0,7047059,2255405,2255405,2.26544
+,7964569,5935443,7704467,7496055,1352200,-1,1,0,2,0,7047059,1111616,1111616,1.11656
+,7970357,3578220,7592201,5847156,523891,-1,1,0,4,0,3238142,340078,340078,0.682686
+,7970357,4799373,7592201,7068309,1745044,-1,1,0,4,0,4732214,67159,67159,0.134818
+,7973149,1398450,7215821,5942418,3270565,-1,1,0,2,0,1983475,585025,585025,0.293498
+,7980061,2205064,7416313,5587552,1553727,-1,1,0,4,0,2278990,73926,73926,0.148221
+,7980061,2480097,7416313,5862585,1828760,-1,1,0,4,0,2278990,201107,201107,0.403219
+,7981837,64260,7045391,5682936,4256221,-1,1,0,0,0,-1,-1,-1,-1
+,8013463,4859859,7721347,6612555,643904,-1,1,0,0,0,-1,-1,-1,-1
+,8013463,5324746,7721347,7077442,1108791,-1,1,0,0,0,-1,-1,-1,-1
-,8023429,768939,7243297,5449731,-1,11192,0,1,0,0,-1,-1,-1,-1
+,8024869,1785800,7543709,4672760,16011,-1,1,0,0,0,-1,-1,-1,-1
+,8024869,4640737,7543709,7527697,2870948,-1,1,0,0,0,-1,-1,-1,-1
+,8035007,1812400,7189943,6882784,4763225,-1,1,0,0,0,-1,-1,-1,-1
-,8039791,601604,7175561,5786984,-1,262625,0,1,6,0,722079,120475,120475,0.179818
+,8051437,3285599,7592471,6039395,1200720,-1,1,0,0,0,-1,-1,-1,-1
+,8051437,3637954,7592471,6391750,1553075,-1,1,0,0,0,-1,-1,-1,-1
+,8052601,1095212,7370609,5187164,1908507,-1,1,0,2,0,538852,556360,556360,0.552726
+,8052601,1370149,7370609,5462101,2183444,-1,1,0,2,0,538852,831297,831297,0.825867
-,8053103,121156,7202401,5225368,-1,729545,0,1,0,0,-1,-1,-1,-1
+,8054369,1019714,7405501,4912922,1400629,-1,1,0,0,0,-1,-1,-1,-1
+,8054369,2111663,7405501,6004871,2492578,-1,1,0,0,0,-1,-1,-1,-1
+,8056201,840184,7422167,4644388,1026425,-1,1,0,4,0,1680467,840283,840283,1.66884
+,8056201,2591537,7422167,6395741,2777778,-1,1,0,4,0,1902079,689458,689458,1.3693
-,8057701,4267,7510729,3286099,-1,542704,0,1,2,0,1584559,1580292,1580292,0.784488
-,8060683,241018,7752047,2092834,-1,67617,0,1,0,0,-1,-1,-1,-1
+,8061019,4980165,7800967,6540477,299822,-1,1,0,2,0,7086513,2106348,2106348,2.0904
+,8061019,5940832,7800967,7501144,1260489,-1,1,0,2,0,7086513,1145681,1145681,1.13701
-,8061107,194706,7029227,6385986,-1,837173,0,1,2,0,470331,275625,275625,0.136768
+,8065171,1537522,7331501,5939542,3010061,-1,1,0,0,0,-1,-1,-1,-1
-,8096041,595268,7189319,6035600,-1,311453,0,1,0,0,-1,-1,-1,-1
+,8109191,2192047,7311047,6980911,4458728,-1,1,0,0,0,-1,-1,-1,-1
+,8130757,11613,7411687,4326033,1228766,-1,1,0,0,0,-1,-1,-1,-1
+,8130757,1868500,7411687,6182920,3085653,-1,1,0,0,0,-1,-1,-1,-1
+,8141213,1497456,7535809,5129880,1226495,-1,1,0,0,0,-1,-1,-1,-1
+,8141213,2676889,7535809,6309313,2405928,-1,1,0,0,0,-1,-1,-1,-1
-,8147813,109192,7625363,3243892,-1,413257,0,1,4,0,642209,533017,533017,0.523347
-,8149027,83594,7043137,6718934,-1,1022295,0,1,0,0,-1,-1,-1,-1
+,8166217,2272812,7688591,5138568,315733,-1,1,0,0,0,-1,-1,-1,-1
+,8166217,4507101,7688591,7372857,2550022,-1,1,0,0,0,-1,-1,-1,-1
-,8170243,578982,7496933,4618842,-1,94327,0,1,6,0,2254799,1675817,1675817,2.46135
-,8170847,31418,8098709,464246,-1,40719,0,1,0,0,-1,-1,-1,-1
+,8173547,5689008,7952761,7013724,385679,-1,1,0,2,0,4520311,1168697,1168697,1.14388
+,8173547,6242365,7952761,7567081,939036,-1,1,0,2,0,4520311,1722054,1722054,1.68549
+,8187691,3998734,7773371,6484654,1197203,-1,1,0,0,0,-1,-1,-1,-1
+,8187691,4090247,7773371,6576167,1288716,-1,1,0,0,0,-1,-1,-1,-1
+,8195647,5486173,7941281,7012369,597284,-1,1,0,0,0,-1,-1,-1,-1
+,8195647,5817800,7941281,7343996,928911,-1,1,0,0,0,-1,-1,-1,-1
+,8210087,2094234,7424279,6809082,4099651,-1,1,0,0,0,-1,-1,-1,-1
-,8221249,137465,7133843,6661901,-1,949940,0,1,0,0,-1,-1,-1,-1
+,8239547,1693776,7616039,5434824,1559833,-1,1,0,0,0,-1,-1,-1,-1
+,8239547,2315157,7616039,6056205,2181214,-1,1,0,0,0,-1,-1,-1,-1
-,8240863,253416,7764511,3111528,-1,222935,0,1,0,0,-1,-1,-1,-1
-,8252303,938414,7210529,7189058,-1,103359,0,1,0,0,-1,-1,-1,-1
-,8253991,170011,7813759,2811403,-1,270220,0,1,2,0,3957967,3787956,3787956,1.8357
-,8265617,312313,7792457,3151273,-1,160846,0,1,2,0,3552192,3239879,3239879,1.56788
-,8273051,832384,7318321,6560764,-1,122345,0,1,0,0,-1,-1,-1,-1
+,8283817,3527181,7854127,6105321,829334,-1,1,0,0,0,-1,-1,-1,-1
+,8283817,4446652,7854127,7024792,1748805,-1,1,0,0,0,-1,-1,-1,-1
+,8284663,1840467,7502723,6532107,3721024,-1,1,0,0,0,-1,-1,-1,-1
+,8285257,377394,7376683,5828838,3903599,-1,1,0,0,0,-1,-1,-1,-1
+,8301703,1613384,7419299,6907808,4782933,-1,1,0,2,0,483117,1130267,1130267,0.544595
+,8302759,1364533,7318613,7269409,5855672,-1,1,0,2,0,298529,1066004,1066004,0.513566
+,8305307,3096930,7832743,5932314,934955,-1,1,0,0,0,-1,-1,-1,-1
+,8305307,4062403,7832743,6897787,1900428,-1,1,0,0,0,-1,-1,-1,-1
+,8319127,668525,7226189,7226153,6557592,-1,1,0,0,0,-1,-1,-1,-1
+,8323291,321550,7619917,4541794,1142121,-1,1,0,2,0,4010242,3688692,3688692,3.54542
+,8323291,2257551,7619917,6477795,3078122,-1,1,0,2,0,4010242,1752691,1752691,1.68461
+,8327503,1103377,7302331,7254409,6103110,-1,1,0,0,0,-1,-1,-1,-1
-,8335427,162998,7805957,3339818,-1,366471,0,1,0,0,-1,-1,-1,-1
+,8335597,483552,7489127,5562372,3152065,-1,1,0,2,0,4114649,3631097,3631097,1.74245
+,8338877,3742618,7686223,7658542,3888243,-1,1,0,0,0,-1,-1,-1,-1
-,8372029,540216,7665191,4781244,-1,166621,0,1,0,0,-1,-1,-1,-1
+,8415383,3342564,8002639,5819028,292853,-1,1,0,2,0,4102087,759523,759523,0.722033
+,8415383,5233321,8002639,7709785,2183610,-1,1,0,2,0,4313295,920026,920026,0.874614
+,8422913,5601420,8157011,7196832,635233,-1,1,0,0,0,-1,-1,-1,-1
+,8422913,5926365,8157011,7521777,960178,-1,1,0,0,0,-1,-1,-1,-1
+,8423893,45909,7515047,5498985,3437014,-1,1,0,2,0,2682171,2636262,2636262,1.2518
+,8430041,2389997,7650077,7069781,4099488,-1,1,0,0,0,-1,-1,-1,-1
+,8439199,913390,7605677,5914522,3309977,-1,1,0,0,0,-1,-1,-1,-1
-,8459371,166629,7708199,4673661,-1,584542,0,1,2,0,2980779,2814150,2814150,1.33067
-,8462161,188090,7594453,5394338,-1,679617,0,1,0,0,-1,-1,-1,-1
+,8467253,1140957,7497401,6960069,5281780,-1,1,0,2,0,1647209,506252,506252,0.239158
-,8467777,463452,7688591,5138568,-1,315733,0,1,0,0,-1,-1,-1,-1
+,8468753,4814610,8104853,6998010,1076557,-1,1,0,2,0,7898060,3083450,3083450,2.91278
+,8468753,4844895,8104853,7028295,1106842,-1,1,0,2,0,7898060,3053165,3053165,2.88417
-,8472047,463904,7923067,3757784,-1,85075,0,1,2,0,1836362,1372458,1372458,0.647994
+,8483317,1981211,7840267,5839511,1857544,-1,1,0,2,0,3562632,1581421,1581421,1.49132
+,8483317,2124422,7840267,5982722,2000755,-1,1,0,2,0,3562632,1438210,1438210,1.35627
+,8483381,1597479,7571491,7068819,4968668,-1,1,0,2,0,943692,653787,653787,0.308267
-,8490901,104723,7969853,3231011,-1,416324,0,1,0,0,-1,-1,-1,-1
+,8492797,1168127,7837127,5102147,1199040,-1,1,0,2,0,2459478,1291351,1291351,1.21642
+,8492797,2704066,7837127,6638086,2734979,-1,1,0,2,0,2459478,244588,244588,0.230396
+,8501767,3438270,8071177,6021810,534173,-1,1,0,0,0,-1,-1,-1,-1
+,8501767,4953463,8071177,7537003,2049366,-1,1,0,0,0,-1,-1,-1,-1
-,8510317,489132,8005411,3518568,-1,15773,0,1,2,0,3348157,2859025,2859025,1.34379
+,8512201,759053,7685297,5720477,2996604,-1,1,0,0,0,-1,-1,-1,-1
+,8514697,3380217,8018887,6355077,1311050,-1,1,0,2,0,2641480,738737,738737,0.694082
+,8514697,3732976,8018887,6707836,1663809,-1,1,0,2,0,2641480,1091496,1091496,1.02552
-,8522149,89120,7656149,5285120,-1,776879,0,1,2,0,3651197,3562077,3562077,1.67191
-,8530261,522118,7923067,4165282,-1,85075,0,1,0,0,-1,-1,-1,-1
+,8537083,1496915,7969771,4900787,334888,-1,1,0,0,0,-1,-1,-1,-1
+,8537083,4231010,7969771,7634882,3068983,-1,1,0,0,0,-1,-1,-1,-1
+,8540689,1566127,7587007,7288219,5423304,-1,1,0,0,0,-1,-1,-1,-1
+,8544709,2023452,7988093,5363148,714751,-1,1,0,0,0,-1,-1,-1,-1
+,8544709,3933645,7988093,7273341,2624944,-1,1,0,0,0,-1,-1,-1,-1
-,8552909,933583,7609909,6591583,-1,9416,0,1,2,0,2468388,1534805,1534805,0.717793
+,8552953,4140253,8177699,6391777,465602,-1,1,0,0,0,-1,-1,-1,-1
+,8552953,5460572,8177699,7712096,1785921,-1,1,0,0,0,-1,-1,-1,-1
-,8554283,474037,7616573,6100297,-1,463672,0,1,0,0,-1,-1,-1,-1
+,8563397,2830861,7764511,7624177,4652982,-1,1,0,2,0,3139317,308456,308456,0.144081
+,8567243,2101475,7735669,7090919,4344694,-1,1,0,2,0,2451718,350243,350243,0.163527
+,8568073,2414996,7972907,5985992,1584081,-1,1,0,0,0,-1,-1,-1,-1
+,8568073,2817829,7972907,6388825,1986914,-1,1,0,0,0,-1,-1,-1,-1
+,8571671,1837575,7771811,6636735,3664084,-1,1,0,0,0,-1,-1,-1,-1
+,8582857,2191453,8018183,5579497,949358,-1,1,0,0,0,-1,-1,-1,-1
+,8582857,3680780,8018183,7068824,2438685,-1,1,0,0,0,-1,-1,-1,-1
+,8584339,4737995,8258543,6692771,389004,-1,1,0,0,0,-1,-1,-1,-1
+,8584339,5914762,8258543,7869538,1565771,-1,1,0,0,0,-1,-1,-1,-1
+,8598523,78602,7593371,6109514,4547055,-1,1,0,2,0,144029,65427,65427,0.0304364
+,8606779,840879,7594453,6914835,5394338,-1,1,0,2,0,542634,298245,298245,0.138609
+,8617327,1108894,7671523,6783718,4787019,-1,1,0,0,0,-1,-1,-1,-1
-,8620121,245564,8339167,1931288,-1,35389,0,1,0,0,-1,-1,-1,-1
-,8622209,32126,8512433,690782,-1,77649,0,1,0,0,-1,-1,-1,-1
+,8628293,475338,7991311,4297230,127811,-1,1,0,2,0,3021405,2546067,2546067,2.36067
+,8628293,4041607,7991311,7863499,3694080,-1,1,0,2,0,3021405,1020202,1020202,0.945913
+,8630417,6460260,8460869,7477548,33967,-1,1,0,0,0,-1,-1,-1,-1
+,8630417,7409613,8460869,8426901,983320,-1,1,0,0,0,-1,-1,-1,-1
+,8633633,5806572,8372467,7373568,568097,-1,1,0,0,0,-1,-1,-1,-1
+,8633633,6237373,8372467,7804369,998898,-1,1,0,0,0,-1,-1,-1,-1
+,8650517,3170198,8161627,6103538,875251,-1,1,0,4,0,3992544,822346,822346,1.52101
+,8650517,4353035,8161627,7286375,2058088,-1,1,0,4,0,4657972,304937,304937,0.564012
+,8650709,2202891,7841381,7058859,4073446,-1,1,0,0,0,-1,-1,-1,-1
+,8653157,507142,7618687,6713962,5302095,-1,1,0,0,0,-1,-1,-1,-1
+,8665471,1568523,7693717,7399047,5535854,-1,1,0,2,0,1025627,542896,542896,0.250602
+,8668367,3411582,8148541,6530538,1500953,-1,1,0,0,0,-1,-1,-1,-1
+,8668367,3528631,8148541,6647587,1618002,-1,1,0,0,0,-1,-1,-1,-1
-,8674537,50412,8261879,2526360,-1,362245,0,1,4,0,195917,145505,145505,0.13419
-,8678507,850578,7570061,7501254,-1,257867,0,1,0,0,-1,-1,-1,-1
+,8694857,462210,7574803,7182534,6328055,-1,1,0,0,0,-1,-1,-1,-1
-,8699501,397771,7755547,6061495,-1,546182,0,1,0,0,-1,-1,-1,-1
+,8704837,3316570,7988753,7613074,3920825,-1,1,0,2,0,3399973,83403,83403,0.0383249
+,8709941,758319,8066753,4617447,409822,-1,1,0,2,0,3520504,2762185,2762185,2.53704
+,8709941,3797802,8066753,7656930,3449305,-1,1,0,2,0,3520504,277298,277298,0.254696
+,8720027,383958,7684087,6599598,5131151,-1,1,0,0,0,-1,-1,-1,-1
-,8722643,47126,8011693,4312826,-1,663823,0,1,4,0,1293839,1246713,1246713,1.14343
+,8729243,368573,7778891,6070685,3993906,-1,1,0,4,0,227592,140981,140981,0.129203
-,8743103,998993,7637659,7631657,-1,106450,0,1,2,0,1656003,657010,657010,0.300584
-,8751089,536400,7635449,7230240,-1,579239,0,1,4,0,1784613,1248213,1248213,1.14108
-,8755501,93652,8389111,2291992,-1,272737,0,1,0,0,-1,-1,-1,-1
+,8769473,4398582,8413499,6534426,256771,-1,1,0,0,0,-1,-1,-1,-1
+,8769473,6020883,8413499,8156727,1879072,-1,1,0,0,0,-1,-1,-1,-1
+,8772209,3775424,8073467,7967876,4086861,-1,1,0,2,0,44580,3730844,3730844,1.70121
+,8780171,47833,7840439,5686225,3484178,-1,1,0,2,0,3386125,3338292,3338292,1.52083
-,8786021,829806,7704511,7318866,-1,251703,0,1,0,0,-1,-1,-1,-1
-,8794921,574923,7770929,6718875,-1,449068,0,1,0,0,-1,-1,-1,-1
+,8811637,3377488,8363669,6065296,389435,-1,1,0,0,0,-1,-1,-1,-1
+,8811637,5286425,8363669,7974233,2298372,-1,1,0,0,0,-1,-1,-1,-1
+,8813983,1979854,8224747,5515270,825939,-1,1,0,2,0,1756492,223362,223362,0.202734
+,8813983,3863391,8224747,7398807,2709476,-1,1,0,2,0,1756492,2106899,2106899,1.91232
+,8818933,2310109,8241791,5772961,994022,-1,1,0,0,0,-1,-1,-1,-1
+,8818933,3784916,8241791,7247768,2468829,-1,1,0,0,0,-1,-1,-1,-1
+,8821139,1742245,8150459,5766325,1639946,-1,1,0,0,0,-1,-1,-1,-1
+,8821139,2486432,8150459,6510512,2384133,-1,1,0,0,0,-1,-1,-1,-1
+,8833571,1024329,8000963,6019977,3014662,-1,1,0,0,0,-1,-1,-1,-1
-,8839183,150684,8676719,1125468,-1,11779,0,1,0,0,-1,-1,-1,-1
-,8862079,764881,7799299,7141561,-1,297898,0,1,4,0,54638,710243,710243,0.641152
+,8871019,1047905,7814087,7389497,5917002,-1,1,0,4,0,2012256,964351,964351,0.869664
+,8872693,3096635,8065511,7939727,4717308,-1,1,0,0,0,-1,-1,-1,-1
-,8877679,209291,8415991,2979419,-1,252396,0,1,0,0,-1,-1,-1,-1
+,8891879,2411607,8002277,7749219,5084554,-1,1,0,2,0,853882,1557725,1557725,0.700741
+,8895851,1032108,8165761,5412648,1627427,-1,1,0,2,0,208450,823658,823658,0.740712
+,8895851,2157793,8165761,6538333,2753112,-1,1,0,2,0,208450,1949343,1949343,1.75304
-,8896093,902867,7957501,6534419,-1,35724,0,1,2,0,3440067,2537200,2537200,1.14082
+,8899469,6065468,8637059,7639928,577329,-1,1,0,2,0,8103511,2038043,2038043,1.83206
+,8899469,6485269,8637059,8059729,997130,-1,1,0,2,0,8103511,1618242,1618242,1.45469
+,8913391,672304,7936727,6532288,4455545,-1,1,0,2,0,721440,49136,49136,0.0220504
+,8921911,425240,8104753,5328188,2126383,-1,1,0,2,0,2684386,2259146,2259146,2.02571
+,8921911,1075421,8104753,5978369,2776564,-1,1,0,2,0,2684386,1608965,1608965,1.44271
-,8922917,5154,7739887,7103334,-1,1177875,0,1,0,0,-1,-1,-1,-1
+,8929517,373850,7917407,6446510,4601763,-1,1,0,0,0,-1,-1,-1,-1
+,8934287,4009451,8234147,8210291,4176984,-1,1,0,0,0,-1,-1,-1,-1
+,8947067,307245,8143319,5129733,1808902,-1,1,0,0,0,-1,-1,-1,-1
+,8947067,1511928,8143319,6334416,3013585,-1,1,0,0,0,-1,-1,-1,-1
+,8949167,118531,7948189,6124399,4182078,-1,1,0,0,0,-1,-1,-1,-1
+,8949637,1620969,7963343,7538733,5493154,-1,1,0,0,0,-1,-1,-1,-1
+,8964079,363340,8018327,6037852,3694037,-1,1,0,0,0,-1,-1,-1,-1
-,8969789,319846,8110009,5478526,-1,539933,0,1,2,0,3410428,3090582,3090582,1.37822
+,8979011,1250281,7914383,7638049,6111434,-1,1,0,2,0,2313355,1063074,1063074,0.473582
-,8979767,393409,7797311,7488145,-1,789046,0,1,0,0,-1,-1,-1,-1
+,8991599,720667,8048113,6381583,3994386,-1,1,0,0,0,-1,-1,-1,-1
+,9004843,1354848,8039879,7144632,4894537,-1,1,0,0,0,-1,-1,-1,-1
+,9012583,936862,7927229,7448986,6033881,-1,1,0,0,0,-1,-1,-1,-1
+,9041899,117331,8287693,4642567,880110,-1,1,0,0,0,-1,-1,-1,-1
+,9041899,2882346,8287693,7407582,3645125,-1,1,0,0,0,-1,-1,-1,-1
+,9044951,4224367,8599553,6896755,969590,-1,1,0,2,0,542778,3681589,3681589,3.25626
+,9044951,4957574,8599553,7629962,1702797,-1,1,0,2,0,8502172,3544598,3544598,3.1351
+,9052609,126109,7917181,6938677,5834064,-1,1,0,0,0,-1,-1,-1,-1
-,9057079,148482,8870261,1269390,-1,38335,0,1,0,0,-1,-1,-1,-1
+,9069839,4265425,8660863,6719281,512274,-1,1,0,0,0,-1,-1,-1,-1
+,9069839,5694732,8660863,8148588,1941581,-1,1,0,0,0,-1,-1,-1,-1
+,9073663,1861183,8227379,6938887,3789212,-1,1,0,2,0,2558991,697808,697808,0.307619
+,9074053,2242901,8180611,7603553,4783594,-1,1,0,2,0,3538229,1295328,1295328,0.571003
+,9076799,1158747,8098261,7029975,4802942,-1,1,0,0,0,-1,-1,-1,-1
+,9098459,721431,8351533,5202987,1333010,-1,1,0,6,0,377662,343769,343769,0.906797
+,9098459,2536966,8351533,7018522,3148545,-1,1,0,6,0,2935189,398223,398223,1.05044
+,9136499,1295935,8137289,7291195,5149166,-1,1,0,2,0,2476637,1180702,1180702,0.516917
-,9140393,460987,8139253,6467827,-1,540152,0,1,0,0,-1,-1,-1,-1
+,9142633,809126,8003273,7645286,6478173,-1,1,0,4,0,162223,646903,646903,0.566054
+,9152123,1755624,8517461,5563596,854107,-1,1,0,0,0,-1,-1,-1,-1
+,9152123,3855381,8517461,7663353,2953864,-1,1,0,0,0,-1,-1,-1,-1
-,9159859,90926,8951213,1342802,-1,117719,0,1,0,0,-1,-1,-1,-1
+,9168689,2871503,8641211,6036371,560028,-1,1,0,0,0,-1,-1,-1,-1
+,9168689,4916314,8641211,8081182,2604839,-1,1,0,0,0,-1,-1,-1,-1
+,9171677,4447289,8710909,7211897,1265596,-1,1,0,2,0,2844904,1602385,1602385,1.39768
+,9171677,4680704,8710909,7445312,1499011,-1,1,0,2,0,6326772,1646068,1646068,1.43578
-,9199559,692107,8058881,7536175,-1,448570,0,1,6,0,1604789,912682,912682,1.19051
+,9244133,2171392,8426419,7077676,3557541,-1,1,0,2,0,1824313,347079,347079,0.150183
+,9251941,3061516,8672897,6535780,1337147,-1,1,0,0,0,-1,-1,-1,-1
+,9251941,3861485,8672897,7335749,2137116,-1,1,0,0,0,-1,-1,-1,-1
+,9265387,1018751,8505769,5576459,1628398,-1,1,0,0,0,-1,-1,-1,-1
+,9265387,2319662,8505769,6877370,2929309,-1,1,0,0,0,-1,-1,-1,-1
+,9275839,1094153,8499917,5749685,1905300,-1,1,0,0,0,-1,-1,-1,-1
+,9275839,1939084,8499917,6594616,2750231,-1,1,0,0,0,-1,-1,-1,-1
+,9292279,1374118,8571481,5698906,1452213,-1,1,0,0,0,-1,-1,-1,-1
+,9292279,2794479,8571481,7119267,2872574,-1,1,0,0,0,-1,-1,-1,-1
+,9295393,1325840,8222491,7763252,5978173,-1,1,0,2,0,4296040,2970200,2970200,1.27814
-,9313487,743756,8475169,5773664,-1,94561,0,1,0,0,-1,-1,-1,-1
+,9327337,1818727,8408713,7330471,4433502,-1,1,0,0,0,-1,-1,-1,-1
-,9332339,882476,8387447,6551828,-1,62415,0,1,2,0,2253730,1371254,1371254,0.587743
-,9335587,880919,8369203,6679223,-1,85464,0,1,0,0,-1,-1,-1,-1
+,9338071,33757,8605561,4428817,218316,-1,1,0,2,0,3664099,3630342,3630342,3.11014
+,9338071,3992184,8605561,8387244,4176743,-1,1,0,2,0,3664099,328085,328085,0.281073
+,9343127,2711422,8494253,7804666,4403657,-1,1,0,2,0,4361293,1649871,1649871,0.706346
+,9348737,1592951,8413747,7202891,4399084,-1,1,0,0,0,-1,-1,-1,-1
+,9356491,806449,8271889,7314061,5549784,-1,1,0,4,0,1105225,298776,298776,0.25546
+,9365299,641101,8333309,6833041,4691672,-1,1,0,4,0,862467,221366,221366,0.189095
+,9383707,77339,8521111,5252915,1907380,-1,1,0,0,0,-1,-1,-1,-1
+,9383707,1438154,8521111,6613730,3268195,-1,1,0,0,0,-1,-1,-1,-1
+,9389323,561815,8421709,6367499,3751474,-1,1,0,0,0,-1,-1,-1,-1
+,9395699,623194,8466401,6198982,3308369,-1,1,0,0,0,-1,-1,-1,-1
+,9397127,3046892,8596561,7850288,4057123,-1,1,0,0,0,-1,-1,-1,-1
+,9400103,198699,8527913,5431839,2137066,-1,1,0,2,0,3219550,3020851,3020851,2.57091
+,9400103,1157706,8527913,6390846,3096073,-1,1,0,2,0,3219550,2061844,2061844,1.75474
+,9404881,1217900,8235371,8234960,7016649,-1,1,0,2,0,350038,867862,867862,0.369111
-,9412021,629161,8536183,5884189,-1,246676,0,1,4,0,1112712,483551,483551,0.411007
+,9415223,637540,8274509,7481824,6051599,-1,1,0,4,0,624059,13481,13481,0.0114546
+,9443849,856979,8334631,7512287,5832964,-1,1,0,0,0,-1,-1,-1,-1
-,9443909,596338,8625059,5509438,-1,222511,0,1,2,0,316399,279939,279939,0.118569
-,9462077,63534,8983349,2935902,-1,415193,0,1,2,0,3273069,3209535,3209535,1.3568
+,9462689,860056,8426419,7077676,4868877,-1,1,0,2,0,4693301,3833245,3833245,1.62036
-,9464647,297234,8779517,4408014,-1,387895,0,1,2,0,4143858,3846624,3846624,1.62568
+,9464783,712956,8520241,6380208,3527219,-1,1,0,0,0,-1,-1,-1,-1
+,9473041,149152,8393107,6628756,4715253,-1,1,0,0,0,-1,-1,-1,-1
+,9481883,3284689,8947021,6493861,756012,-1,1,0,0,0,-1,-1,-1,-1
+,9481883,4981836,8947021,8191008,2453159,-1,1,0,0,0,-1,-1,-1,-1
+,9484261,1591491,8529109,7322403,4524206,-1,1,0,0,0,-1,-1,-1,-1
+,9495223,6038227,9215669,7715551,177206,-1,1,0,0,0,-1,-1,-1,-1
+,9495223,7361138,9215669,9038462,1500117,-1,1,0,0,0,-1,-1,-1,-1
+,9496651,1519050,8369203,8283738,6679223,-1,1,0,0,0,-1,-1,-1,-1
-,9502837,123722,8814901,4251338,-1,564213,0,1,0,0,-1,-1,-1,-1
+,9508129,1231494,8867743,5073810,48383,-1,1,0,0,0,-1,-1,-1,-1
+,9508129,4977043,8867743,8819359,3793932,-1,1,0,0,0,-1,-1,-1,-1
-,9514607,20362,8842151,4055098,-1,652093,0,1,2,0,3575939,3555577,3555577,1.49479
-,9523873,336967,8470289,6658471,-1,716616,0,1,0,0,-1,-1,-1,-1
-,9536321,358389,8828563,4604937,-1,349368,0,1,2,0,4406634,4048245,4048245,1.69803
-,9538181,50053,8537447,6054457,-1,950680,0,1,0,0,-1,-1,-1,-1
-,9541771,756405,8406253,7569513,-1,379112,0,1,4,0,618050,138355,138355,0.115999
-,9545413,1095550,8387447,8043346,-1,62415,0,1,2,0,4351628,3256078,3256078,1.36446
+,9552187,2009593,8938381,5692429,436884,-1,1,0,0,0,-1,-1,-1,-1
+,9552187,4818660,8938381,8501496,3245951,-1,1,0,0,0,-1,-1,-1,-1
+,9561551,819980,8331223,8201948,7252693,-1,1,0,4,0,1892300,1072320,1072320,0.897193
-,9570713,699384,8586899,6602268,-1,284429,0,1,2,0,230074,469310,469310,0.196144
-,9581311,1054137,8425169,7990989,-1,102004,0,1,2,0,3875490,2821353,2821353,1.17786
+,9588511,3774410,9073783,6862778,877363,-1,1,0,0,0,-1,-1,-1,-1
+,9588511,5108051,9073783,8196419,2211004,-1,1,0,0,0,-1,-1,-1,-1
+,9599323,618600,8767361,5610372,1834783,-1,1,0,0,0,-1,-1,-1,-1
+,9599323,1940805,8767361,6932577,3156988,-1,1,0,0,0,-1,-1,-1,-1
+,9604477,1749352,8916191,5879068,1092593,-1,1,0,0,0,-1,-1,-1,-1
+,9604477,3693881,8916191,7823597,3037122,-1,1,0,0,0,-1,-1,-1,-1
-,9618137,221820,8438981,7296756,-1,957335,0,1,0,0,-1,-1,-1,-1
+,9626087,4491567,9179153,7173171,675622,-1,1,0,2,0,1318234,3173333,3173333,2.63728
+,9626087,5821926,9179153,8503530,2005981,-1,1,0,2,0,8307852,2485926,2485926,2.06599
+,9627551,4689950,9205073,7224818,554613,-1,1,0,4,0,1254527,3435423,3435423,5.70932
+,9627551,6115591,9205073,8650459,1980254,-1,1,0,4,0,8373023,2257432,2257432,3.75162
-,9668591,107639,8857283,4975487,-1,703668,0,1,0,0,-1,-1,-1,-1
+,9677929,1414840,8676769,7421800,4751991,-1,1,0,0,0,-1,-1,-1,-1
+,9678367,3499880,9152909,6652628,652467,-1,1,0,0,0,-1,-1,-1,-1
+,9678367,5347693,9152909,8500441,2500280,-1,1,0,0,0,-1,-1,-1,-1
+,9679807,1288094,8763971,6783110,3514155,-1,1,0,0,0,-1,-1,-1,-1
+,9687661,2860657,8779513,8309545,4978920,-1,1,0,2,0,25421,2835236,2835236,1.17066
+,9687823,1168892,8984707,5387588,621577,-1,1,0,2,0,3319871,2150979,2150979,1.77623
+,9687823,4144433,8984707,8363129,3597118,-1,1,0,2,0,3319871,824562,824562,0.680906
+,9700487,2985129,8753663,8666073,5593354,-1,1,0,2,0,3322179,337050,337050,0.138983
+,9710513,2770293,8764387,8447049,5359418,-1,1,0,4,0,2780556,10263,10263,0.00845517
+,9717223,5970182,9343583,8212022,1110279,-1,1,0,0,0,-1,-1,-1,-1
+,9717223,5991463,9343583,8233303,1131560,-1,1,0,0,0,-1,-1,-1,-1
+,9719761,5768285,9380131,7806065,463714,-1,1,0,2,0,6191819,423534,423534,0.348596
+,9719761,6878636,9380131,8916416,1574065,-1,1,0,2,0,6191819,686817,686817,0.565295
-,9721561,374779,8456039,7967911,-1,890742,0,1,2,0,2897011,2522232,2522232,1.03779
+,9726137,18941,8623807,6632921,4623094,-1,1,0,2,0,4152384,4133443,4133443,1.69993
-,9729173,233182,8927341,5044174,-1,568649,0,1,2,0,1085273,852091,852091,0.350324
-,9737683,172752,8845691,5524704,-1,719239,0,1,2,0,2227457,2054705,2054705,0.844022
+,9740611,1484782,8641211,8081182,6036371,-1,1,0,0,0,-1,-1,-1,-1
-,9742111,229644,9376319,2424396,-1,136147,0,1,0,0,-1,-1,-1,-1
-,9748381,357221,8688271,6717881,-1,702888,0,1,0,0,-1,-1,-1,-1
+,9749819,231279,8418457,8219451,7789166,-1,1,0,2,0,4511695,4280416,4280416,1.7561
+,9756667,597520,8973659,5295568,1019957,-1,1,0,0,0,-1,-1,-1,-1
+,9756667,3255653,8973659,7953701,3678090,-1,1,0,0,0,-1,-1,-1,-1
+,9758687,665253,8590783,7672677,6089318,-1,1,0,0,0,-1,-1,-1,-1
+,9780499,4272786,9313349,7075686,565237,-1,1,0,2,0,3299004,973782,973782,0.796509
+,9780499,5945211,9313349,8748111,2237662,-1,1,0,2,0,6481494,536283,536283,0.438655
+,9782561,1551688,9041203,5999836,1406781,-1,1,0,0,0,-1,-1,-1,-1
+,9782561,3186273,9041203,7634421,3041366,-1,1,0,0,0,-1,-1,-1,-1
+,9789271,5144537,9388903,7546745,560050,-1,1,0,0,0,-1,-1,-1,-1
+,9789271,6426644,9388903,8828852,1842157,-1,1,0,0,0,-1,-1,-1,-1
+,9789293,1812629,8828857,7575245,4509004,-1,1,0,6,0,868,1811761,1811761,2.22091
-,9810953,596564,8637059,7639928,-1,577329,0,1,0,0,-1,-1,-1,-1
+,9830329,6736314,9584101,8213682,106949,-1,1,0,2,0,9553059,2816745,2816745,2.29229
+,9830329,7999783,9584101,9477151,1370418,-1,1,0,2,0,9553059,1553276,1553276,1.26407
-,9838397,627039,8819659,6739467,-1,391698,0,1,2,0,2497047,1870008,1870008,0.76029
+,9843371,1497472,8796863,7776520,5258705,-1,1,0,4,0,644193,853279,853279,0.693485
-,9846413,1095861,8748031,7686153,-1,2520,0,1,2,0,4765175,3669314,3669314,1.49062
-,9853633,15724,8973659,5295568,-1,864249,0,1,0,0,-1,-1,-1,-1
+,9855943,2200255,8935411,7723447,4311228,-1,1,0,0,0,-1,-1,-1,-1
+,9888187,402420,8888959,6397788,3504197,-1,1,0,0,0,-1,-1,-1,-1
-,9888469,216868,8658997,7593700,-1,1012603,0,1,0,0,-1,-1,-1,-1
-,9889307,1011834,8686529,8228502,-1,190943,0,1,2,0,2849872,1838038,1838038,0.743445
+,9890663,276600,9109577,4963116,540055,-1,1,0,0,0,-1,-1,-1,-1
+,9890663,3883005,9109577,8569521,4146460,-1,1,0,0,0,-1,-1,-1,-1
+,9907349,711917,9125887,5400689,963574,-1,1,0,2,0,3113963,2402046,2402046,1.93961
+,9907349,3473540,9125887,8162312,3725197,-1,1,0,2,0,3113963,359577,359577,0.290352
+,9911857,901190,9056233,6034934,2112445,-1,1,0,0,0,-1,-1,-1,-1
+,9911857,1810043,9056233,6943787,3021298,-1,1,0,0,0,-1,-1,-1,-1
-,9915911,103712,8974429,5752604,-1,837769,0,1,2,0,2111971,2008259,2008259,0.810116
+,9920111,1209959,9144259,5865071,1375924,-1,1,0,2,0,3740096,2530137,2530137,2.04041
+,9920111,3113222,9144259,7768334,3279187,-1,1,0,2,0,3740096,626874,626874,0.505538
+,9924493,541732,8618591,8377144,7593965,-1,1,0,0,0,-1,-1,-1,-1
+,9931379,304911,8973863,6050007,2821240,-1,1,0,2,0,2428401,2123490,2123490,2.56579
+,9931379,407526,8973863,6152622,2923855,-1,1,0,2,0,2428401,2020875,2020875,2.44181
-,9931379,961776,8862173,7377012,-1,107429,0,1,2,0,2428401,1466625,1466625,1.77211
-,9932521,93111,8640241,7846791,-1,1199168,0,1,0,0,-1,-1,-1,-1
+,9941089,2275626,9223519,6581046,1662947,-1,1,0,8,0,3777858,1502232,1502232,4.83563
+,9941089,3255151,9223519,7560571,2642472,-1,1,0,8,0,3777858,522707,522707,1.68257
+,9950201,275695,8781511,7287835,5518464,-1,1,0,0,0,-1,-1,-1,-1
+,9956503,2005571,9294821,5975663,650934,-1,1,0,0,0,-1,-1,-1,-1
+,9956503,4673794,9294821,8643886,3319157,-1,1,0,0,0,-1,-1,-1,-1
+,9998033,2165463,9032719,7957347,4716512,-1,1,0,0,0,-1,-1,-1,-1
+,10000763,2161686,9043817,7903362,4601221,-1,1,0,2,0,4821991,2660305,2660305,1.06404
+,10005143,2630235,8996083,8684595,5742872,-1,1,0,2,0,1742243,887992,887992,0.355014
+,10011697,5436388,9636337,7688548,304371,-1,1,0,0,0,-1,-1,-1,-1
+,10011697,7079805,9636337,9331965,1947788,-1,1,0,0,0,-1,-1,-1,-1
+,10026103,6700781,9708187,8608277,807586,-1,1,0,0,0,-1,-1,-1,-1
+,10026103,6993104,9708187,8900600,1099909,-1,1,0,0,0,-1,-1,-1,-1
+,10027051,1668781,9080417,7348585,3947972,-1,1,0,0,0,-1,-1,-1,-1
+,10031911,1885606,9236783,6656374,2190359,-1,1,0,0,0,-1,-1,-1,-1
+,10031911,2275655,9236783,7046423,2580408,-1,1,0,0,0,-1,-1,-1,-1
+,10032017,1102291,9042433,7039795,3934866,-1,1,0,0,0,-1,-1,-1,-1
-,10038139,758293,9026581,6827641,-1,253264,0,1,6,0,346752,411541,411541,0.491973
+,10038797,627960,9256561,5321376,758231,-1,1,0,0,0,-1,-1,-1,-1
+,10038797,3804913,9256561,8498329,3935184,-1,1,0,0,0,-1,-1,-1,-1
-,10045207,483142,9209117,5499682,-1,352947,0,1,4,0,1788442,1305300,1305300,1.03954
-,10049267,44523,8915143,6849267,-1,1089600,0,1,0,0,-1,-1,-1,-1
-,10049717,560276,9240989,5412644,-1,248451,0,1,0,0,-1,-1,-1,-1
-,10053997,13433,9817867,1430213,-1,222696,0,1,2,0,4880592,4867159,4867159,1.93641
+,10057501,2385049,8971751,8899549,6442298,-1,1,0,2,0,1130124,1254925,1254925,0.4991
-,10066141,447281,8950339,7142093,-1,668520,0,1,0,0,-1,-1,-1,-1
+,10070663,1653094,9236783,6656374,2422871,-1,1,0,0,0,-1,-1,-1,-1
+,10070663,1810631,9236783,6813911,2580408,-1,1,0,0,0,-1,-1,-1,-1
+,10071307,2458896,9346657,6806796,1808039,-1,1,0,0,0,-1,-1,-1,-1
+,10071307,3190717,9346657,7538617,2539860,-1,1,0,0,0,-1,-1,-1,-1
-,10071617,291196,9327361,4756732,-1,453059,0,1,2,0,2349662,2058466,2058466,0.817531
+,10077097,1931881,8929873,8815225,6768696,-1,1,0,0,0,-1,-1,-1,-1
-,10080179,311312,9533429,3591812,-1,235437,0,1,0,0,-1,-1,-1,-1
-,10082663,764616,8909387,7804272,-1,408659,0,1,2,0,3034163,2269547,2269547,0.900376
+,10086599,1340300,9399239,5464460,189381,-1,1,0,2,0,3025971,1685671,1685671,1.33696
+,10086599,5085697,9399239,9209857,3934778,-1,1,0,2,0,7060627,1974930,1974930,1.56638
+,10099823,1326268,9353867,5802004,923873,-1,1,0,0,0,-1,-1,-1,-1
+,10099823,3954257,9353867,8429993,3551862,-1,1,0,0,0,-1,-1,-1,-1
+,10117957,371985,8895013,7709649,6152300,-1,1,0,0,0,-1,-1,-1,-1
-,10121833,62698,9004343,6767638,-1,1054791,0,1,0,0,-1,-1,-1,-1
-,10122913,370260,9565579,3714264,-1,187073,0,1,0,0,-1,-1,-1,-1
+,10123387,1787685,9157693,7581849,4218320,-1,1,0,0,0,-1,-1,-1,-1
+,10124287,925021,9144313,6804865,3540396,-1,1,0,6,0,893476,31545,31545,0.0373893
+,10129129,652640,8924731,7879028,6180685,-1,1,0,0,0,-1,-1,-1,-1
+,10139291,2811754,9514151,6562594,799283,-1,1,0,4,0,4332044,1520290,1520290,2.39905
+,10139291,4964027,9514151,8714867,2951556,-1,1,0,4,0,4332044,631983,631983,0.997282
+,10152347,4422993,9598637,7745253,1468876,-1,1,0,2,0,3353641,1069352,1069352,0.842644
+,10152347,4807500,9598637,8129760,1853383,-1,1,0,2,0,3353641,1453859,1453859,1.14563
+,10152641,4121566,9562247,7663930,1644047,-1,1,0,0,0,-1,-1,-1,-1
+,10152641,4375835,9562247,7918199,1898316,-1,1,0,0,0,-1,-1,-1,-1
-,10152943,358685,9278921,5602817,-1,515336,0,1,0,0,-1,-1,-1,-1
+,10155151,543107,9121627,6744251,3823768,-1,1,0,4,0,892139,349032,349032,0.27496
+,10157999,1915766,9106813,8222882,5423185,-1,1,0,0,0,-1,-1,-1,-1
-,10158013,159046,9193843,5944066,-1,805123,0,1,2,0,2584294,2425248,2425248,0.955009
+,10172819,3498013,9571267,7107325,1145370,-1,1,0,2,0,775276,2722737,2722737,2.14119
+,10172819,4816584,9571267,8425896,2463941,-1,1,0,2,0,775276,4041308,4041308,3.17812
+,10173433,370326,8778241,8741478,8334389,-1,1,0,0,0,-1,-1,-1,-1
-,10174429,190505,8761157,8670137,-1,1222766,0,1,0,0,-1,-1,-1,-1
+,10183219,2941201,9591949,6488821,444492,-1,1,0,2,0,3188794,247593,247593,0.194511
+,10183219,5599836,9591949,9147456,3103127,-1,1,0,2,0,6994424,1394588,1394588,1.0956
+,10200769,829183,9100109,7433143,4936994,-1,1,0,0,0,-1,-1,-1,-1
-,10203103,360476,9637637,3753272,-1,204989,0,1,0,0,-1,-1,-1,-1
-,10209209,204945,9219263,6144621,-1,785000,0,1,0,0,-1,-1,-1,-1
+,10210561,1262444,9116111,7829144,5279733,-1,1,0,4,0,2020884,758440,758440,0.59424
+,10211909,5698542,9791423,8221458,952951,-1,1,0,2,0,6198421,499879,499879,0.391605
+,10211909,6315555,9791423,8838471,1569964,-1,1,0,2,0,6198421,117134,117134,0.0917627
-,10216229,386637,9321569,5754597,-1,508022,0,1,0,0,-1,-1,-1,-1
+,10219639,4160796,9717749,7172136,465727,-1,1,0,2,0,1585729,2575067,2575067,2.01578
+,10219639,6240681,9717749,9252021,2545612,-1,1,0,2,0,8633909,2393228,2393228,1.87343
+,10221877,3218306,9359929,8389994,4201753,-1,1,0,0,0,-1,-1,-1,-1
-,10226989,585836,9407929,5500196,-1,233223,0,1,2,0,3925570,3339734,3339734,1.30624
+,10234981,1502709,9090259,8371041,6149114,-1,1,0,0,0,-1,-1,-1,-1
+,10239227,813461,9154927,7319261,4670134,-1,1,0,4,0,3071075,2257614,2257614,1.76389
+,10244089,753952,8951857,8507344,7308879,-1,1,0,2,0,2788354,2034402,2034402,0.794371
-,10247117,467105,8981597,8060225,-1,798414,0,1,2,0,1812465,1345360,1345360,0.525166
+,10251973,2035502,9601367,5939138,241407,-1,1,0,0,0,-1,-1,-1,-1
+,10251973,5456323,9601367,9359959,3662228,-1,1,0,0,0,-1,-1,-1,-1
-,10261513,754115,8915681,8829107,-1,591716,0,1,0,0,-1,-1,-1,-1
+,10272851,2295331,9624943,6182779,445284,-1,1,0,2,0,1199065,1096266,1096266,0.853719
+,10272851,5292210,9624943,9179658,3442163,-1,1,0,2,0,9073785,3781575,3781575,2.94491
-,10274057,421968,9781697,3376128,-1,70391,0,1,4,0,671113,249145,249145,0.193999
+,10276349,6311508,9952589,8254068,244039,-1,1,0,0,0,-1,-1,-1,-1
+,10276349,7765989,9952589,9708549,1698520,-1,1,0,0,0,-1,-1,-1,-1
+,10288379,1406412,9165883,8141388,5710481,-1,1,0,2,0,719191,687221,687221,0.267183
-,10296029,987167,9285929,7047767,-1,22932,0,1,0,0,-1,-1,-1,-1
-,10304813,79786,9610577,4245202,-1,614449,0,1,0,0,-1,-1,-1,-1
-,10305271,610811,9018071,8334011,-1,676388,0,1,0,0,-1,-1,-1,-1
+,10306357,324283,9459809,5403571,1023050,-1,1,0,0,0,-1,-1,-1,-1
+,10306357,3357470,9459809,8436758,4056237,-1,1,0,0,0,-1,-1,-1,-1
+,10307251,2984134,9398579,8436166,4489619,-1,1,0,0,0,-1,-1,-1,-1
+,10319117,2494385,9552239,7095653,2144682,-1,1,0,0,0,-1,-1,-1,-1
+,10319117,2806288,9552239,7407556,2456585,-1,1,0,0,0,-1,-1,-1,-1
+,10344907,1652536,9559841,6362932,1513487,-1,1,0,2,0,741842,910694,910694,0.704265
+,10344907,3335957,9559841,8046353,3196908,-1,1,0,2,0,741842,2594115,2594115,2.0061
-,10347839,161350,9873937,3004762,-1,312551,0,1,0,0,-1,-1,-1,-1
+,10360183,1200215,9571997,5929331,1086450,-1,1,0,0,0,-1,-1,-1,-1
+,10360183,3756430,9571997,8485546,3642665,-1,1,0,0,0,-1,-1,-1,-1
+,10363499,3441285,9407929,9174705,5500196,-1,1,0,0,0,-1,-1,-1,-1
-,10373479,310388,9006971,8509436,-1,1056119,0,1,0,0,-1,-1,-1,-1
+,10374761,3973468,9465347,9429952,5421089,-1,1,0,0,0,-1,-1,-1,-1
+,10375153,3838074,9489773,9150354,4972861,-1,1,0,0,0,-1,-1,-1,-1
-,10380121,774296,9177043,7992764,-1,428781,0,1,0,0,-1,-1,-1,-1
+,10383343,1592347,9561551,6523099,1892300,-1,1,0,6,0,1584791,7556,7556,0.0174649
+,10383343,2738498,9561551,7669250,3038451,-1,1,0,6,0,2544513,193985,193985,0.448376
-,10412447,43604,10270301,896480,-1,98541,0,1,0,0,-1,-1,-1,-1
+,10414379,408625,9126203,8137681,6740534,-1,1,0,2,0,1336274,927649,927649,0.356295
+,10420903,3319223,9461833,9073643,5366230,-1,1,0,0,0,-1,-1,-1,-1
+,10426093,1337667,9528613,6722547,2578814,-1,1,0,2,0,1580541,242874,242874,0.186359
+,10426093,1564918,9528613,6949798,2806065,-1,1,0,2,0,1580541,15623,15623,0.0119876
-,10433279,555010,9782783,4457986,-1,95485,0,1,2,0,917005,361995,361995,0.138785
+,10443943,3498800,9898117,6773756,150595,-1,1,0,2,0,1870991,1627809,1627809,1.24689
+,10443943,6472565,9898117,9747521,3124360,-1,1,0,2,0,8572951,2100386,2100386,1.60888
+,10444403,3401054,9893087,6708950,123759,-1,1,0,0,0,-1,-1,-1,-1
+,10444403,6461431,9893087,9769327,3184136,-1,1,0,0,0,-1,-1,-1,-1
+,10445471,3528621,9766637,7601625,1907992,-1,1,0,2,0,3692523,163902,163902,0.12553
+,10445471,3785640,9766637,7858644,2165011,-1,1,0,2,0,3692523,93117,93117,0.0713167
-,10458337,444304,9240131,7753540,-1,773901,0,1,2,0,3655337,3211033,3211033,1.22812
+,10466381,884981,9565579,6289793,2129026,-1,1,0,0,0,-1,-1,-1,-1
+,10466381,2031740,9565579,7436552,3275785,-1,1,0,0,0,-1,-1,-1,-1
+,10470587,6648258,10119323,8755842,744103,-1,1,0,2,0,5455124,1193134,1193134,0.911608
+,10470587,7267635,10119323,9375219,1363480,-1,1,0,2,0,5455124,1812511,1812511,1.38484
+,10479199,4298424,9961687,7403496,546881,-1,1,0,0,0,-1,-1,-1,-1
+,10479199,6309733,9961687,9414805,2558190,-1,1,0,0,0,-1,-1,-1,-1
-,10480843,589200,9346973,7392420,-1,544669,0,1,0,0,-1,-1,-1,-1
+,10488311,1026707,9408337,7506551,4578058,-1,1,0,0,0,-1,-1,-1,-1
+,10496527,5648070,10120073,7906794,45445,-1,1,0,4,0,6419169,771099,771099,1.1754
+,10496527,7815903,10120073,10074627,2213278,-1,1,0,4,0,6419169,1396734,1396734,2.12906
+,10502897,3156146,9828773,7200890,1416861,-1,1,0,4,0,2847470,308676,308676,0.470234
+,10502897,4367167,9828773,8411911,2627882,-1,1,0,4,0,2847470,1519697,1519697,2.31509
+,10513903,788870,9192727,8715926,7450255,-1,1,0,2,0,2443347,1654477,1654477,0.629444
+,10523113,37691,9158599,8224775,7253260,-1,1,0,2,0,1742906,1705215,1705215,0.648179
+,10532351,1121776,9504571,7288456,3950565,-1,1,0,2,0,1573472,451696,451696,0.171546
+,10550549,1149690,9226859,9091830,7807111,-1,1,0,0,0,-1,-1,-1,-1
-,10557109,678840,9782783,5324796,-1,95485,0,1,0,0,-1,-1,-1,-1
-,10557163,351285,9208561,8442897,-1,997316,0,1,4,0,1116529,765244,765244,0.579886
+,10558799,1295403,9734603,6240579,1451152,-1,1,0,0,0,-1,-1,-1,-1
+,10558799,3338274,9734603,8283450,3494023,-1,1,0,0,0,-1,-1,-1,-1
+,10560457,1613757,9516317,7878597,4627120,-1,1,0,0,0,-1,-1,-1,-1
+,10588663,1918359,9751537,6941115,2212334,-1,1,0,0,0,-1,-1,-1,-1
+,10588663,2516446,9751537,7539202,2810421,-1,1,0,0,0,-1,-1,-1,-1
+,10598491,470563,9451979,7349635,4776728,-1,1,0,0,0,-1,-1,-1,-1
+,10598617,4528131,10124039,7375599,99028,-1,1,0,2,0,3056881,1471250,1471250,1.11052
+,10598617,7177542,10124039,10025010,2748439,-1,1,0,2,0,7541735,364193,364193,0.274899
-,10601093,505304,9477119,7249148,-1,618669,0,1,0,0,-1,-1,-1,-1
+,10605523,2664623,9613631,8615975,4953696,-1,1,0,2,0,75877,2588746,2588746,0.976377
+,10609043,3184845,9974317,6993201,827240,-1,1,0,0,0,-1,-1,-1,-1
+,10609043,5338720,9974317,9147076,2981115,-1,1,0,0,0,-1,-1,-1,-1
+,10620149,3448447,10040617,6925639,362214,-1,1,0,0,0,-1,-1,-1,-1
+,10620149,6201210,10040617,9678402,3114977,-1,1,0,0,0,-1,-1,-1,-1
-,10629079,385646,10103017,3542018,-1,140415,0,1,2,0,4899520,4513874,4513874,1.69869
-,10634389,525560,10094593,3764336,-1,14235,0,1,2,0,4194166,3668606,3668606,1.3799
+,10636469,3084067,9979859,7023727,983528,-1,1,0,0,0,-1,-1,-1,-1
+,10636469,5056670,9979859,8996330,2956131,-1,1,0,0,0,-1,-1,-1,-1
+,10638883,55666,9395341,7516918,5582829,-1,1,0,2,0,3804344,3748678,3748678,1.40943
+,10646969,5699267,10194707,8412839,931704,-1,1,0,4,0,5331790,367477,367477,0.552235
+,10646969,6549430,10194707,9263002,1781867,-1,1,0,4,0,5331790,1217640,1217640,1.82984
+,10673879,1086714,9567169,7726974,4800065,-1,1,0,0,0,-1,-1,-1,-1
+,10680221,9339697,10567009,10018969,131232,-1,1,0,4,0,10091497,751800,751800,1.12627
+,10680221,9756504,10567009,10435776,548039,-1,1,0,4,0,10091497,334993,334993,0.501852
+,10682983,4426284,9789293,9788424,5361271,-1,1,0,0,0,-1,-1,-1,-1
+,10694759,401807,9247663,9084383,8519296,-1,1,0,0,0,-1,-1,-1,-1
-,10699387,254540,10186601,3331256,-1,258245,0,1,2,0,1242437,987897,987897,0.369328
+,10710751,3782151,9741283,9598959,5674484,-1,1,0,2,0,137162,3644989,3644989,1.36124
+,10712353,1301826,9508991,8521998,6233179,-1,1,0,2,0,5328213,4026387,4026387,1.50346
+,10713919,2433695,9619669,8999195,5945026,-1,1,0,0,0,-1,-1,-1,-1
+,10716973,1802377,9835601,7090609,2543240,-1,1,0,2,0,2588155,785778,785778,0.586567
+,10716973,2004128,9835601,7292360,2744991,-1,1,0,2,0,2588155,584027,584027,0.435964
+,10722401,7420694,10420801,9230294,619093,-1,1,0,0,0,-1,-1,-1,-1
+,10722401,7992107,10420801,9801707,1190506,-1,1,0,0,0,-1,-1,-1,-1
-,10732649,848155,9488779,8311375,-1,395714,0,1,4,0,20595,827560,827560,0.616854
+,10735253,306986,9913847,5235422,250011,-1,1,0,0,0,-1,-1,-1,-1
+,10735253,4735399,9913847,9663835,4678424,-1,1,0,0,0,-1,-1,-1,-1
+,10743773,720992,9691237,7036208,3660187,-1,1,0,0,0,-1,-1,-1,-1
+,10744403,461843,9544189,7663127,5320222,-1,1,0,0,0,-1,-1,-1,-1
+,10756951,5296808,10295981,8062628,532467,-1,1,0,6,0,4075225,1221583,1221583,2.72549
+,10756951,6997693,10295981,9763513,2233352,-1,1,0,6,0,6681725,315968,315968,0.704961
-,10757473,78751,10597177,1040527,-1,81544,0,1,2,0,1837684,1758933,1758933,0.654032
-,10757911,139889,9245491,9214409,-1,1372530,0,1,0,0,-1,-1,-1,-1
-,10767047,1138540,9571543,8311564,-1,56963,0,1,0,0,-1,-1,-1,-1
+,10777309,4441533,10268789,7492653,274984,-1,1,0,2,0,4045109,396424,396424,0.294266
+,10777309,6942684,10268789,9993804,2776135,-1,1,0,2,0,6732199,210485,210485,0.156243
+,10778083,3757116,9826247,9468132,5352901,-1,1,0,0,0,-1,-1,-1,-1
-,10781269,589492,10190029,4136932,-1,1747,0,1,0,0,-1,-1,-1,-1
+,10784933,1104002,9950911,6108134,1161355,-1,1,0,0,0,-1,-1,-1,-1
+,10784933,3785423,9950911,8789555,3842776,-1,1,0,0,0,-1,-1,-1,-1
+,10791227,721293,9407467,9023853,7918946,-1,1,0,0,0,-1,-1,-1,-1
+,10805029,1969120,9677123,8736556,5826869,-1,1,0,0,0,-1,-1,-1,-1
+,10813631,1680424,9970487,6739288,1827665,-1,1,0,0,0,-1,-1,-1,-1
+,10813631,3083957,9970487,8142821,3231198,-1,1,0,0,0,-1,-1,-1,-1
+,10816181,2475028,9984031,7467928,2476797,-1,1,0,0,0,-1,-1,-1,-1
+,10816181,2514333,9984031,7507233,2516102,-1,1,0,0,0,-1,-1,-1,-1
+,10844597,1824438,9699889,8692686,5861045,-1,1,0,0,0,-1,-1,-1,-1
+,10845781,1403038,9704521,8250598,5393637,-1,1,0,2,0,4138083,2735045,2735045,1.0087
+,10851259,9044481,10696291,9974289,207806,-1,1,0,0,0,-1,-1,-1,-1
+,10851259,9558676,10696291,10488484,722001,-1,1,0,0,0,-1,-1,-1,-1
-,10867889,175947,10239181,3948195,-1,452760,0,1,0,0,-1,-1,-1,-1
-,10868059,1146135,9623209,8615235,-1,98714,0,1,0,0,-1,-1,-1,-1
-,10871513,570485,9925051,6249257,-1,375976,0,1,0,0,-1,-1,-1,-1
+,10880699,3870041,10219009,7840181,1591312,-1,1,0,4,0,2592405,1277636,1277636,1.87876
+,10880699,4657556,10219009,8627696,2378827,-1,1,0,4,0,5431982,774426,774426,1.13879
+,10881419,717913,9621709,8276173,6212724,-1,1,0,2,0,19393,698520,698520,0.256775
+,10885607,735565,9541739,8798773,7320242,-1,1,0,0,0,-1,-1,-1,-1
+,10922383,3448484,10236319,7564868,1444933,-1,1,0,4,0,2252073,1196411,1196411,1.7526
+,10922383,4675001,10236319,8791385,2671450,-1,1,0,4,0,4871746,196745,196745,0.288208
-,10944469,753606,9530377,9238158,-1,660485,0,1,4,0,497798,255808,255808,0.186986
+,10959517,417244,9541771,8923720,7888425,-1,1,0,2,0,1907855,1490611,1490611,0.544043
+,10961129,5184317,10441259,8303537,981498,-1,1,0,4,0,4277832,906485,906485,1.3232
+,10961129,6340540,10441259,9459760,2137721,-1,1,0,4,0,6683296,342756,342756,0.500322
+,10963241,1417924,9632533,9402172,7753887,-1,1,0,2,0,4057465,2639541,2639541,0.963051
-,10966759,620124,10040363,6178500,-1,306271,0,1,2,0,4782805,4162681,4162681,1.51829
+,10970237,3349040,10345651,7096556,498421,-1,1,0,0,0,-1,-1,-1,-1
+,10970237,6099713,10345651,9847229,3249094,-1,1,0,0,0,-1,-1,-1,-1
-,10972561,468386,9661571,8334326,-1,842603,0,1,4,0,445708,22678,22678,0.0165343
-,10974793,214352,10073039,5624876,-1,687401,0,1,2,0,4171220,3956868,3956868,1.44217
-,10983391,295462,9609337,8539786,-1,1078591,0,1,0,0,-1,-1,-1,-1
+,10987633,1333907,10051891,6948359,2510920,-1,1,0,0,0,-1,-1,-1,-1
+,10987633,1926518,10051891,7540970,3103531,-1,1,0,0,0,-1,-1,-1,-1
+,11007923,3260732,10054103,8983652,4652469,-1,1,0,2,0,3979160,718428,718428,0.261059
+,11011199,2002308,10299269,6273888,246199,-1,1,0,2,0,3521471,1519163,1519163,1.10372
+,11011199,5781489,10299269,10053069,4025380,-1,1,0,2,0,7489727,1708238,1708238,1.24109
+,11013061,2849785,10340663,6884173,577898,-1,1,0,0,0,-1,-1,-1,-1
+,11013061,5728376,10340663,9762764,3456489,-1,1,0,0,0,-1,-1,-1,-1
-,11015483,724948,10034159,6612892,-1,256375,0,1,2,0,3107552,2382604,2382604,0.865184
+,11026643,6249639,10646329,8531523,167078,-1,1,0,2,0,9566000,3316361,3316361,2.40607
+,11026643,8197366,10646329,10479250,2114805,-1,1,0,2,0,9566000,1368634,1368634,0.992965
+,11027299,3243905,10354063,7283321,968674,-1,1,0,0,0,-1,-1,-1,-1
+,11027299,5345972,10354063,9385388,3070741,-1,1,0,0,0,-1,-1,-1,-1
+,11028211,9833821,10917307,10499245,247362,-1,1,0,2,0,8221710,1612111,1612111,1.16945
+,11028211,10004520,10917307,10669944,418061,-1,1,0,2,0,8221710,1782810,1782810,1.29327
+,11035711,591587,9683969,8702039,7128522,-1,1,0,4,0,4921091,4329504,4329504,3.13854
+,11036903,831200,9843191,7993472,5312553,-1,1,0,0,0,-1,-1,-1,-1
+,11041273,1196724,9635803,9629544,8426561,-1,1,0,0,0,-1,-1,-1,-1
+,11051609,1494834,9894977,8434626,5479441,-1,1,0,0,0,-1,-1,-1,-1
-,11052557,419584,9719609,8417272,-1,913363,0,1,2,0,3494378,3074794,3074794,1.11279
+,11066057,664744,9709619,8803372,7232381,-1,1,0,2,0,4023678,3358934,3358934,1.21414
-,11076323,54302,10622009,2780186,-1,400011,0,1,0,0,-1,-1,-1,-1
+,11078269,456364,9958631,7174192,3933389,-1,1,0,4,0,1821771,1365407,1365407,0.986007
-,11085979,87113,10402421,4188461,-1,596444,0,1,0,0,-1,-1,-1,-1
-,11091523,289965,9974317,6993201,-1,827240,0,1,0,0,-1,-1,-1,-1
-,11094401,150220,9678323,8646688,-1,1265857,0,1,2,0,4631333,4481113,4481113,1.61563
+,11097221,1187065,9759847,9211309,7475706,-1,1,0,0,0,-1,-1,-1,-1
+,11106551,474531,10116677,6413775,2236342,-1,1,0,0,0,-1,-1,-1,-1
+,11106551,1941090,10116677,7880334,3702901,-1,1,0,0,0,-1,-1,-1,-1
-,11107847,1015304,9925687,8108264,-1,166855,0,1,2,0,2213134,1197830,1197830,0.431346
+,11112947,2194164,9982169,8978832,5781331,-1,1,0,0,0,-1,-1,-1,-1
+,11119561,717681,9934009,7830993,5010296,-1,1,0,0,0,-1,-1,-1,-1
-,11130167,222584,10844413,1937108,-1,63169,0,1,2,0,496649,274065,274065,0.0984945
+,11137453,875875,9695461,9527827,8484318,-1,1,0,0,0,-1,-1,-1,-1
+,11152087,8116950,10887881,9702186,399541,-1,1,0,2,0,10843232,2726282,2726282,1.95571
+,11152087,8903103,10887881,10488339,1185694,-1,1,0,2,0,10843232,1940129,1940129,1.39176
+,11157793,5276838,10617703,8517378,1140215,-1,1,0,4,0,1924244,3352594,3352594,4.80754
+,11157793,6236947,10617703,9477487,2100324,-1,1,0,4,0,9233548,2996601,2996601,4.29705
+,11159131,6796644,10777111,9088764,603773,-1,1,0,0,0,-1,-1,-1,-1
+,11159131,7881217,10777111,10173337,1688346,-1,1,0,0,0,-1,-1,-1,-1
+,11161789,5721469,10703443,8471545,518178,-1,1,0,0,0,-1,-1,-1,-1
+,11161789,7435188,10703443,10185264,2231897,-1,1,0,0,0,-1,-1,-1,-1
+,11164519,4201658,10215173,9897734,5378637,-1,1,0,2,0,2190831,2010827,2010827,0.720435
+,11165659,1636055,9929203,9054791,6544324,-1,1,0,0,0,-1,-1,-1,-1
-,11166143,751464,9892681,8392236,-1,521997,0,1,0,0,-1,-1,-1,-1
-,11170681,883799,9887323,8583947,-1,399558,0,1,2,0,730574,153225,153225,0.0548668
-,11177521,539912,10273313,5965160,-1,364295,0,1,0,0,-1,-1,-1,-1
+,11179037,2908515,10034159,9777783,6612892,-1,1,0,0,0,-1,-1,-1,-1
-,11180881,557351,9896269,8265023,-1,727260,0,1,0,0,-1,-1,-1,-1
+,11181241,902245,10100641,7385845,3768804,-1,1,0,0,0,-1,-1,-1,-1
+,11200589,5169090,10664749,8384130,934421,-1,1,0,0,0,-1,-1,-1,-1
+,11200589,6515287,10664749,9730327,2280618,-1,1,0,0,0,-1,-1,-1,-1
-,11202871,36238,10525913,4097986,-1,640719,0,1,0,0,-1,-1,-1,-1
+,11204009,2250693,10365643,7280889,1945442,-1,1,0,0,0,-1,-1,-1,-1
+,11204009,3390004,10365643,8420200,3084753,-1,1,0,0,0,-1,-1,-1,-1
+,11205407,3095826,10414583,7840770,2171131,-1,1,0,0,0,-1,-1,-1,-1
+,11205407,3498507,10414583,8243451,2573812,-1,1,0,0,0,-1,-1,-1,-1
+,11208091,1890440,10471093,6312428,263323,-1,1,0,4,0,153190,1737250,1737250,2.47999
+,11208091,5785781,10471093,10207769,4158664,-1,1,0,4,0,5882977,97196,97196,0.138751
-,11212577,493317,10214527,6481617,-1,504732,0,1,2,0,4998761,4505444,4505444,1.60728
+,11230673,2469619,10513141,6774811,566862,-1,1,0,2,0,2356712,112907,112907,0.0804276
+,11230673,5641086,10513141,9946278,3738329,-1,1,0,2,0,8873960,3232874,3232874,2.30289
-,11245991,16911,11098459,902103,-1,130620,0,1,0,0,-1,-1,-1,-1
+,11250457,3098438,10241549,9151886,4963785,-1,1,0,0,0,-1,-1,-1,-1
+,11251787,897220,9943693,8745784,6650655,-1,1,0,2,0,1316582,419362,419362,0.149083
-,11251871,1036902,10073549,8106834,-1,141419,0,1,0,0,-1,-1,-1,-1
+,11260241,2815975,10573357,6937279,485226,-1,1,0,0,0,-1,-1,-1,-1
+,11260241,5966826,10573357,10088130,3636077,-1,1,0,0,0,-1,-1,-1,-1
+,11262631,3778821,10243397,9894225,5766232,-1,1,0,0,0,-1,-1,-1,-1
+,11273027,1137141,10340923,6729765,1981466,-1,1,0,4,0,1360995,223854,223854,0.31772
+,11273027,2766832,10340923,8359456,3611157,-1,1,0,4,0,1360995,1405837,1405837,1.99533
+,11281811,2975175,10488581,7734555,2005354,-1,1,0,0,0,-1,-1,-1,-1
+,11281811,3723846,10488581,8483226,2754025,-1,1,0,0,0,-1,-1,-1,-1
-,11285009,227955,10822103,3005391,-1,234950,0,1,2,0,1974966,1747011,1747011,0.619232
+,11304193,386354,10174403,7165094,3769431,-1,1,0,0,0,-1,-1,-1,-1
-,11322599,942909,9886937,9556881,-1,492752,0,1,2,0,2858925,1916016,1916016,0.676882
+,11332561,9191722,11163043,10208830,62895,-1,1,0,0,0,-1,-1,-1,-1
+,11332561,10083039,11163043,11100147,954212,-1,1,0,0,0,-1,-1,-1,-1
+,11334481,2008503,10156303,9077571,5990336,-1,1,0,0,0,-1,-1,-1,-1
-,11340401,1217537,9956753,9519425,-1,166110,0,1,0,0,-1,-1,-1,-1
+,11345857,1722670,10435493,7184854,2211545,-1,1,0,0,0,-1,-1,-1,-1
+,11345857,2761763,10435493,8223947,3250638,-1,1,0,0,0,-1,-1,-1,-1
+,11346389,163134,10031027,8055306,5916451,-1,1,0,4,0,1698826,1535692,1535692,1.08277
-,11353151,397962,9854653,9388950,-1,1100535,0,1,0,0,-1,-1,-1,-1
-,11365217,72377,11178119,1194965,-1,114720,0,1,0,0,-1,-1,-1,-1
+,11369047,6126916,10898561,8949832,874187,-1,1,0,2,0,8481618,2354702,2354702,1.65692
+,11369047,7201457,10898561,10024373,1948728,-1,1,0,2,0,8481618,1280161,1280161,0.900804
+,11378011,767548,10035203,8824396,6846041,-1,1,0,0,0,-1,-1,-1,-1
+,11379493,1884842,10529303,6985982,1557819,-1,1,0,0,0,-1,-1,-1,-1
+,11379493,3870343,10529303,8971483,3543320,-1,1,0,0,0,-1,-1,-1,-1
-,11424433,643621,10122389,8455885,-1,658422,0,1,0,0,-1,-1,-1,-1
+,11426887,807790,10049833,9070114,7282605,-1,1,0,4,0,2222487,1414697,1414697,0.990434
+,11439413,3388120,10793621,7262872,344003,-1,1,0,2,0,3545966,157846,157846,0.110387
+,11439413,6574865,10793621,10449617,3530748,-1,1,0,2,0,7893446,1318581,1318581,0.922132
+,11440447,2159905,10604849,7173493,1582232,-1,1,0,0,0,-1,-1,-1,-1
+,11440447,4009028,10604849,9022616,3431355,-1,1,0,0,0,-1,-1,-1,-1
+,11446243,3339809,10427897,9449885,5132064,-1,1,0,0,0,-1,-1,-1,-1
+,11463341,5705609,10914613,8997977,1375732,-1,1,0,0,0,-1,-1,-1,-1
+,11463341,6246512,10914613,9538880,1916635,-1,1,0,0,0,-1,-1,-1,-1
-,11464399,372234,10730299,4776834,-1,361865,0,1,2,0,4287269,3915035,3915035,1.36598
+,11468531,162525,10581619,5483997,223850,-1,1,0,0,0,-1,-1,-1,-1
+,11468531,5036296,10581619,10357768,5097621,-1,1,0,0,0,-1,-1,-1,-1
+,11473313,127976,10299799,7169060,3910345,-1,1,0,0,0,-1,-1,-1,-1
+,11477467,300636,10309009,7311384,4013123,-1,1,0,0,0,-1,-1,-1,-1
-,11478673,515620,10763453,4806940,-1,199599,0,1,2,0,96205,419415,419415,0.146155
+,11480857,677415,10353121,7443831,3857126,-1,1,0,2,0,2760355,2082940,2082940,0.725709
-,11486927,865687,10169323,8771311,-1,451916,0,1,2,0,2984528,2118841,2118841,0.737827
-,11500967,199139,11297603,1419323,-1,4224,0,1,4,0,1359295,1160156,1160156,0.806997
-,11503757,227590,10161337,8282110,-1,1114829,0,1,2,0,490691,263101,263101,0.0914835
+,11506531,4602547,10911119,8175019,836372,-1,1,0,0,0,-1,-1,-1,-1
+,11506531,6502274,10911119,10074746,2736099,-1,1,0,0,0,-1,-1,-1,-1
-,11507747,584121,10902937,4212981,-1,20688,0,1,2,0,1409964,825843,825843,0.287056
+,11528519,7185060,11172311,9322308,287245,-1,1,0,0,0,-1,-1,-1,-1
+,11528519,8747817,11172311,10885065,1850002,-1,1,0,0,0,-1,-1,-1,-1
+,11557607,4827479,11026241,8015675,177630,-1,1,0,0,0,-1,-1,-1,-1
+,11557607,7660414,11026241,10848610,3010565,-1,1,0,0,0,-1,-1,-1,-1
-,11558149,387564,10277779,8069784,-1,892805,0,1,0,0,-1,-1,-1,-1
+,11568647,1425973,10716253,6540337,938448,-1,1,0,0,0,-1,-1,-1,-1
+,11568647,4663440,10716253,9777804,4175915,-1,1,0,0,0,-1,-1,-1,-1
+,11570879,114191,10514873,6450227,2271390,-1,1,0,0,0,-1,-1,-1,-1
+,11570879,1907446,10514873,8243482,4064645,-1,1,0,0,0,-1,-1,-1,-1
-,11577103,696958,10220107,8838934,-1,660037,0,1,2,0,653603,43355,43355,0.0149796
-,11579629,283440,10392859,7404060,-1,903329,0,1,0,0,-1,-1,-1,-1
+,11586749,814764,10730299,5953464,361865,-1,1,0,0,0,-1,-1,-1,-1
+,11586749,5229733,10730299,10368433,4776834,-1,1,0,0,0,-1,-1,-1,-1
+,11597101,4882676,10674151,10420376,5283925,-1,1,0,0,0,-1,-1,-1,-1
+,11597897,3215824,10787509,8078152,2152971,-1,1,0,0,0,-1,-1,-1,-1
+,11597897,3772209,10787509,8634537,2709356,-1,1,0,0,0,-1,-1,-1,-1
+,11598523,3530163,10539161,9886335,5703346,-1,1,0,2,0,2077436,1452727,1452727,0.501004
+,11600159,3567816,10846141,8091924,1769891,-1,1,0,2,0,4428866,861050,861050,0.593819
+,11600159,4552141,10846141,9076249,2754216,-1,1,0,2,0,4428866,123275,123275,0.0850161
+,11606521,934053,10207271,9329553,7517782,-1,1,0,2,0,4575754,3641701,3641701,1.25505
-,11624351,1292676,10232603,9643164,-1,99071,0,1,0,0,-1,-1,-1,-1
+,11629997,1953811,10251677,10223731,8241974,-1,1,0,2,0,2508640,554829,554829,0.190827
+,11631449,1987616,10722619,7440596,2170957,-1,1,0,2,0,3146869,1159253,1159253,0.797323
+,11631449,3098681,10722619,8551661,3282022,-1,1,0,2,0,3146869,48188,48188,0.0331432
-,11633159,388595,10621967,6455747,-1,622596,0,1,0,0,-1,-1,-1,-1
-,11637107,338782,11180437,3078802,-1,117887,0,1,0,0,-1,-1,-1,-1
+,11645219,6572688,11167817,9437100,1133695,-1,1,0,2,0,8341759,1769071,1769071,1.21531
+,11645219,7169709,11167817,10034121,1730716,-1,1,0,2,0,8341759,1172050,1172050,0.805172
+,11652709,3558048,10899667,8076300,1694885,-1,1,0,0,0,-1,-1,-1,-1
+,11652709,4686529,10899667,9204781,2823366,-1,1,0,0,0,-1,-1,-1,-1
+,11653529,2307517,10884187,6923569,655434,-1,1,0,4,0,2715020,407503,407503,0.559491
+,11653529,5612700,10884187,10228752,3960617,-1,1,0,4,0,3970793,1641907,1641907,2.2543
-,11660599,230323,10155151,9263011,-1,1275124,0,1,0,0,-1,-1,-1,-1
-,11660903,293367,10872007,5026743,-1,495528,0,1,0,0,-1,-1,-1,-1
-,11668757,435393,10729657,6069993,-1,503706,0,1,0,0,-1,-1,-1,-1
+,11675093,8722628,11416631,10273400,407541,-1,1,0,2,0,7103411,1619217,1619217,1.10952
+,11675093,9458317,11416631,11009089,1143230,-1,1,0,2,0,7103411,2354906,2354906,1.61363
+,11684441,3832155,10673101,9900195,5295134,-1,1,0,0,0,-1,-1,-1,-1
+,11693483,2341154,10774223,7856714,2598051,-1,1,0,2,0,3199631,858477,858477,0.58732
+,11693483,2660611,10774223,8176171,2917508,-1,1,0,2,0,3199631,539020,539020,0.368766
-,11694931,86892,11017327,4152516,-1,590711,0,1,2,0,630228,543336,543336,0.185836
+,11705269,2577804,10526911,9647952,6191189,-1,1,0,0,0,-1,-1,-1,-1
-,11712859,485992,11114693,4074988,-1,112173,0,1,2,0,999697,513705,513705,0.175433
+,11713781,301299,10272359,8949831,7326004,-1,1,0,0,0,-1,-1,-1,-1
+,11713981,2641949,10569553,9508517,5805532,-1,1,0,2,0,165587,2476362,2476362,0.845609
+,11731711,3273040,10715503,9370288,4752033,-1,1,0,0,0,-1,-1,-1,-1
+,11739713,364309,10604849,7173493,3377828,-1,1,0,0,0,-1,-1,-1,-1
+,11739713,417836,10604849,7227020,3431355,-1,1,0,0,0,-1,-1,-1,-1
-,11742611,67187,11276893,2861495,-1,398530,0,1,4,0,3086215,3019028,3019028,2.0568
+,11751497,1763556,10833983,7268640,1939741,-1,1,0,2,0,2514341,750785,750785,0.511108
+,11751497,3389157,10833983,8894241,3565342,-1,1,0,2,0,2514341,874816,874816,0.595544
-,11754593,166644,10235567,9280800,-1,1352381,0,1,4,0,705439,538795,538795,0.366696
+,11757803,3665886,10607203,10569486,6865883,-1,1,0,2,0,5691431,2025545,2025545,0.68909
+,11761853,4525647,11204923,7867227,3884,-1,1,0,0,0,-1,-1,-1,-1
+,11761853,7859458,11204923,11201038,3337695,-1,1,0,0,0,-1,-1,-1,-1
-,11777707,242138,11076553,4449062,-1,459015,0,1,0,0,-1,-1,-1,-1
+,11785951,827724,10454039,8819196,6356629,-1,1,0,2,0,3137822,2310098,2310098,0.784018
+,11792119,178164,10233829,9527904,8643815,-1,1,0,0,0,-1,-1,-1,-1
+,11814533,1936326,10677253,8760006,4906433,-1,1,0,0,0,-1,-1,-1,-1
-,11817521,440219,10580729,7860971,-1,796572,0,1,2,0,578706,138487,138487,0.0468751
+,11833141,5579424,11253373,9058032,1283267,-1,1,0,0,0,-1,-1,-1,-1
+,11833141,6491497,11253373,9970105,2195340,-1,1,0,0,0,-1,-1,-1,-1
+,11838223,503437,10709311,7276909,3341070,-1,1,0,2,0,2771063,2267626,2267626,1.53241
+,11838223,594768,10709311,7368240,3432401,-1,1,0,2,0,2771063,2176295,2176295,1.47069
+,11875879,1331072,10917037,7084124,1920139,-1,1,0,4,0,3419672,2088600,2088600,2.81391
+,11875879,3243845,10917037,8996897,3832912,-1,1,0,4,0,3419672,175827,175827,0.236886
+,11896537,1966013,10977433,7480637,2017828,-1,1,0,2,0,404161,1561852,1561852,1.05029
+,11896537,3444980,10977433,8959604,3496795,-1,1,0,2,0,404161,3040819,3040819,2.04484
+,11902613,3785751,11104817,8572527,2254486,-1,1,0,2,0,2218480,1567271,1567271,1.0534
+,11902613,4063554,11104817,8850330,2532289,-1,1,0,2,0,2218480,1845074,1845074,1.24011
-,11917117,741673,10795529,7471201,-1,379914,0,1,0,0,-1,-1,-1,-1
+,11928517,6390136,11480479,9078364,286113,-1,1,0,0,0,-1,-1,-1,-1
+,11928517,8506137,11480479,11194365,2402114,-1,1,0,0,0,-1,-1,-1,-1
+,11938681,6077576,11438347,9079580,643237,-1,1,0,0,0,-1,-1,-1,-1
+,11938681,7793105,11438347,10795109,2358766,-1,1,0,0,0,-1,-1,-1,-1
-,11943917,768473,10795529,7658801,-1,379914,0,1,6,0,1174932,406459,406459,0.408368
-,11945831,357517,11019367,5916301,-1,568946,0,1,4,0,1619112,1261595,1261595,0.844877
+,11951591,2706450,11084089,7911462,2032385,-1,1,0,4,0,3276775,570325,570325,0.763513
+,11951591,3846691,11084089,9051703,3172626,-1,1,0,4,0,3487158,359533,359533,0.481319
+,11954851,1230589,10724591,8612149,5269118,-1,1,0,2,0,731239,499350,499350,0.167079
+,11961797,7973911,11646143,9867835,115616,-1,1,0,0,0,-1,-1,-1,-1
+,11961797,9636602,11646143,11530526,1778307,-1,1,0,0,0,-1,-1,-1,-1
+,11984789,21790,10315927,10034962,9732207,-1,1,0,0,0,-1,-1,-1,-1
+,11992139,96379,10366199,9852019,9241460,-1,1,0,4,0,621159,524780,524780,0.350083
+,11994397,4379412,11352049,8233500,735539,-1,1,0,0,0,-1,-1,-1,-1
+,11994397,6762421,11352049,10616509,3118548,-1,1,0,0,0,-1,-1,-1,-1
-,11994677,269577,11197579,5052165,-1,527520,0,1,2,0,2918501,2648924,2648924,0.883367
-,12005099,677299,10810489,7844959,-1,517310,0,1,0,0,-1,-1,-1,-1
-,12006893,308681,10352413,10235561,-1,1345798,0,1,2,0,695934,387253,387253,0.12901
+,12008533,1322539,10501921,10362211,8899962,-1,1,0,0,0,-1,-1,-1,-1
-,12011789,1164206,10750763,8730362,-1,96819,0,1,0,0,-1,-1,-1,-1
+,12028487,1032976,10798717,8411596,4991499,-1,1,0,0,0,-1,-1,-1,-1
+,12037271,1352105,11130989,6789797,1096500,-1,1,0,0,0,-1,-1,-1,-1
+,12037271,4596796,11130989,10034488,4341191,-1,1,0,0,0,-1,-1,-1,-1
+,12043501,4888121,11369951,8929421,1600770,-1,1,0,2,0,2395431,2492690,2492690,1.65579
+,12043501,5727880,11369951,9769180,2440529,-1,1,0,2,0,2395431,3332449,3332449,2.21361
+,12044141,7268050,11666749,9532402,130005,-1,1,0,0,0,-1,-1,-1,-1
+,12044141,9272391,11666749,11536743,2134346,-1,1,0,0,0,-1,-1,-1,-1
-,12050777,713173,10692397,8863453,-1,645206,0,1,4,0,311282,401891,401891,0.266798
+,12051409,4175816,11331689,8494136,1480767,-1,1,0,0,0,-1,-1,-1,-1
+,12051409,5532601,11331689,9850921,2837552,-1,1,0,0,0,-1,-1,-1,-1
+,12053243,3417464,11385811,7422056,40837,-1,1,0,0,0,-1,-1,-1,-1
+,12053243,7340381,11385811,11344973,3963754,-1,1,0,0,0,-1,-1,-1,-1
+,12055577,2170372,11091343,7955776,2649837,-1,1,0,0,0,-1,-1,-1,-1
+,12055577,2656101,11091343,8441505,3135566,-1,1,0,0,0,-1,-1,-1,-1
+,12064603,788323,11097157,6592999,1300518,-1,1,0,0,0,-1,-1,-1,-1
+,12064603,3991962,11097157,9796638,4504157,-1,1,0,0,0,-1,-1,-1,-1
+,12074431,2078715,10826243,9567843,6230728,-1,1,0,2,0,2189719,111004,111004,0.0367732
+,12076871,203884,10681633,8575312,6265107,-1,1,0,0,0,-1,-1,-1,-1
+,12076991,181397,10397809,10256489,9933772,-1,1,0,4,0,3198242,3016845,3016845,1.99841
-,12077347,496052,11178247,5890652,-1,403047,0,1,0,0,-1,-1,-1,-1
+,12077491,2564808,10879487,9752832,6061369,-1,1,0,0,0,-1,-1,-1,-1
-,12081973,976745,10944319,7802669,-1,160908,0,1,0,0,-1,-1,-1,-1
-,12102329,22348,11825617,1682620,-1,254363,0,1,0,0,-1,-1,-1,-1
+,12106573,3166328,10950613,10102088,6087235,-1,1,0,0,0,-1,-1,-1,-1
+,12107203,2483982,11270899,7501806,1248731,-1,1,0,4,0,78373,2405609,2405609,3.17908
+,12107203,5004343,11270899,10022167,3769092,-1,1,0,4,0,78373,4925970,4925970,6.5098
+,12113251,7746579,11688539,10294851,1154584,-1,1,0,4,0,9236515,1489936,1489936,1.96801
+,12113251,7985682,11688539,10533954,1393687,-1,1,0,4,0,9236515,1250833,1250833,1.65218
+,12135103,1264704,10716253,9777804,7574651,-1,1,0,0,0,-1,-1,-1,-1
-,12137969,324162,11038319,6922062,-1,775487,0,1,2,0,4212322,3888160,3888160,1.28132
+,12138163,1996063,10778429,10154467,7534442,-1,1,0,0,0,-1,-1,-1,-1
-,12141011,884112,10796299,8952384,-1,460599,0,1,0,0,-1,-1,-1,-1
+,12144637,1527207,10691533,10245831,8272922,-1,1,0,2,0,4668114,3140907,3140907,1.0345
+,12149383,2927114,10896307,10445570,7067719,-1,1,0,2,0,3345646,418532,418532,0.137795
+,12161711,2259972,11232409,7835784,2179187,-1,1,0,4,0,2229156,30816,30816,0.0405417
+,12161711,3477409,11232409,9053221,3396624,-1,1,0,4,0,2485799,991610,991610,1.30457
+,12185351,1372062,11293741,6721722,777641,-1,1,0,0,0,-1,-1,-1,-1
+,12185351,5166439,11293741,10516099,4572018,-1,1,0,0,0,-1,-1,-1,-1
+,12187661,3709968,11107277,10192272,5567299,-1,1,0,0,0,-1,-1,-1,-1
+,12194971,8959969,11906417,10691293,516200,-1,1,0,0,0,-1,-1,-1,-1
+,12194971,9658892,11906417,11390216,1215123,-1,1,0,0,0,-1,-1,-1,-1
-,12195179,172671,10986407,7425303,-1,1036100,0,1,2,0,5509200,5336529,5336529,1.75037
+,12201491,3540869,11397931,8362229,1785658,-1,1,0,4,0,4799452,1258583,1258583,1.6504
+,12201491,4790912,11397931,9612272,3035701,-1,1,0,4,0,4799452,8540,8540,0.0111986
+,12215101,2949851,10936487,10621535,7356732,-1,1,0,0,0,-1,-1,-1,-1
+,12227197,4481499,11178247,10775199,5890652,-1,1,0,0,0,-1,-1,-1,-1
-,12227837,11670,12052717,1062390,-1,163449,0,1,0,0,-1,-1,-1,-1
+,12240719,2000985,10836257,10427757,8018272,-1,1,0,0,0,-1,-1,-1,-1
-,12241837,86760,10672219,9504468,-1,1482857,0,1,0,0,-1,-1,-1,-1
+,12243323,2830715,11044261,10025087,6175198,-1,1,0,4,0,4551113,1720398,1720398,1.12414
+,12262021,5896142,11679029,9394094,1213017,-1,1,0,0,0,-1,-1,-1,-1
+,12262021,6968059,11679029,10466011,2284934,-1,1,0,0,0,-1,-1,-1,-1
+,12270367,3171208,11040707,10549168,6886421,-1,1,0,2,0,2026955,1144253,1144253,0.373013
-,12272857,459985,11078929,7623553,-1,733942,0,1,0,0,-1,-1,-1,-1
-,12278317,204805,11516707,4774465,-1,556804,0,1,2,0,2749806,2545001,2545001,0.829104
+,12280943,1836334,11321801,7591186,2024237,-1,1,0,0,0,-1,-1,-1,-1
+,12280943,3542711,11321801,9297563,3730614,-1,1,0,0,0,-1,-1,-1,-1
+,12285503,4317647,11575507,8577623,1262092,-1,1,0,2,0,3672022,645625,645625,0.420414
+,12285503,6053438,11575507,10313414,2997883,-1,1,0,2,0,3672022,2381416,2381416,1.55072
+,12294497,1362796,11037671,8903752,5407037,-1,1,0,0,0,-1,-1,-1,-1
-,12294913,555153,10780051,9644325,-1,959708,0,1,0,0,-1,-1,-1,-1
-,12299597,672038,11295617,6695918,-1,331941,0,1,2,0,1617827,945789,945789,0.307584
+,12300151,508607,10833983,9305615,7268640,-1,1,0,0,0,-1,-1,-1,-1
+,12302959,1701337,10867139,10316257,8064038,-1,1,0,0,0,-1,-1,-1,-1
+,12306331,2206015,11150639,9140167,4923680,-1,1,0,0,0,-1,-1,-1,-1
+,12306967,6855707,11853689,9575375,441354,-1,1,0,0,0,-1,-1,-1,-1
+,12306967,8692666,11853689,11412334,2278313,-1,1,0,0,0,-1,-1,-1,-1
+,12308861,3217297,11522653,7934545,1129140,-1,1,0,4,0,997400,2219897,2219897,2.88559
+,12308861,5676264,11522653,10393512,3588107,-1,1,0,4,0,997400,4678864,4678864,6.08195
+,12312799,1476456,11247751,7866744,3009281,-1,1,0,2,0,2910174,1433718,1433718,0.93153
+,12312799,1848181,11247751,8238469,3381006,-1,1,0,2,0,2910174,1061993,1061993,0.690009
-,12321053,525767,11357329,6308111,-1,437956,0,1,0,0,-1,-1,-1,-1
+,12329279,2779598,11483323,7855334,1447747,-1,1,0,0,0,-1,-1,-1,-1
+,12329279,4959839,11483323,10035575,3627988,-1,1,0,0,0,-1,-1,-1,-1
-,12329671,668457,10724377,10300221,-1,936836,0,1,0,0,-1,-1,-1,-1
+,12332963,5394511,11745289,8920555,701310,-1,1,0,0,0,-1,-1,-1,-1
+,12332963,7517934,11745289,11043978,2824733,-1,1,0,0,0,-1,-1,-1,-1
-,12337471,916468,11005301,8909488,-1,415701,0,1,2,0,19386,897082,897082,0.290848
-,12338731,791270,11503837,5800634,-1,43623,0,1,2,0,3646168,2854898,2854898,0.925508
+,12339517,3328773,11529863,8186697,1514758,-1,1,0,2,0,2106548,1222225,1222225,0.792397
+,12339517,5157180,11529863,10015104,3343165,-1,1,0,2,0,2106548,3050632,3050632,1.9778
-,12343007,683971,11290393,6999655,-1,368642,0,1,0,0,-1,-1,-1,-1
-,12347453,839484,11009407,8867760,-1,498561,0,1,0,0,-1,-1,-1,-1
+,12349697,9930072,12121469,11299440,547339,-1,1,0,2,0,9902330,27742,27742,0.017971
+,12349697,10204761,12121469,11574129,822028,-1,1,0,2,0,9902330,302431,302431,0.195912
-,12351659,1266191,10996471,9397319,-1,88996,0,1,0,0,-1,-1,-1,-1
+,12351803,930472,11376437,6782668,1258427,-1,1,0,0,0,-1,-1,-1,-1
+,12351803,4265813,11376437,10118009,4593768,-1,1,0,0,0,-1,-1,-1,-1
-,12364669,204529,10639571,10555117,-1,1520568,0,1,2,0,1459955,1255426,1255426,0.406133
+,12367897,3540632,11116939,11046380,7435189,-1,1,0,0,0,-1,-1,-1,-1
+,12389383,2771090,11648509,7216334,13069,-1,1,0,0,0,-1,-1,-1,-1
+,12389383,7190195,11648509,11635439,4432174,-1,1,0,0,0,-1,-1,-1,-1
-,12391607,377278,11833609,3725266,-1,180719,0,1,2,0,3823404,3446126,3446126,1.11241
+,12392137,114928,10939337,8831728,6609191,-1,1,0,0,0,-1,-1,-1,-1
+,12408223,251047,11196299,7522591,3597836,-1,1,0,0,0,-1,-1,-1,-1
+,12408223,326918,11196299,7598462,3673707,-1,1,0,0,0,-1,-1,-1,-1
+,12439331,8460472,12126403,10338040,89205,-1,1,0,2,0,7639439,821033,821033,0.528024
+,12439331,10159629,12126403,12037197,1788362,-1,1,0,2,0,7639439,2520190,2520190,1.62079
-,12452303,247053,11974813,3111993,-1,230436,0,1,0,0,-1,-1,-1,-1
+,12455749,3524429,11386159,9941969,4973350,-1,1,0,0,0,-1,-1,-1,-1
+,12458969,3633602,11746283,7909718,439551,-1,1,0,4,0,5371198,1737596,1737596,2.23145
+,12458969,7030615,11746283,11306731,3836564,-1,1,0,4,0,7087770,57155,57155,0.0733993
-,12463267,1185659,11045171,9694235,-1,232436,0,1,4,0,2731457,1545798,1545798,0.992227
-,12471227,899619,11009611,9669315,-1,561996,0,1,2,0,4681934,3782315,3782315,1.21313
+,12476021,550979,11370353,7184987,2448642,-1,1,0,4,0,3958168,3407189,3407189,4.36958
+,12476021,2287702,11370353,8921710,4185365,-1,1,0,4,0,3958168,1670466,1670466,2.14231
+,12485287,2965629,11176133,10820553,7499344,-1,1,0,0,0,-1,-1,-1,-1
+,12489857,34874,11115409,8281562,5412841,-1,1,0,2,0,3349913,3315039,3315039,1.06167
+,12506869,1367224,11226931,9046852,5499549,-1,1,0,0,0,-1,-1,-1,-1
+,12515639,5249894,11909851,8884622,609499,-1,1,0,2,0,3932768,1317126,1317126,0.841907
+,12515639,7665623,11909851,11300351,3025228,-1,1,0,2,0,8582870,917247,917247,0.586305
-,12545633,1329173,11108389,9952637,-1,108070,0,1,0,0,-1,-1,-1,-1
-,12547417,695739,11685899,5864847,-1,165778,0,1,2,0,495889,199850,199850,0.0637103
-,12554809,69686,11795981,4622654,-1,689141,0,1,0,0,-1,-1,-1,-1
-,12559739,801669,10892267,10806501,-1,865802,0,1,0,0,-1,-1,-1,-1
+,12562981,3732203,11472403,10275671,5346736,-1,1,0,0,0,-1,-1,-1,-1
-,12574649,240488,12023059,3550028,-1,311101,0,1,0,0,-1,-1,-1,-1
+,12575317,2426250,11359753,9719634,5653265,-1,1,0,4,0,2682882,256632,256632,0.163261
+,12576371,1730156,11659253,7232864,1076319,-1,1,0,0,0,-1,-1,-1,-1
+,12576371,5080225,11659253,10582933,4426388,-1,1,0,0,0,-1,-1,-1,-1
-,12588661,297519,12145801,2954679,-1,145340,0,1,2,0,2094176,1796657,1796657,0.570881
+,12589939,68694,11040431,9365742,7622359,-1,1,0,0,0,-1,-1,-1,-1
-,12607513,164827,12373591,1568359,-1,69094,0,1,0,0,-1,-1,-1,-1
+,12612571,997701,11595007,7103085,1613462,-1,1,0,0,0,-1,-1,-1,-1
+,12612571,3876160,11595007,9981544,4491921,-1,1,0,0,0,-1,-1,-1,-1
+,12626651,4451912,11510501,11148812,6335211,-1,1,0,0,0,-1,-1,-1,-1
+,12644561,1806949,11123471,10933489,8936558,-1,1,0,0,0,-1,-1,-1,-1
+,12654539,4392184,11551081,11012932,6082599,-1,1,0,0,0,-1,-1,-1,-1
+,12656713,3102448,11913721,7560400,104631,-1,1,0,0,0,-1,-1,-1,-1
+,12656713,7351137,11913721,11809089,4353320,-1,1,0,0,0,-1,-1,-1,-1
+,12682877,4348509,11881747,9155289,2080322,-1,1,0,0,0,-1,-1,-1,-1
+,12682877,4994644,11881747,9801424,2726457,-1,1,0,0,0,-1,-1,-1,-1
-,12693859,607209,11318603,8858745,-1,768046,0,1,0,0,-1,-1,-1,-1
+,12709919,6736589,12221399,9667709,377430,-1,1,0,2,0,11690824,4954235,4954235,3.11834
+,12709919,8912848,12221399,11843968,2553689,-1,1,0,2,0,11690824,2777976,2777976,1.74854
+,12718523,1920176,11531029,9045140,4639075,-1,1,0,4,0,2842411,922235,922235,0.580089
-,12720593,993406,11512547,8241682,-1,214639,0,1,2,0,6138919,5145513,5145513,1.61801
+,12727909,2096405,11541427,9215297,4792762,-1,1,0,2,0,5076575,2980170,2980170,0.936578
+,12736369,2932688,11560441,9988256,5483383,-1,1,0,4,0,2250080,682608,682608,0.428761
-,12752659,2579,10979537,10641311,-1,1770542,0,1,0,0,-1,-1,-1,-1
-,12755107,1440357,11314007,10086957,-1,742,0,1,0,0,-1,-1,-1,-1
+,12758029,4446230,11943359,9334250,2278911,-1,1,0,0,0,-1,-1,-1,-1
+,12758029,4776427,11943359,9664447,2609108,-1,1,0,0,0,-1,-1,-1,-1
+,12762667,8950556,12428771,10953932,528537,-1,1,0,0,0,-1,-1,-1,-1
+,12762667,9896857,12428771,11900233,1474838,-1,1,0,0,0,-1,-1,-1,-1
-,12771511,1034698,11301707,9853522,-1,435105,0,1,2,0,1200770,166072,166072,0.0520133
+,12773011,3199871,11632121,10045211,5258430,-1,1,0,4,0,2994961,204910,204910,0.128339
-,12774491,340633,11874977,5737717,-1,558880,0,1,2,0,411334,70701,70701,0.0221382
+,12774893,5696211,12120737,9621147,1425346,-1,1,0,0,0,-1,-1,-1,-1
+,12774893,6770454,12120737,10695390,2499589,-1,1,0,0,0,-1,-1,-1,-1
-,12775951,727235,11151839,10471907,-1,896876,0,1,0,0,-1,-1,-1,-1
-,12784921,1358272,11385811,9752932,-1,40837,0,1,0,0,-1,-1,-1,-1
+,12785593,2696097,11351833,11298657,8549384,-1,1,0,0,0,-1,-1,-1,-1
+,12790639,388355,11391271,8784563,5789500,-1,1,0,2,0,1505875,1117520,1117520,0.349481
+,12802417,494210,11095963,10732934,9875695,-1,1,0,0,0,-1,-1,-1,-1
-,12807677,7707,11957249,5110275,-1,842720,0,1,2,0,1152950,1145243,1145243,0.357674
+,12822451,2889706,11893879,8461138,2138691,-1,1,0,0,0,-1,-1,-1,-1
+,12822451,4183755,11893879,9755187,3432740,-1,1,0,0,0,-1,-1,-1,-1
+,12823703,5158641,12116081,9404373,1534024,-1,1,0,2,0,5118101,40540,40540,0.0252907
+,12823703,6336324,12116081,10582056,2711707,-1,1,0,2,0,5118101,1218223,1218223,0.759982
+,12825713,4008088,11681729,10871992,6054167,-1,1,0,4,0,4932854,924766,924766,0.57682
+,12842813,4246831,11616481,11604823,7346334,-1,1,0,2,0,2337454,1909377,1909377,0.594691
+,12850597,4795810,11794301,11133586,5677061,-1,1,0,0,0,-1,-1,-1,-1
+,12852919,10920079,12661183,12070495,559728,-1,1,0,0,0,-1,-1,-1,-1
+,12852919,10951038,12661183,12101454,590687,-1,1,0,0,0,-1,-1,-1,-1
+,12882973,12072708,12817907,12463104,35593,-1,1,0,0,0,-1,-1,-1,-1
+,12882973,12391917,12817907,12782313,354802,-1,1,0,0,0,-1,-1,-1,-1
+,12885797,6594045,12328117,9940125,958088,-1,1,0,2,0,12411390,5817345,5817345,3.61163
+,12885797,8023948,12328117,11370028,2387991,-1,1,0,2,0,12411390,4387442,4387442,2.72389
-,12886553,373323,12381037,3406419,-1,132192,0,1,0,0,-1,-1,-1,-1
+,12891251,199921,11717191,7244281,2571450,-1,1,0,0,0,-1,-1,-1,-1
+,12891251,2101380,11717191,9145740,4472909,-1,1,0,0,0,-1,-1,-1,-1
-,12892937,729643,11869409,6870811,-1,293884,0,1,0,0,-1,-1,-1,-1
+,12897559,33255,11777867,6751407,1691692,-1,1,0,0,0,-1,-1,-1,-1
+,12897559,3368022,11777867,10086174,5026459,-1,1,0,0,0,-1,-1,-1,-1
+,12901787,1476997,11856239,7750285,2167334,-1,1,0,2,0,1673186,196189,196189,0.121651
+,12901787,3415616,11856239,9688904,4105953,-1,1,0,2,0,1673186,1742430,1742430,1.08043
+,12904337,592333,11623669,8276341,4336680,-1,1,0,2,0,4570512,3978179,3978179,1.23313
-,12917089,21792,12710359,1262172,-1,184937,0,1,0,0,-1,-1,-1,-1
+,12929087,629820,11396699,9824148,7621777,-1,1,0,10,0,481112,148708,148708,0.230036
+,12954841,505078,11458021,9485998,7008897,-1,1,0,2,0,3657188,3152110,3152110,0.973261
-,12957467,884697,11635297,8817717,-1,437472,0,1,0,0,-1,-1,-1,-1
+,12961681,5473813,12374603,8996281,144146,-1,1,0,0,0,-1,-1,-1,-1
+,12961681,8707988,12374603,12230456,3378321,-1,1,0,0,0,-1,-1,-1,-1
+,12964921,1481455,11533721,10068655,7122134,-1,1,0,0,0,-1,-1,-1,-1
+,12970961,5576804,12378559,9131216,307069,-1,1,0,0,0,-1,-1,-1,-1
+,12970961,8517077,12378559,12071489,3247342,-1,1,0,0,0,-1,-1,-1,-1
+,12971797,12164198,12908639,12543146,13455,-1,1,0,0,0,-1,-1,-1,-1
+,12971797,12516235,12908639,12895183,365492,-1,1,0,0,0,-1,-1,-1,-1
-,12976511,499173,12023651,6216333,-1,453686,0,1,0,0,-1,-1,-1,-1
+,12983207,8037454,12492511,10981630,1433295,-1,1,0,0,0,-1,-1,-1,-1
+,12983207,8115039,12492511,11059215,1510880,-1,1,0,0,0,-1,-1,-1,-1
+,12985747,9344755,12698383,11068939,94740,-1,1,0,6,0,9644219,299464,299464,0.553463
+,12985747,10879458,12698383,12603642,1629443,-1,1,0,6,0,11668974,789516,789516,1.45917
+,12988543,3715763,12235199,8235827,520692,-1,1,0,0,0,-1,-1,-1,-1
+,12988543,7194442,12235199,11714506,3999371,-1,1,0,0,0,-1,-1,-1,-1
+,13005637,2174622,11517529,11103270,8514389,-1,1,0,0,0,-1,-1,-1,-1
+,13009561,6255065,12471289,9484697,243040,-1,1,0,4,0,3307068,2947997,2947997,3.62564
+,13009561,8998616,12471289,12228248,2986591,-1,1,0,4,0,9702492,703876,703876,0.865672
+,13010923,2816332,11703947,10658188,6796097,-1,1,0,2,0,2904825,88493,88493,0.0272058
+,13021909,6318943,12476447,9591715,388040,-1,1,0,2,0,3603782,2715161,2715161,1.66806
+,13021909,8815634,12476447,12088406,2884731,-1,1,0,2,0,9418126,602492,602492,0.370141
+,13022861,1048806,11586413,9667494,6699769,-1,1,0,2,0,4218051,3169245,3169245,0.97344
+,13045999,2250794,12022697,8390606,2507721,-1,1,0,0,0,-1,-1,-1,-1
+,13045999,3375163,12022697,9514975,3632090,-1,1,0,0,0,-1,-1,-1,-1
+,13051141,538586,11609789,9186698,6225021,-1,1,0,2,0,4272737,3734151,3734151,1.14447
+,13098763,7636639,12556477,10890355,1587594,-1,1,0,0,0,-1,-1,-1,-1
+,13098763,7715166,12556477,10968882,1666121,-1,1,0,0,0,-1,-1,-1,-1
-,13111237,570427,11962243,7464391,-1,578566,0,1,4,0,1349022,778595,778595,0.47507
-,13112443,677649,11594347,9786225,-1,840446,0,1,0,0,-1,-1,-1,-1
+,13120411,3265021,11715413,11695009,8409584,-1,1,0,0,0,-1,-1,-1,-1
-,13123169,9565,11688839,8615545,-1,1424764,0,1,2,0,4356390,4346825,4346825,1.32493
+,13131959,9743033,12816017,11638685,718320,-1,1,0,2,0,9723861,19172,19172,0.0116796
+,13131959,10202044,12816017,12097696,1177331,-1,1,0,2,0,9723861,478183,478183,0.291309
-,13133321,1191895,11877529,8726647,-1,63896,0,1,0,0,-1,-1,-1,-1
+,13135321,4899944,12023651,11569964,6216333,-1,1,0,2,0,3145878,1754066,1754066,0.534152
+,13138369,264398,11314081,11210126,10841773,-1,1,0,0,0,-1,-1,-1,-1
+,13142147,5955939,12436069,10192407,1992806,-1,1,0,0,0,-1,-1,-1,-1
+,13142147,6206794,12436069,10443262,2243661,-1,1,0,0,0,-1,-1,-1,-1
-,13144597,25673,11724551,8545949,-1,1394372,0,1,4,0,1367608,1341935,1341935,0.816722
+,13156043,3338744,11989687,10336880,5345329,-1,1,0,2,0,792864,2545880,2545880,0.774056
+,13162553,2713198,11702861,11471350,8526641,-1,1,0,2,0,3853919,1140721,1140721,0.346656
+,13164803,2575191,12216541,8264763,1737794,-1,1,0,2,0,6405820,3830629,3830629,2.3278
+,13164803,4789174,12216541,10478746,3951777,-1,1,0,2,0,6405820,1616646,1616646,0.982405
+,13166719,2707108,12232169,8314408,1689539,-1,1,0,2,0,2887081,179973,179973,0.10935
+,13166719,4935329,12232169,10542629,3917760,-1,1,0,2,0,2887081,2048248,2048248,1.2445
-,13169249,841923,12148511,6966351,-1,178814,0,1,2,0,876993,35070,35070,0.0106521
+,13172099,2234795,12263893,7684031,869374,-1,1,0,0,0,-1,-1,-1,-1
+,13172099,5945282,12263893,11394518,4579861,-1,1,0,0,0,-1,-1,-1,-1
+,13189417,2037899,11797543,10389143,6942844,-1,1,0,0,0,-1,-1,-1,-1
+,13205099,4179917,12031343,11222453,6233646,-1,1,0,0,0,-1,-1,-1,-1
+,13216249,1870577,12116977,8466209,2944864,-1,1,0,0,0,-1,-1,-1,-1
+,13216249,2576480,12116977,9172112,3650767,-1,1,0,0,0,-1,-1,-1,-1
+,13218649,8491527,12770503,11180403,1098776,-1,1,0,0,0,-1,-1,-1,-1
+,13218649,8982850,12770503,11671726,1590099,-1,1,0,0,0,-1,-1,-1,-1
-,13219441,1392145,11548291,11419045,-1,279004,0,1,0,0,-1,-1,-1,-1
+,13220609,2563952,11989687,9949484,5345329,-1,1,0,0,0,-1,-1,-1,-1
+,13224713,594371,11808917,9089147,5775006,-1,1,0,2,0,4495601,3901230,3901230,1.17998
+,13229189,2706701,11819531,11164649,7803066,-1,1,0,0,0,-1,-1,-1,-1
+,13233239,212329,11408129,11162989,10705520,-1,1,0,4,0,1489314,1276985,1276985,0.771986
+,13236547,10004780,12953651,11702156,445881,-1,1,0,0,0,-1,-1,-1,-1
+,13236547,10810393,12953651,12507769,1251494,-1,1,0,0,0,-1,-1,-1,-1
-,13258199,1226215,12014371,8689183,-1,17612,0,1,2,0,5026721,3800506,3800506,1.14661
-,13259737,1093878,11871689,9422166,-1,294169,0,1,2,0,515762,578116,578116,0.174397
+,13272943,274755,12231547,6523131,539960,-1,1,0,0,0,-1,-1,-1,-1
+,13272943,5443210,12231547,11691586,5708415,-1,1,0,0,0,-1,-1,-1,-1
+,13274717,5659428,12527059,10145376,2104265,-1,1,0,0,0,-1,-1,-1,-1
+,13274717,5936845,12527059,10422793,2381682,-1,1,0,0,0,-1,-1,-1,-1
+,13279169,1182550,11903933,9433966,5781449,-1,1,0,2,0,87173,1095377,1095377,0.329953
+,13280921,581612,11824487,9320216,6234333,-1,1,0,2,0,581892,280,280,8.43315e-05
+,13282733,3875600,12135899,10756604,5501709,-1,1,0,2,0,2370011,1505589,1505589,0.453397
+,13284883,1684473,12203623,8172033,2455970,-1,1,0,0,0,-1,-1,-1,-1
+,13284883,3260092,12203623,9747652,4031589,-1,1,0,0,0,-1,-1,-1,-1
+,13286989,487086,12032333,8015022,3510625,-1,1,0,0,0,-1,-1,-1,-1
+,13286989,993771,12032333,8521707,4017310,-1,1,0,0,0,-1,-1,-1,-1
+,13288631,1773741,11724997,11155545,8812352,-1,1,0,0,0,-1,-1,-1,-1
-,13298563,198177,11927291,8425809,-1,1173094,0,1,0,0,-1,-1,-1,-1
+,13318889,2172203,12274321,8439611,2432698,-1,1,0,2,0,5054884,2882681,2882681,1.73148
+,13318889,3574214,12274321,9841622,3834709,-1,1,0,2,0,5054884,1480670,1480670,0.889365
+,13335533,9940780,13041103,11707360,432837,-1,1,0,0,0,-1,-1,-1,-1
+,13335533,10841685,13041103,12608265,1333742,-1,1,0,0,0,-1,-1,-1,-1
+,13340737,2200339,12400601,7841155,1081370,-1,1,0,0,0,-1,-1,-1,-1
+,13340737,5678414,12400601,11319230,4559445,-1,1,0,0,0,-1,-1,-1,-1
+,13341323,949021,11696341,10818913,8992464,-1,1,0,4,0,4229638,3280617,3280617,1.96719
+,13343257,7612615,12858337,10522135,573318,-1,1,0,2,0,12492787,4880172,4880172,2.92593
+,13343257,9375498,12858337,12285018,2336201,-1,1,0,2,0,12492787,3117289,3117289,1.86898
-,13344203,233576,11492981,11340908,-1,1617645,0,1,2,0,4154402,3920826,3920826,1.17529
+,13348277,702792,12303589,6970920,935459,-1,1,0,2,0,2103389,1400597,1400597,0.839417
+,13348277,5100001,12303589,11368129,5332668,-1,1,0,2,0,2103389,2996612,2996612,1.79595
+,13353877,9050752,12952631,11458228,913073,-1,1,0,2,0,10625106,1574354,1574354,0.943159
+,13353877,9632081,12952631,12039557,1494402,-1,1,0,2,0,10625106,993025,993025,0.594898
+,13359961,3845336,12480089,9124568,1923711,-1,1,0,0,0,-1,-1,-1,-1
+,13359961,5277145,12480089,10556377,3355520,-1,1,0,0,0,-1,-1,-1,-1
+,13394467,2269063,12424231,8090479,1487664,-1,1,0,2,0,2251058,18005,18005,0.0107537
+,13394467,5115150,12424231,10936566,4333751,-1,1,0,2,0,2251058,2864092,2864092,1.71061
-,13399819,579281,12476531,6119009,-1,344006,0,1,2,0,4916705,4337424,4337424,1.29477
+,13408729,4628494,12231547,11691586,6523131,-1,1,0,0,0,-1,-1,-1,-1
+,13413077,6198436,12783401,9976492,971147,-1,1,0,0,0,-1,-1,-1,-1
+,13413077,8034197,12783401,11812253,2806908,-1,1,0,0,0,-1,-1,-1,-1
+,13413461,7918209,12988069,10470561,34844,-1,1,0,0,0,-1,-1,-1,-1
+,13413461,10400872,12988069,12953224,2517507,-1,1,0,0,0,-1,-1,-1,-1
+,13425751,11467916,13270259,12400868,63561,-1,1,0,0,0,-1,-1,-1,-1
+,13425751,12273745,13270259,13206697,869390,-1,1,0,0,0,-1,-1,-1,-1
+,13447853,1404035,12345559,8017799,2286004,-1,1,0,2,0,5344318,3940283,3940283,2.34404
+,13447853,3445790,12345559,10059554,4327759,-1,1,0,2,0,5344318,1898528,1898528,1.12942
+,13467821,535382,11820791,10417562,8478951,-1,1,0,0,0,-1,-1,-1,-1
-,13473001,760360,12256987,8056444,-1,455653,0,1,2,0,2235276,1474916,1474916,0.437888
+,13479779,2950655,12501043,8823071,2194444,-1,1,0,4,0,2291270,659385,659385,0.782666
+,13479779,4434182,12501043,10306598,3677971,-1,1,0,4,0,3713608,720574,720574,0.855295
+,13487081,2927825,12023059,11711957,8473030,-1,1,0,2,0,5336111,2408286,2408286,0.71425
-,13491613,703652,12754559,5125976,-1,33401,0,1,0,0,-1,-1,-1,-1
-,13495723,166011,12931111,3553683,-1,398600,0,1,4,0,4999029,4833018,4833018,2.86492
+,13517213,1849170,12028531,10781262,7684823,-1,1,0,0,0,-1,-1,-1,-1
+,13517593,1760259,11881781,11575131,9508222,-1,1,0,0,0,-1,-1,-1,-1
+,13529101,1957226,12018059,11023478,8071671,-1,1,0,0,0,-1,-1,-1,-1
+,13530893,2124063,12093833,10746423,7274950,-1,1,0,0,0,-1,-1,-1,-1
+,13536073,1712505,12087847,10401861,7003370,-1,1,0,0,0,-1,-1,-1,-1
+,13551947,6295365,12918287,10097325,980998,-1,1,0,0,0,-1,-1,-1,-1
+,13551947,8135328,12918287,11937288,2820961,-1,1,0,0,0,-1,-1,-1,-1
+,13568161,195562,12238607,8172886,3911603,-1,1,0,0,0,-1,-1,-1,-1
+,13568161,349679,12238607,8327003,4065720,-1,1,0,0,0,-1,-1,-1,-1
-,13577719,561451,12736817,5606863,-1,279450,0,1,2,0,3370260,2808809,2808809,0.827476
+,13601239,846571,12098173,9864967,6785190,-1,1,0,0,0,-1,-1,-1,-1
+,13605101,2497005,12338509,10096557,5357600,-1,1,0,0,0,-1,-1,-1,-1
+,13606741,3077678,12600143,9117266,2556711,-1,1,0,0,0,-1,-1,-1,-1
+,13606741,4003843,12600143,10043431,3482876,-1,1,0,0,0,-1,-1,-1,-1
+,13615109,1865244,12652027,7643736,770201,-1,1,0,0,0,-1,-1,-1,-1
+,13615109,6103333,12652027,11881825,5008290,-1,1,0,0,0,-1,-1,-1,-1
+,13621319,3461749,12303589,11368129,6970920,-1,1,0,2,0,6516918,3055169,3055169,0.897173
+,13625543,9275057,13271213,11401037,255804,-1,1,0,0,0,-1,-1,-1,-1
+,13625543,10889428,13271213,13015408,1870175,-1,1,0,0,0,-1,-1,-1,-1
-,13625699,137160,12516701,6791148,-1,971837,0,1,0,0,-1,-1,-1,-1
-,13628827,437924,12254923,8681348,-1,935979,0,1,0,0,-1,-1,-1,-1
-,13634557,971997,12178627,9707577,-1,483932,0,1,0,0,-1,-1,-1,-1
+,13637501,5261205,12930739,9501777,811610,-1,1,0,2,0,329119,4932086,4932086,2.89325
+,13637501,7878556,12930739,12119128,3428961,-1,1,0,2,0,13308381,5429825,5429825,3.18523
+,13660547,3040832,12235957,11588372,7899955,-1,1,0,0,0,-1,-1,-1,-1
-,13662211,797872,12779831,6092152,-1,84507,0,1,2,0,2497461,1699589,1699589,0.497603
+,13677151,2723258,12627917,9018662,2686149,-1,1,0,2,0,5748454,3025196,3025196,1.76949
+,13677151,3646363,12627917,9941767,3609254,-1,1,0,2,0,5748454,2102091,2102091,1.22955
-,13683179,1651204,12031703,11560060,-1,271,0,1,4,0,1967507,316303,316303,0.18493
+,13687343,2510992,12731413,8246572,1250739,-1,1,0,6,0,2451264,59728,59728,0.10473
+,13687343,5745093,12731413,11480673,4484840,-1,1,0,6,0,5694495,50598,50598,0.0887208
+,13711717,10269574,13444097,11875294,36917,-1,1,0,0,0,-1,-1,-1,-1
+,13711717,11801459,13444097,13407179,1568802,-1,1,0,0,0,-1,-1,-1,-1
+,13717289,3671900,12475181,11124548,6102015,-1,1,0,0,0,-1,-1,-1,-1
+,13723033,7448408,13144919,10917092,1240857,-1,1,0,0,0,-1,-1,-1,-1
+,13723033,8435377,13144919,11904061,2227826,-1,1,0,0,0,-1,-1,-1,-1
+,13737041,4139529,12388609,12230121,7932104,-1,1,0,0,0,-1,-1,-1,-1
-,13737593,529911,12458239,8206035,-1,749442,0,1,2,0,1006902,476991,476991,0.138886
+,13738937,377698,12228683,9439222,6272063,-1,1,0,0,0,-1,-1,-1,-1
+,13743263,1534416,12163577,11012532,8327071,-1,1,0,0,0,-1,-1,-1,-1
+,13743823,7219005,13183129,10583169,764204,-1,1,0,2,0,6943784,275221,275221,0.160201
+,13743823,9054760,13183129,12418924,2599959,-1,1,0,2,0,6943784,2110976,2110976,1.22876
+,13745461,1022249,12600449,7892321,2161944,-1,1,0,0,0,-1,-1,-1,-1
+,13745461,3568432,12600449,10438504,4708127,-1,1,0,0,0,-1,-1,-1,-1
+,13763551,42126,12128777,9850770,7530637,-1,1,0,0,0,-1,-1,-1,-1
+,13765183,5779208,13060823,10005368,1170705,-1,1,0,2,0,1910502,3868706,3868706,2.2484
+,13765183,7663957,13060823,11890117,3055454,-1,1,0,2,0,11854680,4190723,4190723,2.43555
-,13768631,378184,12122339,10255936,-1,1268107,0,1,0,0,-1,-1,-1,-1
+,13780831,1765906,12345169,10379878,6648681,-1,1,0,4,0,1985079,219173,219173,0.127234
+,13785869,2912378,12473207,10788350,6191115,-1,1,0,2,0,4439372,1526994,1526994,0.443061
-,13786037,1093636,12201283,10602160,-1,491117,0,1,0,0,-1,-1,-1,-1
-,13795601,518304,11952179,11578836,-1,1325117,0,1,2,0,982182,463878,463878,0.1345
+,13798277,2660588,12528407,10279808,5370621,-1,1,0,0,0,-1,-1,-1,-1
+,13800131,439150,12102637,10624114,8706441,-1,1,0,2,0,2309919,1870769,1870769,0.542247
+,13801849,2877896,12473119,10850276,6349537,-1,1,0,2,0,1576047,1301849,1301849,0.377297
+,13809557,281890,11947489,11454298,10679217,-1,1,0,0,0,-1,-1,-1,-1
-,13818043,434745,12262693,9766845,-1,1120604,0,1,0,0,-1,-1,-1,-1
+,13829297,3897629,12851591,9763865,2778510,-1,1,0,0,0,-1,-1,-1,-1
+,13829297,4206844,12851591,10073080,3087725,-1,1,0,0,0,-1,-1,-1,-1
-,13836601,41402,13635871,1245782,-1,159327,0,1,2,0,6728805,6687403,6687403,1.93325
+,13840357,3088591,12493699,11168539,6754788,-1,1,0,2,0,5539632,2451041,2451041,0.708375
+,13841431,3446480,12502181,11481980,7015299,-1,1,0,0,0,-1,-1,-1,-1
+,13847611,516305,12480647,8718089,4439226,-1,1,0,2,0,3670573,3154268,3154268,0.911137
+,13857691,3547657,12577963,11226025,6326430,-1,1,0,2,0,2698544,849113,849113,0.245095
+,13860001,1842197,12804107,8177561,1708818,-1,1,0,0,0,-1,-1,-1,-1
+,13860001,4759924,12804107,11095288,4626545,-1,1,0,0,0,-1,-1,-1,-1
-,13867333,195698,12997009,5417642,-1,674625,0,1,0,0,-1,-1,-1,-1
+,13867901,1985155,12765457,8599819,2449026,-1,1,0,2,0,5788322,3803167,3803167,2.19394
+,13867901,3701766,12765457,10316430,4165637,-1,1,0,2,0,5788322,2086556,2086556,1.20368
+,13874219,3342060,12831653,9597456,3021199,-1,1,0,2,0,4174946,832886,832886,0.48025
+,13874219,3555057,12831653,9810453,3234196,-1,1,0,2,0,4174946,619889,619889,0.357434
-,13879717,612243,12721529,7561371,-1,545944,0,1,4,0,206750,405493,405493,0.233718
+,13888009,4705763,13089481,9496931,1198618,-1,1,0,2,0,1323540,3382223,3382223,1.94828
+,13888009,7099694,13089481,11890862,3592549,-1,1,0,2,0,12564468,5464774,5464774,3.14791
+,13888939,199976,12418519,9022496,5426497,-1,1,0,0,0,-1,-1,-1,-1
-,13896877,589674,13048213,5681658,-1,258989,0,1,2,0,1211923,622249,622249,0.179105
+,13914193,3681803,13071823,8736023,718420,-1,1,0,0,0,-1,-1,-1,-1
+,13914193,7299182,13071823,12353402,4335799,-1,1,0,0,0,-1,-1,-1,-1
+,13918477,655299,12356731,10025775,7039520,-1,1,0,2,0,5884374,5229075,5229075,1.50277
+,13922863,3446127,12630587,11199783,6322852,-1,1,0,2,0,6778369,3332242,3332242,0.957344
-,13932521,243935,12284057,10134719,-1,1404528,0,1,2,0,5686646,5442711,5442711,1.56259
+,13937041,2857517,12625111,10729097,5975566,-1,1,0,4,0,2743890,113627,113627,0.065223
+,13946927,1224220,12709561,8648416,3363051,-1,1,0,0,0,-1,-1,-1,-1
+,13946927,1922313,12709561,9346509,4061144,-1,1,0,0,0,-1,-1,-1,-1
-,13948133,357762,13392989,3688626,-1,197381,0,1,0,0,-1,-1,-1,-1
-,13949633,1584202,12312959,11404246,-1,52471,0,1,0,0,-1,-1,-1,-1
-,13963909,278400,13585613,2548176,-1,99895,0,1,0,0,-1,-1,-1,-1
+,13978249,416208,12706139,8048868,2975389,-1,1,0,2,0,5598774,5182566,5182566,2.96607
+,13978249,2098089,12706139,9730749,4657270,-1,1,0,2,0,5598774,3500685,3500685,2.0035
+,13980277,267590,12071599,11719658,11100127,-1,1,0,2,0,3408908,3141318,3141318,0.898786
-,13982557,259380,12801829,7343748,-1,921347,0,1,0,0,-1,-1,-1,-1
+,13988941,7381242,13353491,11193942,1653151,-1,1,0,0,0,-1,-1,-1,-1
+,13988941,7887639,13353491,11700339,2159548,-1,1,0,0,0,-1,-1,-1,-1
+,13990747,3822448,13036313,9549052,2239343,-1,1,0,0,0,-1,-1,-1,-1
+,13990747,5070365,13036313,10796969,3487260,-1,1,0,0,0,-1,-1,-1,-1
+,14001709,40368,12442043,9398364,6314317,-1,1,0,2,0,2473941,2433573,2433573,0.695222
+,14010823,4304429,13129517,9592265,1750584,-1,1,0,4,0,3771407,533022,533022,0.608697
+,14010823,6091096,13129517,11378932,3537251,-1,1,0,4,0,3771407,2319689,2319689,2.64903
+,14013991,1883637,12706139,9730749,4871722,-1,1,0,0,0,-1,-1,-1,-1
+,14029859,1997181,13093469,7615521,140392,-1,1,0,2,0,5444271,3447090,3447090,1.96557
+,14029859,7334736,13093469,12953076,5477947,-1,1,0,2,0,8585587,1250851,1250851,0.713251
+,14040133,3909815,12785653,11436695,6177922,-1,1,0,0,0,-1,-1,-1,-1
+,14041669,3112831,12740003,10922827,5992820,-1,1,0,2,0,3952528,839697,839697,0.239201
+,14043103,3488475,13029241,9571647,2625578,-1,1,0,2,0,3069207,419268,419268,0.238846
+,14043103,4320490,13029241,10403662,3457593,-1,1,0,2,0,3069207,1251283,1251283,0.712824
+,14058427,5988524,13424977,9789224,164947,-1,1,0,0,0,-1,-1,-1,-1
+,14058427,9459329,13424977,13260029,3635752,-1,1,0,0,0,-1,-1,-1,-1
+,14063701,973117,12521689,10225189,6955572,-1,1,0,2,0,4292512,3319395,3319395,0.944103
-,14066233,1537118,12403163,11515538,-1,125951,0,1,0,0,-1,-1,-1,-1
-,14077741,1084774,12420263,11029642,-1,572703,0,1,0,0,-1,-1,-1,-1
+,14077741,1951463,12714979,10128035,5589628,-1,1,0,0,0,-1,-1,-1,-1
+,14078863,231642,12858997,7550838,2011037,-1,1,0,0,0,-1,-1,-1,-1
+,14078863,3528763,12858997,10847959,5308158,-1,1,0,0,0,-1,-1,-1,-1
+,14082917,576533,12226573,11714597,10626088,-1,1,0,0,0,-1,-1,-1,-1
-,14091547,687522,12396119,10860090,-1,1007905,0,1,0,0,-1,-1,-1,-1
+,14095157,9314910,13723903,11542434,46055,-1,1,0,0,0,-1,-1,-1,-1
+,14095157,11450323,13723903,13677847,2181468,-1,1,0,0,0,-1,-1,-1,-1
-,14107013,736645,12383981,11074837,-1,986386,0,1,0,0,-1,-1,-1,-1
+,14115401,5273737,13295647,10192261,1815138,-1,1,0,0,0,-1,-1,-1,-1
+,14115401,6561984,13295647,11480508,3103385,-1,1,0,0,0,-1,-1,-1,-1
+,14117843,3189404,13139111,9061796,1795077,-1,1,0,2,0,1651877,1537527,1537527,0.871253
+,14117843,5471641,13139111,11344033,4077314,-1,1,0,2,0,1651877,3819764,3819764,2.1645
+,14117897,4832237,13286323,9821681,1524802,-1,1,0,4,0,3390849,1441388,1441388,1.63354
+,14117897,6772076,13286323,11761520,3464641,-1,1,0,4,0,3390849,3381227,3381227,3.83199
-,14127121,390414,12564143,9768282,-1,1172563,0,1,2,0,5964124,5573710,5573710,1.57816
-,14137507,339917,13586831,3643973,-1,210758,0,1,2,0,4611609,4271692,4271692,1.20861
+,14138723,205623,12544681,9769875,6789446,-1,1,0,0,0,-1,-1,-1,-1
-,14154583,832993,13013717,7678189,-1,307872,0,1,0,0,-1,-1,-1,-1
+,14159107,8965374,13669333,11904018,1173329,-1,1,0,0,0,-1,-1,-1,-1
+,14159107,9557359,13669333,12496003,1765314,-1,1,0,0,0,-1,-1,-1,-1
+,14171369,327109,12521689,10225189,7601580,-1,1,0,2,0,3314974,2987865,2987865,0.843353
-,14187827,814372,12906667,8501332,-1,466787,0,1,4,0,1556009,741637,741637,0.418182
+,14196703,3219875,12771679,11770019,7548484,-1,1,0,0,0,-1,-1,-1,-1
+,14198159,1378342,12941633,8917498,3515021,-1,1,0,0,0,-1,-1,-1,-1
+,14198159,1887455,12941633,9426611,4024134,-1,1,0,0,0,-1,-1,-1,-1
-,14200997,703580,12881987,8617640,-1,615429,0,1,2,0,686675,16905,16905,0.00476164
+,14201183,225791,12278083,11764391,11024908,-1,1,0,2,0,5536930,5311139,5311139,1.49597
+,14202389,689542,12410759,11439322,9778343,-1,1,0,0,0,-1,-1,-1,-1
+,14207527,899338,12764533,9557302,5450733,-1,1,0,0,0,-1,-1,-1,-1
+,14207639,953636,13158869,7246256,380007,-1,1,0,0,0,-1,-1,-1,-1
+,14207639,6486241,13158869,12778861,5912612,-1,1,0,0,0,-1,-1,-1,-1
-,14218013,487060,13395181,5424052,-1,335771,0,1,2,0,5208190,4721130,4721130,1.32821
-,14219339,133586,13203581,6228134,-1,882171,0,1,2,0,5779030,5645444,5645444,1.5881
+,14243813,6441247,13515157,10813183,1669962,-1,1,0,2,0,3646257,2794990,2794990,1.5698
+,14243813,7473258,13515157,11845194,2701973,-1,1,0,2,0,10597555,3124297,3124297,1.75475
+,14245897,2986051,12672251,12427927,9197552,-1,1,0,4,0,3797555,811504,811504,0.455712
+,14260189,6807866,13584073,10864562,1337185,-1,1,0,0,0,-1,-1,-1,-1
+,14260189,8190191,13584073,12246887,2719510,-1,1,0,0,0,-1,-1,-1,-1
+,14263507,2436613,12737399,11593261,8012510,-1,1,0,0,0,-1,-1,-1,-1
+,14271623,5189145,13045051,12548577,6862958,-1,1,0,0,0,-1,-1,-1,-1
+,14272721,2441005,12676843,12016273,8914698,-1,1,0,0,0,-1,-1,-1,-1
-,14276023,168524,13740889,3379328,-1,366609,0,1,0,0,-1,-1,-1,-1
+,14301809,3463193,13293037,9515825,2275420,-1,1,0,0,0,-1,-1,-1,-1
+,14301809,4964984,13293037,11017616,3777211,-1,1,0,0,0,-1,-1,-1,-1
+,14303389,7151397,13716253,10674213,480776,-1,1,0,4,0,2086987,5064410,5064410,5.66513
+,14303389,9712660,13716253,13235476,3042039,-1,1,0,4,0,12216401,2503741,2503741,2.80072
+,14309593,635045,12732101,10099997,6832848,-1,1,0,2,0,5785,629260,629260,0.175899
+,14318009,1326690,13300799,7429950,232411,-1,1,0,0,0,-1,-1,-1,-1
+,14318009,6965127,13300799,13068387,5870848,-1,1,0,0,0,-1,-1,-1,-1
+,14324987,2505500,13221643,9125564,2523985,-1,1,0,0,0,-1,-1,-1,-1
+,14324987,4077593,13221643,10697657,4096078,-1,1,0,0,0,-1,-1,-1,-1
+,14329613,3455861,12992299,11479745,6511330,-1,1,0,0,0,-1,-1,-1,-1
+,14331791,1758752,13165153,8758580,2593255,-1,1,0,0,0,-1,-1,-1,-1
+,14331791,3572069,13165153,10571897,4406572,-1,1,0,0,0,-1,-1,-1,-1
-,14342353,291331,13254239,6820015,-1,796782,0,1,4,0,1503956,1212625,1212625,0.676388
-,14343617,131111,12963341,8412767,-1,1249164,0,1,0,0,-1,-1,-1,-1
+,14353657,413683,13123343,7795567,2054108,-1,1,0,0,0,-1,-1,-1,-1
+,14353657,3687350,13123343,11069234,5327775,-1,1,0,0,0,-1,-1,-1,-1
+,14354959,2626176,12915883,11260632,6979205,-1,1,0,4,0,862974,1763202,1763202,0.98263
+,14366699,137698,13203017,7119790,898865,-1,1,0,0,0,-1,-1,-1,-1
+,14366699,5322059,13203017,12304151,6083226,-1,1,0,0,0,-1,-1,-1,-1
+,14376497,617724,12747703,10390488,7415549,-1,1,0,0,0,-1,-1,-1,-1
+,14380319,836415,12965209,9327075,4852526,-1,1,0,0,0,-1,-1,-1,-1
+,14383147,1300043,12710813,11334047,8657238,-1,1,0,0,0,-1,-1,-1,-1
+,14383841,1901340,12707297,11960604,9312571,-1,1,0,0,0,-1,-1,-1,-1
+,14385323,696014,12698377,10817690,8240989,-1,1,0,0,0,-1,-1,-1,-1
+,14393789,9698985,14017463,11956941,197434,-1,1,0,2,0,14275958,4576973,4576973,2.54386
+,14393789,11562072,14017463,13820028,2060521,-1,1,0,2,0,14275958,2713886,2713886,1.50837
-,14395453,58291,13648307,4541167,-1,688854,0,1,2,0,6858303,6800012,6800012,1.88949
+,14399431,9831772,14020931,12102772,352841,-1,1,0,0,0,-1,-1,-1,-1
+,14399431,11397089,14020931,13668089,1918158,-1,1,0,0,0,-1,-1,-1,-1
+,14401819,4442012,13424681,10304840,2742987,-1,1,0,0,0,-1,-1,-1,-1
+,14401819,4818865,13424681,10681693,3119840,-1,1,0,0,0,-1,-1,-1,-1
+,14405527,550124,12552581,11667800,10232895,-1,1,0,0,0,-1,-1,-1,-1
-,14423173,165405,12681817,10613541,-1,1575950,0,1,0,0,-1,-1,-1,-1
-,14425303,789752,13305899,7506176,-1,329651,0,1,0,0,-1,-1,-1,-1
-,14441639,417872,13394443,6701048,-1,629323,0,1,0,0,-1,-1,-1,-1
+,14478367,66225,12767719,10330113,7826282,-1,1,0,0,0,-1,-1,-1,-1
-,14486429,491490,13048561,9118698,-1,946377,0,1,0,0,-1,-1,-1,-1
+,14487119,5379286,13265159,12711046,6777647,-1,1,0,2,0,5916294,537008,537008,0.148272
+,14505523,4680469,13129381,12937321,8064792,-1,1,0,2,0,5501301,820832,820832,0.22635
+,14511467,522331,12927703,10024915,6599796,-1,1,0,4,0,972279,449948,449948,0.248051
+,14521751,6769115,13781447,11210939,1871316,-1,1,0,2,0,3861753,2907362,2907362,1.60166
+,14521751,7468306,13781447,11910130,2570507,-1,1,0,2,0,10659997,3191691,3191691,1.7583
+,14524033,415430,13348457,7468886,1173885,-1,1,0,0,0,-1,-1,-1,-1
+,14524033,5121115,13348457,12174571,5879570,-1,1,0,0,0,-1,-1,-1,-1
+,14526907,7601929,13943047,11105089,665202,-1,1,0,0,0,-1,-1,-1,-1
+,14526907,9774684,13943047,13277844,2837957,-1,1,0,0,0,-1,-1,-1,-1
-,14531899,470508,12630587,11878380,-1,1430803,0,1,0,0,-1,-1,-1,-1
+,14537651,940146,12798353,11375934,9013369,-1,1,0,0,0,-1,-1,-1,-1
-,14547059,790348,13682927,5975140,-1,73783,0,1,2,0,5900631,5110283,5110283,1.40517
+,14552413,2391254,12822371,12771506,10329387,-1,1,0,0,0,-1,-1,-1,-1
+,14557901,6246294,13861889,10422366,736549,-1,1,0,0,0,-1,-1,-1,-1
+,14557901,8949267,13861889,13125339,3439522,-1,1,0,0,0,-1,-1,-1,-1
-,14570861,128162,14260793,1988570,-1,181905,0,1,0,0,-1,-1,-1,-1
+,14578609,2123626,13026521,11436154,7722161,-1,1,0,0,0,-1,-1,-1,-1
+,14594077,3355294,13562077,9547294,2177217,-1,1,0,4,0,5927842,2572548,2572548,2.82037
+,14594077,5192859,13562077,11384859,4014782,-1,1,0,4,0,5927842,734983,734983,0.805788
-,14597027,1255267,13057249,10493935,-1,284510,0,1,4,0,697658,557609,557609,0.305601
+,14598719,61597,13127581,8888425,4587672,-1,1,0,0,0,-1,-1,-1,-1
+,14607037,3589524,13630769,9447132,1673971,-1,1,0,2,0,2901983,687541,687541,0.376553
+,14607037,6099189,13630769,11956797,4183636,-1,1,0,2,0,2901983,3197206,3197206,1.75105
+,14609509,289861,13251131,8440129,3339266,-1,1,0,0,0,-1,-1,-1,-1
+,14609509,1761596,13251131,9911864,4811001,-1,1,0,0,0,-1,-1,-1,-1
+,14622169,2969434,13687463,8577670,498443,-1,1,0,0,0,-1,-1,-1,-1
+,14622169,7580783,13687463,13189019,5109792,-1,1,0,0,0,-1,-1,-1,-1
+,14625487,3312018,13244981,11595054,6633109,-1,1,0,0,0,-1,-1,-1,-1
+,14627101,23837,13478371,6916217,330226,-1,1,0,2,0,5540655,5516818,5516818,3.01731
+,14627101,6255764,13478371,13148144,6562153,-1,1,0,2,0,5540655,715109,715109,0.391115
+,14632819,62428,12551911,12547876,12481413,-1,1,0,4,0,156106,93678,93678,0.0512153
-,14643353,661791,13113983,9838011,-1,867578,0,1,0,0,-1,-1,-1,-1
+,14649637,1805740,12930739,12119128,9501777,-1,1,0,2,0,1835614,29874,29874,0.00815693
+,14651503,5839790,13867823,10541870,1376127,-1,1,0,0,0,-1,-1,-1,-1
+,14651503,7789615,13867823,12491695,3325952,-1,1,0,0,0,-1,-1,-1,-1
-,14660323,219451,13416493,7682431,-1,1024378,0,1,0,0,-1,-1,-1,-1
+,14663171,107746,13397903,7699354,1893059,-1,1,0,0,0,-1,-1,-1,-1
+,14663171,3913235,13397903,11504843,5698548,-1,1,0,0,0,-1,-1,-1,-1
+,14666749,3328884,13545127,10058616,3243221,-1,1,0,2,0,4096886,768002,768002,0.418908
+,14666749,3572173,13545127,10301905,3486510,-1,1,0,2,0,4096886,524713,524713,0.286205
+,14671991,5837984,13422107,13337288,7414485,-1,1,0,0,0,-1,-1,-1,-1
+,14672767,3063208,13193723,11937472,7618013,-1,1,0,2,0,4383441,1320233,1320233,0.359914
-,14690309,267563,13620133,6688619,-1,802612,0,1,0,0,-1,-1,-1,-1
+,14691857,2182165,13657471,8388481,937326,-1,1,0,0,0,-1,-1,-1,-1
+,14691857,6513828,13657471,12720144,5268989,-1,1,0,0,0,-1,-1,-1,-1
+,14695909,1550058,13665709,7731258,246749,-1,1,0,0,0,-1,-1,-1,-1
+,14695909,7237759,13665709,13418959,5934450,-1,1,0,0,0,-1,-1,-1,-1
-,14729653,117311,14447497,1810247,-1,164844,0,1,2,0,2336582,2219271,2219271,0.602668
+,14730421,8080225,14185841,11347705,429344,-1,1,0,0,0,-1,-1,-1,-1
+,14730421,10489016,14185841,13756496,2838135,-1,1,0,0,0,-1,-1,-1,-1
+,14738947,3978984,13463071,11634240,5826425,-1,1,0,2,0,6682196,2703212,2703212,0.733624
+,14740331,3780083,13716557,9922727,2348814,-1,1,0,2,0,6044572,2264489,2264489,1.229
+,14740331,5225098,13716557,11367742,3793829,-1,1,0,2,0,6044572,819474,819474,0.444752
+,14747767,1890448,13572607,8941408,2419761,-1,1,0,2,0,795249,1095199,1095199,0.594096
+,14747767,4101885,13572607,11152845,4631198,-1,1,0,2,0,795249,3306636,3306636,1.7937
+,14751571,611168,12986581,11201108,8804467,-1,1,0,0,0,-1,-1,-1,-1
+,14758043,1645672,12971993,12361972,10106279,-1,1,0,2,0,5571661,3925989,3925989,1.06409
+,14759197,2699900,13635737,9440660,2545683,-1,1,0,0,0,-1,-1,-1,-1
+,14759197,4349293,13635737,11090053,4195076,-1,1,0,0,0,-1,-1,-1,-1
+,14770939,1248291,13230493,10490967,6503150,-1,1,0,2,0,27273,1221018,1221018,0.330654
+,14774183,8599110,14265553,11650890,437117,-1,1,0,2,0,8051895,547215,547215,0.296309
+,14774183,10776655,14265553,13828435,2614662,-1,1,0,2,0,8051895,2724760,2724760,1.47542
+,14780767,3691909,13369651,12158605,7255650,-1,1,0,2,0,2092858,1599051,1599051,0.432738
+,14783567,5092633,13884581,10486549,1995884,-1,1,0,2,0,322318,4770315,4770315,2.58141
+,14783567,6494780,13884581,11888696,3398031,-1,1,0,2,0,322318,6172462,6172462,3.34017
+,14788919,3531799,13348457,12174571,7468886,-1,1,0,4,0,3091155,440644,440644,0.238364
+,14793983,2768742,13715189,9241506,1999081,-1,1,0,0,0,-1,-1,-1,-1
+,14793983,5243343,13715189,11716107,4473682,-1,1,0,0,0,-1,-1,-1,-1
+,14797177,34801,13358441,8667217,3941192,-1,1,0,0,0,-1,-1,-1,-1
+,14797177,784832,13358441,9417248,4691223,-1,1,0,0,0,-1,-1,-1,-1
+,14812261,3974204,13805839,10012736,2245429,-1,1,0,4,0,6379264,2405060,2405060,2.59791
+,14812261,5521877,13805839,11560409,3793102,-1,1,0,4,0,6379264,857387,857387,0.926138
-,14815921,336814,13190599,10088746,-1,1288507,0,1,4,0,2843025,2506211,2506211,1.35325
+,14819681,3858439,13761443,10207867,2795852,-1,1,0,0,0,-1,-1,-1,-1
+,14819681,4616162,13761443,10965590,3553575,-1,1,0,0,0,-1,-1,-1,-1
+,14824367,2984942,13443187,11272022,6115915,-1,1,0,2,0,847959,2136983,2136983,0.576614
-,14836673,439788,14141741,4609380,-1,255143,0,1,2,0,634279,194491,194491,0.0524352
+,14847967,71727,12977603,11293911,9538492,-1,1,0,2,0,5644175,5572448,5572448,1.5012
+,14856769,383454,13730851,7138962,163619,-1,1,0,2,0,5417222,5033768,5033768,2.71056
+,14856769,6811723,13730851,13567231,6591888,-1,1,0,2,0,5417222,1394501,1394501,0.750904
+,14871601,2618907,13227931,12480927,9115016,-1,1,0,0,0,-1,-1,-1,-1
-,14877013,258208,13209517,10263184,-1,1409287,0,1,2,0,3519489,3261281,3261281,0.876864
+,14882333,1081792,12979159,12500836,10940721,-1,1,0,2,0,1538673,456881,456881,0.122798
+,14885389,2615687,13911589,8458487,389698,-1,1,0,2,0,328714,2286973,2286973,1.22911
+,14885389,7679090,13911589,13521890,5453101,-1,1,0,2,0,14556674,6877584,6877584,3.69629
+,14889751,7908488,14322487,11312072,393169,-1,1,0,0,0,-1,-1,-1,-1
+,14889751,10525733,14322487,13929317,3010414,-1,1,0,0,0,-1,-1,-1,-1
-,14906917,837398,13566767,8878298,-1,502751,0,1,0,0,-1,-1,-1,-1
+,14907281,500218,13658171,7994878,1831367,-1,1,0,0,0,-1,-1,-1,-1
+,14907281,4332143,13658171,11826803,5663292,-1,1,0,0,0,-1,-1,-1,-1
+,14909383,10731821,14569199,12772925,244830,-1,1,0,2,0,12743337,2011516,2011516,1.07933
+,14909383,12283264,14569199,14324368,1796273,-1,1,0,2,0,12743337,460073,460073,0.246864
+,14910569,4236449,13909789,10241129,2336020,-1,1,0,0,0,-1,-1,-1,-1
+,14910569,5569088,13909789,11573768,3668659,-1,1,0,0,0,-1,-1,-1,-1
-,14912503,798509,13150757,11368985,-1,963236,0,1,2,0,4943123,4144614,4144614,1.11172
-,14944597,1611502,13226861,11917918,-1,106233,0,1,0,0,-1,-1,-1,-1
+,14958857,918766,13006793,12631150,11336741,-1,1,0,2,0,3317222,2398456,2398456,0.641347
+,14961337,2745974,13809209,9658742,2762301,-1,1,0,2,0,4839975,2094001,2094001,1.11969
+,14961337,4134139,13809209,11046907,4150466,-1,1,0,2,0,4839975,705836,705836,0.377419
+,14962033,331113,13135153,11292393,9118520,-1,1,0,0,0,-1,-1,-1,-1
-,14963609,1133040,13054819,12585780,-1,775749,0,1,0,0,-1,-1,-1,-1
+,14963831,3049650,13279207,13157394,9985931,-1,1,0,0,0,-1,-1,-1,-1
+,14977351,6124812,13770529,13365744,6836147,-1,1,0,2,0,1937036,4187776,4187776,1.11843
-,14983547,569507,14331971,4478963,-1,82068,0,1,0,0,-1,-1,-1,-1
+,14994851,3178301,13932649,9551513,1992076,-1,1,0,2,0,4602267,1423966,1423966,0.759709
+,14994851,5567360,13932649,11940572,4381135,-1,1,0,2,0,4602267,965093,965093,0.514893
-,14998891,695179,13703477,8467663,-1,600234,0,1,0,0,-1,-1,-1,-1
+,14999191,5872470,13780751,13183110,6712999,-1,1,0,0,0,-1,-1,-1,-1
-,15007849,63421,14513843,3027457,-1,430584,0,1,0,0,-1,-1,-1,-1
+,15010921,7493013,14323433,11617941,1419436,-1,1,0,2,0,5611883,1881130,1881130,1.00254
+,15010921,8779068,14323433,12903996,2705491,-1,1,0,2,0,9399037,619969,619969,0.33041
+,15021781,509134,13707203,8396602,2576867,-1,1,0,2,0,1836446,1327312,1327312,0.706873
+,15021781,3242867,13707203,11130335,5310600,-1,1,0,2,0,1836446,1406421,1406421,0.749004
-,15023867,116289,13633943,8455833,-1,1273634,0,1,8,0,1862718,1746429,1746429,1.8599
-,15032851,169265,13838491,7335425,-1,1025094,0,1,0,0,-1,-1,-1,-1
+,15037549,2509425,13426397,12176337,8416852,-1,1,0,0,0,-1,-1,-1,-1
+,15044569,3164638,13393087,13073530,9589335,-1,1,0,0,0,-1,-1,-1,-1
-,15049019,1812501,13191559,12957261,-1,44958,0,1,0,0,-1,-1,-1,-1
-,15049037,1313745,13546693,10327809,-1,188598,0,1,0,0,-1,-1,-1,-1
+,15051013,5667217,14180909,10887841,1927556,-1,1,0,0,0,-1,-1,-1,-1
+,15051013,7032728,14180909,12253352,3293067,-1,1,0,0,0,-1,-1,-1,-1
+,15052321,3546743,14039953,9620951,1655206,-1,1,0,0,0,-1,-1,-1,-1
+,15052321,6310538,14039953,12384746,4419001,-1,1,0,0,0,-1,-1,-1,-1
-,15055567,681964,13080383,12533068,-1,1293219,0,1,0,0,-1,-1,-1,-1
+,15056021,1494386,13210427,12567950,10431087,-1,1,0,0,0,-1,-1,-1,-1
+,15061117,724371,13064827,12702111,11615024,-1,1,0,2,0,686388,37983,37983,0.0100877
+,15062921,404399,13601933,9170327,4334322,-1,1,0,0,0,-1,-1,-1,-1
+,15062921,501682,13601933,9267610,4431605,-1,1,0,0,0,-1,-1,-1,-1
-,15074533,518928,14240803,5521308,-1,314801,0,1,0,0,-1,-1,-1,-1
+,15082993,32344,13559717,9172000,4751939,-1,1,0,0,0,-1,-1,-1,-1
+,15085729,2929765,13883347,10144057,3475002,-1,1,0,0,0,-1,-1,-1,-1
+,15085729,3194052,13883347,10408344,3739289,-1,1,0,0,0,-1,-1,-1,-1
-,15089797,1080640,13327423,11654884,-1,681733,0,1,0,0,-1,-1,-1,-1
+,15099839,2639770,13588187,11709682,7191407,-1,1,0,0,0,-1,-1,-1,-1
-,15108803,772439,13701971,9213431,-1,634392,0,1,2,0,7146043,6373604,6373604,1.68739
+,15115913,5717318,14325097,10462214,882013,-1,1,0,2,0,6638019,920701,920701,0.487275
+,15115913,8698187,14325097,13443083,3862882,-1,1,0,2,0,8477893,220294,220294,0.116589
+,15124381,997134,13715257,9451878,4191365,-1,1,0,4,0,1117348,120214,120214,0.127174
+,15124381,1069147,13715257,9523891,4263378,-1,1,0,4,0,1117348,48201,48201,0.0509916
-,15130699,202279,13898779,7593799,-1,1029640,0,1,0,0,-1,-1,-1,-1
+,15142433,1044992,13916467,8400788,1840117,-1,1,0,2,0,6657103,5612111,5612111,2.96497
+,15142433,4720553,13916467,12076349,5515678,-1,1,0,2,0,6657103,1936550,1936550,1.02311
+,15155003,1549964,13320557,12556640,10242759,-1,1,0,2,0,4881677,3331713,3331713,0.87937
+,15158777,1182104,13435867,11519564,8421157,-1,1,0,0,0,-1,-1,-1,-1
-,15159731,248512,14741731,2756512,-1,169487,0,1,2,0,3260033,3011521,3011521,0.794611
-,15164551,576873,13193519,12403065,-1,1394158,0,1,0,0,-1,-1,-1,-1
-,15167371,278254,14884147,1977598,-1,4969,0,1,0,0,-1,-1,-1,-1
+,15174683,716795,13604023,10140755,5960692,-1,1,0,0,0,-1,-1,-1,-1
+,15177473,932460,13985969,8081484,1244539,-1,1,0,2,0,5489273,4556813,4556813,2.40188
+,15177473,5592405,13985969,12741429,5904484,-1,1,0,2,0,5489273,103132,103132,0.0543606
+,15192293,121247,13924787,7726283,1406532,-1,1,0,2,0,2951269,2830022,2830022,1.49024
+,15192293,4913218,13924787,12518254,6198503,-1,1,0,2,0,2951269,1961949,1961949,1.03313
+,15197401,10975312,14778613,13488040,1222155,-1,1,0,0,0,-1,-1,-1,-1
+,15197401,11043729,14778613,13556457,1290572,-1,1,0,0,0,-1,-1,-1,-1
+,15209897,388937,13571113,10221641,6483232,-1,1,0,0,0,-1,-1,-1,-1
+,15210539,357304,13900589,8217004,2176115,-1,1,0,0,0,-1,-1,-1,-1
+,15210539,3864773,13900589,11724473,5683584,-1,1,0,0,0,-1,-1,-1,-1
+,15212077,5666057,14293891,11175173,2390398,-1,1,0,0,0,-1,-1,-1,-1
+,15212077,6394376,14293891,11903492,3118717,-1,1,0,0,0,-1,-1,-1,-1
+,15242239,2352687,13438781,13173435,10555402,-1,1,0,0,0,-1,-1,-1,-1
+,15245051,3975846,13789553,12708834,7652269,-1,1,0,0,0,-1,-1,-1,-1
+,15245519,276164,13438591,11117732,8520709,-1,1,0,0,0,-1,-1,-1,-1
-,15253529,679517,14416139,5703857,-1,157872,0,1,2,0,3888418,3208901,3208901,0.841484
+,15255521,2630840,13633943,12360308,8455833,-1,1,0,0,0,-1,-1,-1,-1
-,15260183,531579,14548907,4799235,-1,179696,0,1,0,0,-1,-1,-1,-1
-,15283409,138719,13465181,11048087,-1,1679508,0,1,2,0,4739126,4600407,4600407,1.20403
+,15284783,815055,13704673,10295715,6071702,-1,1,0,2,0,4946976,4131921,4131921,1.08132
-,15288571,1174580,14046259,8628452,-1,67731,0,1,0,0,-1,-1,-1,-1
+,15310133,2384967,14075851,9790659,3120500,-1,1,0,0,0,-1,-1,-1,-1
+,15310133,3549658,14075851,10955350,4285191,-1,1,0,0,0,-1,-1,-1,-1
+,15313993,3173774,13935491,11444786,5780307,-1,1,0,0,0,-1,-1,-1,-1
+,15324487,37619,13740481,9541655,5305210,-1,1,0,0,0,-1,-1,-1,-1
-,15333343,862658,13671809,10831862,-1,798875,0,1,2,0,1656123,793465,793465,0.206991
+,15342113,6905917,14148877,14065333,7075872,-1,1,0,2,0,82079,6823838,6823838,1.77911
+,15344111,8701759,14719667,12448423,1475420,-1,1,0,0,0,-1,-1,-1,-1
+,15344111,9497582,14719667,13244246,2271243,-1,1,0,0,0,-1,-1,-1,-1
+,15354883,637288,13921571,9237160,3915461,-1,1,0,2,0,1934030,1296742,1296742,0.675612
+,15354883,1406237,13921571,10006109,4684410,-1,1,0,2,0,1934030,527793,527793,0.274984
+,15367369,9414013,14811617,12748525,1271420,-1,1,0,2,0,9271408,142605,142605,0.0742378
+,15367369,10205684,14811617,13540196,2063091,-1,1,0,2,0,9271408,934276,934276,0.486369
+,15383747,8392163,14783009,11996591,818010,-1,1,0,0,0,-1,-1,-1,-1
+,15383747,10360570,14783009,13964998,2786417,-1,1,0,0,0,-1,-1,-1,-1
-,15394867,692958,14202739,7845726,-1,499169,0,1,0,0,-1,-1,-1,-1
+,15421409,2541118,14240581,9626086,2470473,-1,1,0,2,0,1004249,1536869,1536869,0.797265
+,15421409,4685139,14240581,11770107,4614494,-1,1,0,2,0,1004249,3680890,3680890,1.9095
+,15427541,5187618,14461061,10986498,2324317,-1,1,0,2,0,3855915,1331703,1331703,0.690559
+,15427541,6337863,14461061,12136743,3474562,-1,1,0,2,0,3855915,2481948,2481948,1.28702
-,15428107,961343,14117179,8826911,-1,349584,0,1,2,0,1926837,965494,965494,0.250321
-,15430787,122382,13442069,12054690,-1,1866335,0,1,0,0,-1,-1,-1,-1
+,15446923,3385438,13924787,12518254,7726283,-1,1,0,0,0,-1,-1,-1,-1
+,15451217,12014108,15174209,13676156,163995,-1,1,0,2,0,11356929,657179,657179,0.34026
+,15451217,13348165,15174209,15010213,1498052,-1,1,0,2,0,11356929,1991236,1991236,1.03098
+,15459893,8841154,14849141,12505666,1321037,-1,1,0,2,0,14447803,5606649,5606649,2.90126
+,15459893,9863591,14849141,13528103,2343474,-1,1,0,2,0,14447803,4584212,4584212,2.37218
+,15470843,1893821,14305183,8887781,1576558,-1,1,0,0,0,-1,-1,-1,-1
+,15470843,5734664,14305183,12728624,5417401,-1,1,0,0,0,-1,-1,-1,-1
+,15490771,5732412,14686423,10558500,698165,-1,1,0,0,0,-1,-1,-1,-1
+,15490771,9162169,14686423,13988257,4127922,-1,1,0,0,0,-1,-1,-1,-1
+,15505031,12346675,15222247,14043379,517836,-1,1,0,2,0,9665318,2681357,2681357,1.38348
+,15505031,13007706,15222247,14704410,1178867,-1,1,0,2,0,9665318,3342388,3342388,1.72454
-,15522431,45045,15234829,1770657,-1,242556,0,1,0,0,-1,-1,-1,-1
-,15523199,1728000,13635871,13051968,-1,159327,0,1,0,0,-1,-1,-1,-1
+,15528691,2053410,13963871,11442330,6867379,-1,1,0,2,0,4329909,2276499,2276499,0.586398
-,15535913,1107212,13963567,10541288,-1,465133,0,1,0,0,-1,-1,-1,-1
+,15549623,384008,14077793,9214988,3968175,-1,1,0,0,0,-1,-1,-1,-1
+,15549623,1278637,14077793,10109617,4862804,-1,1,0,0,0,-1,-1,-1,-1
+,15555413,2817011,13816357,13251347,9869326,-1,1,0,2,0,2648259,168752,168752,0.0433938
+,15561211,6008621,14288671,13643861,6990430,-1,1,0,0,0,-1,-1,-1,-1
+,15562831,3441240,14528191,9649080,1328729,-1,1,0,0,0,-1,-1,-1,-1
+,15562831,6991621,14528191,13199461,4879110,-1,1,0,0,0,-1,-1,-1,-1
+,15571141,1653375,13683443,12979563,10622308,-1,1,0,2,0,3281702,1628327,1628327,0.418294
+,15595577,5175285,14219719,13430433,7465862,-1,1,0,2,0,560496,4614789,4614789,1.18361
+,15605281,6572526,14833139,11205378,1005091,-1,1,0,0,0,-1,-1,-1,-1
+,15605281,9195195,14833139,13828047,3627760,-1,1,0,0,0,-1,-1,-1,-1
+,15606211,338028,14414891,7485948,218977,-1,1,0,6,0,3146335,2808307,2808307,4.31875
+,15606211,7047993,14414891,14195913,6928942,-1,1,0,6,0,4908852,2139141,2139141,3.28968
+,15613261,3529837,14551289,9901669,1722212,-1,1,0,0,0,-1,-1,-1,-1
+,15613261,6457244,14551289,12829076,4649619,-1,1,0,0,0,-1,-1,-1,-1
+,15616723,2660689,14050051,12060721,7410702,-1,1,0,0,0,-1,-1,-1,-1
+,15633403,356612,13696537,11977808,9902467,-1,1,0,2,0,6931544,6574932,6574932,1.68228
+,15634837,6687247,14386921,14174743,7275318,-1,1,0,0,0,-1,-1,-1,-1
+,15644633,1751394,13897357,12235050,8821349,-1,1,0,0,0,-1,-1,-1,-1
+,15664289,12554021,15395299,14167961,386602,-1,1,0,2,0,11947132,606889,606889,0.309948
+,15664289,13394756,15395299,15008696,1227337,-1,1,0,2,0,11947132,1447624,1447624,0.739324
+,15669037,5007815,14739139,10587203,1427452,-1,1,0,0,0,-1,-1,-1,-1
+,15669037,7732298,14739139,13311686,4151935,-1,1,0,0,0,-1,-1,-1,-1
-,15669569,637686,13841573,11605662,-1,1190309,0,1,0,0,-1,-1,-1,-1
-,15680891,99038,13761851,11613278,-1,1820001,0,1,0,0,-1,-1,-1,-1
+,15684199,2665372,13929761,13192000,9788867,-1,1,0,0,0,-1,-1,-1,-1
+,15685147,6505394,14373929,14372702,7866081,-1,1,0,2,0,4556250,1949144,1949144,0.497067
+,15690487,6483531,14435983,14010555,7101596,-1,1,0,0,0,-1,-1,-1,-1
+,15694747,4876373,14300129,13244081,7311660,-1,1,0,4,0,6681512,1805139,1805139,0.920124
+,15706373,3133519,14114461,12684991,8122002,-1,1,0,0,0,-1,-1,-1,-1
+,15709873,4282331,14193923,13378031,8279808,-1,1,0,0,0,-1,-1,-1,-1
+,15710911,4632836,14808347,10048220,655257,-1,1,0,2,0,2831424,1801412,1801412,0.917279
+,15710911,8737705,14808347,14153089,4760126,-1,1,0,2,0,12879486,4141781,4141781,2.109
-,15714151,719288,13953997,11280212,-1,1040865,0,1,2,0,512573,206715,206715,0.0526188
-,15715571,644346,13720501,12614766,-1,1350723,0,1,6,0,2444331,1799985,1799985,1.37442
+,15721439,2325295,14631641,8864083,771230,-1,1,0,0,0,-1,-1,-1,-1
+,15721439,7321622,14631641,13860410,5767557,-1,1,0,0,0,-1,-1,-1,-1
+,15730073,9786534,15175411,13114506,1267067,-1,1,0,0,0,-1,-1,-1,-1
+,15730073,10580371,15175411,13908343,2060904,-1,1,0,0,0,-1,-1,-1,-1
+,15734471,7587506,14990407,12051890,1525867,-1,1,0,0,0,-1,-1,-1,-1
+,15734471,9000155,14990407,13464539,2938516,-1,1,0,0,0,-1,-1,-1,-1
-,15741553,1497286,14073109,11507950,-1,171157,0,1,0,0,-1,-1,-1,-1
+,15746519,4891705,14240803,13926001,8719494,-1,1,0,0,0,-1,-1,-1,-1
-,15749057,471303,14117179,10262571,-1,1160574,0,1,0,0,-1,-1,-1,-1
+,15749819,1578921,13784227,13372473,11381798,-1,1,0,0,0,-1,-1,-1,-1
+,15753733,6975927,14925263,11946747,1992304,-1,1,0,2,0,2323727,4652200,4652200,2.36246
+,15753733,7962138,14925263,12932958,2978515,-1,1,0,2,0,13430005,5467867,5467867,2.77667
+,15756761,5899530,14427653,13874178,7421173,-1,1,0,0,0,-1,-1,-1,-1
-,15764549,164368,15049381,4455376,-1,550799,0,1,0,0,-1,-1,-1,-1
+,15779513,69432,13977871,10879284,7711265,-1,1,0,2,0,4575183,4505751,4505751,1.14218
+,15790891,3372579,14225663,12763947,7929652,-1,1,0,0,0,-1,-1,-1,-1
-,15792523,127345,14193677,9720421,-1,1471500,0,1,4,0,2840614,2713269,2713269,1.37446
+,15793321,1095807,14177953,10788015,6302270,-1,1,0,0,0,-1,-1,-1,-1
-,15847283,157254,14304271,9415326,-1,1385757,0,1,2,0,1554879,1397625,1397625,0.352773
-,15860057,678417,14297831,10051773,-1,883808,0,1,0,0,-1,-1,-1,-1
+,15868679,6709242,15022477,11786454,1841189,-1,1,0,2,0,2980958,3728284,3728284,1.87957
+,15868679,8104075,15022477,13181287,3236022,-1,1,0,2,0,12887720,4783645,4783645,2.41162
+,15872533,4657755,14275033,14242755,9552722,-1,1,0,4,0,6859541,2201786,2201786,1.10973
+,15878183,1484563,14747137,8270839,309978,-1,1,0,2,0,4500876,3016313,3016313,1.51973
+,15878183,7650882,14747137,14437158,6476297,-1,1,0,2,0,4500876,3150006,3150006,1.58709
+,15878507,1126056,13891861,13045932,11073947,-1,1,0,0,0,-1,-1,-1,-1
+,15878507,5845988,14468879,14303756,8292645,-1,1,0,0,0,-1,-1,-1,-1
+,15888949,5803111,14514053,14052487,7787810,-1,1,0,0,0,-1,-1,-1,-1
-,15891223,798387,14091041,11599479,-1,1001794,0,1,4,0,1905312,1106925,1106925,0.557251
-,15900481,519567,14510879,8857179,-1,870034,0,1,0,0,-1,-1,-1,-1
+,15916561,4994329,15043331,10233709,429758,-1,1,0,0,0,-1,-1,-1,-1
+,15916561,9374192,15043331,14613572,4809621,-1,1,0,0,0,-1,-1,-1,-1
+,15934277,2558763,14877881,8897139,357634,-1,1,0,0,0,-1,-1,-1,-1
+,15934277,8181870,14877881,14520246,5980741,-1,1,0,0,0,-1,-1,-1,-1
+,15940429,2876434,14450581,11815522,6304029,-1,1,0,2,0,7685615,4809181,4809181,1.20679
+,15942163,3038868,14750467,10189044,2588753,-1,1,0,0,0,-1,-1,-1,-1
+,15942163,5011537,14750467,12161713,4561422,-1,1,0,0,0,-1,-1,-1,-1
+,15951557,2735352,14158471,13493868,10093913,-1,1,0,2,0,1241562,1493790,1493790,0.374582
+,15952109,4670636,14880407,11100848,2650653,-1,1,0,2,0,1442002,3228634,3228634,1.61916
+,15952109,5799541,14880407,12229753,3779558,-1,1,0,2,0,1442002,4357539,4357539,2.18531
+,15961849,2976696,14393627,12386028,7401733,-1,1,0,2,0,6058138,3081442,3081442,0.772202
+,15965861,5890643,14646119,13809095,7081428,-1,1,0,2,0,7344470,1453827,1453827,0.364234
+,15987817,4314826,14331971,14249902,9853007,-1,1,0,0,0,-1,-1,-1,-1
-,15994721,528528,14376617,10237152,-1,1089575,0,1,0,0,-1,-1,-1,-1
+,16005929,4092031,14965781,10332919,1608026,-1,1,0,0,0,-1,-1,-1,-1
+,16005929,7116866,14965781,13357754,4632861,-1,1,0,0,0,-1,-1,-1,-1
+,16010341,1565343,14861719,8457075,487088,-1,1,0,0,0,-1,-1,-1,-1
+,16010341,7482898,14861719,14374630,6404643,-1,1,0,0,0,-1,-1,-1,-1
+,16012369,416942,14275889,10835822,6978813,-1,1,0,2,0,6843192,6426250,6426250,1.60532
-,16057439,795759,14249021,11646267,-1,1012658,0,1,2,0,1559404,763645,763645,0.190228
-,16058461,600001,14698777,8758105,-1,759682,0,1,4,0,805543,205542,205542,0.102397
-,16066597,1555981,14055131,13624777,-1,455484,0,1,2,0,1136554,419427,419427,0.104422
-,16093871,775655,15242639,5883047,-1,75576,0,1,0,0,-1,-1,-1,-1
-,16097699,240764,15523349,3686864,-1,333585,0,1,0,0,-1,-1,-1,-1
+,16103579,3838682,14425223,13908818,9553731,-1,1,0,0,0,-1,-1,-1,-1
+,16108619,1824382,14692591,10320550,4124127,-1,1,0,2,0,1144866,679516,679516,0.337467
+,16108619,2072295,14692591,10568463,4372040,-1,1,0,2,0,1144866,927429,927429,0.460588
+,16110737,3184242,14472251,13015158,8373823,-1,1,0,2,0,531322,2652920,2652920,0.658671
+,16111331,2420786,14777957,10421030,3643317,-1,1,0,0,0,-1,-1,-1,-1
+,16111331,3134395,14777957,11134639,4356926,-1,1,0,0,0,-1,-1,-1,-1
+,16113281,811984,14717537,9186448,2843375,-1,1,0,2,0,967806,155822,155822,0.0773633
+,16113281,3499697,14717537,11874161,5531088,-1,1,0,2,0,967806,2531891,2531891,1.25705
+,16122703,1074930,14121391,13082802,10969283,-1,1,0,0,0,-1,-1,-1,-1
+,16150847,2619140,14351633,13414424,9858075,-1,1,0,0,0,-1,-1,-1,-1
+,16154597,2576199,15078137,9034959,415582,-1,1,0,0,0,-1,-1,-1,-1
+,16154597,8203794,15078137,14662554,6043177,-1,1,0,0,0,-1,-1,-1,-1
+,16160581,5234454,15119597,11480358,2606665,-1,1,0,4,0,7628210,2393756,2393756,2.36997
+,16160581,6267027,15119597,12512931,3639238,-1,1,0,4,0,7628210,1361183,1361183,1.34766
-,16160611,368065,14535671,10117705,-1,1256874,0,1,0,0,-1,-1,-1,-1
-,16164191,1350545,14162509,13360637,-1,651136,0,1,4,0,770489,580056,580056,0.287082
+,16171877,2001772,14193161,13874068,11553203,-1,1,0,2,0,1181386,820386,820386,0.202917
+,16203163,2788643,15065321,9615695,1377426,-1,1,0,0,0,-1,-1,-1,-1
+,16203163,6860842,15065321,13687894,5449625,-1,1,0,0,0,-1,-1,-1,-1
-,16208359,1002364,14346323,12174580,-1,859671,0,1,0,0,-1,-1,-1,-1
+,16214533,1406191,14219867,13374187,11122316,-1,1,0,0,0,-1,-1,-1,-1
+,16229131,9204213,15553903,13255581,1753046,-1,1,0,2,0,12782180,3577967,3577967,1.76373
+,16229131,9749488,15553903,13800856,2298321,-1,1,0,2,0,12782180,3032692,3032692,1.49494
+,16232833,613119,14149171,13115091,11467892,-1,1,0,0,0,-1,-1,-1,-1
+,16235743,3400967,15242639,9359591,75576,-1,1,0,0,0,-1,-1,-1,-1
+,16235743,9208438,15242639,15167062,5883047,-1,1,0,0,0,-1,-1,-1,-1
+,16241419,1387530,15077371,8371818,278735,-1,1,0,2,0,192727,1194803,1194803,0.588521
+,16241419,7814347,15077371,14798635,6705552,-1,1,0,2,0,192727,7621620,7621620,3.75416
+,16246921,6035429,15442543,10861697,245422,-1,1,0,2,0,6152680,117251,117251,0.0577345
+,16246921,10370852,15442543,15197120,4580845,-1,1,0,2,0,10094240,276612,276612,0.136204
-,16251637,464390,14660759,10009658,-1,1126487,0,1,0,0,-1,-1,-1,-1
+,16262003,3676664,14478073,14380244,10605751,-1,1,0,0,0,-1,-1,-1,-1
+,16268611,83170,15012013,7622758,150333,-1,1,0,0,0,-1,-1,-1,-1
+,16268611,7322091,15012013,14861679,7389254,-1,1,0,0,0,-1,-1,-1,-1
-,16270549,686683,14609641,10652131,-1,974224,0,1,4,0,362887,323796,323796,0.159206
+,16271503,4207499,14643029,13978343,9106158,-1,1,0,0,0,-1,-1,-1,-1
+,16273021,89364,14158549,12776196,11304479,-1,1,0,0,0,-1,-1,-1,-1
+,16280581,6517505,14957443,14456333,7437718,-1,1,0,0,0,-1,-1,-1,-1
-,16286113,208128,14017463,13820028,-1,2060521,0,1,0,0,-1,-1,-1,-1
+,16291381,6416562,14969081,14350362,7315081,-1,1,0,0,0,-1,-1,-1,-1
-,16296277,410434,15773843,3545038,-1,111999,0,1,2,0,1999036,1588602,1588602,0.38993
+,16303921,1964725,14382443,13493593,10640018,-1,1,0,0,0,-1,-1,-1,-1
+,16314283,3236290,14844127,12057226,6034035,-1,1,0,2,0,6994734,3758444,3758444,0.92151
+,16318273,1892743,14777957,11134639,5598578,-1,1,0,0,0,-1,-1,-1,-1
-,16335013,569983,15162491,7605115,-1,602538,0,1,2,0,1347811,777828,777828,0.190469
-,16339783,48656,14148007,13199312,-1,2143119,0,1,0,0,-1,-1,-1,-1
+,16351301,3746040,15288467,10123044,1211581,-1,1,0,0,0,-1,-1,-1,-1
+,16351301,7699881,15288467,14076885,5165422,-1,1,0,0,0,-1,-1,-1,-1
+,16364627,2531453,15053953,10395497,3205588,-1,1,0,0,0,-1,-1,-1,-1
+,16364627,3984320,15053953,11848364,4658455,-1,1,0,0,0,-1,-1,-1,-1
+,16366073,1269698,14531443,12277478,8753815,-1,1,0,0,0,-1,-1,-1,-1
+,16373867,560686,15078281,8334202,1029437,-1,1,0,0,0,-1,-1,-1,-1
+,16373867,6275327,15078281,14048843,6744078,-1,1,0,0,0,-1,-1,-1,-1
+,16378501,3031130,14806067,12465734,7094271,-1,1,0,0,0,-1,-1,-1,-1
+,16380601,3958413,14928959,12668265,6449158,-1,1,0,0,0,-1,-1,-1,-1
-,16392587,189373,14799067,9750493,-1,1404146,0,1,0,0,-1,-1,-1,-1
+,16404413,164374,15126731,7830466,369827,-1,1,0,0,0,-1,-1,-1,-1
+,16404413,7090811,15126731,14756903,7296264,-1,1,0,0,0,-1,-1,-1,-1
+,16405139,2581998,14574029,13568658,9981289,-1,1,0,4,0,1275511,1306487,1306487,0.637111
+,16407047,1800924,15127897,9475824,2022827,-1,1,0,0,0,-1,-1,-1,-1
+,16407047,5430169,15127897,13105069,5652072,-1,1,0,0,0,-1,-1,-1,-1
-,16411163,35114,14972261,8668526,-1,1403787,0,1,2,0,1352774,1317660,1317660,0.321162
+,16432111,146381,14432251,12145541,9712450,-1,1,0,6,0,1299015,1152634,1152634,0.841743
+,16436993,1088519,15026867,9549275,2983164,-1,1,0,0,0,-1,-1,-1,-1
+,16436993,3582946,15026867,12043702,5477591,-1,1,0,0,0,-1,-1,-1,-1
-,16448407,184480,15733867,4471720,-1,530059,0,1,0,0,-1,-1,-1,-1
+,16452497,342500,14869163,9842504,4473345,-1,1,0,2,0,2001718,1659218,1659218,0.806792
+,16452497,895813,14869163,10395817,5026658,-1,1,0,2,0,2001718,1105905,1105905,0.537745
+,16464037,1143148,14787859,11200216,6469425,-1,1,0,0,0,-1,-1,-1,-1
+,16471001,5780806,15451571,11897386,2562395,-1,1,0,0,0,-1,-1,-1,-1
+,16471001,6772595,15451571,12889175,3554184,-1,1,0,0,0,-1,-1,-1,-1
-,16501987,308736,14344691,13252512,-1,1848559,0,1,2,0,7566324,7257588,7257588,1.7592
+,16512493,7457872,15805369,11700616,137991,-1,1,0,0,0,-1,-1,-1,-1
+,16512493,11424633,15805369,15667377,4104752,-1,1,0,0,0,-1,-1,-1,-1
-,16515559,1204943,15104281,9672611,-1,206334,0,1,2,0,2463081,1258138,1258138,0.304716
+,16530337,1467576,14731573,12260160,8321171,-1,1,0,0,0,-1,-1,-1,-1
-,16534949,605168,15327443,7850204,-1,602337,0,1,4,0,475576,129592,129592,0.0626997
+,16567471,9982715,15984907,13478099,988576,-1,1,0,0,0,-1,-1,-1,-1
+,16567471,11500946,15984907,14996330,2506807,-1,1,0,0,0,-1,-1,-1,-1
+,16571041,225487,15055519,9318619,3356232,-1,1,0,0,0,-1,-1,-1,-1
+,16571041,2606154,15055519,11699286,5736899,-1,1,0,0,0,-1,-1,-1,-1
+,16579961,2206845,15189661,10548645,3700784,-1,1,0,0,0,-1,-1,-1,-1
+,16579961,3147076,15189661,11488876,4641015,-1,1,0,0,0,-1,-1,-1,-1
-,16589081,896399,15042457,10176143,-1,650224,0,1,0,0,-1,-1,-1,-1
+,16603061,879286,15264209,8912398,1681301,-1,1,0,2,0,991238,111952,111952,0.0539428
+,16603061,5549795,15264209,13582907,6351810,-1,1,0,2,0,991238,4558557,4558557,2.19649
+,16616113,8091606,15764611,13200618,2545019,-1,1,0,0,0,-1,-1,-1,-1
+,16616113,8110579,15764611,13219591,2563992,-1,1,0,0,0,-1,-1,-1,-1
+,16617233,6225818,15768619,11317502,640567,-1,1,0,0,0,-1,-1,-1,-1
+,16617233,10036367,15768619,15128051,4451116,-1,1,0,0,0,-1,-1,-1,-1
-,16647877,258788,14997233,10162652,-1,1391855,0,1,0,0,-1,-1,-1,-1
+,16653467,1500008,14651557,13511468,10871371,-1,1,0,0,0,-1,-1,-1,-1
+,16662773,3187769,14874833,13915409,9768216,-1,1,0,0,0,-1,-1,-1,-1
-,16676123,1319194,15353203,9256714,-1,3725,0,1,2,0,1931626,612432,612432,0.1469
+,16678307,11869919,16266659,14339807,543036,-1,1,0,2,0,10276436,1593483,1593483,0.764338
+,16678307,13253734,16266659,15723622,1926851,-1,1,0,2,0,10276436,2977298,2977298,1.42811
+,16684649,8337884,15882073,13153340,2086723,-1,1,0,0,0,-1,-1,-1,-1
+,16684649,8979893,15882073,13795349,2728732,-1,1,0,0,0,-1,-1,-1,-1
+,16691963,2984251,15378673,10863991,3365058,-1,1,0,0,0,-1,-1,-1,-1
+,16691963,4133874,15378673,12013614,4514681,-1,1,0,0,0,-1,-1,-1,-1
+,16697501,10446088,16152841,13714048,829167,-1,1,0,2,0,11633678,1187590,1187590,0.568991
+,16697501,12055713,16152841,15323673,2438792,-1,1,0,2,0,11633678,422035,422035,0.202203
+,16707029,8414240,15991159,12709460,1013521,-1,1,0,0,0,-1,-1,-1,-1
+,16707029,10682417,15991159,14977637,3281698,-1,1,0,0,0,-1,-1,-1,-1
-,16731277,1575593,14571773,14532617,-1,583910,0,1,0,0,-1,-1,-1,-1
+,16748227,3961815,15684281,10345491,1044886,-1,1,0,0,0,-1,-1,-1,-1
+,16748227,8255718,15684281,14639394,5338789,-1,1,0,0,0,-1,-1,-1,-1
+,16761919,8148261,15958837,12966753,1826408,-1,1,0,0,0,-1,-1,-1,-1
+,16761919,9313936,15958837,14132428,2992083,-1,1,0,0,0,-1,-1,-1,-1
-,16768603,1260035,14992891,11914307,-1,515676,0,1,0,0,-1,-1,-1,-1
+,16770209,1704803,15590233,8784659,274282,-1,1,0,0,0,-1,-1,-1,-1
+,16770209,8236094,15590233,15315950,6805573,-1,1,0,0,0,-1,-1,-1,-1
+,16789127,1019443,14977961,11886439,7775474,-1,1,0,0,0,-1,-1,-1,-1
+,16797731,3535112,15755609,9787844,284967,-1,1,0,0,0,-1,-1,-1,-1
+,16797731,9217909,15755609,15470641,5967764,-1,1,0,0,0,-1,-1,-1,-1
-,16799479,1021830,15049439,11522070,-1,728209,0,1,2,0,7390144,6368314,6368314,1.51631
+,16800271,652346,14525299,14302178,13426711,-1,1,0,2,0,2701649,2049303,2049303,0.487921
+,16814641,4648343,15239101,14101583,8315722,-1,1,0,2,0,1896351,2751992,2751992,0.654666
-,16814657,1033186,14997391,11936782,-1,784079,0,1,4,0,2945590,1912404,1912404,0.909875
+,16823383,2609812,15477907,10682668,3277617,-1,1,0,2,0,2321838,287974,287974,0.13694
+,16823383,4127433,15477907,12200289,4795238,-1,1,0,2,0,2321838,1805595,1805595,0.858612
+,16832237,430986,14916367,11926206,8505059,-1,1,0,0,0,-1,-1,-1,-1
+,16835719,1468506,14856761,13342254,10359241,-1,1,0,2,0,74583,1393923,1393923,0.331182
+,16853831,1771820,15686471,8775980,93669,-1,1,0,0,0,-1,-1,-1,-1
+,16853831,8588641,15686471,15592801,6910490,-1,1,0,0,0,-1,-1,-1,-1
+,16856501,2609871,15110791,13084131,8447600,-1,1,0,2,0,1462456,1147415,1147415,0.272278
+,16856893,3260641,15505573,11368561,3970908,-1,1,0,0,0,-1,-1,-1,-1
+,16856893,3426744,15505573,11534664,4137011,-1,1,0,0,0,-1,-1,-1,-1
+,16859867,937384,15458659,9344632,2293221,-1,1,0,4,0,3568441,2631057,2631057,2.49687
+,16859867,4758189,15458659,13165437,6114026,-1,1,0,4,0,3568441,1189748,1189748,1.12907
+,16866799,1211279,15421517,9882971,3133146,-1,1,0,0,0,-1,-1,-1,-1
+,16866799,3616678,15421517,12288370,5538545,-1,1,0,0,0,-1,-1,-1,-1
+,16875877,1152,14643457,13395672,12146735,-1,1,0,0,0,-1,-1,-1,-1
+,16876003,3687438,15705491,10710510,2028091,-1,1,0,2,0,1955505,1731933,1731933,0.821016
+,16876003,6654327,15705491,13677399,4994980,-1,1,0,2,0,1955505,4698822,4698822,2.22746
+,16890011,821919,15576367,8703783,1009280,-1,1,0,2,0,4810143,3988224,3988224,1.88903
+,16890011,6685222,15576367,14567086,6872583,-1,1,0,2,0,4810143,1875079,1875079,0.888136
-,16890917,1467155,15258053,11264339,-1,165708,0,1,8,0,51744,1415411,1415411,1.34075
+,16909561,8866181,16129627,13545785,2095762,-1,1,0,2,0,16538166,7671985,7671985,3.62966
+,16909561,9354260,16129627,14033864,2583841,-1,1,0,2,0,16538166,7183906,7183906,3.39874
+,16921379,1186532,15071521,12285680,8313307,-1,1,0,0,0,-1,-1,-1,-1
+,16938547,6013723,15910949,12179311,2433950,-1,1,0,0,0,-1,-1,-1,-1
+,16938547,7311410,15910949,13476998,3731637,-1,1,0,0,0,-1,-1,-1,-1
+,16939147,11462717,16447877,14410337,910080,-1,1,0,0,0,-1,-1,-1,-1
+,16939147,12590176,16447877,15537796,2037539,-1,1,0,0,0,-1,-1,-1,-1
+,16944071,9220310,16258603,13333118,1187323,-1,1,0,2,0,13036368,3816058,3816058,1.80172
+,16944071,10958471,16258603,15071279,2925484,-1,1,0,2,0,13036368,2077897,2077897,0.981062
-,16969217,159670,16413149,3496078,-1,396397,0,1,2,0,4324671,4165001,4165001,0.981778
+,16971529,4042325,15343919,13807985,8229726,-1,1,0,0,0,-1,-1,-1,-1
-,16986037,255820,15504943,9142384,-1,1225273,0,1,2,0,2971991,2716171,2716171,0.639624
+,16988921,3823319,15799297,10961063,2299510,-1,1,0,2,0,2030081,1793238,1793238,0.844427
+,16988921,6362042,15799297,13499786,4838233,-1,1,0,2,0,2030081,4331961,4331961,2.0399
-,16989631,941408,15857477,7734332,-1,190745,0,1,0,0,-1,-1,-1,-1
-,16993381,1272245,15070849,12807437,-1,650286,0,1,6,0,5408273,4136028,4136028,2.92069
+,16999351,913902,14872271,13676382,11566591,-1,1,0,0,0,-1,-1,-1,-1
-,17000941,1781545,15038039,13558957,-1,181356,0,1,2,0,7393147,5611602,5611602,1.3203
-,17010401,618787,15075997,12225211,-1,1315616,0,1,6,0,597919,20868,20868,0.0147213
-,17025193,964003,15326627,11155399,-1,734562,0,1,0,0,-1,-1,-1,-1
-,17026901,1413374,15462383,10800482,-1,151143,0,1,0,0,-1,-1,-1,-1
-,17028941,202675,15426919,9814807,-1,1399346,0,1,0,0,-1,-1,-1,-1
+,17031041,13773633,16747603,15474261,427286,-1,1,0,2,0,16232669,2459036,2459036,1.15508
+,17031041,14619688,16747603,16320316,1273341,-1,1,0,2,0,16232669,1612981,1612981,0.757666
+,17036009,4299031,16054039,10190851,28632,-1,1,0,0,0,-1,-1,-1,-1
+,17036009,10133586,16054039,16025406,5863187,-1,1,0,0,0,-1,-1,-1,-1
+,17057863,9823922,16377017,13908998,1617057,-1,1,0,2,0,10757414,933492,933492,0.4378
+,17057863,10674883,16377017,14759959,2468018,-1,1,0,2,0,10757414,82531,82531,0.0387064
+,17070149,1653952,15620791,10350100,3425457,-1,1,0,0,0,-1,-1,-1,-1
+,17070149,3499185,15620791,12195333,5270690,-1,1,0,0,0,-1,-1,-1,-1
+,17075467,4462144,15355589,14781412,9745091,-1,1,0,0,0,-1,-1,-1,-1
-,17079691,1461217,15077369,13475149,-1,541104,0,1,2,0,7086372,5625155,5625155,1.31739
+,17095207,9536989,16451437,13399609,810792,-1,1,0,4,0,12323268,2786279,2786279,2.60778
+,17095207,11778024,16451437,15640644,3051827,-1,1,0,4,0,12323268,545244,545244,0.510313
-,17100767,382152,16585223,3475416,-1,133391,0,1,0,0,-1,-1,-1,-1
+,17102849,4001749,15954937,10889221,1821756,-1,1,0,2,0,6994420,2992671,2992671,1.39985
+,17102849,7245708,15954937,14133180,5065715,-1,1,0,2,0,6994420,251288,251288,0.117542
+,17110189,8143444,16226317,13446676,2523591,-1,1,0,0,0,-1,-1,-1,-1
+,17110189,8399493,16226317,13702725,2779640,-1,1,0,0,0,-1,-1,-1,-1
-,17119273,1286265,15667793,9995145,-1,165214,0,1,0,0,-1,-1,-1,-1
+,17124137,5550804,16101977,11683764,1714747,-1,1,0,0,0,-1,-1,-1,-1
+,17124137,8254269,16101977,14387229,4418212,-1,1,0,0,0,-1,-1,-1,-1
-,17132117,604400,15895123,8026364,-1,632593,0,1,2,0,8271797,7667397,7667397,1.79018
+,17138831,409362,15546961,9960582,3964841,-1,1,0,0,0,-1,-1,-1,-1
+,17138831,2030899,15546961,11582119,5586378,-1,1,0,0,0,-1,-1,-1,-1
-,17139809,161239,16295533,5226895,-1,683036,0,1,0,0,-1,-1,-1,-1
+,17143003,6455286,15640441,15470658,8845589,-1,1,0,0,0,-1,-1,-1,-1
+,17147731,1240695,15859267,8971479,842996,-1,1,0,0,0,-1,-1,-1,-1
+,17147731,7285486,15859267,15016270,6887787,-1,1,0,0,0,-1,-1,-1,-1
+,17163317,2542676,15177187,14459456,11199049,-1,1,0,2,0,2547985,5309,5309,0.00123729
+,17167517,1661900,14997743,14680544,12701445,-1,1,0,2,0,5221662,3559762,3559762,0.829418
+,17170787,1481850,15723229,10167198,3129317,-1,1,0,0,0,-1,-1,-1,-1
+,17170787,3908563,15723229,12593911,5556030,-1,1,0,0,0,-1,-1,-1,-1
+,17173817,5855530,15641279,15050758,8604707,-1,1,0,0,0,-1,-1,-1,-1
+,17181959,1901902,15141449,14144962,11246573,-1,1,0,0,0,-1,-1,-1,-1
+,17193853,595470,15150623,12854850,9963607,-1,1,0,0,0,-1,-1,-1,-1
+,17196961,2010747,15034363,14986335,12927560,-1,1,0,2,0,1818655,192092,192092,0.0446805
-,17201453,1143583,15171811,13321435,-1,886058,0,1,2,0,3881604,2738021,2738021,0.636695
+,17205059,9638499,16583129,13370079,518530,-1,1,0,2,0,12068749,2430250,2430250,1.13002
+,17205059,12333018,16583129,16064598,3213049,-1,1,0,2,0,12068749,264269,264269,0.12288
+,17207717,5430480,16136489,11857848,2148727,-1,1,0,2,0,6643070,1212590,1212590,0.563742
+,17207717,7560393,16136489,13987761,4278640,-1,1,0,2,0,6643070,917323,917323,0.426471
+,17218219,2938515,15305201,14416623,10589530,-1,1,0,0,0,-1,-1,-1,-1
-,17218871,271158,16314223,5699046,-1,633489,0,1,0,0,-1,-1,-1,-1
+,17225167,671854,14951749,14312362,13001121,-1,1,0,0,0,-1,-1,-1,-1
+,17227057,3729847,15674783,13043491,6682352,-1,1,0,0,0,-1,-1,-1,-1
-,17244713,485581,15270263,12332281,-1,1488868,0,1,0,0,-1,-1,-1,-1
+,17256079,5548876,16097483,12500452,3354545,-1,1,0,0,0,-1,-1,-1,-1
+,17256079,5791361,16097483,12742937,3597030,-1,1,0,0,0,-1,-1,-1,-1
+,17262227,9382049,16494329,13989437,2102496,-1,1,0,0,0,-1,-1,-1,-1
+,17262227,9784444,16494329,14391832,2504891,-1,1,0,0,0,-1,-1,-1,-1
+,17268763,1474383,15869531,9869775,2395636,-1,1,0,0,0,-1,-1,-1,-1
+,17268763,5078502,15869531,13473894,5999755,-1,1,0,0,0,-1,-1,-1,-1
-,17271203,1401853,15102259,14415517,-1,767090,0,1,2,0,666315,735538,735538,0.17035
+,17278309,8570759,16585189,12729479,303010,-1,1,0,2,0,271285,8299474,8299474,3.84273
+,17278309,12123458,16585189,16282178,3855709,-1,1,0,2,0,17007023,4883565,4883565,2.26113
+,17283193,778708,15161833,13506868,11073195,-1,1,0,0,0,-1,-1,-1,-1
+,17288951,8221557,16401887,13543941,2464438,-1,1,0,2,0,181631,8039926,8039926,3.72026
+,17288951,8615064,16401887,13937448,2857945,-1,1,0,2,0,181631,8433433,8433433,3.90235
-,17299123,377050,15335543,12158530,-1,1586529,0,1,2,0,2990340,2613290,2613290,0.60426
+,17305579,8009975,16547407,12559007,560632,-1,1,0,0,0,-1,-1,-1,-1
+,17305579,11437742,16547407,15986774,3988399,-1,1,0,0,0,-1,-1,-1,-1
+,17314201,100608,15395537,11612592,7729039,-1,1,0,0,0,-1,-1,-1,-1
+,17335061,214081,15302359,12410293,9304146,-1,1,0,0,0,-1,-1,-1,-1
+,17335873,3333167,16054231,11023019,2658640,-1,1,0,0,0,-1,-1,-1,-1
+,17335873,5705738,16054231,13395590,5031211,-1,1,0,0,0,-1,-1,-1,-1
+,17357531,5084277,15714133,14944665,9090920,-1,1,0,0,0,-1,-1,-1,-1
-,17359129,1374481,15561457,12160513,-1,423190,0,1,0,0,-1,-1,-1,-1
-,17369713,553339,15164971,13781791,-1,1651402,0,1,2,0,3186763,2633424,2633424,0.60644
+,17370653,5592814,16460767,11052130,50679,-1,1,0,4,0,5302083,290731,290731,0.267791
+,17370653,10950771,16460767,16410087,5408636,-1,1,0,4,0,12068569,1117798,1117798,1.0296
+,17377649,4693172,16347631,10873280,705757,-1,1,0,0,0,-1,-1,-1,-1
+,17377649,9461765,16347631,15641873,5474350,-1,1,0,0,0,-1,-1,-1,-1
-,17386129,873066,15377849,12922746,-1,1135213,0,1,2,0,4590019,3716953,3716953,0.855154
+,17386199,9293289,16736059,13194129,358910,-1,1,0,2,0,9780077,486788,486788,0.223988
+,17386199,12476308,16736059,16377148,3541929,-1,1,0,2,0,9780077,2696231,2696231,1.24063
+,17391259,2717700,15549841,13766208,9264875,-1,1,0,0,0,-1,-1,-1,-1
+,17401243,2701647,15634253,13303587,8271274,-1,1,0,0,0,-1,-1,-1,-1
+,17401801,13271138,17075827,15226982,106999,-1,1,0,0,0,-1,-1,-1,-1
+,17401801,15012983,17075827,16968827,1848844,-1,1,0,0,0,-1,-1,-1,-1
+,17405513,2530301,16025803,10808561,3061018,-1,1,0,2,0,1931742,598559,598559,0.275112
+,17405513,4686524,16025803,12964784,5217241,-1,1,0,2,0,1931742,2754782,2754782,1.26617
+,17412011,330389,15469511,11985389,8170878,-1,1,0,2,0,7731643,7401254,7401254,1.70026
+,17419247,13841036,17080213,15875240,829231,-1,1,0,0,0,-1,-1,-1,-1
+,17419247,14216777,17080213,16250981,1204972,-1,1,0,0,0,-1,-1,-1,-1
+,17421169,3334608,15540757,14617080,10358795,-1,1,0,0,0,-1,-1,-1,-1
+,17457313,1243862,15487049,13065446,9399981,-1,1,0,0,0,-1,-1,-1,-1
+,17463833,4453330,15807037,14394106,8527845,-1,1,0,0,0,-1,-1,-1,-1
+,17465321,7132509,16603799,12301641,866974,-1,1,0,0,0,-1,-1,-1,-1
+,17465321,10567692,16603799,15736824,4302157,-1,1,0,0,0,-1,-1,-1,-1
-,17470073,192747,16819303,4097367,-1,458022,0,1,0,0,-1,-1,-1,-1
+,17487289,387907,16073723,8869303,1276976,-1,1,0,0,0,-1,-1,-1,-1
+,17487289,6315350,16073723,14796746,7204419,-1,1,0,0,0,-1,-1,-1,-1
-,17491141,235486,15639979,11342458,-1,1615675,0,1,2,0,5058496,4823010,4823010,1.10296
+,17494273,7217952,16040491,15940644,8622845,-1,1,0,0,0,-1,-1,-1,-1
-,17494733,216971,16902671,3769343,-1,375090,0,1,4,0,5438712,5221741,5221741,2.3878
+,17495209,1592984,15286853,14843120,12806403,-1,1,0,2,0,8208849,6615865,6615865,1.51261
+,17495897,2526036,16159579,10543944,2402273,-1,1,0,2,0,807906,1718130,1718130,0.785615
+,17495897,5739397,16159579,13757305,5615634,-1,1,0,2,0,807906,4931491,4931491,2.25492
+,17499721,5391913,15967871,14583013,7806242,-1,1,0,0,0,-1,-1,-1,-1
-,17501749,40236,16278347,7380648,-1,1183165,0,1,2,0,1829453,1789217,1789217,0.408923
+,17515829,11477948,16986391,14654576,844813,-1,1,0,2,0,12396512,918564,918564,0.419535
+,17515829,12964949,16986391,16141577,2331814,-1,1,0,2,0,12396512,568437,568437,0.259622
-,17522473,1010336,16231043,8758916,-1,281093,0,1,2,0,8497876,7487540,7487540,1.70924
+,17533129,4248254,16248473,11956190,3415653,-1,1,0,0,0,-1,-1,-1,-1
+,17533129,5124883,16248473,12832819,4292282,-1,1,0,0,0,-1,-1,-1,-1
-,17535149,168060,15108679,14726880,-1,2258409,0,1,2,0,7053501,6885441,6885441,1.57066
-,17537699,595930,16081603,9332506,-1,860165,0,1,0,0,-1,-1,-1,-1
-,17543377,1377932,15320803,14713376,-1,844641,0,1,0,0,-1,-1,-1,-1
+,17544259,886489,15479507,13275001,10184006,-1,1,0,0,0,-1,-1,-1,-1
-,17550569,62188,16134929,8556028,-1,1353451,0,1,0,0,-1,-1,-1,-1
-,17556601,336828,15122633,14940636,-1,2097139,0,1,2,0,6903597,6566769,6566769,1.49614
+,17567867,2182306,15386069,15273094,12977813,-1,1,0,2,0,621580,1560726,1560726,0.355359
+,17568569,3496534,16206623,11668210,3633263,-1,1,0,0,0,-1,-1,-1,-1
+,17568569,4401683,16206623,12573359,4538412,-1,1,0,0,0,-1,-1,-1,-1
+,17574727,1613145,16173709,10019253,2251652,-1,1,0,0,0,-1,-1,-1,-1
+,17574727,5515948,16173709,13922056,6154455,-1,1,0,0,0,-1,-1,-1,-1
-,17578037,321785,15794087,11025485,-1,1462164,0,1,0,0,-1,-1,-1,-1
+,17582401,2884990,15866261,13181830,7612409,-1,1,0,0,0,-1,-1,-1,-1
-,17602033,1310222,15796709,12142166,-1,495101,0,1,2,0,2892622,1582400,1582400,0.359595
-,17603561,531806,15708163,11904194,-1,1363591,0,1,0,0,-1,-1,-1,-1
-,17610539,658047,15249307,14825439,-1,1703184,0,1,2,0,2370563,1712516,1712516,0.388975
+,17621563,5314950,16022437,14909706,8482025,-1,1,0,0,0,-1,-1,-1,-1
+,17627567,1390958,15328783,15183662,13647583,-1,1,0,0,0,-1,-1,-1,-1
+,17656069,5390054,16497179,12343394,2799555,-1,1,0,0,0,-1,-1,-1,-1
+,17656069,6744283,16497179,13697623,4153784,-1,1,0,0,0,-1,-1,-1,-1
+,17661367,1404025,15640711,13527961,10011186,-1,1,0,0,0,-1,-1,-1,-1
-,17676683,673053,16779193,6057993,-1,224436,0,1,4,0,5882862,5209809,5209809,2.35782
-,17694709,330820,16372133,8266276,-1,991755,0,1,2,0,5836765,5505945,5505945,1.24465
+,17697809,694951,15529303,13705987,11187720,-1,1,0,0,0,-1,-1,-1,-1
+,17700707,2515516,16362187,10546636,2215569,-1,1,0,2,0,4160904,1645388,1645388,0.743648
+,17700707,6115497,16362187,14146617,5815550,-1,1,0,2,0,4160904,1954593,1954593,0.883397
+,17705099,8092481,16820071,13402649,1892746,-1,1,0,0,0,-1,-1,-1,-1
+,17705099,9617156,16820071,14927324,3417421,-1,1,0,0,0,-1,-1,-1,-1
-,17705813,46276,15478439,13410520,-1,2181097,0,1,0,0,-1,-1,-1,-1
-,17709079,1522039,15911723,12306175,-1,275316,0,1,2,0,7045378,5523339,5523339,1.24757
+,17713561,223536,15509323,13448964,11165069,-1,1,0,2,0,8352802,8129266,8129266,1.83572
-,17716033,1389615,15522181,14552727,-1,804236,0,1,0,0,-1,-1,-1,-1
+,17722987,3312268,15739111,15215524,11379669,-1,1,0,4,0,3001318,310950,310950,0.14036
-,17725223,1053330,15992261,11451102,-1,679631,0,1,0,0,-1,-1,-1,-1
+,17727971,644662,16387199,8689294,346727,-1,1,0,2,0,4529530,3884868,3884868,1.7531
+,17727971,7995839,16387199,16040471,7697904,-1,1,0,2,0,4529530,3466309,3466309,1.56422
+,17735147,4687818,16493941,12135054,3088349,-1,1,0,2,0,488809,4199009,4199009,1.8941
+,17735147,5958355,16493941,13405591,4358886,-1,1,0,2,0,488809,5469546,5469546,2.46721
+,17737309,3602312,16394173,11661128,3325771,-1,1,0,2,0,1024962,2577350,2577350,1.16245
+,17737309,5009585,16394173,13068401,4733044,-1,1,0,2,0,1024962,3984623,3984623,1.79717
+,17737367,3719821,15773809,15501169,11508708,-1,1,0,4,0,756319,2963502,2963502,1.33661
-,17741597,585750,17138419,4204818,-1,17427,0,1,0,0,-1,-1,-1,-1
+,17752151,9382977,17080663,13411905,360170,-1,1,0,2,0,16086323,6703346,6703346,3.02086
+,17752151,12691564,17080663,16720492,3668757,-1,1,0,2,0,16086323,3394759,3394759,1.52985
-,17763353,1383407,16123763,11220947,-1,256182,0,1,0,0,-1,-1,-1,-1
+,17783659,4563460,16740401,10823008,342155,-1,1,0,0,0,-1,-1,-1,-1
+,17783659,10138697,16740401,16398245,5917392,-1,1,0,0,0,-1,-1,-1,-1
+,17787683,16789955,17709059,17261699,24384,-1,1,0,0,0,-1,-1,-1,-1
+,17787683,17212930,17709059,17684674,447359,-1,1,0,0,0,-1,-1,-1,-1
+,17791327,6670455,16909447,11961735,343568,-1,1,0,2,0,4821277,1849178,1849178,0.831496
+,17791327,11274598,16909447,16565878,4947711,-1,1,0,2,0,12970049,1695451,1695451,0.762372
+,17809361,667576,15885967,12207940,7862337,-1,1,0,2,0,4489113,3821537,3821537,0.858321
+,17838367,13377821,17465941,15612377,380992,-1,1,0,0,0,-1,-1,-1,-1
+,17838367,14850392,17465941,17084948,1853563,-1,1,0,0,0,-1,-1,-1,-1
+,17844329,900003,16074307,11520135,6065960,-1,1,0,2,0,8419727,7519724,7519724,1.68563
-,17845379,56652,16695463,6956148,-1,1093263,0,1,0,0,-1,-1,-1,-1
+,17845673,1068282,15966053,12346002,7657669,-1,1,0,0,0,-1,-1,-1,-1
+,17862577,5596280,16842667,11715740,992533,-1,1,0,2,0,4287444,1308836,1308836,0.58618
+,17862577,9730673,16842667,15850133,5126926,-1,1,0,2,0,13575132,3844459,3844459,1.72179
+,17868449,12506378,17379799,15438278,990379,-1,1,0,2,0,13521285,1014907,1014907,0.454391
+,17868449,13457519,17379799,16389419,1941520,-1,1,0,2,0,13521285,63766,63766,0.0285491
-,17868647,836262,16096939,11466510,-1,935445,0,1,4,0,1793700,957438,957438,0.428656
+,17872747,2267586,15973681,13661982,9082697,-1,1,0,0,0,-1,-1,-1,-1
+,17875951,3300028,16545241,11284288,2723307,-1,1,0,2,0,6232577,2932549,2932549,1.3124
+,17875951,5837673,16545241,13821933,5260952,-1,1,0,2,0,6232577,394904,394904,0.176731
+,17881757,2811132,16117979,13393800,7858489,-1,1,0,0,0,-1,-1,-1,-1
-,17890399,186994,16564337,8143366,-1,1139067,0,1,0,0,-1,-1,-1,-1
-,17908357,1211156,16613431,8980712,-1,83769,0,1,0,0,-1,-1,-1,-1
+,17922407,1453534,16199137,11793154,5933637,-1,1,0,0,0,-1,-1,-1,-1
-,17925437,1608762,15863117,13982682,-1,453557,0,1,2,0,3588615,1979853,1979853,0.441797
-,17931211,737075,17140457,5481599,-1,53678,0,1,0,0,-1,-1,-1,-1
+,17937247,149594,16344589,9705542,2916901,-1,1,0,0,0,-1,-1,-1,-1
+,17937247,3871739,16344589,13427687,6639046,-1,1,0,0,0,-1,-1,-1,-1
+,17942201,2226003,16477603,11013591,3323576,-1,1,0,0,0,-1,-1,-1,-1
+,17942201,4366438,16477603,13154026,5464011,-1,1,0,0,0,-1,-1,-1,-1
+,17957183,2386388,16045373,13857248,9282735,-1,1,0,0,0,-1,-1,-1,-1
+,17958491,5014317,16278347,15095181,8897698,-1,1,0,0,0,-1,-1,-1,-1
+,17960363,5661785,16737731,12997577,3595638,-1,1,0,0,0,-1,-1,-1,-1
+,17960363,5806300,16737731,13142092,3740153,-1,1,0,0,0,-1,-1,-1,-1
-,17961799,694906,15682207,14372458,-1,1584685,0,1,0,0,-1,-1,-1,-1
+,17965247,12161250,17399639,15554898,1548907,-1,1,0,0,0,-1,-1,-1,-1
+,17965247,12457083,17399639,15850731,1844740,-1,1,0,0,0,-1,-1,-1,-1
+,17974373,312119,15860011,12998291,9824452,-1,1,0,0,0,-1,-1,-1,-1
+,17982761,4365329,16920859,10736741,187294,-1,1,0,2,0,2529482,1835847,1835847,0.816714
+,17982761,10362152,16920859,16733564,6184117,-1,1,0,2,0,15453278,5091126,5091126,2.26489
-,17984789,1359966,15728747,14896218,-1,896075,0,1,0,0,-1,-1,-1,-1
+,17991209,1880503,16424081,11283271,4261958,-1,1,0,0,0,-1,-1,-1,-1
+,17991209,2759354,16424081,12162122,5140809,-1,1,0,0,0,-1,-1,-1,-1
+,17993993,4020806,16220459,14662010,9082755,-1,1,0,2,0,315291,3705515,3705515,0.823723
+,17994637,1641996,16394467,11243016,4449569,-1,1,0,0,0,-1,-1,-1,-1
+,17994637,2343877,16394467,11944897,5151450,-1,1,0,0,0,-1,-1,-1,-1
-,17999257,1489180,16062973,13106884,-1,447103,0,1,0,0,-1,-1,-1,-1
-,18003847,950959,15957437,13229419,-1,1095450,0,1,0,0,-1,-1,-1,-1
+,18009569,8154469,17048903,13918465,2633558,-1,1,0,0,0,-1,-1,-1,-1
+,18009569,8651348,17048903,14415344,3130437,-1,1,0,0,0,-1,-1,-1,-1
+,18014897,494454,16303543,10762578,4727159,-1,1,0,0,0,-1,-1,-1,-1
+,18014897,1308259,16303543,11576383,5540964,-1,1,0,0,0,-1,-1,-1,-1
-,18021371,516421,16412413,10170169,-1,1092536,0,1,0,0,-1,-1,-1,-1
-,18021763,122379,16834957,7243215,-1,1064426,0,1,0,0,-1,-1,-1,-1
-,18058127,388480,16665269,8745628,-1,1004377,0,1,0,0,-1,-1,-1,-1
-,18063343,1713468,15961261,14325960,-1,388613,0,1,0,0,-1,-1,-1,-1
+,18070301,4426691,16249223,15353159,10030404,-1,1,0,0,0,-1,-1,-1,-1
-,18071639,423850,17484569,3946270,-1,163219,0,1,0,0,-1,-1,-1,-1
+,18074261,1611366,16623587,10315410,2395867,-1,1,0,2,0,4314133,2702767,2702767,1.19629
+,18074261,5523675,16623587,14227719,6308176,-1,1,0,2,0,4314133,1209542,1209542,0.535366
+,18074369,6688988,16526051,15978896,8742753,-1,1,0,2,0,3925323,2763665,2763665,0.611621
+,18076099,2616136,16717693,10766572,2199315,-1,1,0,2,0,2286313,329823,329823,0.145971
+,18076099,6367941,16717693,14518377,5951120,-1,1,0,2,0,2286313,4081628,4081628,1.80642
+,18088319,2149968,15824441,15733236,13492063,-1,1,0,2,0,3010624,860656,860656,0.190323
-,18091681,522691,16380107,10792135,-1,1188882,0,1,0,0,-1,-1,-1,-1
+,18091891,2191307,16603159,11123699,3452932,-1,1,0,0,0,-1,-1,-1,-1
+,18091891,4217834,16603159,13150226,5479459,-1,1,0,0,0,-1,-1,-1,-1
+,18094207,10373246,17470729,14114114,384253,-1,1,0,0,0,-1,-1,-1,-1
+,18094207,13345607,17470729,17086475,3356614,-1,1,0,0,0,-1,-1,-1,-1
+,18104123,1401451,15970189,14205055,11038470,-1,1,0,0,0,-1,-1,-1,-1
+,18123467,1197391,16295641,12164347,6835662,-1,1,0,0,0,-1,-1,-1,-1
-,18124637,67840,16329211,10840396,-1,1727585,0,1,0,0,-1,-1,-1,-1
+,18137417,6215797,16975663,13186321,3181182,-1,1,0,2,0,3724636,2491161,2491161,1.09879
+,18137417,6823956,16975663,13794480,3789341,-1,1,0,2,0,3724636,3099320,3099320,1.36704
-,18142463,291527,15650911,15240839,-1,2200024,0,1,2,0,5706525,5414998,5414998,1.19388
+,18145093,13766275,17747759,16150279,786524,-1,1,0,0,0,-1,-1,-1,-1
+,18145093,14577230,17747759,16961234,1597479,-1,1,0,0,0,-1,-1,-1,-1
-,18152833,1281763,16746767,9718159,-1,124302,0,1,2,0,5402142,4120379,4120379,0.907931
-,18156847,1414564,16193867,13192444,-1,548415,0,1,0,0,-1,-1,-1,-1
+,18165467,3767371,16862033,11587975,2546546,-1,1,0,2,0,1720633,2046738,2046738,0.901375
+,18165467,6494882,16862033,14315486,5274057,-1,1,0,2,0,1720633,4774249,4774249,2.10256
+,18166979,5094154,16469171,15281002,8998679,-1,1,0,2,0,5115800,21646,21646,0.00476601
+,18175649,1794214,15987487,14923186,12064671,-1,1,0,0,0,-1,-1,-1,-1
+,18177359,6930112,17216051,12697960,1249757,-1,1,0,0,0,-1,-1,-1,-1
+,18177359,10198445,17216051,15966293,4518090,-1,1,0,0,0,-1,-1,-1,-1
+,18177689,4350344,16295117,15645776,10646091,-1,1,0,0,0,-1,-1,-1,-1
-,18180731,570086,16081237,13167050,-1,1529407,0,1,2,0,2124635,1554549,1554549,0.342021
-,18190489,1905734,16207469,13803854,-1,77285,0,1,2,0,8831863,6926129,6926129,1.52302
+,18200471,2058961,16887071,9939361,932690,-1,1,0,4,0,1844857,214104,214104,0.188218
+,18200471,8073980,16887071,15954380,6947709,-1,1,0,4,0,5417168,2656812,2656812,2.3356
-,18210509,827439,16128941,13316847,-1,1254128,0,1,0,0,-1,-1,-1,-1
+,18224719,14162901,17849327,16415253,818278,-1,1,0,2,0,16495179,2332278,2332278,1.02379
+,18224719,14778696,17849327,17031048,1434073,-1,1,0,2,0,16495179,1716483,1716483,0.753475
+,18230911,10562127,17614741,14259147,341426,-1,1,0,0,0,-1,-1,-1,-1
+,18230911,13576294,17614741,17273314,3355593,-1,1,0,0,0,-1,-1,-1,-1
-,18230959,314089,16874729,8451469,-1,1042140,0,1,6,0,2186505,1872416,1872416,1.23246
-,18236651,840334,16542269,11006626,-1,854047,0,1,2,0,1440692,600358,600358,0.131682
+,18238711,2396010,16305013,13998198,9295373,-1,1,0,0,0,-1,-1,-1,-1
+,18245153,2513294,16342633,13928414,9000901,-1,1,0,0,0,-1,-1,-1,-1
-,18256081,58674,16319411,11678694,-1,1877995,0,1,0,0,-1,-1,-1,-1
+,18256313,6807418,17336947,12323614,502863,-1,1,0,2,0,8021153,1213735,1213735,0.531864
+,18256313,11317887,17336947,16834083,5013332,-1,1,0,2,0,10235159,1082728,1082728,0.474456
+,18257717,1160306,16424081,12162122,6739857,-1,1,0,0,0,-1,-1,-1,-1
-,18266189,75202,17415379,5180062,-1,775607,0,1,0,0,-1,-1,-1,-1
-,18269179,278141,16074277,13447553,-1,1916760,0,1,0,0,-1,-1,-1,-1
+,18270023,5298156,17042243,12664836,2989273,-1,1,0,0,0,-1,-1,-1,-1
+,18270023,6686289,17042243,14052969,4377406,-1,1,0,0,0,-1,-1,-1,-1
+,18274709,124633,16278989,12098953,7794284,-1,1,0,2,0,2785565,2660932,2660932,0.582429
+,18274909,10304506,17585663,14439982,989795,-1,1,0,0,0,-1,-1,-1,-1
+,18274909,12460391,17585663,16595867,3145680,-1,1,0,0,0,-1,-1,-1,-1
-,18277121,1740252,16520353,12280860,-1,16515,0,1,0,0,-1,-1,-1,-1
-,18278717,144430,16460767,11052130,-1,1673519,0,1,0,0,-1,-1,-1,-1
+,18287837,492010,16335919,12203518,7579107,-1,1,0,2,0,260329,231681,231681,0.0506743
-,18289199,21042,18177077,693774,-1,91079,0,1,2,0,1661735,1640693,1640693,0.358833
+,18289499,7038690,17168303,13765866,3324739,-1,1,0,0,0,-1,-1,-1,-1
+,18289499,7116387,17168303,13843563,3402436,-1,1,0,0,0,-1,-1,-1,-1
-,18291701,212280,16786547,9243204,-1,1292873,0,1,2,0,5236141,5023861,5023861,1.09861
+,18293467,12250090,17785181,15299806,564341,-1,1,0,2,0,14512350,2262260,2262260,0.989319
+,18293467,14171123,17785181,17220839,2485374,-1,1,0,2,0,14512350,341227,341227,0.149224
+,18296483,5123373,17167529,11897097,1503292,-1,1,0,0,0,-1,-1,-1,-1
+,18296483,8890512,17167529,15664236,5270431,-1,1,0,0,0,-1,-1,-1,-1
+,18296737,6780878,17197289,13377566,2776965,-1,1,0,0,0,-1,-1,-1,-1
+,18296737,7823635,17197289,14420323,3819722,-1,1,0,0,0,-1,-1,-1,-1
+,18314363,4588196,16446197,15797192,10559991,-1,1,0,0,0,-1,-1,-1,-1
+,18325771,6999106,17327371,12989506,1652535,-1,1,0,2,0,464495,6534611,6534611,2.85264
+,18325771,9684435,17327371,15674835,4337864,-1,1,0,2,0,17861275,8176840,8176840,3.56955
+,18330397,4381694,16563733,14981678,9017929,-1,1,0,2,0,8031994,3650300,3650300,0.796557
+,18332101,6584082,16720049,16256394,9208657,-1,1,0,2,0,5768343,815739,815739,0.177991
+,18332689,10516768,17710727,14248540,269585,-1,1,0,4,0,14629379,4112611,4112611,3.58931
+,18332689,13709369,17710727,17441141,3462186,-1,1,0,4,0,14629379,920010,920010,0.802946
+,18336859,558264,16125391,13827072,10970489,-1,1,0,0,0,-1,-1,-1,-1
+,18349601,6560736,17234929,13248768,2701871,-1,1,0,0,0,-1,-1,-1,-1
+,18349601,7845025,17234929,14533057,3986160,-1,1,0,0,0,-1,-1,-1,-1
+,18350443,9642309,17608813,14092089,933056,-1,1,0,2,0,16324061,6681752,6681752,2.91296
+,18350443,12225976,17608813,16675756,3516723,-1,1,0,2,0,16324061,4098085,4098085,1.78659
-,18351521,302826,16457263,11668374,-1,1591431,0,1,4,0,3040790,2737964,2737964,1.19356
+,18359611,5009199,17301749,11356371,401794,-1,1,0,2,0,614523,4394676,4394676,1.91493
+,18359611,10552782,17301749,16899954,5945377,-1,1,0,2,0,17745087,7192305,7192305,3.13397
+,18365749,4472664,16517621,15561432,10132579,-1,1,0,0,0,-1,-1,-1,-1
-,18366847,1391076,16878529,10320984,-1,97241,0,1,0,0,-1,-1,-1,-1
+,18368929,6191819,17362537,12230171,905986,-1,1,0,0,0,-1,-1,-1,-1
+,18368929,10418198,17362537,16456550,5132365,-1,1,0,0,0,-1,-1,-1,-1
-,18377257,716977,17129239,8205085,-1,531040,0,1,0,0,-1,-1,-1,-1
+,18395731,11990145,17780363,15682353,1594198,-1,1,0,0,0,-1,-1,-1,-1
+,18395731,12493956,17780363,16186164,2098009,-1,1,0,0,0,-1,-1,-1,-1
-,18422659,1022741,17285809,7843841,-1,114108,0,1,0,0,-1,-1,-1,-1
+,18427399,2750856,16385819,15000336,10863997,-1,1,0,0,0,-1,-1,-1,-1
+,18431059,712970,16853957,10175582,2784237,-1,1,0,0,0,-1,-1,-1,-1
+,18431059,4607107,16853957,14069719,6678374,-1,1,0,0,0,-1,-1,-1,-1
+,18446893,1754777,16229887,15056813,12128962,-1,1,0,0,0,-1,-1,-1,-1
+,18453301,4746366,16707863,15218994,8983759,-1,1,0,0,0,-1,-1,-1,-1
-,18454451,303469,16204411,13803709,-1,1946570,0,1,2,0,8350862,8047393,8047393,1.74427
+,18455923,410997,16448447,12455853,8052262,-1,1,0,0,0,-1,-1,-1,-1
+,18459247,1318059,16844917,11004039,3845102,-1,1,0,4,0,70141,1247918,1247918,1.08166
+,18459247,3313834,16844917,12999814,5840877,-1,1,0,4,0,5405493,2091659,2091659,1.813
-,18465617,127095,17329381,6944511,-1,1009140,0,1,0,0,-1,-1,-1,-1
+,18498163,7459122,17645863,12572922,40859,-1,1,0,0,0,-1,-1,-1,-1
+,18498163,12491203,17645863,17605003,5072940,-1,1,0,0,0,-1,-1,-1,-1
-,18514999,805384,16332809,13898524,-1,1376805,0,1,2,0,8759573,7954189,7954189,1.71843
+,18516623,550514,16908883,10196954,2934511,-1,1,0,0,0,-1,-1,-1,-1
+,18516623,4327931,16908883,13974371,6711928,-1,1,0,0,0,-1,-1,-1,-1
+,18525523,5033275,17396719,11806099,1182204,-1,1,0,2,0,5118153,84878,84878,0.0366534
+,18525523,9441690,17396719,16214514,5590619,-1,1,0,2,0,13407369,3965679,3965679,1.71253
+,18526153,2376092,16319441,15616364,12537195,-1,1,0,2,0,7209321,4833229,4833229,1.04355
-,18532307,226587,16003991,15396483,-1,2301728,0,1,2,0,3598575,3371988,3371988,0.727807
+,18534787,1123528,16207039,15090016,12849465,-1,1,0,0,0,-1,-1,-1,-1
+,18540493,673653,16939501,10279605,2946056,-1,1,0,4,0,4991107,4317454,4317454,3.72586
+,18540493,4387492,16939501,13993444,6659895,-1,1,0,4,0,4991107,603615,603615,0.520905
+,18541727,6348563,16944527,15931763,8570436,-1,1,0,0,0,-1,-1,-1,-1
+,18546917,918897,16578097,12731817,7966640,-1,1,0,2,0,97919,820978,820978,0.17706
+,18566731,4554110,17327917,11986994,2091961,-1,1,0,0,0,-1,-1,-1,-1
+,18566731,7803071,17327917,15235955,5340922,-1,1,0,0,0,-1,-1,-1,-1
-,18570943,434094,16923523,10318614,-1,1213325,0,1,0,0,-1,-1,-1,-1
+,18580729,12242687,17953283,16007363,1818756,-1,1,0,0,0,-1,-1,-1,-1
+,18580729,12369850,17953283,16134526,1945919,-1,1,0,0,0,-1,-1,-1,-1
+,18617947,2193165,17102563,11285469,3275210,-1,1,0,0,0,-1,-1,-1,-1
+,18617947,4735048,17102563,13827352,5817093,-1,1,0,0,0,-1,-1,-1,-1
+,18618623,2294454,16448917,15312690,11882009,-1,1,0,2,0,2043026,251428,251428,0.0540165
+,18626299,1729521,16959101,11732709,4776796,-1,1,0,2,0,978518,751003,751003,0.322556
+,18626299,2179116,16959101,12182304,5226391,-1,1,0,2,0,978518,1200598,1200598,0.515657
-,18631937,1220956,16739809,12573724,-1,671171,0,1,0,0,-1,-1,-1,-1
+,18641977,282571,16629341,12358387,7804862,-1,1,0,2,0,562422,279851,279851,0.0600475
-,18645643,334020,17039303,9972060,-1,1272319,0,1,2,0,4816165,4482145,4482145,0.961543
-,18670321,445887,17122409,9733359,-1,1102024,0,1,2,0,6207882,5761995,5761995,1.23447
+,18680201,2147123,16509827,15169367,11681784,-1,1,0,0,0,-1,-1,-1,-1
+,18681961,7046727,17701183,12931395,1114880,-1,1,0,2,0,6573208,473519,473519,0.202771
+,18681961,10701634,17701183,16586302,4769787,-1,1,0,2,0,12108752,1407118,1407118,0.602557
+,18689917,3601220,17286163,12023744,3160105,-1,1,0,0,0,-1,-1,-1,-1
+,18689917,5703533,17286163,14126057,5262418,-1,1,0,0,0,-1,-1,-1,-1
+,18700321,875372,17212777,9800636,1513123,-1,1,0,2,0,9218624,8343252,8343252,3.56924
+,18700321,6774389,17212777,15699653,7412140,-1,1,0,2,0,9218624,2444235,2444235,1.04564
+,18711239,6039089,17595961,12730757,1826464,-1,1,0,4,0,1635479,4403610,4403610,3.76553
+,18711239,9077828,17595961,15769496,4865203,-1,1,0,4,0,1635479,7442349,7442349,6.36396
+,18714797,1355229,16985197,11732829,5125232,-1,1,0,2,0,6796613,5441384,5441384,2.32602
+,18714797,1482364,16985197,11859964,5252367,-1,1,0,2,0,6796613,5314249,5314249,2.27168
+,18716617,918872,17140897,10373192,2686615,-1,1,0,0,0,-1,-1,-1,-1
+,18716617,4999961,17140897,14454281,6767704,-1,1,0,0,0,-1,-1,-1,-1
+,18717581,729160,16239589,15597112,14225475,-1,1,0,0,0,-1,-1,-1,-1
-,18719689,1756018,16840559,13030798,-1,123111,0,1,0,0,-1,-1,-1,-1
-,18728873,697714,17805089,6240418,-1,226069,0,1,0,0,-1,-1,-1,-1
+,18729929,1239433,16788997,12885025,7741620,-1,1,0,0,0,-1,-1,-1,-1
+,18735397,4023659,17435461,11823275,2187430,-1,1,0,2,0,2532427,1491232,1491232,0.636755
+,18735397,7448414,17435461,15248030,5612185,-1,1,0,2,0,2532427,4915987,4915987,2.09912
+,18770021,2971,16871597,11393515,5912462,-1,1,0,0,0,-1,-1,-1,-1
-,18773647,460300,16855121,11971456,-1,1458225,0,1,0,0,-1,-1,-1,-1
+,18776911,12642632,18182447,16209416,1593753,-1,1,0,0,0,-1,-1,-1,-1
+,18776911,13021909,18182447,16588693,1973030,-1,1,0,0,0,-1,-1,-1,-1
+,18784309,6477655,17102819,16566595,9552716,-1,1,0,2,0,4729438,1748217,1748217,0.372272
-,18785671,1654493,17085137,11857697,-1,46040,0,1,0,0,-1,-1,-1,-1
+,18798739,1874416,16941311,13018984,7222241,-1,1,0,0,0,-1,-1,-1,-1
+,18799829,7829391,17297227,16845003,8563388,-1,1,0,0,0,-1,-1,-1,-1
+,18800797,10681133,17996611,15506249,2334754,-1,1,0,2,0,11930940,1249807,1249807,0.53181
+,18800797,10836740,17996611,15661856,2490361,-1,1,0,2,0,11930940,1094200,1094200,0.465597
+,18805777,1100756,16877831,12668432,7358277,-1,1,0,0,0,-1,-1,-1,-1
-,18809789,1020890,16352213,15766346,-1,1436685,0,1,2,0,2343126,1322236,1322236,0.28118
+,18845513,4178257,16923523,15710197,10318614,-1,1,0,2,0,8532713,4354456,4354456,0.924242
-,18860921,1103532,17141297,11421276,-1,616091,0,1,6,0,45958,1057574,1057574,0.672867
+,18866951,505906,17409451,9250906,586455,-1,1,0,0,0,-1,-1,-1,-1
+,18866951,8077995,17409451,16822995,8158544,-1,1,0,0,0,-1,-1,-1,-1
-,18867463,352757,18413249,3078041,-1,101456,0,1,0,0,-1,-1,-1,-1
+,18870193,433386,16343347,15594462,14412191,-1,1,0,0,0,-1,-1,-1,-1
+,18881677,6164253,17784127,12749553,1550726,-1,1,0,0,0,-1,-1,-1,-1
+,18881677,9648100,17784127,16233400,5034573,-1,1,0,0,0,-1,-1,-1,-1
+,18885509,4334933,17760647,11084105,72630,-1,1,0,2,0,5574522,1239589,1239589,0.525096
+,18885509,10938844,17760647,17688016,6676541,-1,1,0,2,0,13310986,2372142,2372142,1.00485
+,18902231,15246,17374163,9183654,977899,-1,1,0,0,0,-1,-1,-1,-1
+,18902231,7227855,17374163,16396263,8190508,-1,1,0,0,0,-1,-1,-1,-1
+,18914789,1585466,17189317,11938298,5101813,-1,1,0,0,0,-1,-1,-1,-1
+,18914789,1734671,17189317,12087503,5251018,-1,1,0,0,0,-1,-1,-1,-1
+,18915443,8140990,18009463,13576870,1003287,-1,1,0,0,0,-1,-1,-1,-1
+,18915443,11570295,18009463,17006175,4432592,-1,1,0,0,0,-1,-1,-1,-1
+,18917069,2855362,17151149,13450882,6895253,-1,1,0,0,0,-1,-1,-1,-1
-,18929173,772918,17670649,8324062,-1,485605,0,1,0,0,-1,-1,-1,-1
+,18930467,1318839,16653509,14980587,11988826,-1,1,0,0,0,-1,-1,-1,-1
+,18934913,4955253,17158441,15614085,9114476,-1,1,0,0,0,-1,-1,-1,-1
+,18966601,12757410,18477847,15689934,144611,-1,1,0,2,0,15629020,2871610,2871610,1.21123
+,18966601,15400711,18477847,18333235,2787912,-1,1,0,2,0,15629020,228309,228309,0.0962994
+,18967127,99074,16944503,12234818,7426059,-1,1,0,0,0,-1,-1,-1,-1
+,18972977,1933922,16592887,16214462,13902115,-1,1,0,0,0,-1,-1,-1,-1
+,18978073,5200990,17646961,13187662,3527373,-1,1,0,0,0,-1,-1,-1,-1
+,18978073,6132915,17646961,14119587,4459298,-1,1,0,0,0,-1,-1,-1,-1
-,18983039,478281,17665951,8380809,-1,838806,0,1,0,0,-1,-1,-1,-1
-,18985679,691541,17919103,7090997,-1,375034,0,1,4,0,1154467,462926,462926,0.195063
-,19021843,1849248,16657981,16032420,-1,514613,0,1,2,0,7660773,5811525,5811525,1.22207
+,19034011,5411997,17904389,12189729,1063072,-1,1,0,2,0,1930551,3481446,3481446,1.46325
+,19034011,10063584,17904389,16841316,5714659,-1,1,0,2,0,17103459,7039875,7039875,2.95886
-,19038631,1282065,16608083,15865353,-1,1148482,0,1,4,0,2866200,1584135,1584135,0.665651
+,19040507,5077621,17063161,16941697,11742612,-1,1,0,0,0,-1,-1,-1,-1
+,19041563,4581403,17824321,11884855,1363986,-1,1,0,0,0,-1,-1,-1,-1
+,19041563,9156882,17824321,16460334,5939465,-1,1,0,0,0,-1,-1,-1,-1
+,19045549,2974024,17192717,14091016,8015291,-1,1,0,0,0,-1,-1,-1,-1
+,19049071,31069,16603877,14702233,12769520,-1,1,0,0,0,-1,-1,-1,-1
+,19053017,4200350,17210573,15255014,9099105,-1,1,0,0,0,-1,-1,-1,-1
-,19065061,484955,17390449,10532627,-1,1189656,0,1,0,0,-1,-1,-1,-1
+,19069847,13484704,18519497,16786804,1569407,-1,1,0,0,0,-1,-1,-1,-1
+,19069847,13647989,18519497,16950089,1732692,-1,1,0,0,0,-1,-1,-1,-1
+,19072457,12059369,18525341,15342065,99420,-1,1,0,0,0,-1,-1,-1,-1
+,19072457,15143224,18525341,18425920,3183275,-1,1,0,0,0,-1,-1,-1,-1
+,19090523,10666089,18263251,15629721,2330102,-1,1,0,2,0,15220449,4554360,4554360,1.90853
+,19090523,10969516,18263251,15933148,2633529,-1,1,0,2,0,15220449,4250933,4250933,1.78138
+,19094903,4274456,16985047,16933592,12607681,-1,1,0,0,0,-1,-1,-1,-1
-,19099049,1846033,16909447,14983645,-1,343568,0,1,0,0,-1,-1,-1,-1
+,19104637,2829851,17516441,12359027,4371762,-1,1,0,2,0,8031122,5201271,5201271,2.17801
+,19104637,3615502,17516441,13144678,5157413,-1,1,0,2,0,8031122,4415620,4415620,1.84903
+,19121131,905743,17132483,12837631,7637036,-1,1,0,0,0,-1,-1,-1,-1
+,19122811,967082,17603951,10080242,1589451,-1,1,0,0,0,-1,-1,-1,-1
+,19122811,6901339,17603951,16014499,7523708,-1,1,0,0,0,-1,-1,-1,-1
-,19125151,111717,17863147,7683741,-1,1150286,0,1,0,0,-1,-1,-1,-1
-,19127989,893077,18046547,7381729,-1,188364,0,1,4,0,6716754,5823677,5823677,2.43567
+,19132013,14312802,18717563,16799502,568639,-1,1,0,0,0,-1,-1,-1,-1
+,19132013,15662223,18717563,18148923,1918060,-1,1,0,0,0,-1,-1,-1,-1
-,19133351,1914608,16768627,16102952,-1,450115,0,1,0,0,-1,-1,-1,-1
+,19150489,2724848,17033867,15424580,11090445,-1,1,0,0,0,-1,-1,-1,-1
-,19169989,1682056,17305051,12871684,-1,182881,0,1,2,0,2935532,1253476,1253476,0.26155
-,19173499,2238443,16892053,15927119,-1,43002,0,1,0,0,-1,-1,-1,-1
+,19178927,3075333,17607067,12506493,4330586,-1,1,0,0,0,-1,-1,-1,-1
+,19178927,3845320,17607067,13276480,5100573,-1,1,0,0,0,-1,-1,-1,-1
+,19179887,5420485,17915981,13003921,2671376,-1,1,0,4,0,5529124,108639,108639,0.0906274
+,19179887,7661168,17915981,15244604,4912059,-1,1,0,4,0,5529124,2132044,2132044,1.77857
+,19181039,7092922,18184447,13072474,867579,-1,1,0,0,0,-1,-1,-1,-1
+,19181039,11337315,18184447,17316867,5111972,-1,1,0,0,0,-1,-1,-1,-1
+,19182503,5035983,17804221,13305675,3771146,-1,1,0,0,0,-1,-1,-1,-1
+,19182503,5763382,17804221,14033074,4498545,-1,1,0,0,0,-1,-1,-1,-1
+,19183469,2449995,17162077,14578347,9544622,-1,1,0,2,0,7491760,5041765,5041765,1.05127
-,19191439,441900,18681287,3502812,-1,68251,0,1,2,0,6517160,6075260,6075260,1.26624
+,19201361,10843410,18415181,15560490,1862389,-1,1,0,2,0,17875596,7032186,7032186,2.92987
+,19201361,11835711,18415181,16552791,2854690,-1,1,0,2,0,17875596,6039885,6039885,2.51644
-,19239131,970607,17362537,12230171,-1,905986,0,1,0,0,-1,-1,-1,-1
+,19243657,9889255,18439963,14711419,1093620,-1,1,0,0,0,-1,-1,-1,-1
+,19243657,12524178,18439963,17346342,3728543,-1,1,0,0,0,-1,-1,-1,-1
+,19250269,6152398,17469511,16836946,10051983,-1,1,0,0,0,-1,-1,-1,-1
+,19251251,5445923,17351011,16847363,10897792,-1,1,0,2,0,7566845,2120922,2120922,0.440682
-,19253761,200358,18646741,3842478,-1,406661,0,1,2,0,7184277,6983919,6983919,1.45092
+,19258147,5920556,17536627,16249676,9042169,-1,1,0,0,0,-1,-1,-1,-1
+,19260797,14336069,18775201,17249645,1388020,-1,1,0,0,0,-1,-1,-1,-1
+,19260797,14473604,18775201,17387180,1525555,-1,1,0,0,0,-1,-1,-1,-1
+,19262591,7541527,18276341,13459027,1100186,-1,1,0,0,0,-1,-1,-1,-1
+,19262591,11258654,18276341,17176154,4817313,-1,1,0,0,0,-1,-1,-1,-1
+,19268159,2617868,17334001,14222816,8493763,-1,1,0,0,0,-1,-1,-1,-1
+,19285459,6418497,17515237,17039829,10145924,-1,1,0,0,0,-1,-1,-1,-1
+,19289789,3546359,17250059,15784739,10773060,-1,1,0,2,0,7341119,3794760,3794760,0.786895
+,19294699,3047133,17127853,16048209,11921432,-1,1,0,0,0,-1,-1,-1,-1
+,19297147,2852411,17997359,10651139,452508,-1,1,0,0,0,-1,-1,-1,-1
+,19297147,9746122,17997359,17544850,7346219,-1,1,0,0,0,-1,-1,-1,-1
+,19301629,2281817,17259943,14531933,9522106,-1,1,0,0,0,-1,-1,-1,-1
+,19309471,77482,17394539,11567074,5662127,-1,1,0,2,0,9643689,9566207,9566207,3.96332
+,19309471,242819,17394539,11732411,5827464,-1,1,0,2,0,9643689,9400870,9400870,3.89482
+,19322959,5457704,17501647,16385576,9811801,-1,1,0,2,0,2641273,2816431,2816431,0.583023
+,19323299,2244331,17904319,10758211,1367772,-1,1,0,2,0,5101465,2857134,2857134,1.18288
+,19323299,8022666,17904319,16536546,7146107,-1,1,0,2,0,5101465,2921201,2921201,1.2094
-,19342553,1017587,18246643,7593047,-1,78322,0,1,0,0,-1,-1,-1,-1
+,19346101,4209712,17967401,12481912,2786711,-1,1,0,0,0,-1,-1,-1,-1
+,19346101,6908489,17967401,15180689,5485488,-1,1,0,0,0,-1,-1,-1,-1
+,19353211,5224285,18172157,12310609,1224776,-1,1,0,0,0,-1,-1,-1,-1
+,19353211,9861056,18172157,16947380,5861547,-1,1,0,0,0,-1,-1,-1,-1
+,19354771,1181387,17602423,11695475,4607140,-1,1,0,0,0,-1,-1,-1,-1
+,19354771,2481194,17602423,12995282,5906947,-1,1,0,0,0,-1,-1,-1,-1
+,19354931,10555122,18646741,14804262,406661,-1,1,0,0,0,-1,-1,-1,-1
+,19354931,13990939,18646741,18240079,3842478,-1,1,0,0,0,-1,-1,-1,-1
-,19356301,29,16701127,15931073,-1,2655144,0,1,4,0,1489461,1489432,1489432,0.615585
+,19377541,5253723,18094619,12951255,2554168,-1,1,0,0,0,-1,-1,-1,-1
+,19377541,7842918,18094619,15540450,5143363,-1,1,0,0,0,-1,-1,-1,-1
+,19379551,1460346,16910989,16271718,14172101,-1,1,0,6,0,1245856,214490,214490,0.132814
-,19392557,1892775,17329799,14269323,-1,169982,0,1,0,0,-1,-1,-1,-1
+,19393859,624997,17103613,14366473,11004336,-1,1,0,0,0,-1,-1,-1,-1
+,19393981,2804204,17293853,15404972,10711887,-1,1,0,0,0,-1,-1,-1,-1
-,19396831,216308,18379201,6322088,-1,801321,0,1,0,0,-1,-1,-1,-1
-,19405703,462135,18205241,7664907,-1,738326,0,1,0,0,-1,-1,-1,-1
-,19407737,1544975,17509589,12933863,-1,353172,0,1,0,0,-1,-1,-1,-1
-,19415567,1070070,17993279,9603798,-1,352217,0,1,2,0,7780044,6709974,6709974,1.38239
+,19422049,121966,16713551,16372954,15910391,-1,1,0,0,0,-1,-1,-1,-1
-,19422853,907976,18025991,9289148,-1,488885,0,1,2,0,7789444,6881468,6881468,1.41719
+,19429327,1206850,18005161,9751846,291681,-1,1,0,0,0,-1,-1,-1,-1
+,19429327,9168483,18005161,17713479,8253314,-1,1,0,0,0,-1,-1,-1,-1
-,19432477,457029,16969201,15236685,-1,2006246,0,1,2,0,1591939,1134910,1134910,0.233611
+,19443491,5222854,18125831,13128814,2908943,-1,1,0,0,0,-1,-1,-1,-1
+,19443491,7310927,18125831,15216887,4997016,-1,1,0,0,0,-1,-1,-1,-1
+,19448617,2248859,17537623,13714823,7643164,-1,1,0,0,0,-1,-1,-1,-1
+,19448839,3094685,17614171,14102693,7496530,-1,1,0,0,0,-1,-1,-1,-1
+,19466599,3457121,17379953,15976997,11116920,-1,1,0,0,0,-1,-1,-1,-1
+,19471927,2423202,18154559,10327410,77059,-1,1,0,0,0,-1,-1,-1,-1
+,19471927,10173291,18154559,18077499,7827148,-1,1,0,0,0,-1,-1,-1,-1
-,19472527,1194684,16900337,16627824,-1,1377505,0,1,2,0,1812332,617648,617648,0.126876
+,19493959,3398654,17571703,14932190,8894023,-1,1,0,2,0,1858849,1539805,1539805,0.315955
+,19493963,3001946,17404099,15541130,10676215,-1,1,0,0,0,-1,-1,-1,-1
+,19562239,1860266,17827393,12269342,4851025,-1,1,0,0,0,-1,-1,-1,-1
+,19562239,2567291,17827393,12976367,5558050,-1,1,0,0,0,-1,-1,-1,-1
+,19568963,10934221,18870521,15124873,445004,-1,1,0,0,0,-1,-1,-1,-1
+,19568963,14234864,18870521,18425516,3745647,-1,1,0,0,0,-1,-1,-1,-1
+,19569709,474392,18036323,9674708,838701,-1,1,0,2,0,2451670,1977278,1977278,0.808301
+,19569709,7997305,18036323,17197621,8361614,-1,1,0,2,0,2451670,5545635,5545635,2.26703
-,19572769,254068,17736233,11273284,-1,1582467,0,1,2,0,1913044,1658976,1658976,0.339038
+,19573843,6658572,18503789,13078896,995431,-1,1,0,4,0,5018089,1640483,1640483,1.34096
+,19573843,11088033,18503789,17508357,5424892,-1,1,0,4,0,14555753,3467720,3467720,2.83457
+,19586081,3387102,18161771,11932962,2317051,-1,1,0,0,0,-1,-1,-1,-1
+,19586081,7298859,18161771,15844719,6228808,-1,1,0,0,0,-1,-1,-1,-1
+,19589173,2451124,17571097,14559580,9096939,-1,1,0,0,0,-1,-1,-1,-1
+,19591267,416354,17394569,13596542,9382161,-1,1,0,2,0,301034,115320,115320,0.0235452
+,19593283,1523751,17480873,14198211,9391798,-1,1,0,2,0,9423879,7900128,7900128,1.61282
+,19597241,9248141,18582401,15337181,2843820,-1,1,0,0,0,-1,-1,-1,-1
+,19597241,9649540,18582401,15738580,3245219,-1,1,0,0,0,-1,-1,-1,-1
+,19601849,12104427,18928709,16143267,1253398,-1,1,0,0,0,-1,-1,-1,-1
+,19601849,13636470,18928709,17675310,2785441,-1,1,0,0,0,-1,-1,-1,-1
-,19604971,1232485,18303979,9038437,-1,68506,0,1,2,0,8376673,7144188,7144188,1.45763
+,19616353,354984,17269793,14434344,11243911,-1,1,0,0,0,-1,-1,-1,-1
-,19619461,387691,17731271,11716831,-1,1500498,0,1,2,0,4467519,4079828,4079828,0.831792
+,19631657,792024,17081567,16092564,14311537,-1,1,0,2,0,1780883,988859,988859,0.201483
+,19633307,9407771,18662947,15229931,2389144,-1,1,0,2,0,683182,8724589,8724589,3.55502
+,19633307,10451642,18662947,16273802,3433015,-1,1,0,2,0,18950124,8498482,8498482,3.46288
+,19633837,2098300,17508121,14852596,10098771,-1,1,0,0,0,-1,-1,-1,-1
+,19638737,7026305,18478753,13986209,2467360,-1,1,0,0,0,-1,-1,-1,-1
+,19638737,9051488,18478753,16011392,4492543,-1,1,0,0,0,-1,-1,-1,-1
+,19651649,4045559,17687797,15828671,9923986,-1,1,0,0,0,-1,-1,-1,-1
-,19690807,1595987,17474603,14893211,-1,620216,0,1,0,0,-1,-1,-1,-1
+,19690823,5356858,17677489,17436862,11839377,-1,1,0,4,0,3142037,2214821,2214821,0.899839
+,19691447,5803045,17722561,17616361,11707116,-1,1,0,0,0,-1,-1,-1,-1
+,19698691,2982006,18379349,10898058,434761,-1,1,0,0,0,-1,-1,-1,-1
+,19698691,10028535,18379349,17944587,7481290,-1,1,0,0,0,-1,-1,-1,-1
+,19737973,880569,17508683,14256309,10123366,-1,1,0,2,0,2020176,1139607,1139607,0.230947
-,19741147,521865,18137281,10145061,-1,1082000,0,1,2,0,815516,293651,293651,0.0595003
+,19743043,1022803,17666741,13480615,8271686,-1,1,0,2,0,2382120,1359317,1359317,0.275402
+,19751429,5383168,17863147,16712860,10179405,-1,1,0,0,0,-1,-1,-1,-1
-,19755163,512290,18068767,10630666,-1,1174105,0,1,4,0,1827100,1314810,1314810,0.532442
+,19764923,5699372,18016907,16187468,8658657,-1,1,0,2,0,2103372,3596000,3596000,0.727754
+,19766909,310581,17353667,14790033,11915818,-1,1,0,0,0,-1,-1,-1,-1
+,19775023,1787149,17373383,16196989,13233446,-1,1,0,0,0,-1,-1,-1,-1
+,19779667,5002070,17920627,16156310,9389923,-1,1,0,0,0,-1,-1,-1,-1
+,19794241,9022507,18749477,15291091,2810198,-1,1,0,0,0,-1,-1,-1,-1
+,19794241,9670694,18749477,15939278,3458385,-1,1,0,0,0,-1,-1,-1,-1
-,19796989,133661,18581683,7425497,-1,1081644,0,1,0,0,-1,-1,-1,-1
+,19807471,17625870,19614461,18783930,327529,-1,1,0,0,0,-1,-1,-1,-1
+,19807471,18128871,19614461,19286931,830530,-1,1,0,0,0,-1,-1,-1,-1
-,19809667,359345,17648879,13324073,-1,1801442,0,1,2,0,8318883,7959538,7959538,1.6072
+,19809809,8342043,18839399,14164503,1147564,-1,1,0,0,0,-1,-1,-1,-1
+,19809809,11869374,18839399,17691834,4674895,-1,1,0,0,0,-1,-1,-1,-1
+,19837091,1478115,17591479,14951787,10833980,-1,1,0,2,0,5667566,4189451,4189451,0.844771
+,19839341,7165839,18860921,13036359,45958,-1,1,0,2,0,8266652,1100813,1100813,0.443891
+,19839341,12944442,18860921,18814962,5824561,-1,1,0,2,0,11572688,1371754,1371754,0.553145
-,19844633,525049,17631851,13801741,-1,1687732,0,1,0,0,-1,-1,-1,-1
+,19864457,3237079,18351521,12314695,3040790,-1,1,0,4,0,784282,2452797,2452797,1.97563
+,19864457,6233114,18351521,15310730,6036825,-1,1,0,4,0,784282,5448832,5448832,4.38881
+,19882243,3559942,18273631,13211614,4589655,-1,1,0,2,0,9020792,5460850,5460850,2.19728
+,19882243,4032303,18273631,13683975,5062016,-1,1,0,2,0,9020792,4988489,4988489,2.00721
+,19884743,6344491,18177871,16585723,8649084,-1,1,0,2,0,2315708,4028783,4028783,0.810427
+,19885997,2961852,17848469,15187020,9563719,-1,1,0,0,0,-1,-1,-1,-1
+,19889381,5610865,18013049,16868857,10113800,-1,1,0,0,0,-1,-1,-1,-1
-,19892963,1092523,17581121,14963575,-1,1219318,0,1,6,0,1348465,255942,255942,0.154391
+,19895263,1489178,17899073,13466318,7544385,-1,1,0,0,0,-1,-1,-1,-1
+,19910057,61929,18362369,9348057,271816,-1,1,0,4,0,4259116,4197187,4197187,3.37292
+,19910057,8804424,18362369,18090552,9014311,-1,1,0,4,0,7195292,1609132,1609132,1.29312
-,19914581,1066253,18509809,9494885,-1,338518,0,1,0,0,-1,-1,-1,-1
-,19915729,1791613,17814473,14399149,-1,309642,0,1,0,0,-1,-1,-1,-1
+,19921217,4501889,18698473,11838353,476344,-1,1,0,0,0,-1,-1,-1,-1
+,19921217,10885664,18698473,18222128,6860119,-1,1,0,0,0,-1,-1,-1,-1
+,19929121,3829388,17646283,17526416,13577161,-1,1,0,0,0,-1,-1,-1,-1
+,19937429,4361901,18703703,11764257,462910,-1,1,0,4,0,5249043,887142,887142,0.711941
+,19937429,10838436,18703703,18240792,6939445,-1,1,0,4,0,12022000,1183564,1183564,0.949823
+,19942759,899506,18122059,11823706,4625847,-1,1,0,2,0,7134923,6235417,6235417,2.50133
+,19942759,2572011,18122059,13496211,6298352,-1,1,0,2,0,7134923,4562912,4562912,1.8304
-,19950977,239809,18323003,10007653,-1,1388164,0,1,0,0,-1,-1,-1,-1
+,19953793,1220287,17802377,14128783,9234902,-1,1,0,0,0,-1,-1,-1,-1
+,19972703,6172689,18254627,16481145,8534974,-1,1,0,0,0,-1,-1,-1,-1
+,19983077,508289,18234817,10997849,3252592,-1,1,0,0,0,-1,-1,-1,-1
+,19983077,4492664,18234817,14982224,7236967,-1,1,0,0,0,-1,-1,-1,-1
+,19986653,2762983,17985991,14766955,8784936,-1,1,0,0,0,-1,-1,-1,-1
-,19994087,1142904,18567611,9701760,-1,283571,0,1,2,0,9792432,8649528,8649528,1.73042
