q	t	sign	n6	nOther	rawGcdBits	rawGcdSha256	qVal	qFreeGcd	primitiveGcd	factors	omega	rawWindow	m5Capable	rawLeaves	assignedLeaves	sizeCertified	thresholdRatio
15061	6505	+	96871	187237	21	253954cfe5be1051602aa65b9105fbca655b34bd63ff581fce20cdb70828a2e4	1	125	1	1	0	true	false	0	0	true	0.00000000000000
15061	6505	-	96871	8555	21	253954cfe5be1051602aa65b9105fbca655b34bd63ff581fce20cdb70828a2e4	1	125	1	1	0	false	false	0	0	true	NA
15061	8555	+	98921	189287	21	8164c2ab0f9056dc4a6614f0381abdd2d786a6cb970c59eb0115d100daf1323a	1	95	19	19	1	true	false	0	0	true	0.154046597077243
15061	8555	-	98921	6505	17	6918f7c9df3efc208173928ce6903850f3668dc411a1416c4e31b42659148f2b	1	5	1	1	0	false	false	0	0	true	NA
15083	4710	+	95208	185706	32	03f08921224db660b28fcd61f10359c7ac3336cac9a84563240eab520ab97824	1	171875	11	11	1	true	false	0	0	true	0.125956012612383
15083	4710	-	95208	10372	19	ff86101dbb9ee3f6697ce2403904a33698268044f74a45a34c9a189968ad242e	1	25	1	1	0	false	false	0	0	true	NA
15083	10372	+	100870	191368	26	5d0d9bffd011c58816987896b6b32b8a9284f7b0745d0519ac86bdccdc7372b8	1	3125	1	1	0	true	false	0	0	true	0.00000000000000
15083	10372	-	100870	4710	21	e6412235315a8f4140dd90eef6c1557e16c4f431d6abd6c029eb6af56a610d46	1	125	1	1	0	false	false	0	0	true	NA
15101	575	+	91181	181787	24	6cebc792d80feeb28be04bfe8bfefa4c4d528e6f95525f1c45c1fe3cf3c8138e	1	625	1	1	0	true	false	0	0	true	0.00000000000000
15101	575	-	91181	14525	25	063b6637b65bb3eeb555241ae46c58a154fc92d7e090e3a17acf04b51edbcbe9	1	1375	11	11	1	true	true	0	0	true	0.126534805597502
15101	14525	+	105131	195737	19	8e4a00ffcd819f9e086ace625ad52507ad2bf22878d3afd9268a757965af6c3a	1	25	1	1	0	true	false	0	0	true	0.00000000000000
15101	14525	-	105131	575	17	fef9471498b9021a4b56be4404545e6ba85853960aaf3ff10352b8bd5ea12e06	1	5	1	1	0	false	false	0	0	true	NA
15107	1213	+	91855	182497	29	02bd4d089e5bb2bf8d533a959826f86b1dc156eacd6f7cc4d68d87d0a4a0ca72	1	26125	209	11*19	2	true	false	0	0	true	0.281696582425473
15107	1213	-	91855	13893	21	9c47332be2e6e437cd608954e9df392852cd6f023a259e4bb0ac54ce62aa4c05	1	125	1	1	0	true	false	0	0	true	0.00000000000000
15107	13893	+	104535	195177	23	a19f0ff70ad4140caa84688841a53764bbd0a0668e11255fa844d6e8aa42ba16	1	475	19	19	1	true	false	0	0	true	0.153169035087596
15107	13893	-	104535	1213	24	7b938ef81475e57d21fcccc686f8da4c39ddde34e0c3c09b3c53fd27d1396123	1	625	1	1	0	false	false	0	0	true	NA
15173	348	+	91386	182424	30	09e6f97a3861e55d5de34c478326f4a40738fb0c545437a0b19881b715b42811	1	53125	1	1	0	true	false	0	0	true	0.00000000000000
15173	348	-	91386	14824	23	d1ba58a789a407de7e74c770e54518c0e0d248d637a75b5f4732d3e9f8027da4	1	425	17	17	1	true	true	0	0	true	0.149469884455283
15173	14824	+	105862	196900	26	a178de3a35a1578532a2410ead152bc2440d9c588ea834546ae4c9b804775d27	1	2375	19	19	1	true	false	0	0	true	0.152965801044299
15173	14824	-	105862	348	25	55907d43496101a3a2ff6957000ae30a58653ed3fe38ae50bc77dc1b85faa167	1	2125	17	17	1	false	false	0	0	true	NA
15199	7543	+	98737	189931	31	9ce85a1656dcdee35343849d96e0a3fc953666b6eb0a4405ee29959f7909556f	1	87125	41	41	1	true	false	0	0	true	0.194337781698471
15199	7543	-	98737	7655	21	93aa184faa31a196917649d1afc450b3db03ec2ed79745da125586bd02501ffe	1	125	1	1	0	false	false	0	0	true	NA
15199	7655	+	98849	190043	21	93aa184faa31a196917649d1afc450b3db03ec2ed79745da125586bd02501ffe	1	125	1	1	0	true	false	0	0	true	0.00000000000000
15199	7655	-	98849	7543	21	93aa184faa31a196917649d1afc450b3db03ec2ed79745da125586bd02501ffe	1	125	1	1	0	false	false	0	0	true	NA
15217	7145	+	98447	189749	21	f7d1d6fba726a7904f3660dc47c1d930be33c516131ce5bec4fb893e62570334	1	95	19	19	1	true	false	0	0	true	0.154128908938717
15217	7145	-	98447	8071	26	02492ddcfb1fa3c71b1f31a62de7e1afe0d490e5c06ccffdb8391387b566cfb8	1	2635	527	17*31	2	false	false	0	0	true	NA
15217	8071	+	99373	190675	27	16801f5bb5033043f42e99284f27df2b87f5fd22099a3690dd0a621bac9ffaf4	1	7225	1	1	0	true	false	0	0	true	0.00000000000000
15217	8071	-	99373	7145	33	1b9ceedb69a8932ad9cc48dc5597f2c0bc26cf38ff39e442b71168434f81905c	1	312625	2501	41*61	2	false	false	0	0	true	NA
15233	168	+	91566	182964	26	b25b2ffc0699e6bf957456d7f9191147d0486ac33c2e46eeb66e70fe3e0124ea	1	3125	1	1	0	true	false	0	0	true	0.00000000000000
15233	168	-	91566	15064	14	7caab00a5ac4032f0c6fe9c022031e53b5a67d2e7e8ce70da99bed5ac3fcc420	1	1	1	1	0	true	true	0	0	true	0.00000000000000
15233	15064	+	106462	197860	21	7abf513a4865f0416b471164d2475fe984c344dd00b8b6a527b0eb322f3d82a9	1	125	1	1	0	true	false	0	0	true	0.00000000000000
15233	15064	-	106462	168	24	a6741f914685f73ff4f4768137f7ba763b85c8dd6df784c44944efd3c102aca2	1	625	1	1	0	false	false	0	0	true	NA
15307	3921	+	95763	187605	20	78756c9878ecddcc8c455a1ae4c5aae7cc7abcfaa985a70c3ff94067ed9de851	1	55	11	11	1	true	false	0	0	true	0.125890112989255
15307	3921	-	95763	11385	28	7b210e33b609cc3c40cfcd22afbae5ac5e016d2352d7eb085686187be9283c1b	1	9125	73	73	1	false	false	0	0	true	NA
15307	11385	+	103227	195069	19	f7dcec9423685ae3f652950d198e91cb6ab6e7c79c9f01f014b2ec12404f708a	1	25	1	1	0	true	false	0	0	true	0.00000000000000
15307	11385	-	103227	3921	25	2d865041c9ad43c500f3b9055ad2081418a364255c967ca5790520d277889603	1	2125	17	17	1	false	false	0	0	true	NA
15313	6338	+	98216	190094	19	38428e78aa5c1a9319577f62d360cc4476e8c4f10985924b946317ffa48f797f	1	25	1	1	0	true	false	0	0	true	0.00000000000000
15313	6338	-	98216	8974	19	38428e78aa5c1a9319577f62d360cc4476e8c4f10985924b946317ffa48f797f	1	25	1	1	0	false	false	0	0	true	NA
15313	8974	+	100852	192730	30	daed8b473712474148339f3a763cccf5e81f812f27848e36f8d87c46e5638040	1	53125	1	1	0	true	false	0	0	true	0.00000000000000
15313	8974	-	100852	6338	21	a0a6b4c62aaa6f4ae9441fb5dfb916bc8bff9438d552141473009feb13bb199d	1	125	1	1	0	false	false	0	0	true	NA
15329	6643	+	98617	190591	25	610014897d3aab3bfe5dc42b18d83b7da8c671cff0a656bfaac310d97f2f1945	1	2125	1	1	0	true	false	0	0	true	0.00000000000000
15329	6643	-	98617	8685	23	a1cb5e7618847d817be5b992e6a7329f0e6f75ad57aa1f095f6b7e830531b84a	1	425	17	17	1	false	false	0	0	true	NA
15329	8685	+	100659	192633	32	ef32ecdc7dfe972710412d9e9af11be2cd0ba1f36a41a971422eec2cad123169	1	265625	1	1	0	true	false	0	0	true	0.00000000000000
15329	8685	-	100659	6643	25	610014897d3aab3bfe5dc42b18d83b7da8c671cff0a656bfaac310d97f2f1945	1	2125	17	17	1	false	false	0	0	true	NA
15349	1025	+	93119	185213	30	7d286edbd991e28e1309a73ddf690cafe0b981d71752da6cdf0e9801f03d2fb6	1	40375	19	19	1	true	false	0	0	true	0.155032554524155
15349	1025	-	93119	14323	17	2476103a3b881d421893ae3760f8cea859dbf559f76524ec1aa3987eaae4579e	1	5	1	1	0	true	false	0	0	true	0.00000000000000
15349	14323	+	106417	198511	29	a4657788dd473aea68ad36314de15dc29f8659584f243d9b346c49bb7a5383b3	1	34375	11	11	1	true	false	0	0	true	0.124499133741599
15349	14323	-	106417	1025	29	bb070b41bb4d798f43347edde84ed033f31b224cc6c2bd9246e2632f3a6f53dd	1	23375	187	11*17	2	false	false	0	0	true	NA
15373	488	+	92726	184964	24	0c2d70fd51263fce989fd0269ab676abb270639cd3432fb854137e7e676bd87c	1	625	1	1	0	true	false	0	0	true	0.00000000000000
15373	488	-	92726	14884	25	e522f6cbf5942518f4c9c6f4181aa1700b7d1e9357f1446a5bf18437c7ad3c0c	1	1525	61	61	1	true	true	0	0	true	0.216551496095614
15373	14884	+	107122	199360	21	e5c9e253f1ffdb117cf992dd74a74794d98ad68cec62a4f2cde7152f5b2a38b0	1	125	1	1	0	true	false	0	0	true	0.00000000000000
15373	14884	-	107122	488	24	0c2d70fd51263fce989fd0269ab676abb270639cd3432fb854137e7e676bd87c	1	625	1	1	0	false	false	0	0	true	NA
15377	6378	+	98640	190902	24	0bb95e17298c6f6e3d154f580f4854ac8288a8c5d2fceaed7849df7accd8f87b	1	625	1	1	0	true	false	0	0	true	0.00000000000000
15377	6378	-	98640	8998	19	68e11d305d2d5beb335508307f5ed3d5b7b683534770c37fae1b719ef916055c	1	25	1	1	0	false	false	0	0	true	NA
15377	8998	+	101260	193522	19	68e11d305d2d5beb335508307f5ed3d5b7b683534770c37fae1b719ef916055c	1	25	1	1	0	true	false	0	0	true	0.00000000000000
15377	8998	-	101260	6378	23	61c984cf3ada8fee7faefd812eea46fc96faa5156223d8d7eb1f97a0636d6405	1	425	17	17	1	false	false	0	0	true	NA
15383	6590	+	98888	191186	24	a7d2fc8136d0d7faeee7ede930c13b7efe7e8d82a33bf9a27ac214c3187a1456	1	625	1	1	0	true	false	0	0	true	0.00000000000000
15383	6590	-	98888	8792	23	bfc10b2c560193e303207a156c1cf1a13e2a00fea28f18e576ca9270a77fdf71	1	425	17	17	1	false	false	0	0	true	NA
15383	8792	+	101090	193388	28	d5c4def86c0cbe17e5c20321ee7688f3c8572432644d7c62c696373d6cb4eda3	1	10625	1	1	0	true	false	0	0	true	0.00000000000000
15383	8792	-	101090	6590	29	6ffbece866b88e20f2bca5b4ab9744528707847a3dd075f2c780b96fee9fd1e3	1	23375	187	11*17	2	false	false	0	0	true	NA
15413	2081	+	94559	187037	39	7993c62bb2d08a0419607514a7231751726b9e7992bdc2fde2be88b59adf1308	1	23959375	451	11*41	2	true	false	0	0	true	0.321270398866292
15413	2081	-	94559	13331	30	699ef188a4fb8e4cca7194a727fc0df73f45aa5a76f7c9b72b2a20743f83cb11	1	53125	17	17	1	false	false	0	0	true	NA
15413	13331	+	105809	198287	29	5e1a51af3440f43072cfd4dba06954009904eb056abf6f4c50f72aed39879911	1	34375	11	11	1	true	false	0	0	true	0.124581005416764
15413	13331	-	105809	2081	30	d1f053b774890793e18ebbd7e162662b1f4888b427db47963095ed40c173d138	1	59375	19	19	1	false	false	0	0	true	NA
15439	2185	+	94819	187453	37	7f68910ebd12ce838b097ce7a971bd53a61aa88214850fc9e8b2ec44e1a21b41	1	7946875	2543	2543	1	true	false	0	0	true	0.412066451389642
15439	2185	-	94819	13253	25	2d5cba9068e3ad8081bb0e0dfd72e14e85f3bb084d8efdb4a82503b9419de569	1	1375	11	11	1	false	false	0	0	true	NA
15439	13253	+	105887	198521	21	e900424a49b3db158c7d18cce4f3c557a7e4e214ea178e0e6beb1e9d6d57531f	1	125	1	1	0	true	false	0	0	true	0.00000000000000
15439	13253	-	105887	2185	22	4bb5bb0c02e37ad437889eb007623eeb96750d532460d9112e207343be654d08	1	155	31	31	1	false	false	0	0	true	NA
15443	2302	+	94960	187618	19	c7d338a77a67058ceede91e5b8062bd419526f17bd2044e5aae7f68ae3baa8d8	1	25	1	1	0	true	false	0	0	true	0.00000000000000
15443	2302	-	94960	13140	19	c7d338a77a67058ceede91e5b8062bd419526f17bd2044e5aae7f68ae3baa8d8	1	25	1	1	0	false	false	0	0	true	NA
15443	13140	+	105798	198456	32	09d7f2fd303a61fad4e43837a491660c0628b106ef9f24d897f8311beb3172f3	1	171875	11	11	1	true	false	0	0	true	0.124581005416764
15443	13140	-	105798	2302	19	c7d338a77a67058ceede91e5b8062bd419526f17bd2044e5aae7f68ae3baa8d8	1	25	1	1	0	false	false	0	0	true	NA
15467	3666	+	96468	189270	14	08488b55c227bb59195403de2e83db907d398175aa7a3f27d6b6e7adfb2ec19e	1	1	1	1	0	true	false	0	0	true	0.00000000000000
15467	3666	-	96468	11800	23	949e5b9a7a145783ff3f4478f64454f64f47df9bb42e1feaf814c50e1c140049	1	275	11	11	1	false	false	0	0	true	NA
15467	11800	+	104602	197404	25	606e0eea3d6e3a743879912f5125294a46bab542d9a68efdbb4f7c5ff770a743	1	1375	11	11	1	true	false	0	0	true	0.124731010372197
15467	11800	-	104602	3666	29	61ba1b6abf6c0f905dbb42bd53ba3d1b442e7b3fb68fd1172442b867e99b0a35	1	19375	31	31	1	false	false	0	0	true	NA
15497	1189	+	94171	187153	26	996017166e3de97df820e5d4e22eb6e81544dda31586eaff393d4ec4fc2f1c83	1	3125	1	1	0	true	false	0	0	true	0.00000000000000
15497	1189	-	94171	14307	19	510d82df086bdb8dc8c79b405a8982edda1110de2e6c250c44003e39dc8c2aeb	1	25	1	1	0	true	false	0	0	true	0.00000000000000
15497	14307	+	107289	200271	17	6abbc337d351669103cb61ccb5ce5b8720cdd811aff1f9a95a68f497168064b6	1	5	1	1	0	true	false	0	0	true	0.00000000000000
15497	14307	-	107289	1189	17	6abbc337d351669103cb61ccb5ce5b8720cdd811aff1f9a95a68f497168064b6	1	5	1	1	0	false	false	0	0	true	NA
15551	1926	+	95232	188538	31	2f9f1dc78d26e40400e289b94a063e53c1b5466f362d28980e209a913902452a	1	128125	41	41	1	true	false	0	0	true	0.195065537422297
15551	1926	-	95232	13624	19	e139cea9c30c04450519ee181c501d92e2f918c1c4319b1277c1e5c080b00fab	1	25	1	1	0	true	false	0	0	true	0.00000000000000
15551	3953	+	97259	190565	30	86c5948e0bcba4cc69a71a856fc5ca55cb9f15facc45e8b852092845b00e7ce1	1	65875	31	31	1	true	false	0	0	true	0.179983721908247
15551	3953	-	97259	11597	28	a5751f5c8b6d169b9244bed7aa24540c32814456d93c6184c72611297e60cedb	1	10625	17	17	1	false	false	0	0	true	NA
15551	6475	+	99781	193087	24	549edf580a49ab4ccbc6beddb03a71d4d05d9ea6e8fa5773249cbc63c6c1f723	1	625	1	1	0	true	false	0	0	true	0.00000000000000
15551	6475	-	99781	9075	21	32c7c7bb6e66f5fabef83d65e55233eefad29c569dca7a574a135f3314288bd1	1	125	1	1	0	false	false	0	0	true	NA
15551	9075	+	102381	195687	19	e139cea9c30c04450519ee181c501d92e2f918c1c4319b1277c1e5c080b00fab	1	25	1	1	0	true	false	0	0	true	0.00000000000000
15551	9075	-	102381	6475	17	d060fcb969d4742b2f0dd122ac3d225f9f895958cf8fa66a1806f0a2a960d57a	1	5	1	1	0	false	false	0	0	true	NA
15551	11597	+	104903	198209	24	549edf580a49ab4ccbc6beddb03a71d4d05d9ea6e8fa5773249cbc63c6c1f723	1	625	1	1	0	true	false	0	0	true	0.00000000000000
15551	11597	-	104903	3953	30	1c5a0d293221d82ad60f195e35ccd619c668a9b2fc7de7d089c5e17c9759c56b	1	53125	17	17	1	false	false	0	0	true	NA
15551	13624	+	106930	200236	26	b8320d75174c74180a878d112dc807bb7636153ef05926efba0c160301cc0194	1	3875	31	31	1	true	false	0	0	true	0.178220377755705
15551	13624	-	106930	1926	19	e139cea9c30c04450519ee181c501d92e2f918c1c4319b1277c1e5c080b00fab	1	25	1	1	0	false	false	0	0	true	NA
15559	1607	+	94961	188315	27	153f51dbfc99108b4d2ac6be4a04988195c6cbfa25acc14e67eb93b3618191b1	1	6875	11	11	1	true	false	0	0	true	0.126000818062256
15559	1607	-	94961	13951	29	f314a73d146945180b08f64541a17aba8549086d4bd1449bacedebd48b469802	1	34375	11	11	1	true	false	0	0	true	0.126000818062256
15559	13951	+	107305	200659	21	6728c8db2b2a621360de1abbb7675f2c173c399fb87f223489bc67cb731cf805	1	125	1	1	0	true	false	0	0	true	0.00000000000000
15559	13951	-	107305	1607	17	8559125e678e7f383a27c7a6abb898aa5b8a1f9ee7a7fad057d786bb862c0629	1	5	1	1	0	false	false	0	0	true	NA
15569	2875	+	96289	189703	21	4c84c8e09bc62781d38aeb1206576cc64ea9f84ad76790e6b97515628bb6f58d	1	125	1	1	0	true	false	0	0	true	0.00000000000000
15569	2875	-	96289	12693	28	e69f25387087b16c13befa05a90bb986708c6a5a1a5c2ab22078ef20989410d7	1	9125	73	73	1	false	false	0	0	true	NA
15569	6949	+	100363	193777	17	5c8693f78053e8eb8c187ecbd18fe49cdaeadd10a8df1d224af6a2a0b5c833f3	1	5	1	1	0	true	false	0	0	true	0.00000000000000
15569	6949	-	100363	8619	24	718b9aa6b8f496094a7db73922b561e3e56b891e4d91f9e6ae74fca6ea7ca2f8	1	625	1	1	0	false	false	0	0	true	NA
15569	8619	+	102033	195447	23	f0afa37eec238b53fa7e70a6d076601860dad26c97336d34dd7f4a40ff10d051	1	425	1	1	0	true	false	0	0	true	0.00000000000000
15569	8619	-	102033	6949	25	aab6f7561383a44b1878f497006412276adf5e8d7f0f69dc24273a6b57b90ca0	1	2125	17	17	1	false	false	0	0	true	NA
15569	12693	+	106107	199521	28	1d0ac6687cbcd80df1a049da7f9fbb268d4063d66902acfeed598fbc78c6dfee	1	11875	19	19	1	true	false	0	0	true	0.152934327170174
15569	12693	-	106107	2875	17	5c8693f78053e8eb8c187ecbd18fe49cdaeadd10a8df1d224af6a2a0b5c833f3	1	5	1	1	0	false	false	0	0	true	NA
15581	5401	+	98887	192373	26	c506ba3deeb002544a6261a2faf4afacf8f4e7f0b36c0a4fdde42a8b3c2d1d56	1	3125	1	1	0	true	false	0	0	true	0.00000000000000
15581	5401	-	98887	10179	25	1e27a78d09716b83ad926ee02cadf507b11cffd83c01906ebdfef35d0c65949b	1	2125	17	17	1	false	false	0	0	true	NA
15581	10179	+	103665	197151	26	c506ba3deeb002544a6261a2faf4afacf8f4e7f0b36c0a4fdde42a8b3c2d1d56	1	3125	1	1	0	true	false	0	0	true	0.00000000000000
15581	10179	-	103665	5401	26	c506ba3deeb002544a6261a2faf4afacf8f4e7f0b36c0a4fdde42a8b3c2d1d56	1	3125	1	1	0	false	false	0	0	true	NA
15607	7404	+	101046	194688	30	ae12b84c6ea35f44370c5c3244cfad38931ec34e5d772e90a0be1bb69750832f	1	45625	73	73	1	true	false	0	0	true	0.223985236559634
15607	7404	-	101046	8202	21	1e65135df7f2749cdc1fd91c12405322c62b2d069da850929585bbcd943b1dec	1	125	1	1	0	false	false	0	0	true	NA
15607	8202	+	101844	195486	31	4fd7f415700eac568b2d14f0984f190ac18fcc8a3e0a30b0214def2d141b03d9	1	116875	11	11	1	true	false	0	0	true	0.125080409826205
15607	8202	-	101844	7404	27	d534cf49002a6ea664ea013cbb2cbe2945faad7a86387a1a03af006e6f47585c	1	6875	11	11	1	false	false	0	0	true	NA
15619	1319	+	95033	188747	21	a30e8a05fda18338efce695958fddd002efb5e6e8bd92bfd5a656a0d68fef05d	1	85	1	1	0	true	false	0	0	true	0.00000000000000
15619	1319	-	95033	14299	22	6ace9e6c090cbd2a292f7ef848c7b938e18aa4f697efe8d43b1c10684561e948	1	185	37	37	1	true	false	0	0	true	0.189726126998346
15619	14299	+	108013	201727	21	bd60e8b531f717eb2aa8232ffa334748eeca875ef4d23406c437bed497726119	1	125	1	1	0	true	false	0	0	true	0.00000000000000
15619	14299	-	108013	1319	19	fcf7bbaeefe0b3ad1d8b05f1bbd3b1767c667a9a54a16ddc223257365549c843	1	25	1	1	0	false	false	0	0	true	NA
15641	7705	+	101551	195397	23	216fafbb00946cd5db4b18bd84383edbb61652e5f7a83333396461a5c4754803	1	425	1	1	0	true	false	0	0	true	0.00000000000000
15641	7705	-	101551	7935	23	216fafbb00946cd5db4b18bd84383edbb61652e5f7a83333396461a5c4754803	1	425	17	17	1	false	false	0	0	true	NA
15641	7935	+	101781	195627	23	216fafbb00946cd5db4b18bd84383edbb61652e5f7a83333396461a5c4754803	1	425	1	1	0	true	false	0	0	true	0.00000000000000
15641	7935	-	101781	7705	32	3b5c1852793f0cb7633d645ecb7029ccddd2e3870b3f1106ff7902dc44cbcae7	1	213125	341	11*31	2	false	false	0	0	true	NA
15643	669	+	94527	188385	20	423303d4354c7b6f9166e23211dec373348ab221f8fde1138b26d87cd86b6069	1	55	11	11	1	true	false	0	0	true	0.126053650937815
15643	669	-	94527	14973	21	53cf974825fa85e9f512c39517e7893ac38e45b157e096e2c02accf354d363e7	1	125	1	1	0	true	true	0	0	true	0.00000000000000
15643	14973	+	108831	202689	21	d700777042c88fbb4054837afe25eaf6e5eb580550d02b1f70e5af0ffb957c9a	1	95	19	19	1	true	false	0	0	true	0.152531885537565
15643	14973	-	108831	669	21	53cf974825fa85e9f512c39517e7893ac38e45b157e096e2c02accf354d363e7	1	125	1	1	0	false	false	0	0	true	NA
15647	7687	+	101569	195451	28	92a07c3b817e68408050cb4747ec74b322eb6de4cc1b60f0910a1346a86a00c1	1	10625	1	1	0	true	false	0	0	true	0.00000000000000
15647	7687	-	101569	7959	28	92a07c3b817e68408050cb4747ec74b322eb6de4cc1b60f0910a1346a86a00c1	1	10625	17	17	1	false	false	0	0	true	NA
15647	7959	+	101841	195723	24	5274c0f42a02356aead465e106609dd65d762143c7341b85512e19c0e3772749	1	625	1	1	0	true	false	0	0	true	0.00000000000000
15647	7959	-	101841	7687	27	35d1df4783dba5e3e7b0c87cee9c9ee5a1d82c7df0b837db3b899622ba60ddfe	1	4675	187	11*17	2	false	false	0	0	true	NA
15649	6311	+	100205	194099	24	551dd8fa57160682589366bc7995a117130c95d4168adb52a16e6e374f7869ca	1	775	31	31	1	true	false	0	0	true	0.179423876204818
15649	6311	-	100205	9337	32	6546401a1b20c4ca5942fed98f52a39150446076f6252d4ebb00dbf7d70779db	1	179645	35929	19*31*61	3	false	false	0	0	true	NA
15649	9337	+	103231	197125	19	74852cd26cf559b527e53bec90dc647025e58da36dad05b0c7f4414f0f5f3d5f	1	25	1	1	0	true	false	0	0	true	0.00000000000000
15649	9337	-	103231	6311	19	74852cd26cf559b527e53bec90dc647025e58da36dad05b0c7f4414f0f5f3d5f	1	25	1	1	0	false	false	0	0	true	NA
15671	63	+	94089	188115	17	f62ddcd3367d75078a1974cead13a9aa0be16211ec899fa0059ee8342a8c0bdd	1	5	1	1	0	true	false	0	0	true	0.00000000000000
15671	63	-	94089	15607	17	f62ddcd3367d75078a1974cead13a9aa0be16211ec899fa0059ee8342a8c0bdd	1	5	1	1	0	true	true	0	0	true	0.00000000000000
15671	15607	+	109633	203659	25	680d9fbc75c0794ef96f1079184b0cd79c95be630309caaef9f43a11ee65bcee	1	1375	11	11	1	false	false	0	0	true	NA
15671	15607	-	109633	63	23	57007be7ea2ec68970454a1a38b57d8e0cf2f167b8bd5350fe7ba9b990cc4757	1	275	11	11	1	false	false	0	0	true	NA
15683	1282	+	95380	189478	24	4cfba3082d54740874c62d59e584727ebaa2003b8db7bf8796a2b20522858e5d	1	1025	41	41	1	true	false	0	0	true	0.195044475242909
15683	1282	-	95380	14400	19	22d56993c5f61ec17f568463ec1d55731085bee06ce357f3a264f8aa06c3f86e	1	25	1	1	0	true	false	0	0	true	0.00000000000000
15683	2402	+	96500	190598	19	22d56993c5f61ec17f568463ec1d55731085bee06ce357f3a264f8aa06c3f86e	1	25	1	1	0	true	false	0	0	true	0.00000000000000
15683	2402	-	96500	13280	19	22d56993c5f61ec17f568463ec1d55731085bee06ce357f3a264f8aa06c3f86e	1	25	1	1	0	false	false	0	0	true	NA
15683	13280	+	107378	201476	26	170436ddc76698c8882f33922a84c6f2b9117576e3b8bd8f4a2ef260bd10710c	1	2375	19	19	1	true	false	0	0	true	0.152738788395566
15683	13280	-	107378	2402	23	058984caec5cc1ebf42b0c796549ca0f91c08e0a4ec8a47c5f0b2f8d5b8a6f7b	1	475	19	19	1	false	false	0	0	true	NA
15683	14400	+	108498	202596	33	0f8f129c89c2f22fb1ec37cc42ed62cee5d68adb0e42422a5c8c4e8bcd499d07	1	532475	21299	19^2*59	2	true	false	0	0	true	0.516431788741894
15683	14400	-	108498	1282	23	058984caec5cc1ebf42b0c796549ca0f91c08e0a4ec8a47c5f0b2f8d5b8a6f7b	1	475	19	19	1	false	false	0	0	true	NA
15727	3885	+	98247	192609	21	f8d18440604a49e804fcf0aeefb3c72e829f93db4423b8b07ce48efb82167185	1	125	1	1	0	true	false	0	0	true	0.00000000000000
15727	3885	-	98247	11841	21	f8d18440604a49e804fcf0aeefb3c72e829f93db4423b8b07ce48efb82167185	1	125	1	1	0	false	false	0	0	true	NA
15727	5804	+	100166	194528	26	d1a3954ef98ca420f8c8f980c7f7f83035bd09859cbccc99532d588c5594a40a	1	3125	1	1	0	true	false	0	0	true	0.00000000000000
15727	5804	-	100166	9922	23	21236b3d86f186dd1ccdf57c950d538a063dfe3642a2a8485d99c20cd9672c9f	1	475	19	19	1	false	false	0	0	true	NA
15727	9922	+	104284	198646	29	aea33cee7863bf87a436ad8f664df81631149b6efb7c41e338dea9818f33d07f	1	24125	193	193	1	true	false	0	0	true	0.273794452048709
15727	9922	-	104284	5804	31	e2fa63a21bab9462f6373ffad1b507940f65bf54e4287a3a6b43b2d12d30819e	1	82025	3281	17*193	2	false	false	0	0	true	NA
15727	11841	+	106203	200565	24	4c9b7e5095df1b1700c798945ec2cdd3981dfe600959e42b3701a6facdad5ebe	1	625	1	1	0	true	false	0	0	true	0.00000000000000
15727	11841	-	106203	3885	21	f8d18440604a49e804fcf0aeefb3c72e829f93db4423b8b07ce48efb82167185	1	125	1	1	0	false	false	0	0	true	NA
15737	4123	+	98545	192967	28	7a35317e87ceead68e2803f842ece956fab90a49daef90850e4fcee9462b9f2e	1	15625	1	1	0	true	false	0	0	true	0.00000000000000
15737	4123	-	98545	11613	30	5eba731a2258811d67eadb50698ad3ceedffb0168836075f4ea9356aedc75f74	1	53125	17	17	1	false	false	0	0	true	NA
15737	7598	+	102020	196442	21	e65327ddfecdc0c0f38dd16a1c375408c71903db1fd3c0fe1de4e77c1d94791f	1	125	1	1	0	true	false	0	0	true	0.00000000000000
15737	7598	-	102020	8138	24	07b801fdd52425e5447817a0e113055ad933b440e1e53f85c546583d870a0ce1	1	625	1	1	0	false	false	0	0	true	NA
15737	8138	+	102560	196982	28	4d533c5c596f5059be947fede149b4ca05b60c849d4e491b7bb877515eb22eb4	1	13175	31	31	1	true	false	0	0	true	0.178995197835907
15737	8138	-	102560	7598	19	42f683e77907048fb63b71fbf854dc292d38ecaccf5c82f3ee2ecb031fe382d3	1	25	1	1	0	false	false	0	0	true	NA
15737	11613	+	106035	200457	26	ca319308597b7ba368c1e025e959f3dae54f40014ab86b13307d5428c27752de	1	2375	19	19	1	true	false	0	0	true	0.152946907685838
15737	11613	-	106035	4123	26	ca319308597b7ba368c1e025e959f3dae54f40014ab86b13307d5428c27752de	1	2375	19	19	1	false	false	0	0	true	NA
15761	2121	+	96687	191253	21	e2908e9354923c1aa0cf5906532685c17a431c64ce467898b230c0d17685635f	1	125	1	1	0	true	false	0	0	true	0.00000000000000
15761	2121	-	96687	13639	17	e62a7c721fcc8ed8430bfac1c4e4bba21e2d47789578dd8369a337fd6ab8d6fe	1	5	1	1	0	false	false	0	0	true	NA
15761	13639	+	108205	202771	17	e62a7c721fcc8ed8430bfac1c4e4bba21e2d47789578dd8369a337fd6ab8d6fe	1	5	1	1	0	true	false	0	0	true	0.00000000000000
15761	13639	-	108205	2121	21	e2908e9354923c1aa0cf5906532685c17a431c64ce467898b230c0d17685635f	1	125	1	1	0	false	false	0	0	true	NA
15797	6949	+	101731	196513	19	52d1e7f4ad275226e5e7f1df2cb5d244c4aca98218261f3ac6a0b8a5f36f7940	1	25	1	1	0	true	false	0	0	true	0.00000000000000
15797	6949	-	101731	8847	26	c3491f43345256d4bbe7c32ec9b141fd8c01e914d2894190b318c265e683b439	1	3485	697	17*41	2	false	false	0	0	true	NA
15797	7386	+	102168	196950	21	a1413aabe9d7d86c5b658f4af1008218f5d3518c025996d50c38cb631c422832	1	125	1	1	0	true	false	0	0	true	0.00000000000000
15797	7386	-	102168	8410	24	535904b062cb5f62125f5794cdda0b0a69e466438bcbbdd2eca84a80eebab3a7	1	625	1	1	0	false	false	0	0	true	NA
15797	8410	+	103192	197974	30	20a93260b501e6ce15a44b239545efc4eecc25abbfb7054a4aee1eea10117f25	1	34375	11	11	1	true	false	0	0	true	0.124906057738314
15797	8410	-	103192	7386	30	20a93260b501e6ce15a44b239545efc4eecc25abbfb7054a4aee1eea10117f25	1	34375	11	11	1	false	false	0	0	true	NA
15797	8847	+	103629	198411	21	a1413aabe9d7d86c5b658f4af1008218f5d3518c025996d50c38cb631c422832	1	125	1	1	0	true	false	0	0	true	0.00000000000000
15797	8847	-	103629	6949	21	a1413aabe9d7d86c5b658f4af1008218f5d3518c025996d50c38cb631c422832	1	125	1	1	0	false	false	0	0	true	NA
15803	6980	+	101798	196616	19	9076a9bae966fb78ef26513c6f653c477be6e6419fe09710fa5106e7b23b2215	1	25	1	1	0	true	false	0	0	true	0.00000000000000
15803	6980	-	101798	8822	19	8415cb55ccb6876b78282d4c914cb5149402147f2792963cf1004948b433a38e	1	17	17	17	1	false	false	0	0	true	NA
15803	8822	+	103640	198458	24	c8846516db53d7e024d9159b238139d33cd2cf7b0b527a43bbb4d0e647f57fb2	1	625	1	1	0	true	false	0	0	true	0.00000000000000
15803	8822	-	103640	6980	27	fea9d1f06426817597cdd77d93dcb46e587038614dfc54fa2915bbc6717614ee	1	6875	11	11	1	false	false	0	0	true	NA
15823	7047	+	101985	196923	24	1baf32f41af2ba529fd9a1a3dea56fe9facff19e2d441b4914ab36227282af36	1	625	1	1	0	true	false	0	0	true	0.00000000000000
15823	7047	-	101985	8775	21	4390886ce72c0c15aebab718ee8c2dfbd4bd7faedd14dcf2b294193688e054af	1	85	17	17	1	false	false	0	0	true	NA
15823	8775	+	103713	198651	24	1baf32f41af2ba529fd9a1a3dea56fe9facff19e2d441b4914ab36227282af36	1	625	1	1	0	true	false	0	0	true	0.00000000000000
15823	8775	-	103713	7047	27	0aed95ce5928fc07a8797925415e54a6362f472c757308a373530ab2352a9bb6	1	6875	11	11	1	false	false	0	0	true	NA
15859	6436	+	101590	196744	28	fbb85b0efe918d9e22904fd9a30884a7fe895ada2e47c53e74d620003a3cbdba	1	13175	31	31	1	true	false	0	0	true	0.179166791743197
15859	6436	-	101590	9422	19	0f297e898309d6ef4b7b5ab53745afc6fd676ac0f31a5c96a5f8098c63a48da7	1	25	1	1	0	false	false	0	0	true	NA
15859	9422	+	104576	199730	21	f9a192dce91460536116dd47b180599753ea681ebd5fc811afe6e965f33faa95	1	125	1	1	0	true	false	0	0	true	0.00000000000000
15859	9422	-	104576	6436	21	f9a192dce91460536116dd47b180599753ea681ebd5fc811afe6e965f33faa95	1	125	1	1	0	false	false	0	0	true	NA
15877	6407	+	101669	196931	30	8b9f8f9a56be28e1d99fdf23189ebfd4b30a3be4ec092d932d3cf40b0a55ad2d	1	53125	1	1	0	true	false	0	0	true	0.00000000000000
15877	6407	-	101669	9469	26	741ba1080018ef172dcbfb97bd1f7c64957b9a13c288d674db9ee6c9e3656707	1	2125	17	17	1	false	false	0	0	true	NA
15877	9469	+	104731	199993	24	3e3f0845b4e2c8be50657eb0594158fec3a47dd4423bf5701c8835a7ce14ec79	1	625	1	1	0	true	false	0	0	true	0.00000000000000
15877	9469	-	104731	6407	21	2c7c433276947590936885e31444d8f1a12377afff4fa5f39658e48c272d2400	1	125	1	1	0	false	false	0	0	true	NA
15887	5932	+	101254	196576	23	50f599b016b1d8e41c79d1a8f9d30af61f948b5c6cdc41f91b45644e9dda5483	1	425	1	1	0	true	false	0	0	true	0.00000000000000
15887	5932	-	101254	9954	19	65f0ff508e7f6e0b41b4423dbb7b2c71181fa2e8798a69028042e9857d198ece	1	25	1	1	0	false	false	0	0	true	NA
15887	9954	+	105276	200598	19	65f0ff508e7f6e0b41b4423dbb7b2c71181fa2e8798a69028042e9857d198ece	1	25	1	1	0	true	false	0	0	true	0.00000000000000
15887	9954	-	105276	5932	21	21d77daee06628e075789d9027824166c2fab1546c70eef5e5da75176c6cd416	1	125	1	1	0	false	false	0	0	true	NA
15889	5869	+	101203	196537	25	d9df1fcd8221ec11d896739045daed6d9a58047ba322f6517a69b546047a52b3	1	1525	61	61	1	true	false	0	0	true	0.214572683206347
15889	5869	-	101203	10019	21	7d5dab75896af695da1cf9b8c5ec49995b45badce965857e9a7e28c5ea8a353d	1	125	1	1	0	false	false	0	0	true	NA
15889	6993	+	102327	197661	40	56bf36794938460131a093bf1b339b9d681a3df031d6840383c4b3ca548e6948	1	55515625	209	11*19	2	true	false	0	0	true	0.278530498866571
15889	6993	-	102327	8895	24	5d05c90ee7ea42ab484d2ba15166cc8cd257fd756ef6093d0ee000e83e7dff12	1	935	187	11*17	2	false	false	0	0	true	NA
15889	8895	+	104229	199563	26	17c3fa88403539b9639b9e1fada9b570124feb9f6162da48399aecaa12333e8c	1	3125	1	1	0	true	false	0	0	true	0.00000000000000
15889	8895	-	104229	6993	30	c4b5a253921ab80028d35b4d8cbf881819f570eb5c8f578fcff7672598415e1e	1	53125	17	17	1	false	false	0	0	true	NA
15889	10019	+	105353	200687	17	2f3ebc70734d8feec4924a265151239ce2a33138510b10f33743cd085a73493a	1	5	1	1	0	true	false	0	0	true	0.00000000000000
15889	10019	-	105353	5869	21	7d5dab75896af695da1cf9b8c5ec49995b45badce965857e9a7e28c5ea8a353d	1	125	1	1	0	false	false	0	0	true	NA
15907	5238	+	100680	196122	21	69fa904dac28b12df6206752d74af2e0a8dc8e24102003df3258290c28690354	1	125	1	1	0	true	false	0	0	true	0.00000000000000
15907	5238	-	100680	10668	24	dcc85e016ba567433acdffd7a31265a33e874723888ed4cb86e9becb2f85d3d6	1	625	1	1	0	false	false	0	0	true	NA
15907	6430	+	101872	197314	23	46e89764d45de24c56e38540dc2d460614297a7507151593769b693b004e736f	1	275	11	11	1	true	false	0	0	true	0.125075030491303
15907	6430	-	101872	9476	27	691e22e5f94af8da13b77f6e967a413cb657b8a5089ca009735eaf48be6fa98e	1	4675	187	11*17	2	false	false	0	0	true	NA
15907	9476	+	104918	200360	14	24a14613db967a7cf64a9136398aeb2bd71bc158ab8766b198a07a06ad6edd72	1	1	1	1	0	true	false	0	0	true	0.00000000000000
15907	9476	-	104918	6430	21	69fa904dac28b12df6206752d74af2e0a8dc8e24102003df3258290c28690354	1	125	1	1	0	false	false	0	0	true	NA
15907	10668	+	106110	201552	19	e7572c9cd6a77419cba62f9980478de2bcd767ec6b52ddaa1588b8c0cb6b5ba0	1	19	19	19	1	true	false	0	0	true	0.152934327170174
15907	10668	-	106110	5238	24	dcc85e016ba567433acdffd7a31265a33e874723888ed4cb86e9becb2f85d3d6	1	625	1	1	0	false	false	0	0	true	NA
15913	97	+	95575	191053	25	a5cc27ff6ea4a8e94972e0268fce59b5f0ca819e9fd03943b6570e802711fea1	1	1375	11	11	1	true	false	0	0	true	0.125901713496702
15913	97	-	95575	15815	21	3f08912374e8de60ccda4e1a75722c766368ade37cb46e18c64ba07cfeb3da3d	1	125	1	1	0	true	true	0	0	true	0.00000000000000
15913	15815	+	111293	206771	26	c6728b64c6a183a5b9e215bc9f8a8c8ce103e7530cd14fcb69587066bad98b8f	1	3125	1	1	0	true	false	0	0	true	0.00000000000000
15913	15815	-	111293	97	17	d85aaf08930b151d42bfb438fe2f972fb7eb90ae596a099bdce3b972a25958fa	1	5	1	1	0	false	false	0	0	true	NA
15919	1204	+	96718	192232	21	c4d10c9ec5b9a606483cba96a9607a2a24e14b8dc375b62bd1b2caf1b76055e3	1	125	1	1	0	true	false	0	0	true	0.00000000000000
15919	1204	-	96718	14714	26	092d474362e22bdb6662d07fe223cce4f5ce5a2b1b20aede7ee3df7e57644373	1	2375	19	19	1	true	false	0	0	true	0.154409347143470
15919	14714	+	110228	205742	21	c4d10c9ec5b9a606483cba96a9607a2a24e14b8dc375b62bd1b2caf1b76055e3	1	125	1	1	0	true	false	0	0	true	0.00000000000000
15919	14714	-	110228	1204	23	9a3f25747e84a5878a438842e8d1540006df25061f1089c0521f4092edc01e13	1	275	11	11	1	false	false	0	0	true	NA
15923	1098	+	96636	192174	24	27046219ad36e228a4e754757dc2e3f731bd9c89ad8fa45106fdb4c6721db9ca	1	625	1	1	0	true	false	0	0	true	0.00000000000000
15923	1098	-	96636	14824	19	6e9c4a928f25d43a7127f5cc470a9976ddaddd6130bd37f150dcc03c98e0b9ff	1	25	1	1	0	true	false	0	0	true	0.00000000000000
15923	14824	+	110362	205900	19	6e9c4a928f25d43a7127f5cc470a9976ddaddd6130bd37f150dcc03c98e0b9ff	1	25	1	1	0	true	false	0	0	true	0.00000000000000
15923	14824	-	110362	1098	19	6e9c4a928f25d43a7127f5cc470a9976ddaddd6130bd37f150dcc03c98e0b9ff	1	25	1	1	0	false	false	0	0	true	NA
15973	3622	+	99460	195298	26	ce9353df585e17fbc3f7a83914553337281baa08c6a4160ea51574d0413deb66	1	2125	1	1	0	true	false	0	0	true	0.00000000000000
15973	3622	-	99460	12350	19	70531768670c9769dae0df2fdf6bd3119e928e8346fdafd4a3cef702c2e1601b	1	25	1	1	0	false	false	0	0	true	NA
15973	12350	+	108188	204026	31	015b0173eff73887fbce715907f226165ceb442bb6081cfadaf9fa81a28be8e9	1	128125	41	41	1	true	false	0	0	true	0.192491333548993
15973	12350	-	108188	3622	19	70531768670c9769dae0df2fdf6bd3119e928e8346fdafd4a3cef702c2e1601b	1	25	1	1	0	false	false	0	0	true	NA
16001	928	+	96934	192940	28	5e0544af2a0175992fdd847334e08558ef66af58a8b206f65969db47909af399	1	15625	1	1	0	true	false	0	0	true	0.00000000000000
16001	928	-	96934	15072	14	e2684ec58138c3ca8005a285aad6dc220857753787c31a774ecf2355359f9190	1	1	1	1	0	true	true	0	0	true	0.00000000000000
16001	15072	+	111078	207084	26	98e9b6dc92d66d8bdb4556eb0a54a5554a13e4a31cdbf79ff8aac71508881487	1	3125	1	1	0	true	false	0	0	true	0.00000000000000
16001	15072	-	111078	928	19	c60a89ace863f3de03534d9896f4dc868baa17d971db0f2604dc93834bd47b2b	1	25	1	1	0	false	false	0	0	true	NA
16057	68	+	96410	192752	26	e2873ee04127f4d1582e795f6ec9707d4e6be5059e1e07d9cbd4b3366a9c3c72	1	2125	1	1	0	true	false	0	0	true	0.00000000000000
16057	68	-	96410	15988	28	0128bbbb0d0853a25cee4423dfa4fa9cd3c13fde78e871770f4fb4a3cfaa3f8d	1	10625	17	17	1	true	true	0	0	true	0.148630764718652
16057	15988	+	112330	208672	24	55a6f9f41225b0177058d59dcd453136c55f57d58b6ef13b01cdf2c45f8cb5ad	1	625	1	1	0	false	false	0	0	true	NA
16057	15988	-	112330	68	21	c4b3b422a45e49d424d9043fa973034642fdf9d8655b23b015dd9e6ae36f4a30	1	125	1	1	0	false	false	0	0	true	NA
16061	6935	+	103301	199667	26	cd9dc591d68b220f78ccbae673baddb2b305224547f40817d09363749ea1d436	1	3125	1	1	0	true	false	0	0	true	0.00000000000000
16061	6935	-	103301	9125	17	96842409daca7bb7b5999bf8039fa7628b9b587eada57ff5e15a687d4112e5e6	1	5	1	1	0	false	false	0	0	true	NA
16061	9125	+	105491	201857	17	96842409daca7bb7b5999bf8039fa7628b9b587eada57ff5e15a687d4112e5e6	1	5	1	1	0	true	false	0	0	true	0.00000000000000
16061	9125	-	105491	6935	21	b353299b6d95e2df2688aff37e31a4411f564e5ba52f08b8975c46e302abe24e	1	125	1	1	0	false	false	0	0	true	NA
16067	7518	+	103920	200322	19	4647308e8b7918134a770c57d6bfe255f9a9a1846de0ed4c1d86698ab5c8c10e	1	31	31	31	1	true	false	0	0	true	0.178745089809275
16067	7518	-	103920	8548	31	ac44ce9ea194df9a5f883144c2675f1f79828370291730768502692f134339ed	1	96875	31	31	1	false	false	0	0	true	NA
16067	8548	+	104950	201352	14	525f2cbd1fecad7881622f0807b690936a58c6768d4b10921710b222c88802a0	1	1	1	1	0	true	false	0	0	true	0.00000000000000
16067	8548	-	104950	7518	19	d0481407ed8f7c6874a929b83bb6dd2771f8f8add7d05e8a6f2f51bcd55f861b	1	25	1	1	0	false	false	0	0	true	NA
16069	4263	+	100677	197091	27	22771ed97841c73ab6d78c389007bbc3e755b29fce7879ef6a83abf4c98b38f7	1	6875	11	11	1	true	false	0	0	true	0.125228491805583
16069	4263	-	100677	11805	24	54c097cdf16923481f4b91ef8c29e3ed72d6e13236a5849cd4f357d6d10040b6	1	625	1	1	0	false	false	0	0	true	NA
16069	11805	+	108219	204633	24	54c097cdf16923481f4b91ef8c29e3ed72d6e13236a5849cd4f357d6d10040b6	1	625	1	1	0	true	false	0	0	true	0.00000000000000
16069	11805	-	108219	4263	24	54c097cdf16923481f4b91ef8c29e3ed72d6e13236a5849cd4f357d6d10040b6	1	625	1	1	0	false	false	0	0	true	NA
16073	3559	+	99997	196435	17	371a4e8ce8ef005b44862d94333e5f0f19d3de8a290fb0fc9b0d516d1e96d21d	1	5	1	1	0	true	false	0	0	true	0.00000000000000
16073	3559	-	99997	12513	19	6a8a76e90e2d03c28ca146598eef8734d10a2d4222b21a77aef4ea4859191681	1	25	1	1	0	false	false	0	0	true	NA
16073	12513	+	108951	205389	24	e46c6babf67e1eee069951746481621b8db99d0a9bd4c439883223d61cd7e783	1	625	1	1	0	true	false	0	0	true	0.00000000000000
16073	12513	-	108951	3559	24	e46c6babf67e1eee069951746481621b8db99d0a9bd4c439883223d61cd7e783	1	625	1	1	0	false	false	0	0	true	NA
16087	639	+	97161	193683	35	1124f09f91550e8a7b1042dde475a112f908313ff108b97a2400651d4ec4c683	1	1328125	1	1	0	true	false	0	0	true	0.00000000000000
16087	639	-	97161	15447	33	7d534c5dadafb1cce4314c5a16cca37870e3ecb4df04c9049aa938e7a11c17d2	1	362695	72539	17^2*251	2	true	true	0	0	true	0.586673642893958
16087	15447	+	111969	208491	26	064039fcb49eb2a5010c95e72cb342195c772fbc42a6011c0d5988d4620e1f27	1	2125	1	1	0	true	false	0	0	true	0.00000000000000
16087	15447	-	111969	639	27	79b57034821442d8213d22fea4b1899c16385d2d6d533c17333a9085a2c70654	1	5015	1003	17*59	2	false	false	0	0	true	NA
16091	2247	+	98793	195339	19	ecda1df1e35d3f4952f8ebd9bc3a9b572ab580f8ffefa429bf6383f41d7905ef	1	25	1	1	0	true	false	0	0	true	0.00000000000000
16091	2247	-	98793	13843	29	bf2721fa149ccaee4a30adaeebc7ed9d5c3927f0bfdaa5e97f6f533c22e2a2f4	1	23375	187	11*17	2	false	false	0	0	true	NA
16091	13843	+	110389	206935	25	46124fe1a95d0b497078dca947f18633c426ab97d779233346eed2395eb07493	1	1375	11	11	1	true	false	0	0	true	0.124036915705379
16091	13843	-	110389	2247	17	38e4c2f9ecd04ed79b6be6a4980e1971d4edbd7c03aa5559c5fba69e72dbd9bb	1	5	1	1	0	false	false	0	0	true	NA
16103	6070	+	102688	199306	30	12d3f63d4f7fcb11fed1a7a8ecac37a642604bfdbe41536a7dc32a1f3bde22de	1	59375	19	19	1	true	false	0	0	true	0.153444976883048
16103	6070	-	102688	10032	28	3f5f0334c024aba7800abc6671c3c09384648b3f5e57a10f4eac1631e2de0d91	1	11875	19	19	1	false	false	0	0	true	NA
16103	7335	+	103953	200571	17	3b51c123ccb187fbf20c8acb1cb4b9b904a58eb7f8f75232a73fb3fa6188ed02	1	5	1	1	0	true	false	0	0	true	0.00000000000000
16103	7335	-	103953	8767	17	3b51c123ccb187fbf20c8acb1cb4b9b904a58eb7f8f75232a73fb3fa6188ed02	1	5	1	1	0	false	false	0	0	true	NA
16103	8767	+	105385	202003	21	0a23939016683af927495e7516692a4966da41914c4c9bad7611ac35cf4eda35	1	125	1	1	0	true	false	0	0	true	0.00000000000000
16103	8767	-	105385	7335	27	655db23449fba84072bdd494e40e58b1ba8dfe1f9a4b359c17bbb2e5dc57a818	1	6875	11	11	1	false	false	0	0	true	NA
16103	10032	+	106650	203268	28	3f5f0334c024aba7800abc6671c3c09384648b3f5e57a10f4eac1631e2de0d91	1	11875	19	19	1	true	false	0	0	true	0.152850763240274
16103	10032	-	106650	6070	19	7a9c2f1b62834a1692e21a89f643a1b63d60ae26f81649b5b87f0161d7ce49a8	1	25	1	1	0	false	false	0	0	true	NA
16187	5275	+	102397	199519	24	2eff38d808b255de774ca1690c069eaf6a2c160f8e73b6ecc6f1f0f4f3c71f09	1	625	1	1	0	true	false	0	0	true	0.00000000000000
16187	5275	-	102397	10911	28	22d7392dcd6678123b065abac6c43a1de2cd2b828b82dc3aaf7b7a6e15b44e6d	1	10625	17	17	1	false	false	0	0	true	NA
16187	7040	+	104162	201284	23	3bb4bd899c7068288146895b09ba8e64fd78b75abc31051e18bf98fcb19f0b44	1	475	19	19	1	true	false	0	0	true	0.153224621127608
16187	7040	-	104162	9146	19	87d17a043ace38bde8bdbbb6f4a3b69b9652e28826684f71d70d688a3896fa18	1	25	1	1	0	false	false	0	0	true	NA
16187	9146	+	106268	203390	21	64081752ab6065377abd55214973b18ac10ca0fcc11ad5d5449922972b69a413	1	125	1	1	0	true	false	0	0	true	0.00000000000000
16187	9146	-	106268	7040	24	2eff38d808b255de774ca1690c069eaf6a2c160f8e73b6ecc6f1f0f4f3c71f09	1	625	1	1	0	false	false	0	0	true	NA
16187	10911	+	108033	205155	26	986de307d9a7f59392d39a5dab1097a0d8b217bdef5d1f9c838bc157473fb214	1	3125	1	1	0	true	false	0	0	true	0.00000000000000
16187	10911	-	108033	5275	24	2eff38d808b255de774ca1690c069eaf6a2c160f8e73b6ecc6f1f0f4f3c71f09	1	625	1	1	0	false	false	0	0	true	NA
16231	5507	+	102893	200279	32	995ce331e3a1782e927f29129b2b10a41fe15f3bbfca985e355317bd47c9357f	1	201875	19	19	1	true	false	0	0	true	0.153412340383561
16231	5507	-	102893	10723	30	1575b544879e4308eacce76e17a3067d455ffcd01afcd17361eb1c72763f2371	1	40375	323	17*19	2	false	false	0	0	true	NA
16231	10723	+	108109	205495	26	050241d7d6fcbff8fab05f88264d0883d1fbd17c151006cf42d6c452c0bbcc0f	1	2375	19	19	1	true	false	0	0	true	0.152633904494771
16231	10723	-	108109	5507	25	de4bd368e80a75e97666910e6562dddeffd653b7bfc5593bf0c9736027585b01	1	1375	11	11	1	false	false	0	0	true	NA
16253	7384	+	104902	202420	19	4e9c7efa37124698acc0ddd235c9306c82b824e18293866786155ae58daaeb9e	1	25	1	1	0	true	false	0	0	true	0.00000000000000
16253	7384	-	104902	8868	19	4e9c7efa37124698acc0ddd235c9306c82b824e18293866786155ae58daaeb9e	1	25	1	1	0	false	false	0	0	true	NA
16253	8868	+	106386	203904	26	b9d423f2b486ece7afed1751a48a33f7e0dae896fcbd95d7719abf69a8147958	1	3125	1	1	0	true	false	0	0	true	0.00000000000000
16253	8868	-	106386	7384	33	9819b789de13ef155d711cfe7cbe40c1eb9b3ed056fd94af2307e934261e1a2d	1	405625	649	11*59	2	false	false	0	0	true	NA
16301	3928	+	101734	199540	30	1e8be80049aceee396190df47059fe1a34023c620693f0db8c345f648d42cbc7	1	59375	19	19	1	true	false	0	0	true	0.153604966436113
16301	3928	-	101734	12372	23	952a8e47c08d26117453f2efdacd5a2d058b09ee5ae2ffe66a4c418d4775bf29	1	425	17	17	1	false	false	0	0	true	NA
16301	12372	+	110178	207984	24	7c9b6311685fd769a162d979cb0e95d323839cee553dc216f1997080ee82100b	1	625	1	1	0	true	false	0	0	true	0.00000000000000
16301	12372	-	110178	3928	27	d0ead1bf2158e29b00e583c1cba94e8b7b4b5ce844792b6d08f01ec0ca5c89e6	1	6875	11	11	1	false	false	0	0	true	NA
16333	7250	+	105248	203246	26	8ac69082932b1eb8a1597b8b4fe5658e286237e092642074beb7fe5266f1038b	1	2375	19	19	1	true	false	0	0	true	0.153047987107467
16333	7250	-	105248	9082	21	466f9e793b9fd5207a2aaa43586f5b9ed2b6a54ede80e64bcac4f41b075c446a	1	125	1	1	0	false	false	0	0	true	NA
16333	9082	+	107080	205078	26	8ea83e73977035c9559a6affc4c1bcd19ab97877a038c76fda09d4d86d10d389	1	3125	1	1	0	true	false	0	0	true	0.00000000000000
16333	9082	-	107080	7250	21	466f9e793b9fd5207a2aaa43586f5b9ed2b6a54ede80e64bcac4f41b075c446a	1	125	1	1	0	false	false	0	0	true	NA
16339	668	+	98702	196736	21	5d68cba9072a64d25938b17c6c754d94b9bdf71ea0740cba1b1ee310896f0a7a	1	125	1	1	0	true	false	0	0	true	0.00000000000000
16339	668	-	98702	15670	29	eec4ba25d0982fda317e58615ec1fcb19588b9adcfa8a1a2326d70b0107e8716	1	25925	1037	17*61	2	true	true	0	0	true	0.363396341777662
16339	5856	+	103890	201924	19	fa4708e2fb75447f999f215e720dbaa15b72e3e3d99e0c7d1d55b807ea75ad0b	1	25	1	1	0	true	false	0	0	true	0.00000000000000
16339	5856	-	103890	10482	24	2faf3a3c0c51c7d87856a431bebbe4f35fcb7e1823b93142475fa68b085de091	1	625	1	1	0	false	false	0	0	true	NA
16339	10482	+	108516	206550	28	f0a7754e9f61870127c37b3ed99f52978e6e44ef2b5883d985f55b50cf317e72	1	15625	1	1	0	true	false	0	0	true	0.00000000000000
16339	10482	-	108516	5856	24	2faf3a3c0c51c7d87856a431bebbe4f35fcb7e1823b93142475fa68b085de091	1	625	1	1	0	false	false	0	0	true	NA
16339	15670	+	113704	211738	33	e1feab592aae6b11286e7b8f3fbed97af58295c99b6d2ad187ff95c6c0329bbf	1	296875	19	19	1	true	false	0	0	true	0.151841159786409
16339	15670	-	113704	668	24	2faf3a3c0c51c7d87856a431bebbe4f35fcb7e1823b93142475fa68b085de091	1	625	1	1	0	false	false	0	0	true	NA
16349	6807	+	104901	202995	20	f630510e9fb05ecd9b68c2822111ba0232bc8eda08e1061cc0b3635b22cddcf6	1	55	11	11	1	true	false	0	0	true	0.124673864814990
16349	6807	-	104901	9541	26	f11a2ec02620f42cacd65ab242b4e5a3bf87e365402eccfe66357f50a0cea139	1	3125	1	1	0	false	false	0	0	true	NA
16349	7882	+	105976	204070	30	7aca3efa8ef6b35ceeaf439e3e2724ecdcb7a7bd5a78116543d234e384a176ef	1	45125	361	19^2	1	true	false	0	0	true	0.305893815371676
16349	7882	-	105976	8466	33	3960cf69537265375432b39b80b7b2a4fdeec11105c1755cd5fb4f872e51d357	1	368125	589	19*31	2	false	false	0	0	true	NA
16349	8466	+	106560	204654	23	930b73ab46c0e25ab7af9e16c2c7f3a42b267c21d98344bc7577c9e2f3d267f9	1	475	19	19	1	true	false	0	0	true	0.152865348635943
16349	8466	-	106560	7882	19	8eef3e08117511271e9631c60081453f72ee7445962ed71fec337830416a4bcb	1	25	1	1	0	false	false	0	0	true	NA
16349	9541	+	107635	205729	19	8eef3e08117511271e9631c60081453f72ee7445962ed71fec337830416a4bcb	1	25	1	1	0	true	false	0	0	true	0.00000000000000
16349	9541	-	107635	6807	19	8eef3e08117511271e9631c60081453f72ee7445962ed71fec337830416a4bcb	1	25	1	1	0	false	false	0	0	true	NA
16361	1433	+	99599	197765	27	d1cfe1018a2ba5c574f983d36bb57bd96179c53b09e33a08642e93d34bcfbaac	1	6875	11	11	1	true	false	0	0	true	0.125360207473520
16361	1433	-	99599	14927	25	e1832d94bdff1c1490209055a0bc889ca76b4e8fa0079b737e06a6c8155b8b11	1	1445	289	17^2	1	true	false	0	0	true	0.296236634399084
16361	14927	+	113093	211259	26	8b6e86603cd7f6f1fb3f199146a111fce236ccf04dd8d8d6ad7690a75bc35a16	1	3125	1	1	0	true	false	0	0	true	0.00000000000000
16361	14927	-	113093	1433	28	40af20a7aa6979bab0e7394c096ee6fa3366617aa7f77518c466da1181e0cbf4	1	15625	1	1	0	false	false	0	0	true	NA
16363	5066	+	103244	201422	21	29b2f23aca59e41c456a16e06be4486d0d1beb07116b996432a98bbe74055e5a	1	125	1	1	0	true	false	0	0	true	0.00000000000000
16363	5066	-	103244	11296	24	1787fa579e01a450369bff515a41fad60896968dbe376cff7e7ff643147fd3f9	1	625	1	1	0	false	false	0	0	true	NA
16363	11296	+	109474	207652	23	ae643976c7362faaea750585140aa8df442ca71fbae8f4baafb61b0371da1a75	1	275	11	11	1	true	false	0	0	true	0.124144850805100
16363	11296	-	109474	5066	19	8907969e037e3e20c7c400d09ea5c9ca35fe88071657853c9d504cef263b0547	1	25	1	1	0	false	false	0	0	true	NA
16381	2791	+	101077	199363	28	03c65f32cb94900ccded5bbf0d7a97e8238b003f31755f757c26d8dfc98c4505	1	15625	1	1	0	true	false	0	0	true	0.00000000000000
16381	2791	-	101077	13589	32	0c0c55b7aba33a1dae7c79e4feb8d3d4c44c71cf6e80a357b93d40b9f0a6591d	1	155125	1241	17*73	2	false	false	0	0	true	NA
16381	13589	+	111875	210161	27	051aa1c91ff715b882aa614bcaa446ddb74162ecaa5e2346a94fd1963d9137a0	1	5185	61	61	1	true	false	0	0	true	0.212343322567061
16381	13589	-	111875	2791	21	ac974c19d1881a1efdaca6ff91f5f23284f37eec4a2a72494b644fdde0aae585	1	85	17	17	1	false	false	0	0	true	NA
16417	6943	+	105445	203947	24	af77a1111ec8ea61813ecde03cd1f9abf71aef2c4d4b28e5a273961d0b43f07c	1	625	1	1	0	true	false	0	0	true	0.00000000000000
16417	6943	-	105445	9473	21	a772197176a46150ec99969667b6124261314906baeb1daaf181dba96236a12e	1	125	1	1	0	false	false	0	0	true	NA
16417	9473	+	107975	206477	26	0d7228e5b524aa71631ace8af97aa86b28c217220a4e76d24d871ce30597b073	1	3125	1	1	0	true	false	0	0	true	0.00000000000000
16417	9473	-	107975	6943	26	0d7228e5b524aa71631ace8af97aa86b28c217220a4e76d24d871ce30597b073	1	3125	1	1	0	false	false	0	0	true	NA
16421	1340	+	99866	198392	26	d8026ed967dcfcad89302e436e70d87097dfb7aa97ba24d797be17ae366aa0cb	1	2375	19	19	1	true	false	0	0	true	0.153890239863460
16421	1340	-	99866	15080	29	61408df2b19f1b4d0f845b08f489e8d8b23e51ea3ff393f7030145300eff92ea	1	31025	1241	17*73	2	true	false	0	0	true	0.372316669280845
16421	4100	+	102626	201152	19	e44a4017f3de73c4ad01c185bc92f0b4c3fd0c3dfba1e42892b19336f0481405	1	25	1	1	0	true	false	0	0	true	0.00000000000000
16421	4100	-	102626	12320	19	e44a4017f3de73c4ad01c185bc92f0b4c3fd0c3dfba1e42892b19336f0481405	1	25	1	1	0	false	false	0	0	true	NA
16421	12320	+	110846	209372	26	71385c9b5d2e24ff4e3695881ccf011a31a98f242889b76a909713c9b9aa5b4a	1	3125	1	1	0	true	false	0	0	true	0.00000000000000
16421	12320	-	110846	4100	24	536fcc1ddda43ef200d2cedaaa740dab45602b75021a9850f1748837bc093421	1	775	31	31	1	false	false	0	0	true	NA
16421	15080	+	113606	212132	26	a028816f31f6aab87a1741c7e9a624179a116673e50289a61e266b4142932995	1	3875	31	31	1	true	false	0	0	true	0.177106816122126
16421	15080	-	113606	1340	23	432c1afe4d245ebe658a85139a5e473bdcbfd6bdbb12d08983c09d5ef9dd226b	1	475	19	19	1	false	false	0	0	true	NA
16427	3113	+	101675	200237	17	31413baf641af290acd591ceba8204e5970e087546a66076c451ef4ef0befac9	1	5	1	1	0	true	false	0	0	true	0.00000000000000
16427	3113	-	101675	13313	24	c8d1bc898abe03a520e8fa2c5ac6170c00829cb094a796f13d90816ab8cc0115	1	625	1	1	0	false	false	0	0	true	NA
16427	13313	+	111875	210437	23	9f107f5491a6530d022571ac0239bb81007b92ac0dd62baaf61389c6c01b4bca	1	305	61	61	1	true	false	0	0	true	0.212343322567061
16427	13313	-	111875	3113	21	3abafb80a1e73de584cb2a235618568c53011b13bf8a9e55f67a7fa8291239b4	1	85	17	17	1	false	false	0	0	true	NA
16447	3781	+	102463	201145	17	4823c643278d8eca988bb1f196a97a09ad5e6f51af319edbf9c6bf2685364675	1	5	1	1	0	true	false	0	0	true	0.00000000000000
16447	3781	-	102463	12665	21	ec1024d1b72013e05393506e3eb05bb23b7809004e0481b981277e0322584022	1	125	1	1	0	false	false	0	0	true	NA
16447	12665	+	111347	210029	27	c26b8e0b6c6924da71d3e1d28053f0defc09a29946c60886b85709c0590b1354	1	7625	61	61	1	true	false	0	0	true	0.212458922147723
16447	12665	-	111347	3781	26	7b2ca286cbd00234d09d2ebe60d6cf6d573bf02b6875dabdca1d11fbdf62d536	1	2375	19	19	1	false	false	0	0	true	NA
16451	844	+	99550	198256	24	ef020a1265f18a77ec936bb74cd6d253613bfdbfec43e7e56e6c6f8f9970ba7c	1	625	1	1	0	true	false	0	0	true	0.00000000000000
16451	844	-	99550	15606	23	877b29229d21ee03f9a2e0eaa8c4cbaef3e81c476fc5d2bd3039570fcb31bdbc	1	425	17	17	1	true	true	0	0	true	0.148118317199542
16451	3425	+	102131	200837	26	70553ca02571c18d65f19576fc6db83200e4bf123acef5b6a71a719006a3a818	1	3875	31	31	1	true	false	0	0	true	0.179074355261175
16451	3425	-	102131	13025	21	4dc07e2427e464b5ce3c4144654fbec8e19bd13f3d209bbe466dca37c3bf946b	1	85	17	17	1	false	false	0	0	true	NA
16451	3867	+	102573	201279	17	f53579c4ca94c2af9b427560a3a075d3805d2035c1ded2a36c3afd143feb7c4e	1	5	1	1	0	true	false	0	0	true	0.00000000000000
16451	3867	-	102573	12583	26	db7ea0f88f77a3f888f948f29359b41756770e6b0fd8ffae8dc516120d7328b0	1	2125	17	17	1	false	false	0	0	true	NA
16451	8159	+	106865	205571	21	4f9c66b6cb7bc53745e94695851014c719336447a848827acf6f25ce2b97cba5	1	125	1	1	0	true	false	0	0	true	0.00000000000000
16451	8159	-	106865	8291	26	70553ca02571c18d65f19576fc6db83200e4bf123acef5b6a71a719006a3a818	1	3875	31	31	1	false	false	0	0	true	NA
16451	8291	+	106997	205703	34	2713f1231692dd7afed84bfadff5e25845bb2f7b4a4e5b758f8b2739e63d9453	1	686375	19	19	1	true	false	0	0	true	0.152802953476200
16451	8291	-	106997	8159	30	9e309f178adfc7ea8ac9ccf804e478aec5c887e97fd2bde699e12e87ef1c1268	1	40375	323	17*19	2	false	false	0	0	true	NA
16451	12583	+	111289	209995	19	6ece66c7c74f36668e412a1cf72c9f0179da885dc6ec8310e49b3b72e36dd14e	1	25	1	1	0	true	false	0	0	true	0.00000000000000
16451	12583	-	111289	3867	21	4f9c66b6cb7bc53745e94695851014c719336447a848827acf6f25ce2b97cba5	1	125	1	1	0	false	false	0	0	true	NA
16451	13025	+	111731	210437	26	c270f3391de0a4175c7d36546a9fb4a55c209d208e8482028058f655f55b30db	1	3125	1	1	0	true	false	0	0	true	0.00000000000000
16451	13025	-	111731	3425	17	f53579c4ca94c2af9b427560a3a075d3805d2035c1ded2a36c3afd143feb7c4e	1	5	1	1	0	false	false	0	0	true	NA
16451	15606	+	114312	213018	21	4f9c66b6cb7bc53745e94695851014c719336447a848827acf6f25ce2b97cba5	1	125	1	1	0	true	false	0	0	true	0.00000000000000
16451	15606	-	114312	844	26	da01fd2c2892eab898d43112f0bc1cfec5923797aafba99fe81dceb77e1e96b1	1	2375	19	19	1	false	false	0	0	true	NA
16477	2086	+	100948	199810	21	e13f88a759c0b89137f967b7af3e94c465d970cbf8c7d43b07d0de0db098e986	1	125	1	1	0	true	false	0	0	true	0.00000000000000
16477	2086	-	100948	14390	23	b636389ab6afa1137ebd283f9f37714e40d6a9545aa1ee764f261f74c6589217	1	425	17	17	1	false	false	0	0	true	NA
16477	14390	+	113252	212114	21	e13f88a759c0b89137f967b7af3e94c465d970cbf8c7d43b07d0de0db098e986	1	125	1	1	0	true	false	0	0	true	0.00000000000000
16477	14390	-	113252	2086	26	2e872313df3d79f00dae2bd3f533ee7bb5587c92eca5da26c79d53004ada6659	1	3125	1	1	0	false	false	0	0	true	NA
16493	6499	+	105457	204415	34	4359ad4a4556cefbf2171298c3840d3f852b3fec8740d9d44b8b737082d7f648	1	794375	1271	31*41	2	true	false	0	0	true	0.371469265960043
16493	6499	-	105457	9993	27	b05c91d065230266f873efa0a82e3698a06abfbd5071a256d3b7afa901a436fc	1	5125	41	41	1	false	false	0	0	true	NA
16493	9993	+	108951	207909	26	4681d39de63d3ea99b5376d89cd8ed538695ff02e4612e7dc506dd7af98c42b4	1	3125	1	1	0	true	false	0	0	true	0.00000000000000
16493	9993	-	108951	6499	17	90036691b84393b466c6f7788d03249e1cb69e4f269c89a4c5f25b2494c481f4	1	5	1	1	0	false	false	0	0	true	NA
16529	6234	+	105408	204582	28	1b4bcac876b9968c8ed766a7203687cc8a0e435f2401d31242a527ded98baff5	1	15625	1	1	0	true	false	0	0	true	0.00000000000000
16529	6234	-	105408	10294	31	87c81fe9baa5659e327e5b76d83035338de728d1c1f0c77e5081b40ca077e712	1	96875	31	31	1	false	false	0	0	true	NA
16529	10294	+	109468	208642	27	2aa468a7a3699adc33de078569e689b36e489f6406e1a94233e12a2ea79b5972	1	6875	11	11	1	true	false	0	0	true	0.124144850805100
16529	10294	-	109468	6234	23	f9716b25bfcf398c4d5eb2647da41427e58ce4c34e8e9ff175857ab8f50d152e	1	275	11	11	1	false	false	0	0	true	NA
16553	2463	+	101781	201099	26	aadd942718899d3561a8864d32f84a04331658741c7778c1dd28f068441be23f	1	3875	31	31	1	true	false	0	0	true	0.179135918137605
16553	2463	-	101781	14089	23	006750d38c349a9653106b9ab0e240b70a76b22b6e5c82adf619d96489d87f6b	1	425	17	17	1	false	false	0	0	true	NA
16553	14089	+	113407	212725	24	9c0df1eb854b27f84384152b62def72c9eac8e834f16114b25fe10b0f511df59	1	625	1	1	0	true	false	0	0	true	0.00000000000000
16553	14089	-	113407	2463	24	9c0df1eb854b27f84384152b62def72c9eac8e834f16114b25fe10b0f511df59	1	625	1	1	0	false	false	0	0	true	NA
16607	380	+	100022	199664	19	ded3ae28c012c292c086414cf3f16ab1398e390a84c3e0764a88f80a6a181c45	1	25	1	1	0	true	false	0	0	true	0.00000000000000
16607	380	-	100022	16226	23	9023c6351ec7cf8f87caa613f36d0c7e0a659bbb3b2c5d0acdb3d0dc5052219e	1	425	17	17	1	true	true	0	0	true	0.148064065105829
16607	16226	+	115868	215510	21	bc136b680bdef5afa08f2f522233e6f145101e6bc2a902f65461d37b9cf72944	1	125	1	1	0	true	false	0	0	true	0.00000000000000
16607	16226	-	115868	380	19	ded3ae28c012c292c086414cf3f16ab1398e390a84c3e0764a88f80a6a181c45	1	25	1	1	0	false	false	0	0	true	NA
16619	4868	+	104582	204296	30	9f61ef716bb22607f2d26dbda109931c1eff65ab54f5d233163711d59a3f3b30	1	34375	11	11	1	true	false	0	0	true	0.124731010372197
16619	4868	-	104582	11750	19	ebcd8db071246d0bf8f7dc803bccec1bee3c1cc793efa15379828489eeae1f07	1	25	1	1	0	false	false	0	0	true	NA
16619	11750	+	111464	211178	21	d91e4b590ae3905dfe5a3bb61ef3764b3f4f31d25c2a2c2c7f71d60b66a48f67	1	125	1	1	0	true	false	0	0	true	0.00000000000000
16619	11750	-	111464	4868	24	00c6e071938a564ed0227ce69f25cffcc9ebc51d8a7c0adad2e0baa4f2d2e8ca	1	625	1	1	0	false	false	0	0	true	NA
16631	756	+	100542	200328	29	6f7e9d61e81e282d47d0201bd2dc9edcba11f6ad04fb01852ce93917c6c47e48	1	23375	11	11	1	true	false	0	0	true	0.125244868904018
16631	756	-	100542	15874	23	4343e84e555c13842942844a364280391b0480a675f6b05804205d4a2def0f11	1	425	17	17	1	true	true	0	0	true	0.147982039865872
16631	15874	+	115660	215446	19	ee46173e2447de50f65f3d5220b45beafd753b59c5592e73ed5d102190d2800c	1	25	1	1	0	true	false	0	0	true	0.00000000000000
16631	15874	-	115660	756	19	ee46173e2447de50f65f3d5220b45beafd753b59c5592e73ed5d102190d2800c	1	25	1	1	0	false	false	0	0	true	NA
16649	2263	+	102157	202051	21	0c6a147273419f546a3e694e9c05771b51d33b5659b369ba36450403f2e7c738	1	125	1	1	0	true	false	0	0	true	0.00000000000000
16649	2263	-	102157	14385	25	84d65bfde99d57d92f58fa1a361cfbe3dc26bf5a20adbfda7215e1215f595c39	1	1445	289	17^2	1	false	false	0	0	true	NA
16649	4277	+	104171	204065	30	b61e3c27f6c385b45a0fc55ac3e987597a79883a54124483f727b74a4bdfb370	1	59375	19	19	1	true	false	0	0	true	0.153224621127608
16649	4277	-	104171	12371	26	c7694d4b667ab2a8ad024c5feb2743afbf25b19ae150cbfc6c4c69d9eb1c68a0	1	2125	17	17	1	false	false	0	0	true	NA
16649	12371	+	112265	212159	21	0c6a147273419f546a3e694e9c05771b51d33b5659b369ba36450403f2e7c738	1	125	1	1	0	true	false	0	0	true	0.00000000000000
16649	12371	-	112265	4277	21	0c6a147273419f546a3e694e9c05771b51d33b5659b369ba36450403f2e7c738	1	125	1	1	0	false	false	0	0	true	NA
16649	14385	+	114279	214173	29	0c4baeb74044ade717f2f8bf29d00a9548909b16efaa18a4c1cbcecb902ae7ed	1	23125	37	37	1	true	false	0	0	true	0.186111698485975
16649	14385	-	114279	2263	24	045d0e5d207bd23180888beb0c4872ad072e597be1fd82d446ae566909915725	1	625	1	1	0	false	false	0	0	true	NA
16673	7961	+	107999	208037	26	8f5d434c9d78ff697383b56ef5f717d22bbef19326b03274e30500172302c174	1	3125	1	1	0	true	false	0	0	true	0.00000000000000
16673	7961	-	107999	8711	26	8f5d434c9d78ff697383b56ef5f717d22bbef19326b03274e30500172302c174	1	3125	1	1	0	false	false	0	0	true	NA
16673	8711	+	108749	208787	21	cd100baefba3ba6b1fb86e6629bafd1a3a2d1694892bfbee10016f9a995f6fa0	1	125	1	1	0	true	false	0	0	true	0.00000000000000
16673	8711	-	108749	7961	21	cd100baefba3ba6b1fb86e6629bafd1a3a2d1694892bfbee10016f9a995f6fa0	1	125	1	1	0	false	false	0	0	true	NA
16691	6693	+	106839	206985	21	90948b1f796241b2446f3748d3707e70628c8c853423cea87d19cf4f272bf7fa	1	125	1	1	0	true	false	0	0	true	0.00000000000000
16691	6693	-	106839	9997	21	1fea2db73d2df5716077c7bd5efd083a5baf9d94bb5845f5f376a55bf7ae7625	1	95	19	19	1	false	false	0	0	true	NA
16691	8105	+	108251	208397	26	f0e4fc7d4cca0a05b4cb8089a359393c5d5659b24107aad7237862d8c7e9fd85	1	3125	1	1	0	true	false	0	0	true	0.00000000000000
16691	8105	-	108251	8585	24	0a054effb53f068abb68f17a5cd19e6ca918597166a1a690a6f8c2bb51a45968	1	625	1	1	0	false	false	0	0	true	NA
16691	8585	+	108731	208877	26	f0e4fc7d4cca0a05b4cb8089a359393c5d5659b24107aad7237862d8c7e9fd85	1	3125	1	1	0	true	false	0	0	true	0.00000000000000
16691	8585	-	108731	8105	21	6e381c8ebfa6832f0dbf226a5533a438f44e19a11a005429503b28c76f828817	1	85	17	17	1	false	false	0	0	true	NA
16691	9997	+	110143	210289	26	f0e4fc7d4cca0a05b4cb8089a359393c5d5659b24107aad7237862d8c7e9fd85	1	3125	1	1	0	true	false	0	0	true	0.00000000000000
16691	9997	-	110143	6693	30	f188edc2d582d94302a4ad39f8f3e09bad92a9d158ee1e2271a2d396be48fc0e	1	34375	11	11	1	false	false	0	0	true	NA
16693	1969	+	102127	202285	21	760617a44444d58c94d3edb150364234c42dcdf1338bba8172a87f94c109d82d	1	125	1	1	0	true	false	0	0	true	0.00000000000000
16693	1969	-	102127	14723	24	fbf176a4a960be201f02f1d67e53e3d12cd3115968ceace77a63cd81938f607f	1	625	1	1	0	true	false	0	0	true	0.00000000000000
16693	6629	+	106787	206945	25	794767f09f88df21af3b544eebf4981705597fec16b4aa78f304dc638c8ce32a	1	1375	11	11	1	true	false	0	0	true	0.124463510801791
16693	6629	-	106787	10063	26	341348a7c20715e5a198fa18216970ddad80573cabd60ccecd579444156840a9	1	2375	19	19	1	false	false	0	0	true	NA
16693	10063	+	110221	210379	26	0e29a06027755ecd465a38e49f98b415336f35a516309c8fbd855e495b35b4c2	1	3125	1	1	0	true	false	0	0	true	0.00000000000000
16693	10063	-	110221	6629	17	f309cf010ac320a48fe059a5e0029f8c89eb76fa964af383ec1122ac637bb646	1	5	1	1	0	false	false	0	0	true	NA
16693	14723	+	114881	215039	24	fbf176a4a960be201f02f1d67e53e3d12cd3115968ceace77a63cd81938f607f	1	625	1	1	0	true	false	0	0	true	0.00000000000000
16693	14723	-	114881	1969	21	760617a44444d58c94d3edb150364234c42dcdf1338bba8172a87f94c109d82d	1	125	1	1	0	false	false	0	0	true	NA
16921	4295	+	105821	207347	30	f6b215e048c4301e6c52f2d618e7b8d0062a806ef1fc989f961af58c0613713e	1	53125	1	1	0	true	false	0	0	true	0.00000000000000
16921	4295	-	105821	12625	20	03375f6f853fe84402bdbc2ed9aae9600ab7ccb3338f7e97880777bce4e7f547	1	55	11	11	1	false	false	0	0	true	NA
16921	12625	+	114151	215677	19	30de0f5b9d05779631f067fb59b9408fcb393dda91e4e0e5d4f469aee78da7e7	1	25	1	1	0	true	false	0	0	true	0.00000000000000
16921	12625	-	114151	4295	22	7975e3b47e942a9572b219e67c82388bfa77b41fcb9417175457ca057cce1e65	1	125	1	1	0	false	false	0	0	true	NA
16931	3051	+	104637	206223	22	d3fefe3e7a6eba47ff268ac4985b05fcb71ead85affc163330e81e400b965c86	1	125	1	1	0	true	false	0	0	true	0.00000000000000
16931	3051	-	104637	13879	25	4db54fc7c6d054e41131ec043659a7689d2f8d6cb63dfb48d29ac5b9855a1070	1	1025	41	41	1	false	false	0	0	true	NA
16931	3945	+	105531	207117	31	2a3c373b84f274f58b22a9fdf92f7adaeede16fe567332687e7e55a0b19c48ca	1	78125	1	1	0	true	false	0	0	true	0.00000000000000
16931	3945	-	105531	12985	17	98102ee6aaba2fea17224a204ba7d125e6b32c6a37fa33bc79b20cdd3a06e60e	1	5	1	1	0	false	false	0	0	true	NA
16931	12985	+	114571	216157	24	7af47eb104afdef5263d1d9636899c5af90a873b63da6a00c3786d6589a83a06	1	625	1	1	0	true	false	0	0	true	0.00000000000000
16931	12985	-	114571	3945	22	d3fefe3e7a6eba47ff268ac4985b05fcb71ead85affc163330e81e400b965c86	1	125	1	1	0	false	false	0	0	true	NA
16931	13879	+	115465	217051	26	e846d38df3bb9dabd7ff482ace70d8ffae405b34ad8e2b75f8e995c34e936a89	1	3125	1	1	0	true	false	0	0	true	0.00000000000000
16931	13879	-	115465	3051	17	98102ee6aaba2fea17224a204ba7d125e6b32c6a37fa33bc79b20cdd3a06e60e	1	5	1	1	0	false	false	0	0	true	NA
16943	2394	+	104052	205710	30	d699c4e982731ec0f284d2776d5dbdc12b91702787c2140595c53242d62bcab6	1	40375	19	19	1	true	false	0	0	true	0.153246062867195
16943	2394	-	104052	14548	28	a29c949a39f118fdd59ee76106b1f9b3c3cf3ccb63c714c1d9ae2d04b0e3c2bb	1	10625	17	17	1	false	false	0	0	true	NA
16943	14548	+	116206	217864	22	a58a682b79e32d1f616f69c05754e1dfc6fe6cf83d5063d7eb1b15c74a82760d	1	125	1	1	0	true	false	0	0	true	0.00000000000000
16943	14548	-	116206	2394	19	a9c5eb783fdc04395817f4d01f789f064c159a972a467f061ab08d7422719b20	1	25	1	1	0	false	false	0	0	true	NA
16993	3356	+	105314	207272	24	aff169d48176a5651a6d98b27c3df688623186b763397cbad5b66b0bdbb2b54e	1	625	1	1	0	true	false	0	0	true	0.00000000000000
16993	3356	-	105314	13636	24	aff169d48176a5651a6d98b27c3df688623186b763397cbad5b66b0bdbb2b54e	1	625	1	1	0	false	false	0	0	true	NA
16993	13636	+	115594	217552	22	c2d772bd7293b12a6bf13fc8db202ac735cd80949f79a968d39e33073a7f7f8d	1	125	1	1	0	true	false	0	0	true	0.00000000000000
16993	13636	-	115594	3356	29	4f436ddc970cf80770572adf8486ae3bd4e935a5d84bb4c24f33ef14b25b14ac	1	19375	31	31	1	false	false	0	0	true	NA
17077	6962	+	109424	211886	23	422c713186697c0f16374bfdea0981bb5f1000b215e3c22bcb5d8f1d303c4122	1	275	11	11	1	true	false	0	0	true	0.124144850805100
17077	6962	-	109424	10114	23	422c713186697c0f16374bfdea0981bb5f1000b215e3c22bcb5d8f1d303c4122	1	275	11	11	1	false	false	0	0	true	NA
17077	10114	+	112576	215038	26	201b8a610d17a74ca25bbff649b02225082a3706ed6afffd1cd13750a17bb120	1	3125	1	1	0	true	false	0	0	true	0.00000000000000
17077	10114	-	112576	6962	24	d0be1be90ec0ee982359458b2ae2d888793e1aa8781597180a56f881bdbf5dfa	1	625	1	1	0	false	false	0	0	true	NA
17099	2452	+	105046	207640	28	1be9663cb733ebbd04d89490d2855e0383d02f48879868dc1a16dd1566fcc592	1	15625	1	1	0	true	false	0	0	true	0.00000000000000
17099	2452	-	105046	14646	19	ff4797cc1c33549cf0621c659750bb8b877c13674cc50de10639361347dbded4	1	25	1	1	0	false	false	0	0	true	NA
17099	14646	+	117240	219834	19	ff4797cc1c33549cf0621c659750bb8b877c13674cc50de10639361347dbded4	1	25	1	1	0	true	false	0	0	true	0.00000000000000
17099	14646	-	117240	2452	19	ff4797cc1c33549cf0621c659750bb8b877c13674cc50de10639361347dbded4	1	25	1	1	0	false	false	0	0	true	NA
17107	4997	+	107639	210281	30	c1ec0de6c91d03672fbd1daf197f5e97633734d4dbedcebfbe696a37f4db9dd0	1	38125	61	61	1	true	false	0	0	true	0.213197078549858
17107	4997	-	107639	12109	22	441b015f227f7014c2efae69d6accd431b89df5265ed8c3cec2316f54588abec	1	125	1	1	0	false	false	0	0	true	NA
17107	12109	+	114751	217393	32	29ae2b30966956140ba603c0ab0359a46d619977cf85fb3f0cd88e4bada284d2	1	236875	379	379	1	true	false	0	0	true	0.305878599635029
17107	12109	-	114751	4997	17	fa51a35b85acbe13a91e6d32b189713e4cf39586c49b1a3832aa90e53c32b680	1	5	1	1	0	false	false	0	0	true	NA
17117	649	+	103351	206053	24	8c1d70da7c53ba8db0122675780e87760fe9e47175050f6c30fa039b080cf221	1	625	1	1	0	true	false	0	0	true	0.00000000000000
17117	649	-	103351	16467	26	52ee395367d4d96539b9352cce6a5d1682379390a58a92509e7b44a08a57ce85	1	3125	1	1	0	true	true	0	0	true	0.00000000000000
17117	4241	+	106943	209645	27	55c47e6274c69eef157ce6c37b5a80fbb0f171723d3ed1bf9dc0a9bbc58da5b5	1	4525	181	181	1	true	false	0	0	true	0.269778285654795
17117	4241	-	106943	12875	17	5554e665cc4714b4f11e868cf06e19133dc5d68ae9b505f4b789dd6fb19614a8	1	5	1	1	0	false	false	0	0	true	NA
17117	12875	+	115577	218279	29	ea2f9713762138c21605fcdc3b3fb995a041ca055a55ffbb205b9b252028c18f	1	19375	31	31	1	true	false	0	0	true	0.176786087987083
17117	12875	-	115577	4241	24	8c1d70da7c53ba8db0122675780e87760fe9e47175050f6c30fa039b080cf221	1	625	1	1	0	false	false	0	0	true	NA
17117	16467	+	119169	221871	17	5554e665cc4714b4f11e868cf06e19133dc5d68ae9b505f4b789dd6fb19614a8	1	5	1	1	0	true	false	0	0	true	0.00000000000000
17117	16467	-	119169	649	20	8040fc69dbaa557da6a4b7302ffbefb01db144f592c6ec7b9676b7a7792cc953	1	55	11	11	1	false	false	0	0	true	NA
17137	3244	+	106066	208888	39	985a42c4b681cd39be7b51ce29cf5be608c7cb66632cb2b9be7255172c5a65c7	1	25234375	19	19	1	true	false	0	0	true	0.152934327170174
17137	3244	-	106066	13892	37	5e770dc70db6326e891d4a633b64617ce2f035f005107851f0181ba39bf8e447	1	5739625	45917	17*37*73	3	false	false	0	0	true	NA
17137	13892	+	116714	219536	26	88f9bbb5935e6641c1775fa29d6233a26ee94804ae90060fa5bfa2a86325d972	1	3125	1	1	0	true	false	0	0	true	0.00000000000000
17137	13892	-	116714	3244	19	182541e1d00a60e0443e3f2d9202f18fadb10c27affe0a00929a78c8faf9b460	1	25	1	1	0	false	false	0	0	true	NA
17183	4327	+	107425	210523	35	828d7b72d65ed7c5e81cecbcabee5a8f9de8c60b89fd1c9dfce27c9a2156dde5	1	1059875	8479	61*139	2	true	false	0	0	true	0.469215179174076
17183	4327	-	107425	12855	17	396ab5e2e68c3f3f496f8e3844578dc9555e35509759ba79ee1e1914355c59c7	1	5	1	1	0	false	false	0	0	true	NA
17183	12855	+	115953	219051	17	396ab5e2e68c3f3f496f8e3844578dc9555e35509759ba79ee1e1914355c59c7	1	5	1	1	0	true	false	0	0	true	0.00000000000000
17183	12855	-	115953	4327	22	e45ea275e3db58adba347af3323885a1a364189e993855371852855911c1ed10	1	125	1	1	0	false	false	0	0	true	NA
17189	1757	+	104891	208025	26	b48e06d370e8d30ba7f44cbe593a6bf3dbc30ceb7d1cd8c1b61cdebeb4f152a1	1	3125	1	1	0	true	false	0	0	true	0.00000000000000
17189	1757	-	104891	15431	24	0b94f25f9f4be1fc9aa7ceccff0ed074c6134136db9d7dde66ada6f425191311	1	625	1	1	0	true	false	0	0	true	0.00000000000000
17189	2646	+	105780	208914	33	f196b91cc93a3042491fe82a2eda0262c548648fc89b45d53d9c59c88fad830a	1	296875	19	19	1	true	false	0	0	true	0.152976309088253
17189	2646	-	105780	14542	24	0b94f25f9f4be1fc9aa7ceccff0ed074c6134136db9d7dde66ada6f425191311	1	625	1	1	0	false	false	0	0	true	NA
17189	14542	+	117676	220810	19	9e494c1b88382852b761e0cb04a45a367189a07574b9383e20e1ec91db6266a5	1	25	1	1	0	true	false	0	0	true	0.00000000000000
17189	14542	-	117676	2646	19	9e494c1b88382852b761e0cb04a45a367189a07574b9383e20e1ec91db6266a5	1	25	1	1	0	false	false	0	0	true	NA
17189	15431	+	118565	221699	17	42651932c5d03840d62d92c73ad0cc824a52cd7afce5f62fe674283c108067fb	1	5	1	1	0	true	false	0	0	true	0.00000000000000
17189	15431	-	118565	1757	17	42651932c5d03840d62d92c73ad0cc824a52cd7afce5f62fe674283c108067fb	1	5	1	1	0	false	false	0	0	true	NA
17191	1526	+	104672	207818	32	f33de76965adac6061896eadf801af2aeb8243305295bfd144c78a4054d1e553	1	128125	41	41	1	true	false	0	0	true	0.193154961720214
17191	1526	-	104672	15664	27	5a9b92c1b300f68d59a15dc72fd58537c526f65a71547755d9bc3be796f575f2	1	7225	289	17^2	1	true	false	0	0	true	0.294729282311760
17191	15664	+	118810	221956	26	9e1bb18ee35597f150f1b871587146107f37d9419e75b5c62e8d77440ed0613a	1	2125	1	1	0	true	false	0	0	true	0.00000000000000
17191	15664	-	118810	1526	26	9e1bb18ee35597f150f1b871587146107f37d9419e75b5c62e8d77440ed0613a	1	2125	17	17	1	false	false	0	0	true	NA
17203	6523	+	109741	212959	25	35882836dca8d7ef8de27852cfae067d0b15b580b782eae8cabfafa05ce83c98	1	1375	11	11	1	true	false	0	0	true	0.124113666206987
17203	6523	-	109741	10679	17	32b23704df597e8fb252351bc9d511f3f10b350979c0356f5609d81cefa2c88b	1	5	1	1	0	false	false	0	0	true	NA
17203	10679	+	113897	217115	30	9352cee77af620b719584fad84fe578019e39d2fd1917d3212a34b15b596158a	1	53125	1	1	0	true	false	0	0	true	0.00000000000000
17203	10679	-	113897	6523	17	32b23704df597e8fb252351bc9d511f3f10b350979c0356f5609d81cefa2c88b	1	5	1	1	0	false	false	0	0	true	NA
17231	4870	+	108256	211642	32	dcdfdabc8764a2cc8af1428ceb752b6cf95a52c0dd81d61c8f3057dd11650135	1	171875	11	11	1	true	false	0	0	true	0.124288820885058
17231	4870	-	108256	12360	25	adfa9b8a9b9a0b447ebf996fd7f68f2660051c7d8299787a84dd12e455c66220	1	1825	73	73	1	false	false	0	0	true	NA
17231	7437	+	110823	214209	26	70c0e9701f9283fe55d1e9a63d622ec8472fb8f64e1e96fa82c176a2535b4d17	1	3125	1	1	0	true	false	0	0	true	0.00000000000000
17231	7437	-	110823	9793	26	70c0e9701f9283fe55d1e9a63d622ec8472fb8f64e1e96fa82c176a2535b4d17	1	3125	1	1	0	false	false	0	0	true	NA
17231	9793	+	113179	216565	26	70c0e9701f9283fe55d1e9a63d622ec8472fb8f64e1e96fa82c176a2535b4d17	1	3125	1	1	0	true	false	0	0	true	0.00000000000000
17231	9793	-	113179	7437	22	0bf21a3b925ab1953ebda95c60a061e7339fe54ef0e78c778f7835b8f9a54dd9	1	125	1	1	0	false	false	0	0	true	NA
17231	12360	+	115746	219132	19	c2a0bb73f7199f8292f8ec1d2049a0dc6e44fa87404855f6c64f8fbc4f45c49b	1	25	1	1	0	true	false	0	0	true	0.00000000000000
17231	12360	-	115746	4870	19	c2a0bb73f7199f8292f8ec1d2049a0dc6e44fa87404855f6c64f8fbc4f45c49b	1	25	1	1	0	false	false	0	0	true	NA
17239	5917	+	109351	212785	25	cb5dae2e9072b6346d5884c7d2f09efdc6453304fda84e5b6ed07e3a5d543d97	1	1375	11	11	1	true	false	0	0	true	0.124154717577338
17239	5917	-	109351	11321	31	fda18616411fa51ecdb8c55eac69dd911105e221ed6f02ce1ad2a8e018ab96b4	1	100375	803	11*73	2	false	false	0	0	true	NA
17239	6842	+	110276	213710	26	bffc5b1b3f9a7f552225ef0246bc3e71ecafa34700b1e026dfa96b320e65f388	1	3125	1	1	0	true	false	0	0	true	0.00000000000000
17239	6842	-	110276	10396	24	d56e81b209e0e98d2adef7b5f5728e789d0284528d7d66176eec43e36fa58985	1	625	1	1	0	false	false	0	0	true	NA
17239	10396	+	113830	217264	26	bffc5b1b3f9a7f552225ef0246bc3e71ecafa34700b1e026dfa96b320e65f388	1	3125	1	1	0	true	false	0	0	true	0.00000000000000
17239	10396	-	113830	6842	23	25f50745953ae2b423583a41b1299d6c35b6889aa93f3086139566076d2bc9cd	1	275	11	11	1	false	false	0	0	true	NA
17239	11321	+	114755	218189	19	efb0086813879f9ff800199f6786aac85d97aae6a1bc12c16cbaa73032d503ee	1	25	1	1	0	true	false	0	0	true	0.00000000000000
17239	11321	-	114755	5917	26	bffc5b1b3f9a7f552225ef0246bc3e71ecafa34700b1e026dfa96b320e65f388	1	3125	1	1	0	false	false	0	0	true	NA
17293	1983	+	105741	209499	19	3b402b3c2e1eb14af9ab85ce856089b0251045e011723c80b2c8c1f3f5493457	1	25	1	1	0	true	false	0	0	true	0.00000000000000
17293	1983	-	105741	15309	19	3b402b3c2e1eb14af9ab85ce856089b0251045e011723c80b2c8c1f3f5493457	1	25	1	1	0	true	false	0	0	true	0.00000000000000
17293	15309	+	119067	222825	27	e790473e0c98c09b0b727f5bc0cefafdc6a9a62e7028170a31ccdde49b3923b1	1	6875	11	11	1	true	false	0	0	true	0.123074826733847
17293	15309	-	119067	1983	25	95cbc5cd70c762a9056e82e64ffce92d97793f1464204bc7df2607b2655c17c0	1	1375	11	11	1	false	false	0	0	true	NA
17317	5573	+	109475	213377	17	81f39f244d2b7dd6e9e839a49d127a3479fbfa5ad1aba6d512d42f879ce81e5f	1	5	1	1	0	true	false	0	0	true	0.00000000000000
17317	5573	-	109475	11743	21	6bc6b791ba355f569aabd4b1dd834f44dc8e2932cfbafd2e7626568a3f6dea12	1	85	17	17	1	false	false	0	0	true	NA
17317	11743	+	115645	219547	17	81f39f244d2b7dd6e9e839a49d127a3479fbfa5ad1aba6d512d42f879ce81e5f	1	5	1	1	0	true	false	0	0	true	0.00000000000000
17317	11743	-	115645	5573	17	81f39f244d2b7dd6e9e839a49d127a3479fbfa5ad1aba6d512d42f879ce81e5f	1	5	1	1	0	false	false	0	0	true	NA
17321	6523	+	110449	214375	26	77a53d8c4a0fc8cd9c1406d5d05ac3892919be6fab7701ac0a87e0f114b32317	1	2125	1	1	0	true	false	0	0	true	0.00000000000000
17321	6523	-	110449	10797	26	77a53d8c4a0fc8cd9c1406d5d05ac3892919be6fab7701ac0a87e0f114b32317	1	2125	17	17	1	false	false	0	0	true	NA
17321	10797	+	114723	218649	19	fea1bb2bdf89f48605df60ecefe5325020dcf650978e77b8cec07c601b69c6ea	1	25	1	1	0	true	false	0	0	true	0.00000000000000
17321	10797	-	114723	6523	17	25dd9e8f5c58ae48d29a976fdc71c5d5c43fca3d1b32cbe57a97f7b124925b62	1	5	1	1	0	false	false	0	0	true	NA
17327	6424	+	110386	214348	30	5b682ffbd1f7ab2e8921b5e2dc32a17fe7ffda7cf0ced7a5700c482f4f674ce6	1	34375	11	11	1	true	false	0	0	true	0.124036915705379
17327	6424	-	110386	10902	22	2b64e1bbf9536d825ea5de619af6d09bef111a29314bd1af1d6dc55ebcb242d7	1	125	1	1	0	false	false	0	0	true	NA
17327	10902	+	114864	218826	19	3e81004162970be99a034341460d089a1422e8dbb18af401ca3062962dc65e89	1	25	1	1	0	true	false	0	0	true	0.00000000000000
17327	10902	-	114864	6424	19	3e81004162970be99a034341460d089a1422e8dbb18af401ca3062962dc65e89	1	25	1	1	0	false	false	0	0	true	NA
17333	4856	+	108854	212852	24	0c4833219daa63e7d2b679fc7e00c134321cb8e7477f0e807bd6b5a95856dd9c	1	925	37	37	1	true	false	0	0	true	0.187057745680611
17333	4856	-	108854	12476	23	7bbae9407f8a7e8e3fddbc9303c7f1bcd8016e28f16dd64e0917e6965ae2d46d	1	475	19	19	1	false	false	0	0	true	NA
17333	12476	+	116474	220472	22	eb0619488824145eb82cc4247a5b9c3d4c5310c385ddf08ad11135c07bc6288c	1	125	1	1	0	true	false	0	0	true	0.00000000000000
17333	12476	-	116474	4856	30	20bc04daadb9ab806574a573ee6d0c2d8f617e63ebbf2290538a2783ec3bbb18	1	34375	11	11	1	false	false	0	0	true	NA
17341	4190	+	108236	212282	30	3a432e1d19b199f3e84aceb30372f95375ed491264c3531b6bfeccd059db5aee	1	34375	11	11	1	true	false	0	0	true	0.124288820885058
17341	4190	-	108236	13150	23	63a616a8808d1600b44ecd39236e546cf0e3a97b1c78aeeef523715c2d944157	1	275	11	11	1	false	false	0	0	true	NA
17341	13150	+	117196	221242	24	752077bf209a084222a982b4a5e3eb33654b6cf8b73b7f95382290902b0fb67c	1	925	37	37	1	true	false	0	0	true	0.185632706705011
17341	13150	-	117196	4190	19	3d78b08afe084deacd36c9bd2de416df00efff49c7c552dcf7e09b9600c9a33b	1	25	1	1	0	false	false	0	0	true	NA
17377	6177	+	110439	214701	22	be91783a782fb59ff03a2633c83b7793eef3fd5669a8abba7e3192ae0a479211	1	125	1	1	0	true	false	0	0	true	0.00000000000000
17377	6177	-	110439	11199	17	cfb807f22f93329d4f1dcfaadd978d9bd04526d37786db0e948ea758247235f8	1	5	1	1	0	false	false	0	0	true	NA
17377	11199	+	115461	219723	24	307c0110a4958a3fe8c0c2e84c7a298f6f83f74dbb977919c48de8f88d0d2dce	1	625	1	1	0	true	false	0	0	true	0.00000000000000
17377	11199	-	115461	6177	17	cfb807f22f93329d4f1dcfaadd978d9bd04526d37786db0e948ea758247235f8	1	5	1	1	0	false	false	0	0	true	NA
17389	8339	+	112673	217007	30	e2a7c8ec8d32d1df0f3337cc9ad14d1e32d16f5b6620d9cbe49ba5af7b230025	1	59375	19	19	1	true	false	0	0	true	0.151988487293525
17389	8339	-	112673	9049	19	3818451c0a84bd7d479e6f53c215959d27fb2829b7dd23bebbf4a0891f5a8703	1	25	1	1	0	false	false	0	0	true	NA
17389	9049	+	113383	217717	29	1ff2e7398ad576d8448b71cf4c06199e2c3300516424e29329fd3e0265293414	1	15625	1	1	0	true	false	0	0	true	0.00000000000000
17389	9049	-	113383	8339	26	c2dc13a72a7e3552bf8d45c9577d527c0782091a4962f436d8476d0770aa1724	1	3125	1	1	0	false	false	0	0	true	NA
17393	8523	+	112881	217239	19	a33635e397e4d4306a2b445b942ca1e47d267a60016d48116ece849b3ab2e8aa	1	25	1	1	0	true	false	0	0	true	0.00000000000000
17393	8523	-	112881	8869	21	0877c0877162a453932678062805d78adb01bb51fea685d23c30ca930ff9a905	1	95	19	19	1	false	false	0	0	true	NA
17393	8869	+	113227	217585	24	8fff0ddf5ce10d2c25e28fbe1b2c44ab2186a8dff9ed908bf65d7f08b8e4ba75	1	625	1	1	0	true	false	0	0	true	0.00000000000000
17393	8869	-	113227	8523	24	8fff0ddf5ce10d2c25e28fbe1b2c44ab2186a8dff9ed908bf65d7f08b8e4ba75	1	625	1	1	0	false	false	0	0	true	NA
17419	4768	+	109282	213796	24	85320b704a085ef06d87a3deaf90382e2be1926eb73151fad292e867b20d6ecc	1	625	1	1	0	true	false	0	0	true	0.00000000000000
17419	4768	-	109282	12650	23	7ec5f574bfe3ae285d7ad0f982b0b8781d401ad284da620f9b13d62c5f997ed2	1	275	11	11	1	false	false	0	0	true	NA
17419	12650	+	117164	221678	19	b1397135512ba0579b1adbc4780345f41ed6b48508e60e82abae0c93d44fe2df	1	25	1	1	0	true	false	0	0	true	0.00000000000000
17419	12650	-	117164	4768	22	b8cf32b00f059c5a6805aa98ddf6588ab38b80175f1642bd47244d4cd17bc3a7	1	125	1	1	0	false	false	0	0	true	NA
17449	7330	+	112024	216718	19	ebb07c77c6b213da84bf0fa98219014ca04126cf0474932c00c467d8811a662c	1	25	1	1	0	true	false	0	0	true	0.00000000000000
17449	7330	-	112024	10118	23	84d26a3001142ebf2f4205d618bac3a8be3727616602d5296383c82831190976	1	425	17	17	1	false	false	0	0	true	NA
17449	10118	+	114812	219506	24	8c07ee22f7c187388c06e7da86b2c1177467a8cbc8a321c7d5b261b1652b7c67	1	625	1	1	0	true	false	0	0	true	0.00000000000000
17449	10118	-	114812	7330	30	07ca2646660f880903b2768ad3c5137af600b9690a2442bcb1222a29b473eaac	1	34375	11	11	1	false	false	0	0	true	NA
17467	733	+	105535	210337	26	61dcfa96513710f0d276c0a3a0403b071c444a22d9f104c46532d129f0fa587f	1	3125	1	1	0	true	false	0	0	true	0.00000000000000
17467	733	-	105535	16733	26	61dcfa96513710f0d276c0a3a0403b071c444a22d9f104c46532d129f0fa587f	1	3125	1	1	0	true	true	0	0	true	0.00000000000000
17467	16733	+	121535	226337	17	6d310344b79715f0c28c54424ba40b87c65b623305f9c44eba3a5a90f687cbc2	1	5	1	1	0	true	false	0	0	true	0.00000000000000
17467	16733	-	121535	733	22	519f697b807c6ec6b894bd574866bed408d637aa949965f7dc2c719e7af4b5f2	1	125	1	1	0	false	false	0	0	true	NA
17471	239	+	105065	209891	24	8d94603fe74e49ded4155145bc7ccf263c0c2a04d79f21c32ab691aaab5c3c6d	1	625	1	1	0	true	false	0	0	true	0.00000000000000
17471	239	-	105065	17231	22	6f5dbb31fa55fb13c1242d25b6f81acf42d415dbaca0801b7e56af1382361b15	1	125	1	1	0	true	true	0	0	true	0.00000000000000
17471	17231	+	122057	226883	24	8d94603fe74e49ded4155145bc7ccf263c0c2a04d79f21c32ab691aaab5c3c6d	1	625	1	1	0	true	false	0	0	true	0.00000000000000
17471	17231	-	122057	239	17	122d321628c9675e9daa58e748af3c333cf65eb515537dff800199df677c5f4f	1	5	1	1	0	false	false	0	0	true	NA
17483	194	+	105092	209990	25	2110c3f15bf293dca4f2c23e8a05f9fdf5955fd45ea91d3616accd7e28c5606b	1	1375	11	11	1	true	false	0	0	true	0.124670411205285
17483	194	-	105092	17288	29	a489ec9c621e50735347f1f8906efddbceb60f79c7d38254faceb3eb44c00bdf	1	15625	1	1	0	true	true	0	0	true	0.00000000000000
17483	17288	+	122186	227084	26	1ffcc868917153e3de5d291f98c32e45f9f71d43902ef853cda885c4547729a8	1	2125	1	1	0	true	false	0	0	true	0.00000000000000
17483	17288	-	122186	194	26	9e63c730fd79853427d21767bd474d2596fb16e17a0e2aab86aaf1a318904f6d	1	2375	19	19	1	false	false	0	0	true	NA
17491	4201	+	109147	214093	26	d44adec52921c6953378b1e231a67e7270de91fd3191521a0c23f9ab045db8fb	1	2125	1	1	0	true	false	0	0	true	0.00000000000000
17491	4201	-	109147	13289	22	0bc036c87aad3bcb916cf029aa40a593232266924b42ed25ee9ad7da2c17c4eb	1	125	1	1	0	false	false	0	0	true	NA
17491	13289	+	118235	223181	17	9766a243c58810d9ef54baecb8ca1d18ae2226b450a8ead12b650bafdea26b25	1	5	1	1	0	true	false	0	0	true	0.00000000000000
17491	13289	-	118235	4201	17	9766a243c58810d9ef54baecb8ca1d18ae2226b450a8ead12b650bafdea26b25	1	5	1	1	0	false	false	0	0	true	NA
17497	7072	+	112054	217036	19	d04c9248ff89aad65daf9794cabd0b6a14cba8e9103bb957ec617421ce322f32	1	25	1	1	0	true	false	0	0	true	0.00000000000000
17497	7072	-	112054	10424	23	61fa356359c380405746321dd17cfcf450629ee0ef916892bc4f8885dd025944	1	425	17	17	1	false	false	0	0	true	NA
17497	10424	+	115406	220388	24	da370496c86752e25702384f2268fda49fb94b9a595321cdf7437808737799ec	1	625	1	1	0	true	false	0	0	true	0.00000000000000
17497	10424	-	115406	7072	25	37692a893dad58381b841020affa58fe691e9bd874b5e98a399af610e77ad14e	1	1375	11	11	1	false	false	0	0	true	NA
17509	562	+	105616	210670	26	960c21d571190c9abc7429334ff0ba787564e0fa3dd70ecb9aa426393c14673f	1	2375	19	19	1	true	false	0	0	true	0.153007883650699
17509	562	-	105616	16946	23	2a1271179a4ba96db386ed2a2869361f79dd1a49f6109a63b2f539b2764998f0	1	475	19	19	1	true	true	0	0	true	0.153007883650699
17509	3640	+	108694	213748	26	310ab7269fb26c16888b4ed8eb10080b65aa3145baea34d0dd6f79b1334df1c2	1	3125	1	1	0	true	false	0	0	true	0.00000000000000
17509	3640	-	108694	13868	30	a733308cd005ecc23c6a387f4f80d28136a0119d631b668f1225457ac0c0608d	1	31025	1241	17*73	2	false	false	0	0	true	NA
17509	13868	+	118922	223976	33	21ed3da6d37c3f0be0201985ad9ec8ea4ec71090af234bb78bdb7304aa0ad146	1	486875	779	19*41	2	true	false	0	0	true	0.341767478013224
17509	13868	-	118922	3640	23	2a1271179a4ba96db386ed2a2869361f79dd1a49f6109a63b2f539b2764998f0	1	475	19	19	1	false	false	0	0	true	NA
17509	16946	+	122000	227054	19	0947b816716c0fe9313d42a3b942078cd6459693fd535ac45552bd46ddfd52ff	1	25	1	1	0	true	false	0	0	true	0.00000000000000
17509	16946	-	122000	562	15	e2eca64bd73ce8672efc022c65d7a599f8bbfc1e216a6fe9d08f82e20061d618	1	1	1	1	0	false	false	0	0	true	NA
17569	3971	+	109385	214799	17	b7e3a1fdd81f6acee85811f10f4c75154e7ff478356f22ae16f41c1f43f565ea	1	5	1	1	0	true	false	0	0	true	0.00000000000000
17569	3971	-	109385	13597	17	b7e3a1fdd81f6acee85811f10f4c75154e7ff478356f22ae16f41c1f43f565ea	1	5	1	1	0	false	false	0	0	true	NA
17569	7654	+	113068	218482	22	ab274cea55b192d0a8754f61d5f2e39a6812b86799c63438cdd58f4ef7719462	1	125	1	1	0	true	false	0	0	true	0.00000000000000
17569	7654	-	113068	9914	19	6ffe84923f2312242bc37810e1bcc5af9f8d1859697549b27a919244f12d32ae	1	25	1	1	0	false	false	0	0	true	NA
17569	9914	+	115328	220742	24	c0f15c5f70775652195c0cb6fa647adb8c9666e2912b02887df5d6f6841aeacf	1	775	31	31	1	true	false	0	0	true	0.176832439036528
17569	9914	-	115328	7654	22	ab274cea55b192d0a8754f61d5f2e39a6812b86799c63438cdd58f4ef7719462	1	125	1	1	0	false	false	0	0	true	NA
17569	13597	+	119011	224425	17	b7e3a1fdd81f6acee85811f10f4c75154e7ff478356f22ae16f41c1f43f565ea	1	5	1	1	0	true	false	0	0	true	0.00000000000000
17569	13597	-	119011	3971	30	7933067bf61bcacdbd4b7fca4d1d2fb0d14a8398e4ea1faf2347dd9111eb9dec	1	53125	17	17	1	false	false	0	0	true	NA
17573	3517	+	108955	214393	26	90f6557a17d664ea047905858971988504363e28660f3a4d0b53c06f2f133530	1	3125	1	1	0	true	false	0	0	true	0.00000000000000
17573	3517	-	108955	14055	23	5e0852468d9a04d40a9b6b2b49b81efe0db292d5a5a778c2bbfcda2188704cb8	1	425	17	17	1	false	false	0	0	true	NA
17573	14055	+	119493	224931	37	4831ffa7e4f88acc60742d869c369d7202a39ee9a45412d53b1fbe1de11be438	1	6944375	11111	41*271	2	true	false	0	0	true	0.477948927299699
17573	14055	-	119493	3517	22	1d9798bfd8edb251afcbf05866ca6c138efa5ddb658818966596ed7cbbf2c854	1	125	1	1	0	false	false	0	0	true	NA
17579	7520	+	112994	218468	26	6f52677754b1da4e404325b5c547ff048c4691ab0e546ae0f48140c9415572e3	1	3125	1	1	0	true	false	0	0	true	0.00000000000000
17579	7520	-	112994	10058	26	6f52677754b1da4e404325b5c547ff048c4691ab0e546ae0f48140c9415572e3	1	3125	1	1	0	false	false	0	0	true	NA
17579	10058	+	115532	221006	24	a080c8297f415ad104178cdc89937c5c8ca3b8610bc2b0e34bd28b136c9589c2	1	625	1	1	0	true	false	0	0	true	0.00000000000000
17579	10058	-	115532	7520	15	1441c0a6a5ac2652621ac2abc26b214975d149853a062c185065739d89a5b88b	1	1	1	1	0	false	false	0	0	true	NA
17581	6656	+	112142	217628	19	003877a24d65f01059a2e0d11d4358fc5fa387f4bd4b996740222943ae62b056	1	25	1	1	0	true	false	0	0	true	0.00000000000000
17581	6656	-	112142	10924	19	003877a24d65f01059a2e0d11d4358fc5fa387f4bd4b996740222943ae62b056	1	25	1	1	0	false	false	0	0	true	NA
17581	10924	+	116410	221896	23	8cc803568bbb3e7580d0135511ccea898a34e966200beddd222a9fac5aea5faa	1	425	1	1	0	true	false	0	0	true	0.00000000000000
17581	10924	-	116410	6656	32	4801afddf8c6e8d89b3db86d5d1172561a034ecea18c7f798e357435acb0d246	1	130625	209	11*19	2	false	false	0	0	true	NA
17609	2665	+	108319	213973	29	00eddf30b5072b75da11dc6951a87792cba4ea40b00571be6a6ea9b51d080ad4	1	15625	1	1	0	true	false	0	0	true	0.00000000000000
17609	2665	-	108319	14943	28	d8b48fe693e5bd7a88a40589303a96d7c71714bb506c3e99220ae3b67dd27e0c	1	10625	17	17	1	false	false	0	0	true	NA
17609	14943	+	120597	226251	17	fdd34056c5054bc8e8e44746b302626b1219119374008b74ea2ca5c6a1867cd2	1	5	1	1	0	true	false	0	0	true	0.00000000000000
17609	14943	-	120597	2665	22	218783343c0195eac22b791f8fd4704339feeadc5abc033dd2ae67dbe2dcb599	1	125	1	1	0	false	false	0	0	true	NA
17623	1459	+	107197	212935	29	89b7e14bdd6f1c865d10a96868b2d8e3e00f71e335a5febcd3d21a10e9b00c02	1	23375	11	11	1	true	false	0	0	true	0.124412825771231
17623	1459	-	107197	16163	26	3699c0888f7f753f784aaed0673232e2abb54a823b93e9ae8f8632515d0359b0	1	2125	17	17	1	true	false	0	0	true	0.146998946178094
17623	7184	+	112922	218660	26	8a484a67d63919820a04b0eee20d66420fedac456d927230f718cb7592a42c27	1	2375	19	19	1	true	false	0	0	true	0.151947611105222
17623	7184	-	112922	10438	26	4cdfaef7f87453e8f468d91ed8592e2799db864008f7ae55512f6e8ea2bd5b7d	1	3125	1	1	0	false	false	0	0	true	NA
17623	10438	+	116176	221914	19	6f93f48e7b42ae2a649af31db675de1e6f4e5d42a0a74759dea98b1833299ed6	1	25	1	1	0	true	false	0	0	true	0.00000000000000
17623	10438	-	116176	7184	23	9fd8471f0251170df39bc8fd69af5ab3954c571530b18b70ae68cb96d4fa2d73	1	275	11	11	1	false	false	0	0	true	NA
17623	16163	+	121901	227639	17	9be419e8e95a3e7aba6668630e599ed0924bcc560c025e7bd17ee7f9ea80f614	1	5	1	1	0	true	false	0	0	true	0.00000000000000
17623	16163	-	121901	1459	22	68fa4f4100f7c66afac29536900f8698273b6260deadd0e5e3787b0a4ac7d4e3	1	125	1	1	0	false	false	0	0	true	NA
17669	626	+	106640	212654	24	f1cd6cf57bf741ca4d2c0b6b79c335d9c9928005177b5e3d2a51322a62147dad	1	625	1	1	0	true	false	0	0	true	0.00000000000000
17669	626	-	106640	17042	24	f1cd6cf57bf741ca4d2c0b6b79c335d9c9928005177b5e3d2a51322a62147dad	1	625	1	1	0	true	true	0	0	true	0.00000000000000
17669	4332	+	110346	216360	22	e28b0123d128ddb99c2d03d97a568d634a6005108d6c1b66ec6430481d1c4b98	1	125	1	1	0	true	false	0	0	true	0.00000000000000
17669	4332	-	110346	13336	26	258a2fce22cf9e104ded20ad95d1464443197c970bf9c0809fd16fd83eb1a91c	1	3125	1	1	0	false	false	0	0	true	NA
17669	13336	+	119350	225364	15	17ac8bd98b6355dc98b7808b1d3aea41b6cc060e4ec38f57b1f951cf6551568a	1	1	1	1	0	true	false	0	0	true	0.00000000000000
17669	13336	-	119350	4332	22	e28b0123d128ddb99c2d03d97a568d634a6005108d6c1b66ec6430481d1c4b98	1	125	1	1	0	false	false	0	0	true	NA
17669	17042	+	123056	229070	19	efba36dc13af2e100dcb166c94d255d6fd562b22b71fc02c8afae75adb3be403	1	25	1	1	0	true	false	0	0	true	0.00000000000000
17669	17042	-	123056	626	19	efba36dc13af2e100dcb166c94d255d6fd562b22b71fc02c8afae75adb3be403	1	25	1	1	0	false	false	0	0	true	NA
17707	1994	+	108236	214478	26	3f246e20de2bb059f6cd29c8179566e31786a39d1a3ceb8e27b0e13c0c3a54b6	1	3125	1	1	0	true	false	0	0	true	0.00000000000000
17707	1994	-	108236	15712	19	e05926f178bd3d389e41b649d227831a4f13281b5692af6f30fa222a7a9fc5ae	1	25	1	1	0	true	false	0	0	true	0.00000000000000
17707	15712	+	121954	228196	19	e05926f178bd3d389e41b649d227831a4f13281b5692af6f30fa222a7a9fc5ae	1	25	1	1	0	true	false	0	0	true	0.00000000000000
17707	15712	-	121954	1994	19	e05926f178bd3d389e41b649d227831a4f13281b5692af6f30fa222a7a9fc5ae	1	25	1	1	0	false	false	0	0	true	NA
17713	4633	+	110911	217189	23	68f0df9470866eb888d206250025ebdd41bd9d90fd6f6359392f180aa5630f85	1	425	1	1	0	true	false	0	0	true	0.00000000000000
17713	4633	-	110911	13079	17	90a7672de2c5d818ddf80408f02256527842c912e759282861d815cfd0e80d5e	1	5	1	1	0	false	false	0	0	true	NA
17713	13079	+	119357	225635	19	31646f634ebe183a217bbcc5c5a7b140980a68bcf0adeae865ad268b766db914	1	25	1	1	0	true	false	0	0	true	0.00000000000000
17713	13079	-	119357	4633	22	8592d140aa088ec9c6e2c87f50977d59cc57f31f395649e7bc2297c2d10eb1e2	1	125	1	1	0	false	false	0	0	true	NA
17729	8707	+	115081	221455	26	8792543bdd844c2f55c4bc3efb452b4c1520630b7285b80eb5ef25ad30f771d3	1	2125	1	1	0	true	false	0	0	true	0.00000000000000
17729	8707	-	115081	9021	21	aa3b4a88e201bc28473e28d27f1974d982d4646c317c97b86e8a6985b18695e8	1	85	17	17	1	false	false	0	0	true	NA
17729	9021	+	115395	221769	17	0c930c15b62c868401a07c86abdc7aa04c90394aae8acd0c2bd2ee0c5cd9b2a4	1	5	1	1	0	true	false	0	0	true	0.00000000000000
17729	9021	-	115395	8707	27	365cc8cfdcc32ec61039e2ee7a86df999e6af2213239141017021720ed3c573a	1	6875	11	11	1	false	false	0	0	true	NA
17747	2605	+	109087	215569	30	fdb67a402a81c50e3e72e240644de248afa432056698abc265b2a59e00cc4fa8	1	59375	19	19	1	true	false	0	0	true	0.152481172603497
17747	2605	-	109087	15141	26	5b962b96d48788c2d03f00359c747f2d06a15e1da43c91c8c197ec5b1343015a	1	2125	17	17	1	false	false	0	0	true	NA
17747	3077	+	109559	216041	27	da97e11e59d6709ca87eebc40320b0d50c1513d77d845fd09b11c902309bab35	1	6875	11	11	1	true	false	0	0	true	0.124128426473359
17747	3077	-	109559	14669	24	dd59401b41615095d30658f728a336bc8a851c6142fed64eb5b38f2f35211e68	1	625	1	1	0	false	false	0	0	true	NA
17747	14669	+	121151	227633	26	5b962b96d48788c2d03f00359c747f2d06a15e1da43c91c8c197ec5b1343015a	1	2125	1	1	0	true	false	0	0	true	0.00000000000000
17747	14669	-	121151	3077	17	ece09d55c87cc8f89c20b54927c849ca4d9d7f94c7304c2f7ce629839eba8ba6	1	5	1	1	0	false	false	0	0	true	NA
17747	15141	+	121623	228105	17	ece09d55c87cc8f89c20b54927c849ca4d9d7f94c7304c2f7ce629839eba8ba6	1	5	1	1	0	true	false	0	0	true	0.00000000000000
17747	15141	-	121623	2605	17	ece09d55c87cc8f89c20b54927c849ca4d9d7f94c7304c2f7ce629839eba8ba6	1	5	1	1	0	false	false	0	0	true	NA
17789	3693	+	110427	217161	22	a11c7b1e82aa235c903e891fc1daca5b42adabaa45e09b12d5042fa78e3e44e8	1	125	1	1	0	true	false	0	0	true	0.00000000000000
17789	3693	-	110427	14095	23	aa1b474ed8820072735d70d339e3964bc77445eb33965151d3214bba4f7c2421	1	275	11	11	1	false	false	0	0	true	NA
17789	14095	+	120829	227563	23	aa1b474ed8820072735d70d339e3964bc77445eb33965151d3214bba4f7c2421	1	275	11	11	1	true	false	0	0	true	0.122868911130243
17789	14095	-	120829	3693	32	fce3e6300aea2cd2d000b0c5abb41def10a40d47f1400f6ba7aafd050fe8dd5b	1	130625	209	11*19	2	false	false	0	0	true	NA
17807	1696	+	108538	215380	26	55b5be9fb9e369370c633561dc7a8a8aa9d28e8b0b0f98ba8a5dcd7037e3ebce	1	3125	1	1	0	true	false	0	0	true	0.00000000000000
17807	1696	-	108538	16110	19	aab4768ae2c0aa47f1bd4e0953dee1d701e5526913aa36f4f20b06d7d0a8ecd7	1	25	1	1	0	true	false	0	0	true	0.00000000000000
17807	16110	+	122952	229794	24	641576a8c19f9a131d4d07bffa87ce8036074a90288a20c43e958e931f5144c9	1	625	1	1	0	true	false	0	0	true	0.00000000000000
17807	16110	-	122952	1696	22	5ef2264c9f5259ba64c18ffc384ede9432e2d6721ca4d6015503dc70e738106c	1	125	1	1	0	false	false	0	0	true	NA
17827	7822	+	114784	221746	19	d9f2a44f4c1f6454a431fac46a5d9c4c002befe32e1e9ae98f8aa25723344562	1	25	1	1	0	true	false	0	0	true	0.00000000000000
17827	7822	-	114784	10004	24	ffd8947b49c9629101ee681bab94e4843bf5aa090edf63bcba57ad4add5fe5f6	1	775	31	31	1	false	false	0	0	true	NA
17827	10004	+	116966	223928	24	bab1cea9ea1130eab8ef92c3dbb472f57afae87c0b874bb839d2c1cbaaf1298a	1	625	1	1	0	true	false	0	0	true	0.00000000000000
17827	10004	-	116966	7822	20	184791d27cc8fe8327130b0c4a5adffae16f0c1eecca4ff2b3a5956bc71775e5	1	31	31	31	1	false	false	0	0	true	NA
17851	5830	+	112936	220042	28	8126876cd87a6a3e6c70bff9f9dd180d5dd25b2ee38b4064bfc003fd08403794	1	8075	19	19	1	true	false	0	0	true	0.151947611105222
17851	5830	-	112936	12020	19	0e5dfae05c14bb8faf432e8190916ebfce4cc2f5d7ee44857cb526ce6e8125a4	1	25	1	1	0	false	false	0	0	true	NA
17851	12020	+	119126	226232	26	37a1d34ddd012190c98476142112946360212b2d9b22c1274ba27eca182b0117	1	2125	1	1	0	true	false	0	0	true	0.00000000000000
17851	12020	-	119126	5830	28	f564ef51380d0b665d304c6a07f8fd98497008552be706fc3c3abd8fd90677f6	1	10625	17	17	1	false	false	0	0	true	NA
17863	3895	+	111073	218251	24	ede4d1a6ee71a6465c6df17aaff732048465d6b3e83e34b22470b8c28bcb8f21	1	625	1	1	0	true	false	0	0	true	0.00000000000000
17863	3895	-	111073	13967	24	ede4d1a6ee71a6465c6df17aaff732048465d6b3e83e34b22470b8c28bcb8f21	1	625	1	1	0	false	false	0	0	true	NA
17863	3992	+	111170	218348	23	85e896ffb6875900721ca3b7fbea5c7b482594a79c9f7554dec0d833f1483458	1	275	11	11	1	true	false	0	0	true	0.123944572686022
17863	3992	-	111170	13870	23	380bad755a275bbe19475eb7f65dc31446828247943f81081641bfe425064b37	1	379	379	379	1	false	false	0	0	true	NA
17863	13870	+	121048	228226	19	495632d74b927d33e167336bb8dd8d1a944af39a433f4bcf53b987e520bc204a	1	25	1	1	0	true	false	0	0	true	0.00000000000000
17863	13870	-	121048	3992	24	ede4d1a6ee71a6465c6df17aaff732048465d6b3e83e34b22470b8c28bcb8f21	1	625	1	1	0	false	false	0	0	true	NA
17863	13967	+	121145	228323	26	1bfca95ccc298db46b7183642f1ccb68e94d3ce192015944a739d603429cb828	1	2125	1	1	0	true	false	0	0	true	0.00000000000000
17863	13967	-	121145	3895	26	1bfca95ccc298db46b7183642f1ccb68e94d3ce192015944a739d603429cb828	1	2125	17	17	1	false	false	0	0	true	NA
17903	6226	+	113644	221062	24	84767454e9023204c6f09b134d46ef20541d0c1e7c5b246420f290deb37bba65	1	925	37	37	1	true	false	0	0	true	0.186210672942741
17903	6226	-	113644	11676	33	05dff539f4a0e05795bbab14d8074d0fa4c2b4a50b8fdf8edea900a4ddef7d2b	1	439375	703	19*37	2	false	false	0	0	true	NA
17903	6520	+	113938	221356	19	8b05aae650cb2d8e5d8031fbbaa1f3ffea98ef1f9fac15cc49b86e4c1b0dee27	1	25	1	1	0	true	false	0	0	true	0.00000000000000
17903	6520	-	113938	11382	24	cf3ff34fc8f04e940b80d9758e493cf97c43d5969db2e8443a7bc0f2a1115d89	1	625	1	1	0	false	false	0	0	true	NA
17903	7434	+	114852	222270	19	8b05aae650cb2d8e5d8031fbbaa1f3ffea98ef1f9fac15cc49b86e4c1b0dee27	1	25	1	1	0	true	false	0	0	true	0.00000000000000
17903	7434	-	114852	10468	26	699f925692c6bcd6bd18f0b14428ed20a6238bf0e1f6ef1c45ee00c206bddda2	1	3125	1	1	0	false	false	0	0	true	NA
17903	10468	+	117886	225304	15	059c0940641bab522898f3cb6b8ada4e9cd5997b51e9dfc674b01ce90a1d7fda	1	1	1	1	0	true	false	0	0	true	0.00000000000000
17903	10468	-	117886	7434	26	699f925692c6bcd6bd18f0b14428ed20a6238bf0e1f6ef1c45ee00c206bddda2	1	3125	1	1	0	false	false	0	0	true	NA
17903	11382	+	118800	226218	22	ce41604cc3e41f0fe350fe90a904eae9c4c3b203ca1b4d2e53d3df0f4f45aef6	1	125	1	1	0	true	false	0	0	true	0.00000000000000
17903	11382	-	118800	6520	15	059c0940641bab522898f3cb6b8ada4e9cd5997b51e9dfc674b01ce90a1d7fda	1	1	1	1	0	false	false	0	0	true	NA
17903	11676	+	119094	226512	23	daec398c082f6941d7f36d7933d6f5c6ab844de03542b483f2768f5bde85d380	1	451	451	11*41	2	true	false	0	0	true	0.313659407548207
17903	11676	-	119094	6226	23	8d06c52f26d0600693cee3598442f6b8632f63b204ccb0a5edaf11fc86cbf5e2	1	275	11	11	1	false	false	0	0	true	NA
17911	6433	+	113899	221365	20	1c474abbb030d8b67c9ead4ae695a6590d6732ebe61fb2cd0fd152b4fcecf9fc	1	55	11	11	1	true	false	0	0	true	0.123637740809762
17911	6433	-	113899	11477	22	4db5774c784424e97d3d36f98199e594dbee42d16578bdeff6dcf695075fc007	1	125	1	1	0	false	false	0	0	true	NA
17911	11477	+	118943	226409	28	6a66790d4c7b5eaa55cabb09489083b7069a08ce717f6f089eab2525f49b158e	1	10625	1	1	0	true	false	0	0	true	0.00000000000000
17911	11477	-	118943	6433	24	9146e3f9b9777085157bb41467c028f1ebdf1f07033bd59a27dcbfd502915ad4	1	625	1	1	0	false	false	0	0	true	NA
17929	4728	+	112302	219876	19	a230340975a08dfbbd0323df15bf24e24647c01ab271013f9175186f8f8947ef	1	25	1	1	0	true	false	0	0	true	0.00000000000000
17929	4728	-	112302	13200	19	a230340975a08dfbbd0323df15bf24e24647c01ab271013f9175186f8f8947ef	1	25	1	1	0	false	false	0	0	true	NA
17929	4827	+	112401	219975	17	84d98c88b7734afdaa75f3b2e81f10745d8f13b7e4636d2db03fd99626748fc0	1	5	1	1	0	true	false	0	0	true	0.00000000000000
17929	4827	-	112401	13101	17	84d98c88b7734afdaa75f3b2e81f10745d8f13b7e4636d2db03fd99626748fc0	1	5	1	1	0	false	false	0	0	true	NA
17929	13101	+	120675	228249	20	61282c620fd4d0878df429e93ff5746ac73fadd0e288c920272db8146ab51975	1	55	11	11	1	true	false	0	0	true	0.122893700047378
17929	13101	-	120675	4827	29	e220a2d9ba71ff0d07f7f041312690704155223ce0b91f8df003b1b799142362	1	25625	41	41	1	false	false	0	0	true	NA
17929	13200	+	120774	228348	32	098145ade3484d921e0e3329f4a5a169abd011b0f4b371ed2e82958f4ae537a2	1	225625	361	19^2	1	true	false	0	0	true	0.301808844463172
17929	13200	-	120774	4728	19	a230340975a08dfbbd0323df15bf24e24647c01ab271013f9175186f8f8947ef	1	25	1	1	0	false	false	0	0	true	NA
17939	3725	+	111359	218993	22	b782c0bfc77ffd2625aaa84418c2ee74fc4c67d5014033029bc47fde49714f36	1	125	1	1	0	true	false	0	0	true	0.00000000000000
17939	3725	-	111359	14213	22	b782c0bfc77ffd2625aaa84418c2ee74fc4c67d5014033029bc47fde49714f36	1	125	1	1	0	false	false	0	0	true	NA
17939	4725	+	112359	219993	26	5dd5c1893ae22a9195290bb8502cd8a134b5fd483f8058f5c1b1cd6b4b4af2a2	1	2125	1	1	0	true	false	0	0	true	0.00000000000000
17939	4725	-	112359	13213	22	b782c0bfc77ffd2625aaa84418c2ee74fc4c67d5014033029bc47fde49714f36	1	125	1	1	0	false	false	0	0	true	NA
17939	13213	+	120847	228481	22	b782c0bfc77ffd2625aaa84418c2ee74fc4c67d5014033029bc47fde49714f36	1	125	1	1	0	true	false	0	0	true	0.00000000000000
17939	13213	-	120847	4725	22	61d88d5cb0e8a614a743e54bb5725978299e860be909f10e48db489e554b7969	1	205	41	41	1	false	false	0	0	true	NA
17939	14213	+	121847	229481	26	2fe53e880a9c3d1452788603149c2e65082a3d9ab86e132c3b3b3371c270d6f9	1	2375	19	19	1	true	false	0	0	true	0.150761805706469
17939	14213	-	121847	3725	21	71e118a05523423f12f46f6903f8a7b019a42061de90bad3ba90e6e669baf64e	1	95	19	19	1	false	false	0	0	true	NA
17959	3867	+	111621	219375	17	43b2addca74343899489ed60d881ffb57e153a2a627cb4d3bd48af47202addd5	1	5	1	1	0	true	false	0	0	true	0.00000000000000
17959	3867	-	111621	14091	25	546478e8a5f36cab1606fbc329e9aa4f668c83cbe3caaa1467774cb7777611d6	1	1375	11	11	1	false	false	0	0	true	NA
17959	14091	+	121845	229599	27	a210cd5ccbb44f0d5c9a6d8a3f26205f393037ca24749be33cad8291603aa364	1	6875	11	11	1	true	false	0	0	true	0.122777555853588
17959	14091	-	121845	3867	26	8acd0bc93e966f06da57582f5a5e003ae075e974acb882be7b809226f7cec125	1	2125	17	17	1	false	false	0	0	true	NA
18041	7779	+	116025	224271	22	ee9e1fa7e8d5a334bacce71378c2b2420c2eb9e4c336e00c84c75d5eb24c995d	1	125	1	1	0	true	false	0	0	true	0.00000000000000
18041	7779	-	116025	10261	22	ee9e1fa7e8d5a334bacce71378c2b2420c2eb9e4c336e00c84c75d5eb24c995d	1	125	1	1	0	false	false	0	0	true	NA
18041	10261	+	118507	226753	17	5ed3f6d4f2c469d73b1b8d1d6ec5bb9ed927f33fd30bb59ec9e067cfafd9c808	1	5	1	1	0	true	false	0	0	true	0.00000000000000
18041	10261	-	118507	7779	19	43e89b4a3c515ec954407413290e6ab9d735c9a42d5cddb4e66e410a8444266f	1	25	1	1	0	false	false	0	0	true	NA
18097	3804	+	112386	220968	24	767f7a4f2209eee9b7a197a4fdd93ee37ff6f95d51d102e59361f7058f2370d3	1	625	1	1	0	true	false	0	0	true	0.00000000000000
18097	3804	-	112386	14292	19	043710038cfa3b5aa0ea84dbf031dd77bd2e8d96ff24349dffca3bf09a16aff7	1	25	1	1	0	false	false	0	0	true	NA
18097	14292	+	122874	231456	23	27a5c5bbb5c2db6cccecde0547e8e51a803a926102866cc29b01f7237377cef4	1	275	11	11	1	true	false	0	0	true	0.122668403399419
18097	14292	-	122874	3804	19	043710038cfa3b5aa0ea84dbf031dd77bd2e8d96ff24349dffca3bf09a16aff7	1	25	1	1	0	false	false	0	0	true	NA
18119	1098	+	109812	218526	19	8d42685e0a904a00e1881bd7f1211ec7c155c06ea2ce1a9d92ae24f579abb14f	1	25	1	1	0	true	false	0	0	true	0.00000000000000
18119	1098	-	109812	17020	24	d389fd374fa071ce82354ad445c66784379a334baebbe62ed5a14b4e6b7854cf	1	775	31	31	1	true	true	0	0	true	0.177684957709887
18119	6179	+	114893	223607	24	9bf67ea6c0ab6f372db6adc7431c5aabadfde28683d0e0eb22b171cbf5379ebb	1	625	1	1	0	true	false	0	0	true	0.00000000000000
18119	6179	-	114893	11939	17	68dbc5bae8051a839fe9a1f7df6a2ace246f91585307252aca2249dac835254b	1	5	1	1	0	false	false	0	0	true	NA
18119	11939	+	120653	229367	22	282d1e9a26655db932e7fed62232c738e88806f696423cd518aaf68f9c5f15db	1	125	1	1	0	true	false	0	0	true	0.00000000000000
18119	11939	-	120653	6179	17	68dbc5bae8051a839fe9a1f7df6a2ace246f91585307252aca2249dac835254b	1	5	1	1	0	false	false	0	0	true	NA
18119	17020	+	125734	234448	23	bd2b5f24d270459dc71b0bd7e2303f4e901329a2def493d07900c9d8e1600308	1	275	11	11	1	true	false	0	0	true	0.122385121862837
18119	17020	-	125734	1098	24	9bf67ea6c0ab6f372db6adc7431c5aabadfde28683d0e0eb22b171cbf5379ebb	1	625	1	1	0	false	false	0	0	true	NA
18121	6084	+	114810	223536	26	1fe0c23a2d6c8fb0758b86f4f046989ba3c5baf5a2f2af67639353b02e892d50	1	3125	1	1	0	true	false	0	0	true	0.00000000000000
18121	6084	-	114810	12036	26	1fe0c23a2d6c8fb0758b86f4f046989ba3c5baf5a2f2af67639353b02e892d50	1	3125	1	1	0	false	false	0	0	true	NA
18121	12036	+	120762	229488	24	c3b16fc6f3df1e7f19a9d3706d49b172a233e7d01f63ee7841e517fd747844ad	1	625	1	1	0	true	false	0	0	true	0.00000000000000
18121	12036	-	120762	6084	24	c3b16fc6f3df1e7f19a9d3706d49b172a233e7d01f63ee7841e517fd747844ad	1	625	1	1	0	false	false	0	0	true	NA
18211	7337	+	116603	225869	24	c0c8e7c68b8bd3962e2f0a6d569ba3ad98920972a17b0d43fa8beee6fed2943a	1	625	1	1	0	true	false	0	0	true	0.00000000000000
18211	7337	-	116603	10873	24	c0c8e7c68b8bd3962e2f0a6d569ba3ad98920972a17b0d43fa8beee6fed2943a	1	625	1	1	0	false	false	0	0	true	NA
18211	10873	+	120139	229405	27	856cdd4460b800751c6ad43a3e07e31228c358ac88452549a74f58e32c664d70	1	5125	41	41	1	true	false	0	0	true	0.190425058063177
18211	10873	-	120139	7337	24	c0c8e7c68b8bd3962e2f0a6d569ba3ad98920972a17b0d43fa8beee6fed2943a	1	625	1	1	0	false	false	0	0	true	NA
18217	6795	+	116097	225399	17	0176fc9a4af5663c2ad844b62445fec5901f5ae2e4c1d5850647de4a27c3ef47	1	5	1	1	0	true	false	0	0	true	0.00000000000000
18217	6795	-	116097	11421	22	0e59d39530b5f19b3cc0cbbfdd90a1fd34fdb2097890b3ddfdb51bbee82a0e89	1	125	1	1	0	false	false	0	0	true	NA
18217	11421	+	120723	230025	22	0e59d39530b5f19b3cc0cbbfdd90a1fd34fdb2097890b3ddfdb51bbee82a0e89	1	125	1	1	0	true	false	0	0	true	0.00000000000000
18217	11421	-	120723	6795	28	a5f7c3620583ee5c19e0146ee585f4ef1f726c84a3aafd686e810eff2063b120	1	8405	1681	41^2	1	false	false	0	0	true	NA
18311	8187	+	118053	227919	22	2c9445fe4d0d73522e899002cd40eeb8603a81b6ad0bf7a29ecc34a454052551	1	125	1	1	0	true	false	0	0	true	0.00000000000000
18311	8187	-	118053	10123	22	2c9445fe4d0d73522e899002cd40eeb8603a81b6ad0bf7a29ecc34a454052551	1	125	1	1	0	false	false	0	0	true	NA
18311	10123	+	119989	229855	33	713ffaa7809c54ad96e6aecfe0f452f0557b91158fbb6968cfbbc38f67f60fdc	1	435625	41	41	1	true	false	0	0	true	0.190434161468635
18311	10123	-	119989	8187	19	86343dd74cf3e58c2bca3c62902874d0c7880b3b0f6100c6b74eb4e86d41debf	1	25	1	1	0	false	false	0	0	true	NA
18341	3114	+	113160	223206	28	f9c3fbbcb58ec50182ddbe267811da86d319ac9f9d4a0a32fe0c183ca47179cc	1	11875	19	19	1	true	false	0	0	true	0.151904925849717
18341	3114	-	113160	15226	19	c8f473810bccb2807769a3b232f10e86203ca548c5a86565dfea4ed5c3753a1a	1	25	1	1	0	false	false	0	0	true	NA
18341	15226	+	125272	235318	19	c8f473810bccb2807769a3b232f10e86203ca548c5a86565dfea4ed5c3753a1a	1	25	1	1	0	true	false	0	0	true	0.00000000000000
18341	15226	-	125272	3114	15	98d963bab4b1a21b48666c82ce684531d683215ab8f44f53ba07da4100873452	1	1	1	1	0	false	false	0	0	true	NA
18353	1173	+	111291	221409	22	979827857d196e28965f158848b1f430fefb29c932e0ce679588af51d4238d17	1	125	1	1	0	true	false	0	0	true	0.00000000000000
18353	1173	-	111291	17179	17	6466b0bfe29330d3f6740abc07cfdb944eb5340af7b67a650548f785d347e7df	1	5	1	1	0	true	true	0	0	true	0.00000000000000
18353	17179	+	127297	237415	29	c4efa48a6f020a5697ce5de9b2d7dd12b6f94b4ce16983ad48bcd17c153f1a6a	1	26125	209	11*19	2	true	false	0	0	true	0.272326807943303
18353	17179	-	127297	1173	22	979827857d196e28965f158848b1f430fefb29c932e0ce679588af51d4238d17	1	125	1	1	0	false	false	0	0	true	NA
18397	875	+	111257	221639	20	a54a1664558ad7aff02e1e104a1e6c98ebad57eec4a33d17077172deef693d40	1	55	11	11	1	true	false	0	0	true	0.123933287463583
18397	875	-	111257	17521	22	769650526c97ab7839fa54c295fd6c6fb7c43b155cd0604ebab4382af62a839c	1	125	1	1	0	true	true	0	0	true	0.00000000000000
18397	3718	+	114100	224482	28	80f988cae11031687e04ae39f8c8072be2b7f1af7643dfc86c635b13e1d6af54	1	12475	499	499	1	true	false	0	0	true	0.320271048329988
18397	3718	-	114100	14678	32	8004489c240bbaa1665b994f10f45eb6a26e8bb85d53c4c72f58385c66401deb	1	223975	8959	17^2*31	2	false	false	0	0	true	NA
18397	14678	+	125060	235442	23	8e62566da85642343683022efd88e3a69b0b81597a08857cbe44fd08dbfcaab9	1	275	11	11	1	true	false	0	0	true	0.122447875614278
18397	14678	-	125060	3718	24	071d0c87f0b1474c1a8a7b7b1200b8675761a8698287418b3f80899eccfd12c9	1	475	19	19	1	false	false	0	0	true	NA
18397	17521	+	127903	238285	26	aa65596cedccdd54b3895f2e56e666574a78d72ee038b73f542bb58df10873e4	1	3125	1	1	0	true	false	0	0	true	0.00000000000000
18397	17521	-	127903	875	17	b2261a4b9898ee5b1ff01ab0f6b4f220033a688c1435fe2588a497781945eab1	1	5	1	1	0	false	false	0	0	true	NA
18427	1080	+	111642	222204	26	f3d23421380db5b0d94757127c525ddc4409304b8e84a7432edcb3ec98b27f0c	1	2125	1	1	0	true	false	0	0	true	0.00000000000000
18427	1080	-	111642	17346	28	daa99107e3af785b62590b78ed532952d5549224478bab9588431c69b0f07a1c	1	10625	17	17	1	true	true	0	0	true	0.146377261488918
18427	6743	+	117305	227867	17	60cd6ad5af309e8d102c0b13d10a25c80955b796d8093c8b2ee57bc3eb1ea915	1	5	1	1	0	true	false	0	0	true	0.00000000000000
18427	6743	-	117305	11683	26	c443b9dbe4f363352eac4a159e84d7c09b9a5aa407cc86f457d1dc0fc9ce913e	1	3125	1	1	0	false	false	0	0	true	NA
18427	11683	+	122245	232807	17	60cd6ad5af309e8d102c0b13d10a25c80955b796d8093c8b2ee57bc3eb1ea915	1	5	1	1	0	true	false	0	0	true	0.00000000000000
18427	11683	-	122245	6743	17	60cd6ad5af309e8d102c0b13d10a25c80955b796d8093c8b2ee57bc3eb1ea915	1	5	1	1	0	false	false	0	0	true	NA
18427	17346	+	127908	238470	26	c443b9dbe4f363352eac4a159e84d7c09b9a5aa407cc86f457d1dc0fc9ce913e	1	3125	1	1	0	true	false	0	0	true	0.00000000000000
18427	17346	-	127908	1080	24	52ec904fb21c127419f47d727fd154dc5b7151fb04744501c3314bbdcc58086b	1	625	1	1	0	false	false	0	0	true	NA
18433	713	+	111311	221909	22	e0fe7e582502484acc8e7180236e2740c126b72e115a60461e6f9d7ed78497a3	1	125	1	1	0	true	false	0	0	true	0.00000000000000
18433	713	-	111311	17719	24	fc7dac2221db0bc7062702ed49ddb1cf464a68655d31c95293fe47a1bdb22e04	1	625	1	1	0	true	true	0	0	true	0.00000000000000
18433	17719	+	128317	238915	42	3d1f0ae48d63de41a75323a7509aaf7c60c4de05e7997363d8e5fe5054d83f87	1	197140625	12617	11*31*37	3	true	false	0	0	true	0.480946424106432
18433	17719	-	128317	713	37	cc03f248b75e1df54c07c5db84e6b2e61323e6bc502b275e01203501522d32a9	1	4833125	7733	11*19*37	3	false	false	0	0	true	NA
18461	2255	+	113021	223787	22	5ce769a25ce771bed061e9b3ed6942fb1e3186036dd9b1f9521c3d54d0d0ccb0	1	125	1	1	0	true	false	0	0	true	0.00000000000000
18461	2255	-	113021	16205	22	5ce769a25ce771bed061e9b3ed6942fb1e3186036dd9b1f9521c3d54d0d0ccb0	1	125	1	1	0	true	false	0	0	true	0.00000000000000
18461	9058	+	119824	230590	24	ce030422b518743e3bcd18d1117182a2f1c3eee4a1537b1be88fd7fc9b282177	1	625	1	1	0	true	false	0	0	true	0.00000000000000
18461	9058	-	119824	9402	19	042955ddc09102352eeb592d2f71de9705cd54c76bf7946c89072e1570cc5010	1	25	1	1	0	false	false	0	0	true	NA
18461	9402	+	120168	230934	26	ca1c132c8234f8e2589315a5f8674d352c39db82908ed9c8474ec10638b4e082	1	2125	1	1	0	true	false	0	0	true	0.00000000000000
18461	9402	-	120168	9058	22	5ce769a25ce771bed061e9b3ed6942fb1e3186036dd9b1f9521c3d54d0d0ccb0	1	125	1	1	0	false	false	0	0	true	NA
18461	16205	+	126971	237737	22	5ce769a25ce771bed061e9b3ed6942fb1e3186036dd9b1f9521c3d54d0d0ccb0	1	125	1	1	0	true	false	0	0	true	0.00000000000000
18461	16205	-	126971	2255	22	5ce769a25ce771bed061e9b3ed6942fb1e3186036dd9b1f9521c3d54d0d0ccb0	1	125	1	1	0	false	false	0	0	true	NA
18481	3143	+	114029	224915	26	5ae79dac2e59d8f9d1a7b64df28f4e2d262401eafd9aad5035b69e260c4c058f	1	2125	1	1	0	true	false	0	0	true	0.00000000000000
18481	3143	-	114029	15337	26	5ae79dac2e59d8f9d1a7b64df28f4e2d262401eafd9aad5035b69e260c4c058f	1	2125	17	17	1	false	false	0	0	true	NA
18481	15337	+	126223	237109	27	142c4132ae572d61f8c30c793ff2e5a2beb6a77f5e26a2b26c08a447a25b8129	1	3875	31	31	1	true	false	0	0	true	0.175196238166484
18481	15337	-	126223	3143	27	142c4132ae572d61f8c30c793ff2e5a2beb6a77f5e26a2b26c08a447a25b8129	1	3875	31	31	1	false	false	0	0	true	NA
18503	2845	+	113863	224881	27	f888eedfc40f4c5ea05051333f1e6d94dda979f5256c2c2e264c62bc760a1fdc	1	5125	41	41	1	true	false	0	0	true	0.191482558502836
18503	2845	-	113863	15657	22	b57508355fbc26df157e0f7c61ca73572ea1a4bb5c7ebc7c52b1537d8f2df2cd	1	125	1	1	0	false	false	0	0	true	NA
18503	15657	+	126675	237693	28	bc4937949c8e9ec828522c0a62004230b7d2457235d6dbe855b6d31f4d7cb04d	1	11875	19	19	1	true	false	0	0	true	0.150172823040983
18503	15657	-	126675	2845	24	b5676359053a6c99dcd99f3bd281eeef4cb8c8086ce43910b1ad9fac4fce5fb6	1	625	1	1	0	false	false	0	0	true	NA
18517	1463	+	112565	223667	22	16f75d84bbbc26ce2f010af9d250d0b2d26c60f6936b9e2442141960ff1b4984	1	125	1	1	0	true	false	0	0	true	0.00000000000000
18517	1463	-	112565	17053	26	5d0ee14926fb7f8912c8015ea722cfe9c919c91c4162bc8f38ce112edae8f005	1	3125	1	1	0	true	false	0	0	true	0.00000000000000
18517	17053	+	128155	239257	25	0cb2e7c26652b1281aa3fc9979027bae73c70e956155a8fc9ae58d8ff10be18a	1	1375	11	11	1	true	false	0	0	true	0.122151422598702
18517	17053	-	128155	1463	26	5d0ee14926fb7f8912c8015ea722cfe9c919c91c4162bc8f38ce112edae8f005	1	3125	1	1	0	false	false	0	0	true	NA
18553	9133	+	120451	231769	21	b7134b49b8461f35781c29cbcef49917ffe090a2eb5d5b1d14b25d4242f71939	1	85	1	1	0	true	false	0	0	true	0.00000000000000
18553	9133	-	120451	9419	27	d70faa4ec47ba95f9ff833e01cfc414a428e43debefd0886d3cdda1c17defd82	1	5125	41	41	1	false	false	0	0	true	NA
18553	9419	+	120737	232055	36	f7aca7fb3415b3de2ed3561131f94de0fed72878a488442286caecc06ae9e6f9	1	3431875	19	19	1	true	false	0	0	true	0.150904422231586
18553	9419	-	120737	9133	22	adca8f2bd2f66662ad7043a4c3e6bfdd2c99b8a31878920470a9433fb979d926	1	125	1	1	0	false	false	0	0	true	NA
18617	6106	+	117808	229510	26	8b3ffe13eab894889f5bb7e32a5f2b3e1f301524fc0995157e4e356d6a46b9c9	1	2375	19	19	1	true	false	0	0	true	0.151292042228219
18617	6106	-	117808	12510	19	77071bb4f59ec3cf731eb356faffe4e553513cf77b593ba17e04db778cd38846	1	19	19	19	1	false	false	0	0	true	NA
18617	12510	+	124212	235914	33	0978e778e3477862055ce01a32dc989c8f6b23f475f29c0771494c305e2f8601	1	265375	2123	11*193	2	true	false	0	0	true	0.391486486495484
18617	12510	-	124212	6106	32	208bc2f3751ffa492f673d9f64086e4fc8f7330b21b1e8d3729a252a134b4065	1	116875	187	11*17	2	false	false	0	0	true	NA
18661	5652	+	117618	229584	31	69d461457add1d1fafc1b9775d280ee2df7e54d1a85449225defc7be67c819aa	1	59375	19	19	1	true	false	0	0	true	0.151310530269910
18661	5652	-	117618	13008	25	9b41c980b9abda6b83f3f53eeb9c0f8e9a2a063b1a08de792c107b5e105b327a	1	1025	41	41	1	false	false	0	0	true	NA
18661	5922	+	117888	229854	22	df1338efc793ad6799c2eeb349daf8a43750c1f2af9233b54d568e785cf45c01	1	125	1	1	0	true	false	0	0	true	0.00000000000000
18661	5922	-	117888	12738	28	1d7b8cf9ea48c32397ab8c772cf25eef4276f6f87a841c7cb97b1073c77af453	1	11875	19	19	1	false	false	0	0	true	NA
18661	6357	+	118323	230289	26	f8ff1165f83ef3bfe954cf471e4e0c593f74feeea7de7ee63d13f12d91621652	1	2375	19	19	1	true	false	0	0	true	0.151209172544477
18661	6357	-	118323	12303	26	f8ff1165f83ef3bfe954cf471e4e0c593f74feeea7de7ee63d13f12d91621652	1	2375	19	19	1	false	false	0	0	true	NA
18661	12303	+	124269	236235	20	6f2dd072c73187f961dc71ea5c94c54cae994152dc59bb1b70c9a3b77e125e37	1	55	11	11	1	true	false	0	0	true	0.122532141517381
18661	12303	-	124269	6357	20	6f2dd072c73187f961dc71ea5c94c54cae994152dc59bb1b70c9a3b77e125e37	1	55	11	11	1	false	false	0	0	true	NA
18661	12738	+	124704	236670	32	635a3db4c92edb1c0672e7f44dcb1db27c3339d6124c1a5d818f8c0a4b5bad66	1	213125	341	11*31	2	true	false	0	0	true	0.297895524548749
18661	12738	-	124704	5922	22	df1338efc793ad6799c2eeb349daf8a43750c1f2af9233b54d568e785cf45c01	1	125	1	1	0	false	false	0	0	true	NA
18661	13008	+	124974	236940	23	13755de3af8ec524fb9cbefb4f93a3064576bf63069ad8b7372426ee09db2c6b	1	275	11	11	1	true	false	0	0	true	0.122460472011691
18661	13008	-	124974	5652	19	5d964b6c5d501744f3f18131b96d63b133d4f76633e02cba1a6c12bdccfea97d	1	25	1	1	0	false	false	0	0	true	NA
18679	2655	+	114729	226803	21	4099e03a94bbedef280c1ded9cbc3047853ee2941b8055fdced0e4706ed7e9b7	1	85	1	1	0	true	false	0	0	true	0.00000000000000
18679	2655	-	114729	16023	30	ba618face3a40e6a7f84b64be635681e55ef0bee93aff089607072dac8d3d3cd	1	36125	289	17^2	1	false	false	0	0	true	NA
18679	16023	+	128097	240171	22	26e68846bc755d77bb0f574a4ea3c866d5e9c1f8200f8bd071496d2c8f6f6db1	1	125	1	1	0	true	false	0	0	true	0.00000000000000
18679	16023	-	128097	2655	22	26e68846bc755d77bb0f574a4ea3c866d5e9c1f8200f8bd071496d2c8f6f6db1	1	125	1	1	0	false	false	0	0	true	NA
18701	298	+	112504	224710	22	cb69d81e582314df05ebc1feb5e240c2fb6912a859f7959592e3a79bcf088687	1	125	1	1	0	true	false	0	0	true	0.00000000000000
18701	298	-	112504	18402	22	cb69d81e582314df05ebc1feb5e240c2fb6912a859f7959592e3a79bcf088687	1	125	1	1	0	true	true	0	0	true	0.00000000000000
18701	18402	+	130608	242814	25	71e95b012737d07a2a8493ceced733efcfa2c7eac3c25d26edeeceeb8bef31d3	1	1375	11	11	1	true	false	0	0	true	0.121916243914057
18701	18402	-	130608	298	27	b4ac2740bb0a0857832ffc6fa91ccdb154287283fd02679bc3341ac8c0d757c7	1	6875	11	11	1	false	false	0	0	true	NA
18713	7668	+	119946	232224	22	e3aa84dee646d60dc9b1b062eea1c6142153a4af6690a1c135908bf5bb4755f4	1	125	1	1	0	true	false	0	0	true	0.00000000000000
18713	7668	-	119946	11044	26	06ea2c364678c53c2d479ae2c584fd42a53cda4f74a8fc6bd143960e6536e685	1	3125	1	1	0	false	false	0	0	true	NA
18713	11044	+	123322	235600	19	93d4b6716ab9752460f8c9acde9c7092b6fd067823a5f892097a4b7f8317b2fc	1	25	1	1	0	true	false	0	0	true	0.00000000000000
18713	11044	-	123322	7668	22	e3aa84dee646d60dc9b1b062eea1c6142153a4af6690a1c135908bf5bb4755f4	1	125	1	1	0	false	false	0	0	true	NA
18731	9061	+	121447	233833	31	cb52ecd87ef998021a59c15a95842734acacf86535d0dc9fc6ef1ff947964c17	1	87125	41	41	1	true	false	0	0	true	0.190217079748923
18731	9061	-	121447	9669	33	27729fbaadc5afd22e9377cd1747f90c68457e791a7c518310ed4b660b537e74	1	435625	697	17*41	2	false	false	0	0	true	NA
18731	9669	+	122055	234441	24	861d4ead3f63df89f8aab948511b106c1c140849b0683c86da17d329a5f931b2	1	625	1	1	0	true	false	0	0	true	0.00000000000000
18731	9669	-	122055	9061	19	35ae5d16a7b5e349d0541aa024ff877c977276583b3b78cb16a14e231721b55e	1	25	1	1	0	false	false	0	0	true	NA
18757	8648	+	121190	233732	24	1ec78778254f2d661d306830f7824bbfc2730fd8cba6bcd77f61d2c2dc1ff472	1	475	19	19	1	true	false	0	0	true	0.150850755030412
18757	8648	-	121190	10108	24	0ed91bc4c4a9214d7ce49db7fc8b9e72423a623084e530e3e1386340dcedf1d9	1	625	1	1	0	false	false	0	0	true	NA
18757	10108	+	122650	235192	24	0ed91bc4c4a9214d7ce49db7fc8b9e72423a623084e530e3e1386340dcedf1d9	1	625	1	1	0	true	false	0	0	true	0.00000000000000
18757	10108	-	122650	8648	22	0f0aa1a31d55a955d14205d2e5e5ca8641299db6a7157db904591b3eccd59375	1	125	1	1	0	false	false	0	0	true	NA
18859	130	+	113284	226438	24	ca3e755eae23dc79330c6edd39861357def0b44279d9751712802972d3c51af6	1	625	1	1	0	true	false	0	0	true	0.00000000000000
18859	130	-	113284	18728	28	199bdaddba98b8a90cee4af3c257d3df334ad043309e63ab565a5737cfc862d7	1	7225	289	17^2	1	true	true	0	0	true	0.292326036601410
18859	18728	+	131882	245036	31	c51d7399408b418ca3c5f82f4db59d8e9b468621b93d86a9c7e6bee61f58a76b	1	96875	31	31	1	false	false	0	0	true	NA
18859	18728	-	131882	130	19	0626b7f1e8dbb789601c461f399fb51ea25d844cc37e89e1f68e41b45ae75e17	1	25	1	1	0	false	false	0	0	true	NA
18911	1023	+	114489	227955	22	a70aca62f3752e3446a8bd8c697aff0d47cf961c6c066869686823bbbc21951b	1	125	1	1	0	true	false	0	0	true	0.00000000000000
18911	1023	-	114489	17887	22	a70aca62f3752e3446a8bd8c697aff0d47cf961c6c066869686823bbbc21951b	1	125	1	1	0	true	true	0	0	true	0.00000000000000
18911	4063	+	117529	230995	17	ebf63aa5e91f0f0aa0544ee39a852eb4bc8ffb4e374262ba01ddb72bc66dfe52	1	5	1	1	0	true	false	0	0	true	0.00000000000000
18911	4063	-	117529	14847	26	801d626c1b37428b74813523760d09146360914f5f0b3e43316af27db3ce0d8b	1	2375	19	19	1	false	false	0	0	true	NA
18911	14847	+	128313	241779	26	733118c2723ee252129ca8dac32fd377ba8eef4e553b01057d770e59c9c4a61f	1	3125	1	1	0	true	false	0	0	true	0.00000000000000
18911	14847	-	128313	4063	24	9b61b4c86a6a8ce979605bdb073ed6e2844b73c98f9ba02e2a08fd9ae36eb595	1	625	1	1	0	false	false	0	0	true	NA
18911	17887	+	131353	244819	22	a70aca62f3752e3446a8bd8c697aff0d47cf961c6c066869686823bbbc21951b	1	125	1	1	0	true	false	0	0	true	0.00000000000000
18911	17887	-	131353	1023	22	a70aca62f3752e3446a8bd8c697aff0d47cf961c6c066869686823bbbc21951b	1	125	1	1	0	false	false	0	0	true	NA
18913	8777	+	122255	235733	22	32931acf152d52e7f293a00b86463b23cdeb911450e78613bd449f00d4f72e77	1	125	1	1	0	true	false	0	0	true	0.00000000000000
18913	8777	-	122255	10135	22	32931acf152d52e7f293a00b86463b23cdeb911450e78613bd449f00d4f72e77	1	125	1	1	0	false	false	0	0	true	NA
18913	10135	+	123613	237091	26	4f5cf826a6b2de697660d74f2cb2227c77c4095d8cf84d9045a79159b69bd94c	1	3125	1	1	0	true	false	0	0	true	0.00000000000000
18913	10135	-	123613	8777	17	a3d9285b2994edd1d6fb08b6077cfcebab0e2f8afec81775cd4e5131a8bd7359	1	5	1	1	0	false	false	0	0	true	NA
18917	1167	+	114669	228171	22	b9ba80677cb05a3e30b797d34cad0aac36c62c066826bcf6eba39f19e1af16df	1	125	1	1	0	true	false	0	0	true	0.00000000000000
18917	1167	-	114669	17749	26	d3bd89dafccd61ebd2b7a641f3d5ca79693fa90076ba80ea80fd08b181b2f028	1	2125	17	17	1	true	true	0	0	true	0.145956049818337
18917	3361	+	116863	230365	22	b9ba80677cb05a3e30b797d34cad0aac36c62c066826bcf6eba39f19e1af16df	1	125	1	1	0	true	false	0	0	true	0.00000000000000
18917	3361	-	116863	15555	23	bbbcd4e05b17731f0c3f4f26db8257e0a6ad6e842bcdec2aff3d64debbd3e9aa	1	425	17	17	1	false	false	0	0	true	NA
18917	15555	+	129057	242559	32	49f09aa6ff9162765126a0564a9ce9203b65193858a527b7300e2c3a6d250f64	1	171875	11	11	1	true	false	0	0	true	0.122064791642985
18917	15555	-	129057	3361	27	98c37faa57545da21f0a9b6bdb905808f3e15ebda2be0f6f28d17c18a603e522	1	6875	11	11	1	false	false	0	0	true	NA
18917	17749	+	131251	244753	22	b9ba80677cb05a3e30b797d34cad0aac36c62c066826bcf6eba39f19e1af16df	1	125	1	1	0	true	false	0	0	true	0.00000000000000
18917	17749	-	131251	1167	26	f51f94251e473faeb7ce84c512d65d528355b1f97a503ca02147d2b419f42d12	1	2375	19	19	1	false	false	0	0	true	NA
18947	722	+	114404	228086	22	aea66d345f3c8c3edf75cce9f4aa60c43953266e40683f197aee358270ccd782	1	125	1	1	0	true	false	0	0	true	0.00000000000000
18947	722	-	114404	18224	19	754d4c019db6da44ce28761e4fc32cce079cfd6c165f9ba215fe734c08fd1ae0	1	25	1	1	0	true	true	0	0	true	0.00000000000000
18947	18224	+	131906	245588	39	f247d9112fd361033d14c184ca3cd6c92dd3227689f674efe214d35525d4a6ef	1	18115625	341	11*31	2	true	false	0	0	true	0.296192647033063
18947	18224	-	131906	722	23	0e86dfbdd626f9ae74f1a2219ffb1be5b0d4626b800d422be5dec7af32ab5086	1	275	11	11	1	false	false	0	0	true	NA
18959	3612	+	117366	231120	19	b8bf9d6f451fad206a71f8c6355c77b9a9c3d07e1fa5514200541e1f8bdde7e4	1	25	1	1	0	true	false	0	0	true	0.00000000000000
18959	3612	-	117366	15346	24	dfbc1c42ed7756e5371bd08497a1ddfad49732668c51026b8d0a8c6814644681	1	625	1	1	0	false	false	0	0	true	NA
18959	15346	+	129100	242854	29	90c9c391e8f75e44ab26cfef45cbff84f453286fe88d07567071e16064f8dbeb	1	22625	181	181	1	true	false	0	0	true	0.264623501866375
18959	15346	-	129100	3612	27	3ff23786ddf5a40f801858ef92c9c202eb237e3a12d0384f1a2ca8370d858d6a	1	4525	181	181	1	false	false	0	0	true	NA
18979	7399	+	121273	235147	22	8c9519149e416738df183fc82520a766faba05f6db263aafb08e6ff3dcb5a402	1	125	1	1	0	true	false	0	0	true	0.00000000000000
18979	7399	-	121273	11579	24	2bee3dd788cecf8fe4c32792192a818c9b4979462030d56f2c5341ad44a50ca8	1	625	1	1	0	false	false	0	0	true	NA
18979	11579	+	125453	239327	22	8c9519149e416738df183fc82520a766faba05f6db263aafb08e6ff3dcb5a402	1	125	1	1	0	true	false	0	0	true	0.00000000000000
18979	11579	-	125453	7399	22	8c9519149e416738df183fc82520a766faba05f6db263aafb08e6ff3dcb5a402	1	125	1	1	0	false	false	0	0	true	NA
19013	4801	+	118879	232957	28	d032290e9bdc83c7f8647140d104db67b1d93ad71d2942f0a01966d6b40e9650	1	10625	1	1	0	true	false	0	0	true	0.00000000000000
19013	4801	-	118879	14211	24	9c33982f1789039d9c59f499303b650c69f500439f0b2a4f4417d4cd58a1c505	1	625	1	1	0	false	false	0	0	true	NA
19013	5559	+	119637	233715	22	4bc190cc2ab38f58e5ef930c961b1208a495edc482454c37bb8c43fce86b54cb	1	125	1	1	0	true	false	0	0	true	0.00000000000000
19013	5559	-	119637	13453	24	9c33982f1789039d9c59f499303b650c69f500439f0b2a4f4417d4cd58a1c505	1	625	1	1	0	false	false	0	0	true	NA
19013	13453	+	127531	241609	36	5ef2c223f978a63f7a759536ed6436f937b42f0fc136822cc9a91c85cb14daa1	1	3584375	1147	31*37	2	true	false	0	0	true	0.359051441754997
19013	13453	-	127531	5559	24	9c33982f1789039d9c59f499303b650c69f500439f0b2a4f4417d4cd58a1c505	1	625	1	1	0	false	false	0	0	true	NA
19013	14211	+	128289	242367	29	88ac63f9aa386eda86071e0891e1675c3e847061da888ea8e9979576d451a5c5	1	23125	37	37	1	true	false	0	0	true	0.183925718610715
19013	14211	-	128289	4801	24	9c33982f1789039d9c59f499303b650c69f500439f0b2a4f4417d4cd58a1c505	1	625	1	1	0	false	false	0	0	true	NA
19031	2564	+	116750	230936	22	af3baf030b62a07b80783bda45e90aa625d8e0a93640ab8aab9a36b118fdc737	1	125	1	1	0	true	false	0	0	true	0.00000000000000
19031	2564	-	116750	16466	22	af3baf030b62a07b80783bda45e90aa625d8e0a93640ab8aab9a36b118fdc737	1	125	1	1	0	false	false	0	0	true	NA
19031	3569	+	117755	231941	28	4999ab6c9d4247f10f7033f12f32f58694bdb4f2f1246df924aaf0d36cc47600	1	10625	1	1	0	true	false	0	0	true	0.00000000000000
19031	3569	-	117755	15461	28	4999ab6c9d4247f10f7033f12f32f58694bdb4f2f1246df924aaf0d36cc47600	1	10625	17	17	1	false	false	0	0	true	NA
19031	5109	+	119295	233481	26	7200ed564b1d9c02a8a508513ac6f396c611d25a6af7af47d08610fab1f0d2bf	1	2125	1	1	0	true	false	0	0	true	0.00000000000000
19031	5109	-	119295	13921	28	eedf24605b8f562b28a62636334326927924ec317c1c79a30a7b5a2162286b62	1	11875	19	19	1	false	false	0	0	true	NA
19031	13921	+	128107	242293	27	0038ae93668c4942255153b2a5b7e99fcbb3737c9acdda5f5d30d5b76daeb114	1	4625	37	37	1	true	false	0	0	true	0.183948224445170
19031	13921	-	128107	5109	22	af3baf030b62a07b80783bda45e90aa625d8e0a93640ab8aab9a36b118fdc737	1	125	1	1	0	false	false	0	0	true	NA
19031	15461	+	129647	243833	29	6c2467c740ccfbfe28ca2e8635995d377f8e4af983d158c42853d8e64c631edd	1	26125	209	11*19	2	true	false	0	0	true	0.271825588528101
19031	15461	-	129647	3569	25	3338a748f46e5b642eec17fd7ea4985d92ff8715ddfd19e190c27ef4ef62ad2c	1	1375	11	11	1	false	false	0	0	true	NA
19031	16466	+	130652	244838	27	ed00509c133340f3f6c51a6acd6547501dd86c57455f8d360fbc4844941b9704	1	6875	11	11	1	true	false	0	0	true	0.121909602691672
19031	16466	-	130652	2564	15	bea79b31a1e3a1480aae9c272090894eb9604c6205ef15df07ae5f96994eddf1	1	1	1	1	0	false	false	0	0	true	NA
19051	1458	+	115764	230070	19	5672acc2674b7929d2d7b28ec6b1060af84c656a29f0f5c1bb02272303e76269	1	25	1	1	0	true	false	0	0	true	0.00000000000000
19051	1458	-	115764	17592	19	5672acc2674b7929d2d7b28ec6b1060af84c656a29f0f5c1bb02272303e76269	1	25	1	1	0	true	false	0	0	true	0.00000000000000
19051	17592	+	131898	246204	24	b2bb209f1da520f1638489fc3360ee1bc98fc3f7c60bbc80d4755b9040241572	1	625	1	1	0	true	false	0	0	true	0.00000000000000
19051	17592	-	131898	1458	26	35680e37d02350e5ac6117f6050d89ae176f983c1789948c6c986b572d958627	1	3125	1	1	0	false	false	0	0	true	NA
19081	717	+	115203	229689	17	f8802f2e6d04fa611611c212a43e6ecdb2ba6d2ae7c32c5c2e00c8d2bc86cc97	1	5	1	1	0	true	false	0	0	true	0.00000000000000
19081	717	-	115203	18363	26	77f90312a3a8746ed5aa460e31308bc9ed85a6f5a6e462577af6a4e3bd22ba1b	1	3125	1	1	0	true	true	0	0	true	0.00000000000000
19081	18363	+	132849	247335	22	efb81900db4c4619428bef613cd279a845b7f7404ac69f613015e8dd22e9cefe	1	125	1	1	0	true	false	0	0	true	0.00000000000000
19081	18363	-	132849	717	33	05d0d820850822e2487e76433553822f02b54722c03ff1b604e180ca65237e16	1	272875	2183	37*59	2	false	false	0	0	true	NA
19121	6514	+	121240	235966	26	4eaf050e5153d618e73406e331c2ece639dc27532aca7cef289cffbc70724956	1	3125	1	1	0	true	false	0	0	true	0.00000000000000
19121	6514	-	121240	12606	19	73c6037e34671ec2262b87e563939c4fad7888b5b2f796a3a1a046418a53f576	1	25	1	1	0	false	false	0	0	true	NA
19121	12606	+	127332	242058	34	1edbdf47859199200087859f8334ecd8a175ab923aeffe88fc69765d02777059	1	484375	31	31	1	true	false	0	0	true	0.175048345874586
19121	12606	-	127332	6514	15	f85026125b813f6d6170d869a5f599c1d3134e4e27c42f2a15545aff2079bcd1	1	1	1	1	0	false	false	0	0	true	NA
19139	4109	+	118943	233777	27	b2dac2991989dd90940d6c123ab4882fc22ffeef12f18060566e2ba72d88fa63	1	5015	59	59	1	true	false	0	0	true	0.209307205876810
19139	4109	-	118943	15029	21	32c94e7e5788c90dd139b4d3731f0e460916899aacf0f760c896389312467fa5	1	85	17	17	1	false	false	0	0	true	NA
19139	15029	+	129863	244697	22	427f4214e66dc67fea63975a7656b2132cb4a237801f416f740a2e98a2b2b05a	1	125	1	1	0	true	false	0	0	true	0.00000000000000
19139	15029	-	129863	4109	22	427f4214e66dc67fea63975a7656b2132cb4a237801f416f740a2e98a2b2b05a	1	125	1	1	0	false	false	0	0	true	NA
19163	1831	+	116809	231787	25	fbf1bc694505358b2ab7b11dcf5cfa91ed29b0bb82c89bf7f6bd5923c2ae2bf4	1	1445	1	1	0	true	false	0	0	true	0.00000000000000
19163	1831	-	116809	17331	39	1ab0d04d95643d5147639b24d4c1f4c93cd051c7860a937809f7b64830dea5d3	1	17159375	5491	17^2*19	2	true	false	0	0	true	0.442826177519343
19163	5921	+	120899	235877	17	c0bfab448312f50dcfae89685dee34577defa9de00537bf3a4b364bb9de2ae16	1	5	1	1	0	true	false	0	0	true	0.00000000000000
19163	5921	-	120899	13241	22	53734498437ce109849bafa733ce8e0e1c1c391eb47595f809df24d261f153de	1	125	1	1	0	false	false	0	0	true	NA
19163	13241	+	128219	243197	17	c0bfab448312f50dcfae89685dee34577defa9de00537bf3a4b364bb9de2ae16	1	5	1	1	0	true	false	0	0	true	0.00000000000000
19163	13241	-	128219	5921	24	760a4c30a04b947debd37867a9df082a6a8bfeb992fef6f036df9608716d972e	1	625	1	1	0	false	false	0	0	true	NA
19163	17331	+	132309	247287	25	5871d132b998569586397e73c341e7aae76ddb02fa107b360214d92a87a237be	1	1375	11	11	1	true	false	0	0	true	0.121751485452883
19163	17331	-	132309	1831	25	5871d132b998569586397e73c341e7aae76ddb02fa107b360214d92a87a237be	1	1375	11	11	1	false	false	0	0	true	NA
19213	6951	+	122229	237507	17	3baca168790268d27c9dbde67bc6e49f13d4e9cc99100810f67d43bca081b5c1	1	5	1	1	0	true	false	0	0	true	0.00000000000000
19213	6951	-	122229	12261	17	3baca168790268d27c9dbde67bc6e49f13d4e9cc99100810f67d43bca081b5c1	1	5	1	1	0	false	false	0	0	true	NA
19213	7013	+	122291	237569	31	eaf380604e2050c484cca520ce4e9960da4847463dddd5fed057a590ee78063a	1	60625	97	97	1	true	false	0	0	true	0.234161117215125
19213	7013	-	122291	12199	22	00cfeda6951ff2759f047286b072de31b077b4f4868a40047be74e140de436e0	1	205	41	41	1	false	false	0	0	true	NA
19213	12199	+	127477	242755	30	7d99518b11935fe34a520c03e53a38a01c8d750858a4e37fe75711c599b70e50	1	42625	341	11*31	2	true	false	0	0	true	0.297238368287582
19213	12199	-	127477	7013	25	6a4c37e270748ddaef6c19181498594dea6e96f7f573d15181315d5edcd533cc	1	1375	11	11	1	false	false	0	0	true	NA
19213	12261	+	127539	242817	30	7d99518b11935fe34a520c03e53a38a01c8d750858a4e37fe75711c599b70e50	1	42625	341	11*31	2	true	false	0	0	true	0.297228390844188
19213	12261	-	127539	6951	25	6a4c37e270748ddaef6c19181498594dea6e96f7f573d15181315d5edcd533cc	1	1375	11	11	1	false	false	0	0	true	NA
19259	5192	+	120746	236300	19	d7bf19c40d49ca4e0c690f9033b80eab002d4eb68a4d2cb65384a82d0f736bf9	1	25	1	1	0	true	false	0	0	true	0.00000000000000
19259	5192	-	120746	14066	22	e1858d8a8546d563510cf5d32e2c0e826abdea8ba1ccdc0514a737cce36604a7	1	125	1	1	0	false	false	0	0	true	NA
19259	14066	+	129620	245174	32	091844829f1f8182759d7cd527b374e761f751121fb263eb9e115b562f5fdfbe	1	190625	61	61	1	true	false	0	0	true	0.209169425521506
19259	14066	-	129620	5192	26	9ac324b086cdb2b228a9a983683f9ffb5ba07cfa434a4ec39671f289c346def4	1	3125	1	1	0	false	false	0	0	true	NA
19267	6178	+	121780	237382	23	099d210e358c38e1e220776e738a625df65dc21fe22e080716b06576d4a4114a	1	275	11	11	1	true	false	0	0	true	0.122789112313453
19267	6178	-	121780	13088	22	906bda32855730918a61238ac14571c0056a501447825ffd77f623a3e760b59a	1	125	1	1	0	false	false	0	0	true	NA
19267	13088	+	128690	244292	24	d53ad181d7b8eb9d326abd9d0d68573d7652e9b7eee1d179e789191dd0f20bd9	1	625	1	1	0	true	false	0	0	true	0.00000000000000
19267	13088	-	128690	6178	19	6774317198d54d06e17111b9764af5cff87261983bb28734d698f8d49ee50c2a	1	25	1	1	0	false	false	0	0	true	NA
19273	9457	+	125095	240733	25	a9dc5b78bf2abfbd8a37c0eb680d297480662e700dd89a3d41e66c4edc842117	1	1375	11	11	1	true	false	0	0	true	0.122447875614278
19273	9457	-	125095	9815	22	be9d3d9b0df63a5a09bf3368aab864eeb05101347abf8ba01fe3e9dc02746bc7	1	125	1	1	0	false	false	0	0	true	NA
19273	9815	+	125453	241091	26	ff8b50371e7fa067b3a49c93ef5c0597d31d800e131b8c9a9c161c8be1a06afb	1	3125	1	1	0	true	false	0	0	true	0.00000000000000
19273	9815	-	125453	9457	33	58b26d75f58364b7f7a08fb69c068dd1efc46aa3c193c274e8ba5e8977dd1b6b	1	246625	1973	1973	1	false	false	0	0	true	NA
19333	7287	+	123285	239283	29	9a016a77bd6db464f6123685bcc1df481f97a5cfc55058f2813575ee6e5cdbc3	1	19375	31	31	1	true	false	0	0	true	0.175616303696782
19333	7287	-	123285	12045	22	f7bdac5fd504b39cb4fbdd022b0f7911de85d3cce800914b51ec5728541aee40	1	125	1	1	0	false	false	0	0	true	NA
19333	12045	+	128043	244041	38	db5e2d6c77faaefa65a44f400343eb9898670e9545c7d5c08c3bfed3f36f4fda	1	13915625	4453	61*73	2	true	false	0	0	true	0.427996979259259
19333	12045	-	128043	7287	24	b6ffb48aebdd70314e1da57dc57421ec2427259e407981ccd91c93d65c03e274	1	625	1	1	0	false	false	0	0	true	NA
19379	6486	+	122760	239034	19	6ea180de046b08a21b22df7ae3508f3039c4bcf801d4d8f1f25d902184d5ba0d	1	25	1	1	0	true	false	0	0	true	0.00000000000000
19379	6486	-	122760	12892	26	607f3aa2597cc4d1382e3b46f047da07bbb1649376855266f3c50d600e8d5c45	1	1825	73	73	1	false	false	0	0	true	NA
19379	12892	+	129166	245440	32	8b262bd389eb3d35e2c4ed4d5c18e7f807bf5a0470f211cc7e4a469530183eca	1	171875	11	11	1	true	false	0	0	true	0.122052667229960
19379	12892	-	129166	6486	22	875b34165becbc3a1410ddf3fbebb64783581242ecff63e7868ed5d19a65ddab	1	125	1	1	0	false	false	0	0	true	NA
19381	377	+	116663	232949	22	3fff5075daa1048661482e8f400ca3fc11449b47ad2a2ea39ac9033dd526ad9e	1	125	1	1	0	true	false	0	0	true	0.00000000000000
19381	377	-	116663	19003	22	3fff5075daa1048661482e8f400ca3fc11449b47ad2a2ea39ac9033dd526ad9e	1	125	1	1	0	true	true	0	0	true	0.00000000000000
19381	2198	+	118484	234770	19	7107cb4fefb3b2866880d6bf56ebd2cb040a41fc28ccdaec4b11d089a9d9b181	1	25	1	1	0	true	false	0	0	true	0.00000000000000
19381	2198	-	118484	17182	19	7107cb4fefb3b2866880d6bf56ebd2cb040a41fc28ccdaec4b11d089a9d9b181	1	25	1	1	0	true	false	0	0	true	0.00000000000000
19381	17182	+	133468	249754	19	7107cb4fefb3b2866880d6bf56ebd2cb040a41fc28ccdaec4b11d089a9d9b181	1	25	1	1	0	true	false	0	0	true	0.00000000000000
19381	17182	-	133468	2198	19	7107cb4fefb3b2866880d6bf56ebd2cb040a41fc28ccdaec4b11d089a9d9b181	1	25	1	1	0	false	false	0	0	true	NA
19381	19003	+	135289	251575	35	5ad718d5b20602b57e99d3b5e480e595f9ff7aac942e8d9c00609743adf16173	1	1030625	97	97	1	true	false	0	0	true	0.231758402522786
19381	19003	-	135289	377	21	90b1518871a5cbbcd8516304cdbe7a7e8a1ebd256d6b11f15d66a4e9aa23fc8b	1	85	17	17	1	false	false	0	0	true	NA
19387	8029	+	124351	240673	29	a890689cd7d5386cab330d71099e4e60d995826295fde8b02b76f2eccae897f6	1	23375	11	11	1	true	false	0	0	true	0.122516641530773
19387	8029	-	124351	11357	29	6fd03aa363ca4d21054524a690bed7954037c427bb78310c085714f4defb0dd9	1	26125	209	11*19	2	false	false	0	0	true	NA
19387	11357	+	127679	244001	27	224119f1ca21ff35d109b06345a691becd0d9bc20b2986206699c4cfb83934d5	1	3875	31	31	1	true	false	0	0	true	0.174989599508651
19387	11357	-	127679	8029	26	868cfc703248ce1898768d7eb0bb2f2d03822fb4e8a5434e40c2c8cc6177fe67	1	2635	527	17*31	2	false	false	0	0	true	NA
19417	6321	+	122823	239325	22	4abc1b0d87cb9fd0a32cf8568c371b55b093117443c851c8c221b88f70358f24	1	125	1	1	0	true	false	0	0	true	0.00000000000000
19417	6321	-	122823	13095	17	f5321964d68406ca1bd09a631bf86fb38da1d65b8e8d00a5989f9cb910a0b7e1	1	5	1	1	0	false	false	0	0	true	NA
19417	9369	+	125871	242373	24	b7de47179f93ed23e21101f9c8b81123ef5c39e2f50cfabaad9ad745dc313624	1	625	1	1	0	true	false	0	0	true	0.00000000000000
19417	9369	-	125871	10047	26	4ffdd7f366c0ed9c57ba3b40d46aaa0d5fe5a1e75b54afa0ca655883efb47688	1	2125	17	17	1	false	false	0	0	true	NA
19417	10047	+	126549	243051	32	c51b319f89cd6d992a4f1c0b65db206c8169a2c7f91ff59833e1980187ae1191	1	130625	209	11*19	2	true	false	0	0	true	0.272483012176482
19417	10047	-	126549	9369	17	f5321964d68406ca1bd09a631bf86fb38da1d65b8e8d00a5989f9cb910a0b7e1	1	5	1	1	0	false	false	0	0	true	NA
19417	13095	+	129597	246099	26	e1f7d331953d76fff9c4fd6817be288d55614d759160d6e4848838e31bf25140	1	3125	1	1	0	true	false	0	0	true	0.00000000000000
19417	13095	-	129597	6321	17	f5321964d68406ca1bd09a631bf86fb38da1d65b8e8d00a5989f9cb910a0b7e1	1	5	1	1	0	false	false	0	0	true	NA
19423	6726	+	123264	239802	27	cc20bcb12e7dd3f3eee90c7173f0357e1adba527e32e1307bd372331058272fa	1	3875	31	31	1	true	false	0	0	true	0.175616303696782
19423	6726	-	123264	12696	19	3c19b908c5797cff49ec3f9e8973a54a568daa3ab982672b89be9dda2e757951	1	25	1	1	0	false	false	0	0	true	NA
19423	12696	+	129234	245772	35	a2de33257adb31db52e77ec20abc42149938431b0227a6a2773b2f8b9cca3e42	1	1030625	97	97	1	true	false	0	0	true	0.232821604016664
19423	12696	-	129234	6726	19	3c19b908c5797cff49ec3f9e8973a54a568daa3ab982672b89be9dda2e757951	1	25	1	1	0	false	false	0	0	true	NA
19429	5848	+	122422	238996	25	5be59d77c83155dd02a97e323ba33a52d5382d7c587725e1d4025b9bd30659b2	1	1475	59	59	1	true	false	0	0	true	0.208690797266406
19429	5848	-	122422	13580	19	300c4d5253c410598358224e29b4682b7905da2fa20348b32cb15c3637fb6170	1	25	1	1	0	false	false	0	0	true	NA
19429	13580	+	130154	246728	28	2e732c3e977bbf383854ade95f85591b4f83a9c0d7c2e50c809b7804c859c580	1	11875	19	19	1	true	false	0	0	true	0.149740122294302
19429	13580	-	130154	5848	24	54b65ac57d97a243783fe68952ef1132a6a7eebc996028ee286b53804a28fd44	1	625	1	1	0	false	false	0	0	true	NA
19433	2489	+	119087	235685	21	41a1218f3853776c3251b682795d6301522fa24c775c5194f0bf35263f5c8aad	1	55	11	11	1	true	false	0	0	true	0.123067402449669
19433	2489	-	119087	16943	24	a20d9b7820210184fbc70ca9e35397b02e30bbf74d1dd02f5943623ff4e49ac1	1	625	1	1	0	false	false	0	0	true	NA
19433	5643	+	122241	238839	27	db34a08966d9d0403909816ab05456385f15f5aac6d932ada7a044b61a661f7f	1	3875	31	31	1	true	false	0	0	true	0.175776160165565
19433	5643	-	122241	13789	17	0f9aed8d8b0f75a5f218da9f1e85b3fe39080cd2b70b06c4fcd77ea65ddd0f9b	1	5	1	1	0	false	false	0	0	true	NA
19433	13789	+	130387	246985	17	0f9aed8d8b0f75a5f218da9f1e85b3fe39080cd2b70b06c4fcd77ea65ddd0f9b	1	5	1	1	0	true	false	0	0	true	0.00000000000000
19433	13789	-	130387	5643	22	b9859ab122e8fe9edf2d7e39231791e325e70ea134328a2678fdf929716c38a0	1	125	1	1	0	false	false	0	0	true	NA
19433	16943	+	133541	250139	26	adbc8ee7bd964f9fac646438f2b61179cd12ce1427d4b5be8b4cbb39b3eae1f3	1	2375	19	19	1	true	false	0	0	true	0.149367712752180
19433	16943	-	133541	2489	17	0f9aed8d8b0f75a5f218da9f1e85b3fe39080cd2b70b06c4fcd77ea65ddd0f9b	1	5	1	1	0	false	false	0	0	true	NA
19441	3934	+	120580	237226	23	422ca0c5101c9609a450c812335097625e5a9dc0e640f505d649d59ef5544521	1	275	11	11	1	true	false	0	0	true	0.122912696021314
19441	3934	-	120580	15506	23	cc41d5e0c5ffd6130b770046de44b6f55392b88181d6d8a56bf11816aa1c23eb	1	425	17	17	1	false	false	0	0	true	NA
19441	15506	+	132152	248798	24	443f1d13a4347e26984e3d1af015b7c5ec6ee81e6ccef17795ba7ac5a1cf375a	1	625	1	1	0	true	false	0	0	true	0.00000000000000
19441	15506	-	132152	3934	26	726a4d2d424059a55320485f5475ad611dd525207258f691aa2937af008c3111	1	3125	1	1	0	false	false	0	0	true	NA
19463	9710	+	126488	243266	33	59c7599a8e294c7e37cf54d30710276087ec8fe13140deb97921561f8f22374a	1	368125	589	19*31	2	true	false	0	0	true	0.325350372742260
19463	9710	-	126488	9752	24	0cc0fbb2a3bfb3d6d27795f1ac3fe2a9c3702a370ae1d66b668f1da05fd58f74	1	475	19	19	1	false	false	0	0	true	NA
19463	9752	+	126530	243308	31	d0731bd94f6fe1499fd850053f930391c201b73e7d68956d9d7b44dc027d8765	1	59375	19	19	1	true	false	0	0	true	0.150189763400258
19463	9752	-	126530	9710	26	f6ff55fbd9e523a741df8fa9e398710f9592ef03900902a06c66e428d3271234	1	2125	17	17	1	false	false	0	0	true	NA
19469	1482	+	118296	235110	19	40ba022a60534fd799051c5812fc25ad292e77ec9aedb601bacede0615caa813	1	25	1	1	0	true	false	0	0	true	0.00000000000000
19469	1482	-	118296	17986	24	90019c8faaadeb1a69e947ac7fc88b320dfafff1483afc4dc58bc6c48e4cc603	1	625	1	1	0	true	false	0	0	true	0.00000000000000
19469	17986	+	134800	251614	24	2e1db8a2cd184313211155776a96e1598a76f51f8327dc958fe048d4b48198ae	1	775	31	31	1	true	false	0	0	true	0.174036077143608
19469	17986	-	134800	1482	24	90019c8faaadeb1a69e947ac7fc88b320dfafff1483afc4dc58bc6c48e4cc603	1	625	1	1	0	false	false	0	0	true	NA
19471	7828	+	124654	241480	30	6e7da6e4c6730e21c28c410d2a1ad24d61c37f17e157407993b8ad8f5c52136a	1	42625	341	11*31	2	true	false	0	0	true	0.297895524548749
19471	7828	-	124654	11642	22	9a655483733820ca29421da7adbd6f3273572d79ece4f0e1ece68930294a1a34	1	125	1	1	0	false	false	0	0	true	NA
19471	11642	+	128468	245294	30	1b546d63ed44f47cb48a751cd29774429838d5e570c0f41db2efd29c4adb3f4e	1	34375	11	11	1	true	false	0	0	true	0.122122916675340
19471	11642	-	128468	7828	25	6e3658e844797fd2828167c923273f19cbc7b600671ef41c94c3f8a9a5413464	1	1375	11	11	1	false	false	0	0	true	NA
19477	4073	+	120935	237797	27	8a9030fd27221451d2f31f2ea7653ba3c4fa227bac32d98639d3f55765a0a11f	1	6875	11	11	1	true	false	0	0	true	0.122868911130243
19477	4073	-	120935	15403	22	3c081d2421fb22c26f66c2ae96b1098b74fce2ed6a6a12e023800f9e7be58f61	1	125	1	1	0	false	false	0	0	true	NA
19477	15403	+	132265	249127	22	3c081d2421fb22c26f66c2ae96b1098b74fce2ed6a6a12e023800f9e7be58f61	1	125	1	1	0	true	false	0	0	true	0.00000000000000
19477	15403	-	132265	4073	22	3c081d2421fb22c26f66c2ae96b1098b74fce2ed6a6a12e023800f9e7be58f61	1	125	1	1	0	false	false	0	0	true	NA
19483	300	+	117198	234096	19	2dce6e2e823344b74b21188d69641e51f7c6602ae9889c2c963892ace8197513	1	25	1	1	0	true	false	0	0	true	0.00000000000000
19483	300	-	117198	19182	19	2dce6e2e823344b74b21188d69641e51f7c6602ae9889c2c963892ace8197513	1	25	1	1	0	true	true	0	0	true	0.00000000000000
19483	19182	+	136080	252978	24	e82f0e2198ee8b894bbedc374c3bf56688e957d6f9ac9b46f46ae4e0666566df	1	625	1	1	0	true	false	0	0	true	0.00000000000000
19483	19182	-	136080	300	15	e33c60b65dab0b526926b895e7e2d38d4fd29687e2d6de1b504df442c75df66a	1	1	1	1	0	false	false	0	0	true	NA
19489	993	+	117927	234861	24	79d9d461927fc9708acd5a235002b03d32815c2de74c7da85ab217eb24520a8a	1	625	1	1	0	true	false	0	0	true	0.00000000000000
19489	993	-	117927	18495	17	432c065f9cd8676eb467b945f3941bda17e6b1046ef6fff17ee513d927ff2081	1	5	1	1	0	true	true	0	0	true	0.00000000000000
19489	4496	+	121430	238364	24	79d9d461927fc9708acd5a235002b03d32815c2de74c7da85ab217eb24520a8a	1	625	1	1	0	true	false	0	0	true	0.00000000000000
19489	4496	-	121430	14992	19	ac449f7ba7716e25461dc426ea940ccdfdc4b34920b387d3c72248860d893726	1	25	1	1	0	false	false	0	0	true	NA
19489	8664	+	125598	242532	24	79d9d461927fc9708acd5a235002b03d32815c2de74c7da85ab217eb24520a8a	1	625	1	1	0	true	false	0	0	true	0.00000000000000
19489	8664	-	125598	10824	26	e1bcea6c5d199f85ada5bdd295c63a63aedffe81481e5e493e3e55d35a75b3d9	1	2375	19	19	1	false	false	0	0	true	NA
19489	10824	+	127758	244692	33	4e25fc7eb8d7a3bd25d2d0d35da3f8f228b9c8c6f7a91ca184e57af101df7474	1	329375	31	31	1	true	false	0	0	true	0.174987645302017
19489	10824	-	127758	8664	22	329f1b842dcdad05b88d7143e03b4ec5b04c4f53c1572a223af46009c7d869fb	1	125	1	1	0	false	false	0	0	true	NA
19489	14992	+	131926	248860	24	1b96e3357ef03b6e46096015fc9941c867e21f08a612c9ff44fc18da2bb0816d	1	775	31	31	1	true	false	0	0	true	0.174407108499878
19489	14992	-	131926	4496	24	ec64a6f935b88f34793347b4c374f9a061390de2ac06da8a724b47b247c59ed7	1	475	19	19	1	false	false	0	0	true	NA
19489	18495	+	135429	252363	26	d45bccd5cb2ed9b96d614907d2c8bbf5046cef9011e58cf2ac473f3710c61683	1	3125	1	1	0	true	false	0	0	true	0.00000000000000
19489	18495	-	135429	993	22	329f1b842dcdad05b88d7143e03b4ec5b04c4f53c1572a223af46009c7d869fb	1	125	1	1	0	false	false	0	0	true	NA
19501	4452	+	121458	238464	31	9081fd9a2716a9d622144dcbe3f4b71c169b7747eae452125c15660d3da12d30	1	59375	19	19	1	true	false	0	0	true	0.150813321125443
19501	4452	-	121458	15048	19	43f9e0429f8fbfa7827210467c06791ddd5f0c6d43ae1d0e1a45a2772d8d1ef2	1	25	1	1	0	false	false	0	0	true	NA
19501	15048	+	132054	249060	19	43f9e0429f8fbfa7827210467c06791ddd5f0c6d43ae1d0e1a45a2772d8d1ef2	1	25	1	1	0	true	false	0	0	true	0.00000000000000
19501	15048	-	132054	4452	19	43f9e0429f8fbfa7827210467c06791ddd5f0c6d43ae1d0e1a45a2772d8d1ef2	1	25	1	1	0	false	false	0	0	true	NA
19507	1622	+	118664	235706	19	db0b1f1d70d9409ea842d15805678b251fa9afb6ad99d788bd11b4f139685114	1	25	1	1	0	true	false	0	0	true	0.00000000000000
19507	1622	-	118664	17884	32	15b9784c412b6cd5fbf9264b08b5d4953b0c166e6f1f06c590326247b4f7e267	1	197825	7913	41*193	2	true	false	0	0	true	0.460851012185638
19507	17884	+	134926	251968	24	8687578a6559b614c3cb979d37bb4f91b945f47bc4061afe45b07b8b27c2cffe	1	625	1	1	0	true	false	0	0	true	0.00000000000000
19507	17884	-	134926	1622	15	842983de8fb1d277a3fad5c8295c7a14317c458718a10c5a35b23e7f992a5c80	1	1	1	1	0	false	false	0	0	true	NA
19553	521	+	117839	235157	35	bdb6b30b9d9d79af65e676850226613cbca8056799becec0c784a0d67abdbdc8	1	1065625	341	11*31	2	true	false	0	0	true	0.299633579885492
19553	521	-	117839	19031	26	cc081b6b938e9a08f67c95fb4f6c614ce12a1a53efa2974b40a124f9e45e811f	1	3125	1	1	0	true	true	0	0	true	0.00000000000000
19553	8694	+	126012	243330	24	1efaac236b67fb8b1b7e27e52ecf9a2410852a7467926486077d81ee20627426	1	625	1	1	0	true	false	0	0	true	0.00000000000000
19553	8694	-	126012	10858	24	1efaac236b67fb8b1b7e27e52ecf9a2410852a7467926486077d81ee20627426	1	625	1	1	0	false	false	0	0	true	NA
19553	10858	+	128176	245494	29	a895fb184df5433a08d249470d739509da917558b4f60409b7e5a809a0bd1fac	1	19375	31	31	1	true	false	0	0	true	0.174931085177910
19553	10858	-	128176	8694	28	898608c2675f983a5a05e0d2f0672385b421f9742c6321db50eaf513e5ac229a	1	10625	17	17	1	false	false	0	0	true	NA
19553	19031	+	136349	253667	30	967873ad5443ec6a2177a588d8d12cb2e01cfe0a1ad32a42b6c02ad92e2c10ac	1	53125	1	1	0	true	false	0	0	true	0.00000000000000
19553	19031	-	136349	521	21	83da51498a614b2c0d605901aa6f143ef795e33a5015c2ff90e4d3bbb57c1eff	1	85	17	17	1	false	false	0	0	true	NA
19571	7562	+	124988	242414	23	80babc54cbb78fa720f6ad5718846baf6cc1229314670d84fdaffa3abf87a5ab	1	275	11	11	1	true	false	0	0	true	0.122460472011691
19571	7562	-	124988	12008	24	283fe76804c3fcda83e08ea5f8529c1b1f34de8c2cab5e917242443c4f137cb9	1	625	1	1	0	false	false	0	0	true	NA
19571	12008	+	129434	246860	23	6b16429ea4bda08dc410d74d3a3b2ba5a4ee8e236feccb80e63232c19d1457da	1	425	1	1	0	true	false	0	0	true	0.00000000000000
19571	12008	-	129434	7562	15	b20267df989b21456a90195b14b8894d32feec06b28f66463760bc78df5483bd	1	1	1	1	0	false	false	0	0	true	NA
19577	1664	+	119126	236588	30	6fa39cea5e9b53480e577574d78018c42008cd003fa4244f048e8703ac529a57	1	34375	11	11	1	true	false	0	0	true	0.123067402449669
19577	1664	-	119126	17912	32	dbc5e2a79c6a18fa28d4bfe5554f0f9849abc0beb004e252cae0f71a750f19c2	1	116875	187	11*17	2	true	false	0	0	true	0.268476674820363
19577	5941	+	123403	240865	25	2b0e1cec7dd25f19c49ce16b38d7e1ae22c5935ef88b98dbddd45e606962e53e	1	1375	11	11	1	true	false	0	0	true	0.122605728521080
19577	5941	-	123403	13635	17	ee5679f29f748143506b0bfbf0e8d8e7698acbed983a2478a69d35d44e8c27d3	1	5	1	1	0	false	false	0	0	true	NA
19577	13635	+	131097	248559	30	6fa39cea5e9b53480e577574d78018c42008cd003fa4244f048e8703ac529a57	1	34375	11	11	1	true	false	0	0	true	0.121869845037508
19577	13635	-	131097	5941	28	bc8d22fcde9381b010facf38cd22c6cfec38232666a94717a0e136f4db103525	1	6875	11	11	1	false	false	0	0	true	NA
19577	17912	+	135374	252836	28	b564540251a5b166935f35607ca7f6df2d968029609e486d115b8692383b8cd9	1	10625	1	1	0	true	false	0	0	true	0.00000000000000
19577	17912	-	135374	1664	24	7bc7312a2eb307ae80f3fdc36047db6c73a6514f5adaa7253251f30a93859195	1	625	1	1	0	false	false	0	0	true	NA
19583	1454	+	118952	236450	24	9194c7df340043dbea653945e23d2ce828c2ec1fd5702a63dc6d2812f6f858bb	1	625	1	1	0	true	false	0	0	true	0.00000000000000
19583	1454	-	118952	18128	28	b6bc17d314ecd4c0535f871f90777531017eca7668fdab00a719dc9a75b74df3	1	7225	289	17^2	1	true	false	0	0	true	0.290836088944625
19583	6933	+	124431	241929	24	dc769d7a435639ab5069407af69af8be076cff278e88fb0a25b13327924a9f98	1	605	121	11^2	1	true	false	0	0	true	0.245033283061546
19583	6933	-	124431	12649	24	dc769d7a435639ab5069407af69af8be076cff278e88fb0a25b13327924a9f98	1	605	121	11^2	1	false	false	0	0	true	NA
19583	12649	+	130147	247645	22	5da38cc7bd0d8bb775fa160b94bfbf34cc813416bb13e943597614a23c2d9433	1	125	1	1	0	true	false	0	0	true	0.00000000000000
19583	12649	-	130147	6933	26	e4b2e077a04480f1cda0091d5cf482cdf76c929b93c07eb95fee21474fde6d83	1	3125	1	1	0	false	false	0	0	true	NA
19583	18128	+	135626	253124	19	9ddf4337c06e27af00f78ee189050d56b133f14b595cded25fe9c1a424113c8d	1	25	1	1	0	true	false	0	0	true	0.00000000000000
19583	18128	-	135626	1454	22	5da38cc7bd0d8bb775fa160b94bfbf34cc813416bb13e943597614a23c2d9433	1	125	1	1	0	false	false	0	0	true	NA
19597	3576	+	121158	238740	24	ea07050c1d2d76a8d59eb5dda4b36b0387b908249f2d0aa0788a445671d3fc91	1	625	1	1	0	true	false	0	0	true	0.00000000000000
19597	3576	-	121158	16020	23	bf50a1791ea811801ab7d6b9dbb3c7075dbe3c792a2c12b299cb1c3300a21dae	1	425	17	17	1	false	false	0	0	true	NA
19597	16020	+	133602	251184	30	69a27b7791bccf2d39594a0f42ba6bc1ae4e7e3da33615e3df5ac866e4fefb36	1	53125	1	1	0	true	false	0	0	true	0.00000000000000
19597	16020	-	133602	3576	24	ea07050c1d2d76a8d59eb5dda4b36b0387b908249f2d0aa0788a445671d3fc91	1	625	1	1	0	false	false	0	0	true	NA
19603	5012	+	122630	240248	28	43522ef084db4ff49a2daf68465f01b3f6639d3c44a79613718229a86e272ad4	1	6875	11	11	1	true	false	0	0	true	0.122704182839838
19603	5012	-	122630	14590	24	1a6c5b437f6245ab453a042fe945445046292443488a8752571cef534a4796dc	1	625	1	1	0	false	false	0	0	true	NA
19603	14590	+	132208	249826	24	1a6c5b437f6245ab453a042fe945445046292443488a8752571cef534a4796dc	1	625	1	1	0	true	false	0	0	true	0.00000000000000
19603	14590	-	132208	5012	19	8797eec18c94d8625e0cf3c439e10cad1fb3d51813c5eff598167ee0b97e44b1	1	25	1	1	0	false	false	0	0	true	NA
19661	9281	+	127247	245213	27	d328bcddbb4ac4ca4ed811558e24f292ec0a8d92e580c95926530c1ccaad1d8b	1	3875	31	31	1	true	false	0	0	true	0.175058159613888
19661	9281	-	127247	10379	22	e28880e3b90bfbf1aa1c735b35ea2b8872a93b341d52f06880a99ff5069ff629	1	125	1	1	0	false	false	0	0	true	NA
19661	10379	+	128345	246311	24	0910e980cbf52b177275b5a518919a569e4f72062bf7f0744710bab3de065b16	1	625	1	1	0	true	false	0	0	true	0.00000000000000
19661	10379	-	128345	9281	22	e28880e3b90bfbf1aa1c735b35ea2b8872a93b341d52f06880a99ff5069ff629	1	125	1	1	0	false	false	0	0	true	NA
19681	1332	+	119418	237504	23	7c96d2a04fafaaf7788945404fb2963a748d5b9995f019654d5949c036a1f291	1	425	1	1	0	true	false	0	0	true	0.00000000000000
19681	1332	-	119418	18348	33	891f1b41b21697938460bd8bd2812fcee89e402e47f02ba212bbf761b1224a16	1	435625	697	17*41	2	true	false	0	0	true	0.335888030430969
19681	5742	+	123828	241914	23	924bea92ddfc9676fc0c49da6fb032d7dfbfc6d55c5f9f582ce7f3e2ded7edf5	1	275	11	11	1	true	false	0	0	true	0.122570285180297
19681	5742	-	123828	13938	32	1c994b7249a138ea7c3124e8eac86aa14e06488c13b904ee470c99ad2a28a12d	1	116875	187	11*17	2	false	false	0	0	true	NA
19681	8582	+	126668	244754	28	aff214c1479676f38aea26ee34be5f140280f13c8db554f866ba6ce77397d8b2	1	10625	1	1	0	true	false	0	0	true	0.00000000000000
19681	8582	-	126668	11098	29	148fde5b95162dcd78c40e34eb34fb2bd1e7c6b437bf5af4736ab00497d1222b	1	15625	1	1	0	false	false	0	0	true	NA
19681	11098	+	129184	247270	19	b0347b4b1615605245822225eaf3884f1912add53a357279fdba445316e13c25	1	25	1	1	0	true	false	0	0	true	0.00000000000000
19681	11098	-	129184	8582	26	de0325644d4de15fd5898a85ccc9e21626b5be217278058d6bc489cf489d1db2	1	3125	1	1	0	false	false	0	0	true	NA
19681	13938	+	132024	250110	19	b0347b4b1615605245822225eaf3884f1912add53a357279fdba445316e13c25	1	25	1	1	0	true	false	0	0	true	0.00000000000000
19681	13938	-	132024	5742	19	b0347b4b1615605245822225eaf3884f1912add53a357279fdba445316e13c25	1	25	1	1	0	false	false	0	0	true	NA
19681	18348	+	136434	254520	34	5dc127ca941a4ea41f37fb65f037e044dba208e686d164f183261c80661a860e	1	584375	11	11	1	true	false	0	0	true	0.121372829513521
19681	18348	-	136434	1332	19	b0347b4b1615605245822225eaf3884f1912add53a357279fdba445316e13c25	1	25	1	1	0	false	false	0	0	true	NA
19687	1492	+	119614	237736	31	b40fdeef827b94b33ed83fbc7d16e6e8d3425573ba94208fca978e8ec15afe17	1	59375	19	19	1	true	false	0	0	true	0.151052267372325
19687	1492	-	119614	18194	27	6979b58faa2674f7fc3e1a26fa2e6477c33b109c2acb4ccda1fa4d154a710498	1	5125	41	41	1	true	false	0	0	true	0.190509460272468
19687	18194	+	136316	254438	26	e404191257ed5551bde02d7a61405fffe60e2cc5bd667b98c71310550f347bd3	1	3125	1	1	0	true	false	0	0	true	0.00000000000000
19687	18194	-	136316	1492	28	daa96ae2f581d3f4ab8554f9912c34ccf8292211ac582c4c444afdfcc04984de	1	11875	19	19	1	false	false	0	0	true	NA
19697	8765	+	126947	245129	31	265dbafbdeb6ebededd73390a066ad63cf78a739a0f63712e4f4935b9c7c3df8	1	73625	589	19*31	2	true	false	0	0	true	0.325229456787322
19697	8765	-	126947	10931	22	b2814ef62b4173600a71ef9efca777e6d7c14b75a5a8062dfa250504787d9f61	1	125	1	1	0	false	false	0	0	true	NA
19697	10931	+	129113	247295	26	95d5b0f949c8874ad931ee93ae8deb7cdc74a9cd5ea58f0dce7a00ce46f58817	1	2375	19	19	1	true	false	0	0	true	0.149876656494144
19697	10931	-	129113	8765	17	b6f30f83e9b5236e932a01a1590809459dbec81e6ea6fca44c075434e0eed875	1	5	1	1	0	false	false	0	0	true	NA
19699	5504	+	123698	241892	28	b4c54dd865311dc271c6ef4faa5fce8461b8c71cefc2c05f5c8783830ffcb1df	1	13175	31	31	1	true	false	0	0	true	0.175557304034791
19699	5504	-	123698	14194	19	8c1779873eccd6b58e0902c1c69e44076deebf17a06c5250d9bb1781f1428439	1	25	1	1	0	false	false	0	0	true	NA
19699	14194	+	132388	250582	24	8750c3881933276ed1bf6df275cf284ff249b219d04844442b679041cb7dadf5	1	625	1	1	0	true	false	0	0	true	0.00000000000000
19699	14194	-	132388	5504	28	9510a19c3edb5135d4cfbe77f614df11adb3e91912b88f57ecc8af87d74e2a85	1	11275	451	11*41	2	false	false	0	0	true	NA
19717	5875	+	124177	242479	26	119645fb6c9c058e9ce31a0a6538f6c072973e4ec799c888e0ff3b614fa041c1	1	1705	341	11*31	2	true	false	0	0	true	0.298032466591486
19717	5875	-	124177	13841	22	8958f1ecd9300ed05f974f2df91d9195d881dc03e176138c27c517a774e16757	1	125	1	1	0	false	false	0	0	true	NA
19717	13841	+	132143	250445	22	8958f1ecd9300ed05f974f2df91d9195d881dc03e176138c27c517a774e16757	1	125	1	1	0	true	false	0	0	true	0.00000000000000
19717	13841	-	132143	5875	17	91a96faaaab2e5c5bfc93783ce83836631224ed39dd0ef01b5d37d0182dbcf1a	1	5	1	1	0	false	false	0	0	true	NA
19739	3873	+	122307	240741	27	b56e5a9653cd8da62c79bc6dffa3f45a2d116e60de4bca6796478f60b599585e	1	3875	31	31	1	true	false	0	0	true	0.175765861446437
19739	3873	-	122307	15865	26	66d9bf894bce8387c43af6bd805d2005b26628041c0f7ceccf9ce4bb7923d2a0	1	2125	17	17	1	false	false	0	0	true	NA
19739	15865	+	134299	252733	22	d37a9ef36bb42997ebb813ced3682e68ab0c569c601511b48bcbed113e11a1e1	1	125	1	1	0	true	false	0	0	true	0.00000000000000
19739	15865	-	134299	3873	22	d37a9ef36bb42997ebb813ced3682e68ab0c569c601511b48bcbed113e11a1e1	1	125	1	1	0	false	false	0	0	true	NA
19751	969	+	119475	237981	24	e269e62dfa4a87b9671f0e4ae28feb05332225b243ab7869a9976b0507873f87	1	625	1	1	0	true	false	0	0	true	0.00000000000000
19751	969	-	119475	18781	24	e269e62dfa4a87b9671f0e4ae28feb05332225b243ab7869a9976b0507873f87	1	625	1	1	0	true	true	0	0	true	0.00000000000000
19751	7163	+	125669	244175	25	30f389237b7a09ea433e23048bce8a36e9bd22dbc5f40f92bf2657dbf3194801	1	1375	11	11	1	true	false	0	0	true	0.122394858670590
19751	7163	-	125669	12587	21	3094efe5df5e1e8f13cc44fd7ecba6b7b7ff64c54ed9fac541e1d5264ddaa4fd	1	55	11	11	1	false	false	0	0	true	NA
19751	12587	+	131093	249599	31	4923c5c44a091878ca32759ca1f7bd319b0544fb15110edd47955f36dad4be78	1	83875	671	11*61	2	true	false	0	0	true	0.330799553719438
19751	12587	-	131093	7163	40	a5da575a78bffe76f923977b8d46c27e99d9f36b2f89ea3f9024bf8983f03e3c	1	52421875	671	11*61	2	false	false	0	0	true	NA
19751	18781	+	137287	255793	26	7ad98838f0a8e9d380fda26729b7453f2b48f9aa07be214bbdea7f383a66d59f	1	3125	1	1	0	true	false	0	0	true	0.00000000000000
19751	18781	-	137287	969	24	e269e62dfa4a87b9671f0e4ae28feb05332225b243ab7869a9976b0507873f87	1	625	1	1	0	false	false	0	0	true	NA
19801	1201	+	120007	238813	28	7225566d1dbbffee7138e9a2112342f8d54b4e21f96505d8665189c6759013a8	1	11875	19	19	1	true	false	0	0	true	0.150992564011488
19801	1201	-	120007	18599	22	f24c7737b95d7f11aa91fe1c499c4d8ada2a24a2fce3b6257c95830b10dc7369	1	125	1	1	0	true	true	0	0	true	0.00000000000000
19801	18599	+	137405	256211	26	6a02d95e6b7d3d9b4e2856e5b69f5d015d7284fbec64a77501e6bbdad7812c27	1	3125	1	1	0	true	false	0	0	true	0.00000000000000
19801	18599	-	137405	1201	22	f24c7737b95d7f11aa91fe1c499c4d8ada2a24a2fce3b6257c95830b10dc7369	1	125	1	1	0	false	false	0	0	true	NA
19843	4833	+	123891	242949	28	7509c3de25b4066af77eaf03c5cf706c46c159fc299b7b456c76e184a30340b0	1	6875	11	11	1	true	false	0	0	true	0.122570285180297
19843	4833	-	123891	15009	25	4f5219efa794c957c1325336dcf641edc8fe2ca6083645dc4466fa7ef3f7f7c4	1	935	187	11*17	2	false	false	0	0	true	NA
19843	15009	+	134067	253125	22	aabcc17b6aae5d0a5df486b39dc1f79ebea5bf569fe09c2890574b9d2d10f704	1	125	1	1	0	true	false	0	0	true	0.00000000000000
19843	15009	-	134067	4833	24	d0ff1fdc192b871975a0eae692d2b15475aaacb49160e44674ec64365056fb34	1	625	1	1	0	false	false	0	0	true	NA
19853	6750	+	125868	244986	31	07500c073078d254dbe6fbd6718191eeddc2e2de0610255e02b2c5e7a22ac565	1	96875	31	31	1	true	false	0	0	true	0.175249842223699
19853	6750	-	125868	13102	15	36d96f51003ac3fcd5fe773bc689a0fc4b473700ea4ccbaf5c7d0463e2b1a231	1	1	1	1	0	false	false	0	0	true	NA
19853	13102	+	132220	251338	26	18b3b890dd9ad33f36939f546e961df94dfd8536ff1f911d4770b28b87c2222b	1	3125	1	1	0	true	false	0	0	true	0.00000000000000
19853	13102	-	132220	6750	15	36d96f51003ac3fcd5fe773bc689a0fc4b473700ea4ccbaf5c7d0463e2b1a231	1	1	1	1	0	false	false	0	0	true	NA
19861	3038	+	122204	241370	25	88e0d98e76657123653dab382da4f1cef6d65725317228072b6043cd00fa2a64	1	1375	11	11	1	true	false	0	0	true	0.122741524191221
19861	3038	-	122204	16822	19	314e00d40628b290513969cfbf000c13f817fa6e1b2bbf1f078a17c2ea955dc8	1	25	1	1	0	false	false	0	0	true	NA
19861	16822	+	135988	255154	34	8e54fbc3f6822db2463f20c7a160980a5b66f70316cf615169e70e715565d60b	1	484375	31	31	1	true	false	0	0	true	0.173882998040800
19861	16822	-	135988	3038	22	d33ff47d7eb6d3add18e0bd363802ce2d1b3787c7a0f2e0e85cd736fedbfa58a	1	125	1	1	0	false	false	0	0	true	NA
19891	3070	+	122416	241762	24	410ca857a8f09fab16b8b5139cfb5f27c7b9c42a9ddcf2eeeeab4b1e453de187	1	625	1	1	0	true	false	0	0	true	0.00000000000000
19891	3070	-	122416	16820	25	9bd25c425295055200b888bf94bf3b189d6010e99629e1780fdfb3a4be9536ad	1	1475	59	59	1	false	false	0	0	true	NA
19891	16820	+	136166	255512	28	fca76cab22ff4d26c00f890b468d96ea5353978151bb238d9fb07f4134fb7be8	1	10625	1	1	0	true	false	0	0	true	0.00000000000000
19891	16820	-	136166	3070	15	40dbd933089a6ac56d32c823c587db3367aace3883506e035fb00802ee327b25	1	1	1	1	0	false	false	0	0	true	NA
19913	1304	+	120782	240260	24	fe702ac34603d99a6812b40177841dbe61c9dc3b36a7cea13f160b8a33370ede	1	475	19	19	1	true	false	0	0	true	0.150904422231586
19913	1304	-	120782	18608	28	f167dc3d5c67c13d8a31bd97bb63174a879dfdbd9c8bb485af1b36cb536e916a	1	11875	19	19	1	true	true	0	0	true	0.150904422231586
19913	2022	+	121500	240978	27	dee9f795e0e4c9ec078c1794b90e72e560a2cac5bfede0098c11e2997de73815	1	5225	209	11*19	2	true	false	0	0	true	0.273632830159418
19913	2022	-	121500	17890	26	d3210136ecd99bf7aeb1b675f7c923b2b0052552f9f5f3d1eb60fada140027fd	1	2375	19	19	1	true	false	0	0	true	0.150813321125443
19913	17890	+	137368	256846	24	89894f3171e69de0444e557ece7788a2b1af83c43b5aeff2ac69def4008e0f01	1	625	1	1	0	true	false	0	0	true	0.00000000000000
19913	17890	-	137368	2022	19	87f489e638c60ad419503c78cde7a724b2c80e2ea014e64b11f73e96e0ca1b02	1	25	1	1	0	false	false	0	0	true	NA
19913	18608	+	138086	257564	24	ea2fd4af2cc078ee53185161a4d7bd5070116d8a003ca04e1828e7fd0d2f2acc	1	425	1	1	0	true	false	0	0	true	0.00000000000000
19913	18608	-	138086	1304	15	8c5e5a01b4a2a846687fcf51d8d506b5916fb0d69e58d435b611e6331356a15c	1	1	1	1	0	false	false	0	0	true	NA
19919	1239	+	120753	240267	31	7791e9de2ad2469d42c328614f04837a62efe9d6a60b0fe90c9f583ce4196c64	1	73625	589	19*31	2	true	false	0	0	true	0.326898510990115
19919	1239	-	120753	18679	17	27478785327eab2579ac5a719582515170c0c74dff82bb17786ed27a0ec98fed	1	5	1	1	0	true	true	0	0	true	0.00000000000000
19919	18679	+	138193	257707	33	c671e3ec08ab2952c45bf3846b898d383e8e4e008bd739b51507c584acaaa56c	1	265625	1	1	0	true	false	0	0	true	0.00000000000000
19919	18679	-	138193	1239	17	27478785327eab2579ac5a719582515170c0c74dff82bb17786ed27a0ec98fed	1	5	1	1	0	false	false	0	0	true	NA
19927	3314	+	122876	242438	33	d3a25a933150ef1fe91165c7b4f979b49f9bdaf28541c62311bd4cff75be1071	1	265375	2123	11*193	2	true	false	0	0	true	0.391890254070722
19927	3314	-	122876	16612	31	eef15a10cc80a62e06720505afb3a0ada477929ec995551b638f5d5b7cbdbabe	1	79475	3179	11*17^2	2	false	false	0	0	true	NA
19927	4362	+	123924	243486	25	f0ea9f3e421e0d257f1f1d3c0910a15ce82db3b1dc0eeccda44f3d71c6f5295e	1	1375	11	11	1	true	false	0	0	true	0.122570285180297
19927	4362	-	123924	15564	23	851944078ffbe3a57f3098a94acda04031e3a4cd08821c8fbb0c98a591e88516	1	289	289	17^2	1	false	false	0	0	true	NA
19927	15564	+	135126	254688	30	e21803e108240c2ceb937e42a801c316a54acb6c6fd81be4a2bc7f4767afc8cf	1	34375	11	11	1	true	false	0	0	true	0.121494523491435
19927	15564	-	135126	4362	19	91c5367902f5abfe3dbe613aad426039b09d3c7cdcb3dce18c8a032c04849e97	1	25	1	1	0	false	false	0	0	true	NA
19927	16612	+	136174	255736	37	a8b0afd8d6cc1d9335135a469bf7f8aee9a754b645c81dc56330bed3207f0767	1	3623125	341	11*31	2	true	false	0	0	true	0.295256420089625
19927	16612	-	136174	3314	30	55a4371aae1311d99dd4da46694979365652d3c84af18b0320bddbe73d814d75	1	44825	1793	11*163	2	false	false	0	0	true	NA
19937	5201	+	124823	244445	32	ab4e7ed2cd531c27e465f099b6b6cbe1eedd7f21c7149900611aa3b624d55976	1	133375	1067	11*97	2	true	false	0	0	true	0.356143871613321
19937	5201	-	124823	14735	17	ebea1ff82baafe63b08ab522ea2d4c6d8f3bb28e51c27942cf1c5bdc1a27e8c5	1	5	1	1	0	false	false	0	0	true	NA
19937	14735	+	134357	253979	26	154a003a58a29edac709a4f591b563a51bdf93b19fc71038fa3d397a16af2471	1	2375	19	19	1	true	false	0	0	true	0.149266450411531
19937	14735	-	134357	5201	22	907d1196d405fc67205318cf4e90e467f50358c4f7b56fedcae7146882dac601	1	125	1	1	0	false	false	0	0	true	NA
19949	593	+	120287	239981	26	226d6cdc3b56be377124972f07d2c7f988c68ca931774b3fc2f85783bb9b5f28	1	3125	1	1	0	true	false	0	0	true	0.00000000000000
19949	593	-	120287	19355	26	fcdfa40999badfd5af392ef8a2ac44fc964f556e0a9d4f6620043c6dc1d10a1c	1	2125	17	17	1	true	true	0	0	true	0.145262823174231
19949	2563	+	122257	241951	22	fe84db34372efe4c5642f3b16c406e058c6c3c8e7c91f577ab98d3bbe55aceb8	1	125	1	1	0	true	false	0	0	true	0.00000000000000
19949	2563	-	122257	17385	17	72beb52f96d1551d5ffa382efe72b2e88d023b86c930cc8610f99a5a7e5bae87	1	5	1	1	0	false	false	0	0	true	NA
19949	17385	+	137079	256773	22	fe84db34372efe4c5642f3b16c406e058c6c3c8e7c91f577ab98d3bbe55aceb8	1	125	1	1	0	true	false	0	0	true	0.00000000000000
19949	17385	-	137079	2563	19	cb55a6076a1d1edf302304154feca8dabb3f77bd0b93d0548452c7aeb5c53916	1	25	1	1	0	false	false	0	0	true	NA
19949	19355	+	139049	258743	24	8059471de224a7fe73be8ba148b5ad34a7d661da235e55c0a94157235b8d3939	1	625	1	1	0	true	false	0	0	true	0.00000000000000
19949	19355	-	139049	593	22	fe84db34372efe4c5642f3b16c406e058c6c3c8e7c91f577ab98d3bbe55aceb8	1	125	1	1	0	false	false	0	0	true	NA
