X,rank_abs_C,p,q,r,zp,zq,zr,Hpqr,den,base_num,single_total_num,pair_total_num,primitive_num,lower_exact,C_exact,C_decimal,abs_C_decimal,total_excess_exact,scaled_reconstruction_error
32,1,37,41,61,2,2,2,0,92537,8192,-36,596,-8752,8752/92537,-8752/92537,-0.094578384862271311,0.094578384862271311,-8192/92537,0
32,2,37,41,59,2,2,2,0,89503,8192,172,-444,-7920,7920/89503,-7920/89503,-0.088488654011597376,0.088488654011597376,-8192/89503,0
32,3,41,59,61,2,2,2,0,147559,8192,-64,2430,-10558,10558/147559,-10558/147559,-0.071551040600708868,0.071551040600708868,-8192/147559,0
32,4,37,59,61,2,2,2,0,133163,8192,24,334,-8550,8550/133163,-8550/133163,-0.064207024473765237,0.064207024473765237,-8192/133163,0
128,1,163,193,241,2,4,2,1,7581619,262144,360,-192296,7511411,70208/7581619,7511411/7581619,0.9907397087614136,0.9907397087614136,7319475/7581619,0
128,2,179,191,251,2,2,2,1,8581439,131072,-260,25682,8424945,156494/8581439,8424945/8581439,0.9817636645788661,0.9817636645788661,8450367/8581439,0
128,3,139,191,197,2,2,2,1,5230153,131072,216,27354,5071511,158642/5230153,5071511/5230153,0.96966780895319893,0.96966780895319893,5099081/5230153,0
128,4,181,227,233,4,2,2,1,9573271,262144,-16,138460,9172683,400588/9573271,9172683/9573271,0.9581555771271909,0.9581555771271909,9311127/9573271,0
128,5,193,227,241,4,2,2,1,10558451,262144,-240,188244,10108303,450148/10558451,10108303/10558451,0.95736609470461154,0.95736609470461154,10296307/10558451,0
128,6,139,151,197,2,2,2,1,4134833,131072,-124,58230,3945655,189178/4134833,3945655/4134833,0.95424772898929655,0.95424772898929655,4003761/4134833,0
128,7,179,193,211,2,4,2,1,7289417,262144,1432,115016,6910825,378592/7289417,6910825/7289417,0.94806278746297545,0.94806278746297545,7027273/7289417,0
128,8,163,181,191,2,4,2,1,5635073,262144,576,33078,5339275,295798/5635073,5339275/5635073,0.9475076897850303,0.9475076897850303,5372929/5635073,0
128,9,181,197,211,4,2,2,1,7523627,262144,600,135688,7125195,398432/7523627,7125195/7523627,0.94704256338066728,0.94704256338066728,7261483/7523627,0
128,10,179,181,193,2,4,4,1,6253007,524288,384,56432,5671903,581104/6253007,5671903/6253007,0.90706807140948342,0.90706807140948342,5728719/6253007,0
128,11,163,181,193,2,4,4,0,5694079,524288,480,78508,-603276,603276/5694079,-603276/5694079,-0.10594795049383754,0.10594795049383754,-524288/5694079,0
128,12,181,193,211,4,4,2,0,7370863,524288,2928,242832,-770048,770048/7370863,-770048/7370863,-0.10447189155462529,0.10447189155462529,-524288/7370863,0
128,13,139,181,193,2,4,4,0,4855687,524288,1136,-77124,-448300,448300/4855687,-448300/4855687,-0.09232473180417107,0.09232473180417107,-524288/4855687,0
128,14,181,193,233,4,4,2,0,8139389,524288,1920,196620,-722828,722828/8139389,-722828/8139389,-0.088806174517522138,0.088806174517522138,-524288/8139389,0
128,15,151,163,181,2,2,4,0,4454953,262144,-104,121262,-383302,383302/4454953,-383302/4454953,-0.086039516017340695,0.086039516017340695,-262144/4454953,0
128,16,151,181,193,2,4,4,0,5274883,524288,544,-111440,-413392,413392/5274883,-413392/5274883,-0.078369889910354415,0.078369889910354415,-524288/5274883,0
128,17,181,193,197,4,4,2,0,6881801,524288,-496,13820,-537612,537612/6881801,-537612/6881801,-0.078120829125980243,0.078120829125980243,-524288/6881801,0
128,18,139,151,193,2,2,4,0,4050877,262144,616,49574,-312334,312334/4050877,-312334/4050877,-0.077102810082853662,0.077102810082853662,-262144/4050877,0
128,19,181,191,193,4,2,4,0,6672203,524288,1904,-22252,-503940,503940/6672203,-503940/6672203,-0.075528277541915323,0.075528277541915323,-524288/6672203,0
128,20,151,163,193,2,2,4,0,4750309,262144,288,91616,-354048,354048/4750309,-354048/4750309,-0.074531572577699684,0.074531572577699684,-262144/4750309,0
128,21,139,151,163,2,2,2,0,3421207,131072,120,107302,-238494,238494/3421207,-238494/3421207,-0.069710485217643947,0.069710485217643947,-131072/3421207,0
128,22,181,193,241,4,4,2,0,8418853,524288,688,54728,-579704,579704/8418853,-579704/8418853,-0.068857836097150057,0.068857836097150057,-524288/8418853,0
128,23,181,193,227,4,4,2,0,7929791,524288,-720,17176,-540744,540744/7929791,-540744/7929791,-0.068191456748355667,0.068191456748355667,-524288/7929791,0
128,24,139,179,193,2,2,4,0,4802033,262144,536,55714,-318394,318394/4802033,-318394/4802033,-0.066304000826316684,0.066304000826316684,-262144/4802033,0
128,25,139,163,193,2,2,4,0,4372801,262144,584,4226,-266954,266954/4372801,-266954/4372801,-0.061048741984828486,0.061048741984828486,-262144/4372801,0
128,26,139,151,181,2,2,4,0,3799009,262144,224,-31136,-231232,231232/3799009,-231232/3799009,-0.060866399632114584,0.060866399632114584,-262144/3799009,0
128,27,181,233,241,4,2,2,0,10163693,262144,688,347768,-610600,610600/10163693,-610600/10163693,-0.060076588303090227,0.060076588303090227,-262144/10163693,0
128,28,163,181,233,2,4,2,0,6874199,262144,584,148646,-411374,411374/6874199,-411374/6874199,-0.059843190457535486,0.059843190457535486,-262144/6874199,0
128,29,139,163,181,2,2,4,0,4100917,262144,192,-18630,-243706,243706/4100917,-243706/4100917,-0.059427196405096715,0.059427196405096715,-262144/4100917,0
128,30,139,181,197,2,4,2,0,4956323,262144,-296,29284,-291132,291132/4956323,-291132/4956323,-0.058739513143110329,0.058739513143110329,-262144/4956323,0
128,31,181,211,233,4,2,2,0,8898503,262144,1808,246168,-510120,510120/8898503,-510120/8898503,-0.057326496378098654,0.057326496378098654,-262144/8898503,0
128,32,139,193,227,2,4,2,0,6089729,262144,-16,84782,-346910,346910/6089729,-346910/6089729,-0.056966410163736353,0.056966410163736353,-262144/6089729,0
128,33,139,193,197,2,4,2,0,5284919,262144,96,38368,-300608,300608/5284919,-300608/5284919,-0.05688034196929035,0.05688034196929035,-262144/5284919,0
128,34,163,181,211,2,4,2,0,6225133,262144,1088,87094,-350326,350326/6225133,-350326/6225133,-0.056276066712148964,0.056276066712148964,-262144/6225133,0
128,35,181,191,233,4,2,2,0,8055043,262144,1296,180952,-444392,444392/8055043,-444392/8055043,-0.055169413744904902,0.055169413744904902,-262144/8055043,0
128,36,179,181,241,2,4,2,0,7808159,262144,-80,167000,-429064,429064/7808159,-429064/7808159,-0.054950725260589597,0.054950725260589597,-262144/7808159,0
128,37,163,181,197,2,4,2,0,5812091,262144,-624,51990,-313510,313510/5812091,-313510/5812091,-0.053940999891433222,0.053940999891433222,-262144/5812091,0
128,38,179,181,233,2,4,2,0,7548967,262144,536,142728,-405408,405408/7548967,-405408/7548967,-0.053703771655115196,0.053703771655115196,-262144/7548967,0
128,39,139,193,211,2,4,2,0,5660497,262144,1808,38638,-302590,302590/5660497,-302590/5660497,-0.053456436775781352,0.053456436775781352,-262144/5660497,0
128,40,163,193,227,2,4,2,0,7141193,262144,-344,112424,-374224,374224/7141193,-374224/7141193,-0.052403568983501778,0.052403568983501778,-262144/7141193,0
128,41,139,179,181,2,2,4,0,4503461,262144,144,-27684,-234604,234604/4503461,-234604/4503461,-0.052094156027997135,0.052094156027997135,-262144/4503461,0
128,42,193,227,233,4,2,2,0,10207963,262144,376,256246,-518766,518766/10207963,-518766/10207963,-0.050819737493170772,0.050819737493170772,-262144/10207963,0
128,43,151,181,241,2,4,2,0,6586771,262144,0,72312,-334456,334456/6586771,-334456/6586771,-0.050776928482863609,0.050776928482863609,-262144/6586771,0
128,44,151,193,227,2,4,2,0,6615461,262144,-312,72040,-333872,333872/6615461,-333872/6615461,-0.050468440521378631,0.050468440521378631,-262144/6615461,0
128,45,179,181,211,2,4,2,0,6836189,262144,1040,78360,-341544,341544/6836189,-341544/6836189,-0.049961169885736047,0.049961169885736047,-262144/6836189,0
128,46,163,179,181,2,2,4,0,5281037,262144,-184,1574,-263534,263534/5281037,-263534/5281037,-0.049901941607301749,0.049901941607301749,-262144/5281037,0
128,47,181,191,197,4,2,2,0,6810487,262144,88,76232,-338464,338464/6810487,-338464/6810487,-0.049697473910456036,0.049697473910456036,-262144/6810487,0
128,48,163,193,211,2,4,2,0,6637849,262144,1480,63208,-326832,326832/6637849,-326832/6637849,-0.049237637071888801,0.049237637071888801,-262144/6637849,0
128,49,193,211,233,4,2,2,0,9488459,262144,2200,198070,-462414,462414/9488459,-462414/9488459,-0.048734362450214522,0.048734362450214522,-262144/9488459,0
128,50,139,181,241,2,4,2,0,6063319,262144,296,31208,-293648,293648/6063319,-293648/6063319,-0.048430240929101705,0.048430240929101705,-262144/6063319,0
128,51,191,193,227,2,4,2,0,8367901,262144,368,131354,-393866,393866/8367901,-393866/8367901,-0.04706867349410563,0.04706867349410563,-262144/8367901,0
128,52,151,193,211,2,4,2,0,6149173,262144,1512,24360,-288016,288016/6149173,-288016/6149173,-0.046838168319544758,0.046838168319544758,-262144/6149173,0
128,53,139,181,233,2,4,2,0,5862047,262144,912,9496,-272552,272552/5862047,-272552/5862047,-0.046494338922905255,0.046494338922905255,-262144/5862047,0
128,54,179,181,191,2,4,2,0,6188209,262144,528,21784,-284456,284456/6188209,-284456/6188209,-0.045967419652439015,0.045967419652439015,-262144/6188209,0
128,55,193,197,211,4,2,2,0,8022431,262144,992,98030,-361166,361166/8022431,-361166/8022431,-0.045019520890862134,0.045019520890862134,-262144/8022431,0
128,56,179,193,233,2,4,2,0,8049451,262144,928,91558,-354630,354630/8049451,-354630/8049451,-0.044056420742234467,0.044056420742234467,-262144/8049451,0
128,57,151,181,211,2,4,2,0,5766841,262144,1120,-9608,-253656,253656/5766841,-253656/5766841,-0.043985259867577411,0.043985259867577411,-262144/5766841,0
128,58,139,193,233,2,4,2,0,6250691,262144,1304,8140,-271588,271588/6250691,-271588/6250691,-0.043449276248018018,0.043449276248018018,-262144/6250691,0
128,59,139,151,179,2,2,2,0,3757031,131072,96,31906,-163074,163074/3757031,-163074/3757031,-0.043405018484010377,0.043405018484010377,-131072/3757031,0
128,60,181,227,241,4,2,2,0,9901967,262144,-632,165804,-427316,427316/9901967,-427316/9901967,-0.043154658059353257,0.043154658059353257,-262144/9901967,0
128,61,163,179,193,2,2,4,0,5631161,262144,208,-25384,-236968,236968/5631161,-236968/5631161,-0.042081552987030563,0.042081552987030563,-262144/5631161,0
128,62,163,193,233,2,4,2,0,7329947,262144,976,36934,-300054,300054/7329947,-300054/7329947,-0.040935357377072441,0.040935357377072441,-262144/7329947,0
128,63,139,181,211,2,4,2,0,5308549,262144,1416,-47832,-215728,1552/38191,-1552/38191,-0.04063784661307638,0.04063784661307638,-262144/5308549,0
128,64,151,181,197,2,4,2,0,5384207,262144,-592,-43368,-218184,218184/5384207,-218184/5384207,-0.040522959091283083,0.040522959091283083,-262144/5384207,0
128,65,181,211,251,4,2,2,0,9585941,262144,24,124460,-386628,386628/9585941,-386628/9585941,-0.040332816569599167,0.040332816569599167,-262144/9585941,0
128,66,151,163,227,2,2,2,0,5587151,131072,-344,89488,-220216,220216/5587151,-220216/5587151,-0.039414721384834595,0.039414721384834595,-131072/5587151,0
128,67,163,181,241,2,4,2,0,7110223,262144,-32,14762,-276874,276874/7110223,-276874/7110223,-0.038940269524598593,0.038940269524598593,-262144/7110223,0
128,68,151,179,193,2,2,4,0,5216597,262144,240,-61160,-201224,201224/5216597,-201224/5216597,-0.038573805873829241,0.038573805873829241,-262144/5216597,0
128,69,151,181,191,2,4,2,0,5220221,262144,608,-61704,-201048,201048/5220221,-201048/5220221,-0.038513311984301045,0.038513311984301045,-262144/5220221,0
128,70,151,163,211,2,2,2,0,5193343,131072,568,67568,-199208,199208/5193343,-199208/5193343,-0.038358336816959715,0.038358336816959715,-131072/5193343,0
128,71,181,197,251,4,2,2,0,8949907,262144,-1688,79500,-339956,339956/8949907,-339956/8949907,-0.037984305311775865,0.037984305311775865,-262144/8949907,0
128,72,151,163,197,2,2,2,0,4848761,131072,-288,51696,-182480,182480/4848761,-182480/4848761,-0.037634356488183272,0.037634356488183272,-131072/4848761,0
128,73,139,151,251,2,2,2,0,5268239,131072,-412,66680,-197340,197340/5268239,-197340/5268239,-0.037458437250094387,0.037458437250094387,-131072/5268239,0
128,74,191,193,233,2,4,2,0,8589079,262144,1688,57208,-321040,321040/8589079,-321040/8589079,-0.037377697888213629,0.037377697888213629,-262144/8589079,0
128,75,139,163,197,2,2,2,0,4463429,131072,-140,35748,-166680,166680/4463429,-166680/4463429,-0.037343486364407277,0.037343486364407277,-131072/4463429,0
128,76,179,191,193,2,2,4,0,6598477,262144,920,-17206,-245858,245858/6598477,-245858/6598477,-0.037259810104665059,0.037259810104665059,-262144/6598477,0
128,77,151,163,191,2,2,2,0,4701083,131072,312,42960,-174344,174344/4701083,-174344/4701083,-0.037085922541678161,0.037085922541678161,-131072/4701083,0
128,78,181,191,251,4,2,2,0,8677321,262144,-488,56364,-318020,318020/8677321,-318020/8677321,-0.036649560388511616,0.036649560388511616,-262144/8677321,0
128,79,139,151,241,2,2,2,0,5058349,131072,172,53912,-185156,185156/5058349,-185156/5058349,-0.036604038195071159,0.036604038195071159,-131072/5058349,0
128,80,151,163,179,2,2,2,0,4405727,131072,-68,28648,-159652,159652/4405727,-159652/4405727,-0.036237379211194881,0.036237379211194881,-131072/4405727,0
128,81,181,211,241,4,2,2,0,9204031,262144,1192,69084,-332420,332420/9204031,-332420/9204031,-0.036116784048206702,0.036116784048206702,-262144/9204031,0
128,82,139,151,227,2,2,2,0,4764503,131072,-180,38376,-169268,169268/4764503,-169268/4764503,-0.035526895460030142,0.035526895460030142,-131072/4764503,0
128,83,193,233,241,4,2,2,0,10837529,262144,1080,116498,-379722,379722/10837529,-379722/10837529,-0.035037691709982964,0.035037691709982964,-262144/10837529,0
128,84,181,197,241,4,2,2,0,8593337,262144,-520,38740,-300364,300364/8593337,-300364/8593337,-0.034953127056462467,0.034953127056462467,-262144/8593337,0
128,85,139,197,251,2,2,2,0,6873133,131072,-672,109770,-240170,240170/6873133,-240170/6873133,-0.034943307513473111,0.034943307513473111,-131072/6873133,0
128,86,151,179,181,2,2,4,0,4892249,262144,-152,-92056,-169936,169936/4892249,-169936/4892249,-0.03473576263186931,0.03473576263186931,-262144/4892249,0
128,87,163,181,227,2,4,2,0,6697181,262144,-736,-29574,-231834,231834/6697181,-231834/6697181,-0.034616654380402741,0.034616654380402741,-262144/6697181,0
128,88,193,227,251,4,2,2,0,10996561,262144,-1408,119574,-380310,380310/10996561,-380310/10996561,-0.034584448719922528,0.034584448719922528,-262144/10996561,0
128,89,139,163,179,2,2,2,0,4055603,131072,80,8560,-139712,139712/4055603,-139712/4055603,-0.034449131238930439,0.034449131238930439,-131072/4055603,0
128,90,139,191,193,2,2,4,0,5123957,262144,1296,-87184,-176256,176256/5123957,-176256/5123957,-0.034398415131118389,0.034398415131118389,-262144/5123957,0
128,91,139,181,191,2,4,2,0,4805369,262144,904,-98008,-165040,165040/4805369,-165040/4805369,-0.034344917112504786,0.034344917112504786,-262144/4805369,0
128,92,163,193,197,2,4,2,0,6197423,262144,-232,-49282,-212630,212630/6197423,-212630/6197423,-0.034309421835495173,0.034309421835495173,-262144/6197423,0
128,93,181,191,241,4,2,2,0,8331611,262144,680,21868,-284692,284692/8331611,-284692/8331611,-0.034170102276738556,0.034170102276738556,-262144/8331611,0
128,94,179,193,241,2,4,2,0,8325827,262144,312,20484,-282940,282940/8325827,-282940/8325827,-0.033983410897199764,0.033983410897199764,-262144/8325827,0
128,95,181,197,233,4,2,2,0,8308081,262144,96,19620,-281860,281860/8308081,-281860/8308081,-0.033926005295326321,0.033926005295326321,-262144/8308081,0
128,96,179,193,227,2,4,2,0,7842169,262144,-392,3748,-265500,265500/7842169,-265500/7842169,-0.033855429537414966,0.033855429537414966,-262144/7842169,0
128,97,139,151,211,2,2,2,0,4428679,131072,732,17992,-149796,149796/4428679,-149796/4428679,-0.033824081627952717,0.033824081627952717,-131072/4428679,0
128,98,181,191,227,4,2,2,0,7847617,262144,-24,1388,-263508,263508/7847617,-263508/7847617,-0.033578091285545661,0.033578091285545661,-262144/7847617,0
128,99,163,191,193,2,2,4,0,6008669,262144,968,-66454,-196658,196658/6008669,-196658/6008669,-0.032729045317690157,0.032729045317690157,-262144/6008669,0
128,100,139,179,241,2,2,2,0,5996321,131072,132,62358,-193562,193562/5996321,-193562/5996321,-0.032280126430856523,0.032280126430856523,-131072/5996321,0
128,101,139,197,211,2,2,2,0,5777813,131072,472,53722,-185266,185266/5777813,-185266/5777813,-0.032065073757146519,0.032065073757146519,-131072/5777813,0
128,102,139,151,191,2,2,2,0,4008899,131072,476,-4696,-126852,126852/4008899,-126852/4008899,-0.031642603118711643,0.031642603118711643,-131072/4008899,0
128,103,139,179,233,2,2,2,0,5797273,131072,440,51566,-183078,183078/5797273,-183078/5797273,-0.031580020468244291,0.031580020468244291,-131072/5797273,0
128,104,193,211,251,4,2,2,0,10221473,262144,416,59094,-321654,321654/10221473,-321654/10221473,-0.031468458606699834,0.031468458606699834,-262144/10221473,0
128,105,191,193,197,2,4,2,0,7262011,262144,480,-37072,-225552,225552/7262011,-225552/7262011,-0.031059165291817927,0.031059165291817927,-262144/7262011,0
128,106,227,233,241,2,2,2,0,12746731,131072,52,261684,-392808,392808/12746731,-392808/12746731,-0.030816371664232969,0.030816371664232969,-131072/12746731,0
128,107,139,193,241,2,4,2,0,6465307,262144,688,-65494,-197338,197338/6465307,-197338/6465307,-0.030522603180328484,0.030522603180328484,-262144/6465307,0
128,108,151,193,197,2,4,2,0,5741171,262144,-200,-86786,-175158,175158/5741171,-175158/5741171,-0.03050910694003018,0.03050910694003018,-262144/5741171,0
128,109,191,227,251,2,2,2,0,10882607,131072,-536,200956,-331492,331492/10882607,-331492/10882607,-0.030460715892800319,0.030460715892800319,-131072/10882607,0
128,110,197,211,251,2,2,2,0,10433317,131072,-224,183132,-313980,313980/10433317,-313980/10433317,-0.030093976824436562,0.030093976824436562,-131072/10433317,0
128,111,179,233,241,2,2,2,0,10051387,131072,328,170124,-301524,301524/10051387,-301524/10051387,-0.02999824800298705,0.02999824800298705,-131072/10051387,0
128,112,181,191,211,4,2,2,0,7294481,262144,1800,-46732,-217212,217212/7294481,-217212/7294481,-0.029777581160332037,0.029777581160332037,-262144/7294481,0
128,113,191,227,233,2,2,2,0,10102181,131072,356,169076,-300504,300504/10102181,-300504/10102181,-0.029746447821514976,0.029746447821514976,-131072/10102181,0
128,114,151,227,251,2,2,2,0,8603527,131072,-876,125156,-255352,255352/8603527,-255352/8603527,-0.029679920804572359,0.029679920804572359,-131072/8603527,0
128,115,139,179,211,2,2,2,0,5249891,131072,692,23078,-154842,154842/5249891,-154842/5249891,-0.029494326644115089,0.029494326644115089,-131072/5249891,0
128,116,191,197,251,2,2,2,0,9444377,131072,-480,147804,-278396,278396/9444377,-278396/9444377,-0.029477434032970096,0.029477434032970096,-131072/9444377,0
128,117,139,227,251,2,2,2,0,7919803,131072,-728,101916,-232260,232260/7919803,-232260/7919803,-0.029326487035094179,0.029326487035094179,-131072/7919803,0
128,118,139,163,233,2,2,2,0,5279081,131072,464,23262,-154798,154798/5279081,-154798/5279081,-0.029322906771083831,0.029322906771083831,-131072/5279081,0
128,119,151,227,241,2,2,2,0,8260757,131072,-292,108868,-239648,239648/8260757,-239648/8260757,-0.029010416357726054,0.029010416357726054,-131072/8260757,0
128,120,163,227,233,2,2,2,0,8621233,131072,0,118268,-249340,249340/8621233,-249340/8621233,-0.028921617128315636,0.028921617128315636,-131072/8621233,0
128,121,139,233,241,2,2,2,0,7805267,131072,516,93908,-225496,225496/7805267,-225496/7805267,-0.028890235273181557,0.028890235273181557,-131072/7805267,0
128,122,139,163,227,2,2,2,0,5143139,131072,-196,17334,-148210,148210/5143139,-148210/5143139,-0.028817031777675074,0.028817031777675074,-131072/5143139,0
128,123,151,191,193,2,2,4,0,5566313,262144,1000,-103382,-159762,159762/5566313,-159762/5566313,-0.02870158397488607,0.02870158397488607,-262144/5566313,0
128,124,151,211,251,2,2,2,0,7997111,131072,36,97604,-228712,228712/7997111,-228712/7997111,-0.028599327932299551,0.028599327932299551,-131072/7997111,0
128,125,179,211,233,2,2,2,0,8800177,131072,888,119564,-251524,251524/8800177,-251524/8800177,-0.028581697845395611,0.028581697845395611,-131072/8800177,0
128,126,139,227,241,2,2,2,0,7604273,131072,-144,86108,-217036,217036/7604273,-217036/7604273,-0.028541321438617474,0.028541321438617474,-131072/7604273,0
128,127,139,211,251,2,2,2,0,7361579,131072,184,75132,-206388,206388/7361579,-206388/7361579,-0.028035833073312123,0.028035833073312123,-131072/7361579,0
128,128,139,227,233,2,2,2,0,7351849,131072,164,73780,-205016,205016/7351849,-205016/7351849,-0.02788631812214859,0.02788631812214859,-131072/7351849,0
128,129,163,211,233,2,2,2,0,8013569,131072,912,91100,-223084,223084/8013569,-223084/8013569,-0.027838282792598402,0.027838282792598402,-131072/8013569,0
128,130,151,197,251,2,2,2,0,7466497,131072,-820,76804,-207056,207056/7466497,-207056/7466497,-0.027731344430996223,0.027731344430996223,-131072/7466497,0
128,131,179,191,233,2,2,2,0,7966037,131072,632,87116,-218820,218820/7966037,-218820/7966037,-0.027469116701315847,0.027469116701315847,-131072/7966037,0
128,132,151,163,233,2,2,2,0,5734829,131072,316,25338,-156726,156726/5734829,-156726/5734829,-0.027328800911064655,0.027328800911064655,-131072/5734829,0
128,133,151,163,251,2,2,2,0,6177863,131072,-576,38270,-168766,168766/6177863,-168766/6177863,-0.027317860561168156,0.027317860561168156,-131072/6177863,0
128,134,139,179,191,2,2,2,0,4752271,131072,436,-1850,-129658,129658/4752271,-129658/4752271,-0.027283376726621861,0.027283376726621861,-131072/4752271,0
128,135,151,191,251,2,2,2,0,7239091,131072,-220,65956,-196808,196808/7239091,-196808/7239091,-0.027186838789566257,0.027186838789566257,-131072/7239091,0
128,136,193,197,227,4,2,2,0,8630767,262144,-832,-27278,-234034,234034/8630767,-234034/8630767,-0.027116245867835384,0.027116245867835384,-262144/8630767,0
128,137,181,227,251,4,2,2,0,10312837,262144,-1800,19056,-279400,279400/10312837,-279400/10312837,-0.027092447984972515,0.027092447984972515,-262144/10312837,0
128,138,151,181,233,2,4,2,0,6368123,262144,616,-90900,-171860,171860/6368123,-171860/6368123,-0.026987544053404748,0.026987544053404748,-262144/6368123,0
128,139,151,163,241,2,2,2,0,5931733,131072,8,27802,-158882,158882/5931733,-158882/5931733,-0.026785089618834832,0.026785089618834832,-131072/5931733,0
128,140,139,163,211,2,2,2,0,4780627,131072,716,-3818,-127970,127970/4780627,-127970/4780627,-0.026768455267478512,0.026768455267478512,-131072/4780627,0
128,141,151,193,241,2,4,2,0,7023463,262144,392,-76892,-185644,185644/7023463,-185644/7023463,-0.026431975223618322,0.026431975223618322,-262144/7023463,0
128,142,163,191,233,2,2,2,0,7253989,131072,656,59932,-191660,191660/7253989,-191660/7253989,-0.026421324873803918,0.026421324873803918,-131072/7253989,0
128,143,139,211,233,2,2,2,0,6833657,131072,1076,48148,-180296,180296/6833657,-180296/6833657,-0.026383530809345569,0.026383530809345569,-131072/6833657,0
128,144,139,191,251,2,2,2,0,6663799,131072,-72,44444,-175444,175444/6663799,-175444/6663799,-0.026327924956920219,0.026327924956920219,-131072/6663799,0
128,145,151,181,251,2,4,2,0,6860081,262144,-1168,-80516,-180460,180460/6860081,-180460/6860081,-0.026305811840997211,0.026305811840997211,-262144/6860081,0
128,146,163,191,227,2,2,2,0,7067191,131072,-4,52756,-183824,183824/7067191,-183824/7067191,-0.026010900228959428,0.026010900228959428,-131072/7067191,0
128,147,163,179,233,2,2,2,0,6798241,131072,276,41684,-173032,173032/6798241,-173032/6798241,-0.025452466307093261,0.025452466307093261,-131072/6798241,0
128,148,179,181,197,2,4,2,0,6382603,262144,-672,-99588,-161884,161884/6382603,-161884/6382603,-0.025363319636204851,0.025363319636204851,-262144/6382603,0
128,149,151,179,241,2,2,2,0,6513989,131072,-16,33052,-164108,164108/6513989,-164108/6513989,-0.025193165048329066,0.025193165048329066,-131072/6513989,0
128,150,163,197,211,2,2,2,0,6775421,131072,308,38452,-169832,169832/6775421,-169832/6775421,-0.025065896274194623,0.025065896274194623,-131072/6775421,0
128,151,151,191,227,2,2,2,0,6546907,131072,12,32660,-163744,163744/6546907,-163744/6546907,-0.025010894457489621,0.025010894457489621,-131072/6546907,0
128,152,139,179,197,2,2,2,0,4901557,131072,-164,-8778,-122130,122130/4901557,-122130/4901557,-0.02491657242790403,0.02491657242790403,-131072/4901557,0
128,153,139,191,233,2,2,2,0,6185917,131072,820,18900,-150792,150792/6185917,-150792/6185917,-0.024376660727908245,0.024376660727908245,-131072/6185917,0
128,154,139,163,191,2,2,2,0,4327487,131072,460,-27466,-104066,104066/4327487,-104066/4327487,-0.024047674782154169,0.024047674782154169,-131072/4327487,0
128,155,151,197,211,2,2,2,0,6276617,131072,324,18836,-150232,712/29747,-712/29747,-0.023935186741520155,0.023935186741520155,-131072/6276617,0
128,156,139,191,227,2,2,2,0,6026623,131072,160,12300,-143532,143532/6026623,-143532/6026623,-0.023816323005437706,0.023816323005437706,-131072/6026623,0
128,157,191,193,211,2,4,2,0,7778093,262144,2192,-82650,-181686,181686/7778093,-181686/7778093,-0.023358681877421624,0.023358681877421624,-262144/7778093,0
128,158,163,179,211,2,2,2,0,6156347,131072,528,11084,-142684,142684/6156347,-142684/6156347,-0.023176731266122588,0.023176731266122588,-131072/6156347,0
128,159,163,191,197,2,2,2,0,6133201,131072,52,10164,-141288,141288/6133201,-141288/6133201,-0.023036583995861216,0.023036583995861216,-131072/6133201,0
128,160,197,227,251,2,2,2,0,11224469,131072,-1136,124190,-254126,254126/11224469,-254126/11224469,-0.022640358310045669,0.022640358310045669,-131072/11224469,0
128,161,227,233,251,2,2,2,0,13275641,131072,-532,164286,-294826,294826/13275641,-294826/13275641,-0.022208042534443348,0.022208042534443348,-131072/13275641,0
128,162,139,181,251,2,4,2,0,6314909,262144,-872,-122580,-138692,138692/6314909,-138692/6314909,-0.02196262844009312,0.02196262844009312,-262144/6314909,0
128,163,211,233,241,2,2,2,0,11848283,131072,964,127822,-259858,259858/11848283,-259858/11848283,-0.021932122991998083,0.021932122991998083,-131072/11848283,0
128,164,191,211,251,2,2,2,0,10115551,131072,376,90242,-221690,221690/10115551,-221690/10115551,-0.021915761187897724,0.021915761187897724,-131072/10115551,0
128,165,151,179,211,2,2,2,0,5703119,131072,544,-7668,-123948,123948/5703119,-123948/5703119,-0.021733370809902442,0.021733370809902442,-131072/5703119,0
128,166,181,233,251,4,2,2,0,10585423,262144,-480,-32432,-229232,229232/10585423,-229232/10585423,-0.021655440694245284,0.021655440694245284,-262144/10585423,0
128,167,191,233,241,2,2,2,0,10725223,131072,708,100054,-231834,231834/10725223,-231834/10725223,-0.02161577432935427,0.02161577432935427,-131072/10725223,0
128,168,151,191,197,2,2,2,0,5681677,131072,68,-8492,-122648,122648/5681677,-122648/5681677,-0.021586584383448761,0.021586584383448761,-131072/5681677,0
128,169,151,181,227,2,4,2,0,6204137,262144,-704,-127812,-133628,133628/6204137,-133628/6204137,-0.021538531466987271,0.021538531466987271,-262144/6204137,0
128,170,179,227,241,2,2,2,0,9792553,131072,-332,80098,-210838,210838/9792553,-210838/9792553,-0.021530442572023863,0.021530442572023863,-131072/9792553,0
128,171,139,151,233,2,2,2,0,4890437,131072,480,-26350,-105202,105202/4890437,-105202/4890437,-0.021511779008706176,0.021511779008706176,-131072/4890437,0
128,172,211,233,251,2,2,2,0,12339913,131072,380,131486,-262938,262938/12339913,-262938/12339913,-0.02130792980469149,0.02130792980469149,-131072/12339913,0
128,173,191,227,241,2,2,2,0,10449037,131072,48,91006,-222126,222126/10449037,-222126/10449037,-0.021258035549113281,0.021258035549113281,-131072/10449037,0
128,174,163,227,251,2,2,2,0,9287251,131072,-892,66306,-196486,196486/9287251,-196486/9287251,-0.021156529526336697,0.021156529526336697,-131072/9287251,0
128,175,163,233,241,2,2,2,0,9152939,131072,352,61174,-192598,192598/9152939,-192598/9152939,-0.0210422029470534,0.0210422029470534,-131072/9152939,0
128,176,151,233,241,2,2,2,0,8479103,131072,368,46590,-178030,178030/8479103,-178030/8479103,-0.020996324729160621,0.020996324729160621,-131072/8479103,0
128,177,179,227,233,2,2,2,0,9467489,131072,-24,66490,-197538,197538/9467489,-197538/9467489,-0.020864877688265601,0.020864877688265601,-131072/9467489,0
128,178,163,179,191,2,2,2,0,5572807,131072,272,-15764,-115580,115580/5572807,-115580/5572807,-0.02073999691717298,0.02073999691717298,-131072/5572807,0
128,179,193,197,251,4,2,2,0,9543271,262144,-1296,-63252,-197596,197596/9543271,-197596/9543271,-0.020705269713078463,0.020705269713078463,-262144/9543271,0
128,180,193,241,251,4,2,2,0,11674763,262144,-704,-502086,240646,-240646/11674763,240646/11674763,0.020612495517039617,0.020612495517039617,-262144/11674763,0
128,181,163,227,241,2,2,2,0,8917241,131072,-308,52798,-183562,183562/8917241,-183562/8917241,-0.02058506661421397,0.02058506661421397,-131072/8917241,0
128,182,191,211,233,2,2,2,0,9390133,131072,1268,59514,-191854,191854/9390133,-191854/9390133,-0.020431446498148643,0.020431446498148643,-131072/9390133,0
128,183,179,211,251,2,2,2,0,9480019,131072,-4,59570,-190638,190638/9480019,-190638/9480019,-0.020109453367129326,0.020109453367129326,-131072/9480019,0
128,184,191,233,251,2,2,2,0,11170253,131072,124,93278,-224474,224474/11170253,-224474/11170253,-0.020095695236267253,0.020095695236267253,-131072/11170253,0
128,185,139,197,241,2,2,2,0,6599303,131072,-88,208,-131192,131192/6599303,-131192/6599303,-0.019879675171756775,0.019879675171756775,-131072/6599303,0
128,186,197,211,233,2,2,2,0,9685111,131072,668,60170,-191910,191910/9685111,-191910/9685111,-0.019814951010886709,0.019814951010886709,-131072/9685111,0
128,187,151,227,233,2,2,2,0,7986541,131072,16,25790,-156878,156878/7986541,-156878/7986541,-0.019642796549845548,0.019642796549845548,-131072/7986541,0
128,188,163,211,251,2,2,2,0,8632643,131072,20,37986,-169078,169078/8632643,-169078/8632643,-0.019585890439347487,0.019585890439347487,-131072/8632643,0
128,189,139,197,233,2,2,2,0,6380239,131072,220,-8008,-123284,123284/6380239,-123284/6380239,-0.019322787124432174,0.019322787124432174,-131072/6380239,0
128,190,193,211,241,4,2,2,0,9814243,262144,1584,-74360,-189368,189368/9814243,-189368/9814243,-0.019295222260137638,0.019295222260137638,-262144/9814243,0
128,191,191,193,251,2,4,2,0,9252613,262144,-96,-84648,-177400,177400/9252613,-177400/9252613,-0.019172962275629597,0.019172962275629597,-262144/9252613,0
128,192,139,197,227,2,2,2,0,6215941,131072,-440,-12388,-118244,118244/6215941,-118244/6215941,-0.019022703079067192,0.019022703079067192,-131072/6215941,0
128,193,151,179,191,2,2,2,0,5162539,131072,288,-33556,-97804,97804/5162539,-97804/5162539,-0.018944941626591102,0.018944941626591102,-131072/5162539,0
128,194,139,179,251,2,2,2,0,6245131,131072,-452,-13612,-117008,117008/6245131,-117008/6245131,-0.018735875996836574,0.018735875996836574,-131072/6245131,0
128,195,163,197,251,2,2,2,0,8059861,131072,-836,16514,-146750,146750/8059861,-146750/8059861,-0.018207510030259826,0.018207510030259826,-131072/8059861,0
128,196,191,197,233,2,2,2,0,8767091,131072,412,26282,-157766,826/45901,-826/45901,-0.017995250648134026,0.017995250648134026,-131072/8767091,0
128,197,139,193,251,2,4,2,0,6733577,262144,-480,-141204,-120460,120460/6733577,-120460/6733577,-0.01788945162430013,0.01788945162430013,-262144/6733577,0
128,198,179,211,241,2,2,2,0,9102329,131072,580,30958,-162610,162610/9102329,-162610/9102329,-0.01786465859452015,0.01786465859452015,-131072/9102329,0
128,199,179,193,197,2,4,2,0,6805759,262144,-280,-140318,-121546,121546/6805759,-121546/6805759,-0.017859286524838744,0.017859286524838744,-262144/6805759,0
128,200,191,197,227,2,2,2,0,8541329,131072,-248,20654,-151478,151478/8541329,-151478/8541329,-0.017734710839495821,0.017734710839495821,-131072/8541329,0
128,201,151,211,233,2,2,2,0,7423613,131072,928,-610,-131390,131390/7423613,-131390/7423613,-0.017698929079411872,0.017698929079411872,-131072/7423613,0
128,202,193,197,233,4,2,2,0,8858893,262144,488,-105864,-156768,156768/8858893,-156768/8858893,-0.0176961162077474,0.0176961162077474,-262144/8858893,0
128,203,151,193,233,2,4,2,0,6790319,262144,1008,-144758,-118394,118394/6790319,-118394/6790319,-0.017435705156120057,0.017435705156120057,-262144/6790319,0
128,204,163,191,251,2,2,2,0,7814383,131072,-236,5378,-136214,136214/7814383,-136214/7814383,-0.017431190664701231,0.017431190664701231,-131072/7814383,0
128,205,191,197,211,2,2,2,0,7939297,131072,664,2834,-134570,134570/7939297,-134570/7939297,-0.016949863445088399,0.016949863445088399,-131072/7939297,0
128,206,179,197,211,2,2,2,0,7440493,131072,284,-5914,-125442,125442/7440493,-125442/7440493,-0.016859366711318727,0.016859366711318727,-131072/7440493,0
128,207,179,191,241,2,2,2,0,8239549,131072,324,7510,-138906,138906/8239549,-138906/8239549,-0.016858446985387184,0.016858446985387184,-131072/8239549,0
128,208,139,163,251,2,2,2,0,5686907,131072,-428,-35036,-95608,95608/5686907,-95608/5686907,-0.016811950678989475,0.016811950678989475,-131072/5686907,0
128,209,139,179,227,2,2,2,0,5647987,131072,-220,-36012,-94840,94840/5647987,-94840/5647987,-0.016791823352284629,0.016791823352284629,-131072/5647987,0
128,210,179,191,227,2,2,2,0,7760903,131072,-28,-1710,-129334,129334/7760903,-129334/7760903,-0.016664813359991742,0.016664813359991742,-131072/7760903,0
128,211,139,181,227,2,4,2,0,5711093,262144,-408,-167572,-94164,94164/5711093,-94164/5711093,-0.016487912208748835,0.016487912208748835,-262144/5711093,0
128,212,193,211,227,4,2,2,0,9244121,262144,880,-111920,-151104,151104/9244121,-151104/9244121,-0.016345956527397249,0.016345956527397249,-262144/9244121,0
128,213,163,181,251,2,4,2,0,7405253,262144,-1200,-143626,-117318,117318/7405253,-117318/7405253,-0.015842537722884013,0.015842537722884013,-262144/7405253,0
128,214,139,163,241,2,2,2,0,5460337,131072,156,-45024,-86204,86204/5460337,-86204/5460337,-0.015787303970432594,0.015787303970432594,-131072/5460337,0
128,215,139,233,251,2,2,2,0,8129137,131072,-68,-7010,-123994,494/32387,-494/32387,-0.015253033624602464,0.015253033624602464,-131072/8129137,0
128,216,163,179,241,2,2,2,0,7031657,131072,-32,-25322,-105718,105718/7031657,-105718/7031657,-0.015034578620657976,0.015034578620657976,-131072/7031657,0
128,217,151,191,233,2,2,2,0,6719953,131072,672,-30818,-100926,100926/6719953,-100926/6719953,-0.015018855042587351,0.015018855042587351,-131072/6719953,0
128,218,151,193,251,2,4,2,0,7314893,262144,-776,-151642,-109726,109726/7314893,-109726/7314893,-0.015000356122775822,0.015000356122775822,-262144/7314893,0
128,219,211,227,251,2,2,2,0,12022147,131072,-280,47096,-177888,177888/12022147,-177888/12022147,-0.014796691472829271,0.014796691472829271,-131072/12022147,0
128,220,163,197,233,2,2,2,0,7481863,131072,56,-21166,-109962,109962/7481863,-109962/7481863,-0.014697141607645047,0.014697141607645047,-131072/7481863,0
128,221,179,191,211,2,2,2,0,7213879,131072,884,-26550,-105406,105406/7213879,-105406/7213879,-0.014611556417843992,0.014611556417843992,-131072/7213879,0
128,222,151,211,241,2,2,2,0,7678501,131072,620,-19746,-111946,111946/7678501,-111946/7678501,-0.014579147674787045,0.014579147674787045,-131072/7678501,0
128,223,163,197,227,2,2,2,0,7289197,131072,-604,-26122,-104346,104346/7289197,-104346/7289197,-0.014315157074229165,0.014315157074229165,-131072/7289197,0
128,224,179,191,197,2,2,2,0,6735233,131072,28,-35482,-95618,95618/6735233,-95618/6735233,-0.014196687776057636,0.014196687776057636,-131072/6735233,0
128,225,151,197,241,2,2,2,0,7169027,131072,-236,-33238,-97598,97598/7169027,-97598/7169027,-0.013613841878402746,0.013613841878402746,-131072/7169027,0
128,226,179,227,251,2,2,2,0,10198883,131072,-916,7648,-137804,137804/10198883,-137804/10198883,-0.013511675739392244,0.013511675739392244,-131072/10198883,0
128,227,227,241,251,2,2,2,0,13731457,131072,-840,55200,-185432,185432/13731457,-185432/13731457,-0.013504175121401903,0.013504175121401903,-131072/13731457,0
128,228,197,233,241,2,2,2,0,11062141,131072,108,17936,-149116,149116/11062141,-149116/11062141,-0.013479849877162116,0.013479849877162116,-131072/11062141,0
128,229,151,179,233,2,2,2,0,6297757,131072,292,-48490,-82874,82874/6297757,-82874/6297757,-0.013159288298992801,0.013159288298992801,-131072/6297757,0
128,230,197,227,241,2,2,2,0,10777279,131072,-552,11108,-141628,141628/10777279,-141628/10777279,-0.013141350428062594,0.013141350428062594,-131072/10777279,0
128,231,211,227,233,2,2,2,0,11160001,131072,612,13776,-145460,145460/11160001,-145460/11160001,-0.013034049011285931,0.013034049011285931,-131072/11160001,0
128,232,181,197,227,4,2,2,0,8094139,262144,-1224,-155504,-105416,105416/8094139,-105416/8094139,-0.013023744712068819,0.013023744712068819,-262144/8094139,0
128,233,151,191,241,2,2,2,0,6950681,131072,364,-40954,-90482,90482/6950681,-90482/6950681,-0.013017717256769517,0.013017717256769517,-131072/6950681,0
128,234,151,179,251,2,2,2,0,6784279,131072,-600,-42438,-88034,88034/6784279,-88034/6784279,-0.012976176245110202,0.012976176245110202,-131072/6784279,0
128,235,139,211,241,2,2,2,0,7068289,131072,768,-41738,-90102,90102/7068289,-90102/7068289,-0.0127473565384777,0.0127473565384777,-131072/7068289,0
128,236,163,179,227,2,2,2,0,6623179,131072,-384,-46470,-84218,84218/6623179,-84218/6623179,-0.012715646066639601,0.012715646066639601,-131072/6623179,0
128,237,197,233,251,2,2,2,0,11521151,131072,-476,14292,-144888,144888/11521151,-144888/11521151,-0.01257582684230074,0.01257582684230074,-131072/11521151,0
128,238,197,227,233,2,2,2,0,10419527,131072,-244,76,-130904,130904/10419527,-130904/10419527,-0.012563334208932901,0.012563334208932901,-131072/10419527,0
128,239,151,197,227,2,2,2,0,6752569,131072,-588,-46506,-83978,83978/6752569,-83978/6752569,-0.012436451963689671,0.012436451963689671,-131072/6752569,0
128,240,163,191,211,2,2,2,0,6569063,131072,908,-52326,-79654,79654/6569063,-79654/6569063,-0.012125625831263911,0.012125625831263911,-131072/6569063,0
128,241,179,181,251,2,4,2,0,8132149,262144,-1248,-163304,-97592,97592/8132149,-97592/8132149,-0.012000763881724252,0.012000763881724252,-262144/8132149,0
128,242,179,197,251,2,2,2,0,8851013,131072,-860,-33324,-96888,96888/8851013,-96888/8851013,-0.010946543632915239,0.010946543632915239,-131072/8851013,0
128,243,139,191,241,2,2,2,0,6398309,131072,512,-61986,-69598,69598/6398309,-69598/6398309,-0.010877561555717299,0.010877561555717299,-131072/6398309,0
128,244,179,233,251,2,2,2,0,10468457,131072,-256,-19052,-111764,111764/10468457,-111764/10468457,-0.010676262986990346,0.010676262986990346,-131072/10468457,0
128,245,151,179,227,2,2,2,0,6135583,131072,-368,-65990,-64714,64714/6135583,-64714/6135583,-0.010547326961431375,0.010547326961431375,-131072/6135583,0
128,246,163,241,251,2,2,2,0,9860033,131072,-540,-231744,101212,-101212/9860033,101212/9860033,0.010264874367053336,0.010264874367053336,-131072/9860033,0
128,247,197,211,241,2,2,2,0,10017647,131072,360,-31012,-100420,100420/10017647,-100420/10017647,-0.010024310099966589,0.010024310099966589,-131072/10017647,0
128,248,151,191,211,2,2,2,0,6085451,131072,924,-71654,-60342,60342/6085451,-60342/6085451,-0.0099157810982292028,0.0099157810982292028,-131072/6085451,0
128,249,163,179,197,2,2,2,0,5747869,131072,-328,-76882,-53862,53862/5747869,-53862/5747869,-0.009370777239356011,0.009370777239356011,-131072/5747869,0
128,250,163,233,251,2,2,2,0,9532729,131072,-232,-42044,-88796,88796/9532729,-88796/9532729,-0.0093148562179833291,0.0093148562179833291,-131072/9532729,0
128,251,179,197,241,2,2,2,0,8498383,131072,-276,-54628,-76168,76168/8498383,-76168/8498383,-0.0089626461881042539,0.0089626461881042539,-131072/8498383,0
128,252,193,197,241,4,2,2,0,9163061,262144,-128,-182090,-79926,79926/9163061,-79926/9163061,-0.0087226310072583829,0.0087226310072583829,-262144/9163061,0
128,253,151,233,251,2,2,2,0,8830933,131072,-216,-53848,-77008,77008/8830933,-77008/8830933,-0.0087202563987293299,0.0087202563987293299,-131072/8830933,0
128,254,179,181,227,2,4,2,0,7354573,262144,-784,-198792,-62568,62568/7354573,-62568/7354573,-0.0085073599786146658,0.0085073599786146658,-262144/7354573,0
128,255,191,197,241,2,2,2,0,9068107,131072,104,-55900,-75276,75276/9068107,-75276/9068107,-0.0083011812719016222,0.0083011812719016222,-131072/9068107,0
128,256,179,197,233,2,2,2,0,8216279,131072,32,-64124,-66980,340/41707,-340/41707,-0.0081521087587215577,0.0081521087587215577,-131072/8216279,0
128,257,181,193,251,4,4,2,0,8768183,524288,-1648,-453420,-69220,69220/8768183,-69220/8768183,-0.007894452020447109,0.007894452020447109,-524288/8768183,0
128,258,191,193,241,2,4,2,0,8883983,262144,1072,-197222,-65994,65994/8883983,-65994/8883983,-0.0074284248405247959,0.0074284248405247959,-262144/8883983,0
128,259,139,191,211,2,2,2,0,5601839,131072,1072,-91246,-40898,40898/5601839,-40898/5601839,-0.0073008167496423941,0.0073008167496423941,-131072/5601839,0
128,260,193,233,251,4,2,2,0,11287219,262144,-88,-185624,-76432,76432/11287219,-76432/11287219,-0.00677155285106101,0.00677155285106101,-262144/11287219,0
128,261,151,179,197,2,2,2,0,5324713,131072,-312,-94962,-35798,35798/5324713,-35798/5324713,-0.0067229914551263136,0.0067229914551263136,-131072/5324713,0
128,262,163,211,241,2,2,2,0,8288713,131072,604,-76584,-55092,55092/8288713,-55092/8288713,-0.0066466289760545453,0.0066466289760545453,-131072/8288713,0
128,263,181,211,227,4,2,2,0,8669357,262144,488,-317532,54900,-54900/8669357,54900/8669357,0.0063326495840464294,0.0063326495840464294,-262144/8669357,0
128,264,233,241,251,2,2,2,0,14094403,131072,-180,-51278,-79614,79614/14094403,-79614/14094403,-0.0056486252025005953,0.0056486252025005953,-131072/14094403,0
128,265,163,197,241,2,2,2,0,7738751,131072,-252,-90748,-40072,40072/7738751,-40072/7738751,-0.0051780965688132362,0.0051780965688132362,-131072/7738751,0
128,266,211,227,241,2,2,2,0,11543177,131072,304,-73294,-58082,58082/11543177,-58082/11543177,-0.0050317170047726031,0.0050317170047726031,-131072/11543177,0
128,267,163,191,241,2,2,2,0,7503053,131072,348,-98752,-32668,32668/7503053,-32668/7503053,-0.0043539609809500213,0.0043539609809500213,-131072/7503053,0
128,268,211,241,251,2,2,2,0,12763601,131072,72,-79814,-51330,51330/12763601,-51330/12763601,-0.0040215923390272074,0.0040215923390272074,-131072/12763601,0
128,269,151,241,251,2,2,2,0,9134141,131072,-524,-95000,-35548,35548/9134141,-35548/9134141,-0.0038917726363103,0.0038917726363103,-131072/9134141,0
128,270,163,179,251,2,2,2,0,7323427,131072,-616,-103592,-26864,26864/7323427,-26864/7323427,-0.0036682280030919949,0.0036682280030919949,-131072/7323427,0
128,271,179,211,227,2,2,2,0,8573563,131072,228,-161330,30030,-30030/8573563,30030/8573563,0.0035026277873038314,0.0035026277873038314,-131072/8573563,0
128,272,179,193,251,2,4,2,0,8671297,262144,-856,-231742,-29546,29546/8671297,-29546/8671297,-0.0034073334127524405,0.0034073334127524405,-262144/8671297,0
128,273,163,211,227,2,2,2,0,7807211,131072,252,-108144,-23180,23180/7807211,-23180/7807211,-0.0029690500231132474,0.0029690500231132474,-131072/7807211,0
128,274,139,211,227,2,2,2,0,6657683,131072,416,-150520,19032,-19032/6657683,19032/6657683,0.0028586521767407671,0.0028586521767407671,-131072/6657683,0
128,275,151,197,233,2,2,2,0,6931051,131072,72,-112204,-18940,18940/6931051,-18940/6931051,-0.0027326303038312659,0.0027326303038312659,-131072/6931051,0
128,276,197,241,251,2,2,2,0,11916727,131072,-784,-98906,-31382,31382/11916727,-31382/11916727,-0.0026334412125074277,0.0026334412125074277,-131072/11916727,0
128,277,179,197,227,2,2,2,0,8004701,131072,-628,-150730,20286,-20286/8004701,20286/8004701,0.0025342608049944652,0.0025342608049944652,-131072/8004701,0
128,278,191,241,251,2,2,2,0,11553781,131072,-184,-109022,-21866,21866/11553781,-21866/11553781,-0.0018925406323696114,0.0018925406323696114,-131072/11553781,0
128,279,163,193,251,2,4,2,0,7896209,262144,-808,-272606,11270,-11270/7896209,11270/7896209,0.0014272671860635908,0.0014272671860635908,-262144/7896209,0
128,280,139,241,251,2,2,2,0,8408249,131072,-376,-118912,-11784,11784/8408249,-11784/8408249,-0.0014014808552886577,0.0014014808552886577,-131072/8408249,0
128,281,191,211,241,2,2,2,0,9712541,131072,960,-120770,-11262,11262/9712541,-11262/9712541,-0.00115953178473069,0.00115953178473069,-131072/9712541,0
128,282,191,211,227,2,2,2,0,9148327,131072,608,-140402,8722,-8722/9148327,8722/9148327,0.00095339836453156958,0.00095339836453156958,-131072/9148327,0
128,283,181,241,251,4,2,2,0,10948871,262144,-1096,-253548,-7500,7500/10948871,-7500/10948871,-0.00068500213400998148,0.00068500213400998148,-262144/10948871,0
128,284,197,211,227,2,2,2,0,9435709,131072,8,-137526,6446,-6446/9435709,6446/9435709,0.00068314951213523014,0.00068314951213523014,-131072/9435709,0
128,285,151,211,227,2,2,2,0,7232447,131072,268,-129200,-2140,2140/7232447,-2140/7232447,-0.00029588879116570089,0.00029588879116570089,-131072/7232447,0
128,286,179,241,251,2,2,2,0,10827889,131072,-564,-129674,-834,834/10827889,-834/10827889,-7.7023323752210612e-05,7.7023323752210612e-05,-131072/10827889,0
256,1,307,367,463,2,2,2,1,52165747,524288,1152,123756,51516551,649196/52165747,51516551/52165747,0.98755512884728747,0.98755512884728747,51641459/52165747,0
256,2,283,347,367,2,2,2,1,36039767,524288,2592,143720,35369167,670600/36039767,35369167/36039767,0.98139277648493117,0.98139277648493117,35515479/36039767,0
256,3,271,431,499,4,2,6,1,58283699,3145728,-9472,-1648968,56796411,1487288/58283699,56796411/58283699,0.9744819216089905,0.9744819216089905,55137971/58283699,0
256,4,293,419,443,4,2,2,1,54385781,1048576,240,359256,52977709,1408072/54385781,52977709/54385781,0.97410955631950935,0.97410955631950935,53337205/54385781,0
256,5,419,439,499,2,2,6,1,91786559,1572864,-4112,922060,89295747,2490812/91786559,89295747/91786559,0.97286299838302037,0.97286299838302037,90213695/91786559,0
256,6,271,443,503,4,2,2,1,60386659,1048576,704,686424,58650955,1735704/60386659,58650955/60386659,0.97125683008891084,0.97125683008891084,59338083/60386659,0
256,7,257,271,443,2,4,2,1,30853621,1048576,-1000,-158144,29964189,889432/30853621,29964189/30853621,0.97117252461226511,0.97117252461226511,29805045/30853621,0
256,8,379,443,499,6,2,6,1,83780603,4718592,-1788,-597360,79661159,4119444/83780603,79661159/83780603,0.95083057590311204,0.95083057590311204,79062011/83780603,0
256,9,379,439,499,6,2,6,1,83024119,4718592,-12804,-340656,78658987,4365132/83024119,78658987/83024119,0.94742332646733651,0.94742332646733651,78305527/83024119,0
256,10,293,331,499,4,2,6,1,48394517,3145728,-6352,-366248,45621389,2773128/48394517,45621389/48394517,0.94269747541854798,0.94269747541854798,45248789/48394517,0
256,11,271,379,499,4,6,6,0,51251791,9437184,-20496,2252562,-11669250,11669250/51251791,-11669250/51251791,-0.22768472617864222,0.22768472617864222,-9437184/51251791,0
256,12,271,293,379,4,4,6,0,30093737,6291456,-10464,-476702,-5804290,5804290/30093737,-5804290/30093737,-0.19287368664117721,0.19287368664117721,-6291456/30093737,0
256,13,271,331,379,4,2,6,0,33996679,3145728,-2712,1212990,-4356006,4356006/33996679,-4356006/33996679,-0.12813033884868577,0.12813033884868577,-3145728/33996679,0
256,14,271,293,499,4,4,6,0,39622097,6291456,-21488,-1251522,-5018446,5018446/39622097,-5018446/39622097,-0.12665775867440837,0.12665775867440837,-6291456/39622097,0
256,15,293,379,499,4,6,6,0,55412453,9437184,-14880,-2436180,-6986124,6986124/55412453,-6986124/55412453,-0.12607498173740839,0.12607498173740839,-9437184/55412453,0
256,16,257,271,379,2,4,6,0,26396213,3145728,-2856,152198,-3295070,3295070/26396213,-3295070/26396213,-0.12483116422798983,0.12483116422798983,-3145728/26396213,0
256,17,271,307,379,4,2,6,0,31531663,3145728,-2400,757304,-3900632,3900632/31531663,-3900632/31531663,-0.12370524193411556,0.12370524193411556,-3145728/31531663,0
256,18,271,347,379,4,2,6,0,35640023,3145728,-552,1008506,-4153682,4153682/35640023,-4153682/35640023,-0.11654543545047656,0.11654543545047656,-3145728/35640023,0
256,19,271,379,419,4,6,2,0,43035071,3145728,-1008,1685468,-4830188,4830188/43035071,-4830188/43035071,-0.11223841131806196,0.11223841131806196,-3145728/43035071,0
256,20,257,271,293,2,4,4,0,20406571,2097152,-4512,102770,-2195410,2195410/20406571,-2195410/20406571,-0.1075834837709873,0.1075834837709873,-2097152/20406571,0
256,21,271,283,379,4,2,6,0,29066647,3145728,2952,-205030,-2943650,2943650/29066647,-2943650/29066647,-0.10127243090680532,0.10127243090680532,-3145728/29066647,0
256,22,257,271,499,2,4,6,0,34753853,3145728,-8368,245936,-3383296,3383296/34753853,-3383296/34753853,-0.097350242000505668,0.097350242000505668,-3145728/34753853,0
256,23,271,347,499,4,2,6,0,46924463,3145728,-6064,1361444,-4501108,4501108/46924463,-4501108/46924463,-0.095922418973659856,0.095922418973659856,-3145728/46924463,0
256,24,347,379,499,2,6,6,0,65624987,4718592,-420,1351944,-6070116,6070116/65624987,-6070116/65624987,-0.092497024037505718,0.092497024037505718,-4718592/65624987,0
256,25,293,331,379,4,2,6,0,36756557,3145728,-840,233584,-3378472,3378472/36756557,-3378472/36756557,-0.091914811281154543,0.091914811281154543,-3145728/36756557,0
256,26,271,367,379,4,2,6,0,37694203,3145728,4728,221872,-3372328,3372328/37694203,-3372328/37694203,-0.089465427880249915,0.089465427880249915,-3145728/37694203,0
256,27,257,293,499,2,4,6,0,37575199,3145728,-6496,192228,-3331460,3331460/37575199,-3331460/37575199,-0.088661140557099907,0.088661140557099907,-3145728/37575199,0
256,28,293,347,499,4,2,6,0,50733829,3145728,-4192,1311168,-4452704,12832/146207,-12832/146207,-0.08776597563728139,0.08776597563728139,-3145728/50733829,0
256,29,271,379,433,4,6,2,0,44472997,3145728,-10152,632064,-3767640,3767640/44472997,-3767640/44472997,-0.084717474740908516,0.084717474740908516,-3145728/44472997,0
256,30,271,379,443,4,6,2,0,45500087,3145728,-1464,707898,-3852162,3852162/45500087,-3852162/45500087,-0.084662739216300839,0.084662739216300839,-3145728/45500087,0
256,31,271,379,431,4,6,2,0,44267579,3145728,-3960,543882,-3685650,3685650/44267579,-3685650/44267579,-0.083258449711017632,0.083258449711017632,-3145728/44267579,0
256,32,293,347,379,4,2,6,0,38533309,3145728,1320,41772,-3188820,3188820/38533309,-3188820/38533309,-0.082754896549372389,0.082754896549372389,-3145728/38533309,0
256,33,271,293,347,4,4,2,0,27552841,2097152,-2976,158354,-2252530,2252530/27552841,-2252530/27552841,-0.081753093991287509,0.081753093991287509,-2097152/27552841,0
256,34,257,293,379,2,4,6,0,28539079,3145728,-984,-817968,-2326776,2326776/28539079,-2326776/28539079,-0.08152947052005427,0.08152947052005427,-3145728/28539079,0
256,35,271,283,499,4,2,6,0,38269807,3145728,-2560,-36412,-3106756,3106756/38269807,-3106756/38269807,-0.081180341463441399,0.081180341463441399,-3145728/38269807,0
256,36,271,293,331,4,4,2,0,26282393,2097152,-4416,-55342,-2037394,2037394/26282393,-2037394/26282393,-0.077519349170374244,0.077519349170374244,-2097152/26282393,0
256,37,271,379,503,4,6,2,0,51662627,3145728,2256,782950,-3930934,3930934/51662627,-3930934/51662627,-0.076088542690637861,0.076088542690637861,-3145728/51662627,0
256,38,283,379,499,2,6,6,0,53521243,4718592,4836,-681480,-4041948,4041948/53521243,-4041948/53521243,-0.075520443349942373,0.075520443349942373,-4718592/53521243,0
256,39,379,419,499,6,2,6,0,79241699,4718592,-1104,1120116,-5837604,5837604/79241699,-5837604/79241699,-0.073668334647897946,0.073668334647897946,-4718592/79241699,0
256,40,283,293,499,2,4,6,0,41376581,3145728,-688,-137376,-3007664,3007664/41376581,-3007664/41376581,-0.072690007905679782,0.072690007905679782,-3145728/41376581,0
256,41,271,367,499,4,2,6,0,49629043,3145728,-784,456250,-3601194,3601194/49629043,-3601194/49629043,-0.07256222933817201,0.07256222933817201,-3145728/49629043,0
256,42,271,307,499,4,2,6,0,41515303,3145728,-7912,-230502,-2907314,2907314/41515303,-2907314/41515303,-0.070029935708285695,0.070029935708285695,-3145728/41515303,0
256,43,271,379,439,4,6,2,0,45089251,3145728,-8808,726,-3137646,3137646/45089251,-3137646/45089251,-0.069587450011090221,0.069587450011090221,-3145728/45089251,0
256,44,331,379,499,2,6,6,0,62599051,4718592,-3660,-376638,-4338294,4338294/62599051,-4338294/62599051,-0.069302871700083757,0.069302871700083757,-4718592/62599051,0
256,45,271,293,307,4,4,2,0,24376721,2097152,-4208,-407638,-1685306,1685306/24376721,-1685306/24376721,-0.069135877626855552,0.069135877626855552,-2097152/24376721,0
256,46,367,379,499,2,6,6,0,69407407,4718592,7500,34908,-4761000,4761000/69407407,-4761000/69407407,-0.068594984394100764,0.068594984394100764,-4718592/69407407,0
256,47,293,379,419,4,6,2,0,46528693,3145728,864,-16152,-3130440,3130440/46528693,-3130440/46528693,-0.067279775084161511,0.067279775084161511,-3145728/46528693,0
256,48,257,379,499,2,6,6,0,48604097,4718592,-3876,-1485864,-3228852,3228852/48604097,-3228852/48604097,-0.066431683732340513,0.066431683732340513,-4718592/48604097,0
256,49,293,367,499,4,2,6,0,53657969,3145728,1088,373370,-3520186,3520186/53657969,-3520186/53657969,-0.065604160306552042,0.065604160306552042,-3145728/53657969,0
256,50,257,293,331,2,4,2,0,24924631,1048576,-792,585540,-1633324,1633324/24924631,-1633324/24924631,-0.065530518786817746,0.065530518786817746,-1048576/24924631,0
256,51,271,419,499,4,2,6,0,56660951,3145728,-6520,573118,-3712326,3712326/56660951,-3712326/56660951,-0.065518243772505688,0.065518243772505688,-3145728/56660951,0
256,52,271,331,499,4,2,6,0,44760799,3145728,-8224,-303300,-2834204,2834204/44760799,-2834204/44760799,-0.063318887582860167,0.063318887582860167,-3145728/44760799,0
256,53,257,271,331,2,4,2,0,23053157,1048576,-1416,408940,-1456100,1456100/23053157,-1456100/23053157,-0.063162715631529337,0.063162715631529337,-1048576/23053157,0
256,54,271,283,293,4,2,4,0,22471049,2097152,-640,-712622,-1383890,1383890/22471049,-1383890/22471049,-0.061585464924223163,0.061585464924223163,-2097152/22471049,0
256,55,283,293,379,2,4,6,0,31426301,3145728,4824,-1222452,-1928100,1928100/31426301,-1928100/31426301,-0.061353068565085024,0.061353068565085024,-3145728/31426301,0
256,56,257,283,293,2,2,4,0,21310183,1048576,1096,215620,-1265292,1265292/21310183,-1265292/21310183,-0.059374994574190189,0.059374994574190189,-1048576/21310183,0
256,57,271,463,499,4,2,6,0,62611027,3145728,-9352,534960,-3671336,3671336/62611027,-3671336/62611027,-0.058637210982020786,0.058637210982020786,-3145728/62611027,0
256,58,271,283,307,4,2,2,0,23544751,1048576,624,328194,-1377394,1377394/23544751,-1377394/23544751,-0.058501107104509197,0.058501107104509197,-1048576/23544751,0
256,59,293,367,379,4,2,6,0,40754249,3145728,6600,-777466,-2374862,2374862/40754249,-2374862/40754249,-0.058272745990240182,0.058272745990240182,-3145728/40754249,0
256,60,271,293,367,4,4,2,0,29140901,2097152,544,-405918,-1691778,1691778/29140901,-1691778/29140901,-0.058055102688829012,0.058055102688829012,-2097152/29140901,0
256,61,293,379,443,4,6,2,0,49193821,3145728,408,-299756,-2846380,2846380/49193821,-2846380/49193821,-0.057860518702135377,0.057860518702135377,-3145728/49193821,0
256,62,271,379,463,4,6,2,0,47554267,3145728,-3840,-409486,-2732402,2732402/47554267,-2732402/47554267,-0.057458608288505422,0.057458608288505422,-3145728/47554267,0
256,63,257,331,379,2,2,6,0,32240393,1572864,768,246602,-1820234,1820234/32240393,-1820234/32240393,-0.056458182752300815,0.056458182752300815,-1572864/32240393,0
256,64,271,293,433,4,4,2,0,34381499,2097152,-9376,-149074,-1938702,1938702/34381499,-1938702/34381499,-0.056387942829368785,0.056387942829368785,-2097152/34381499,0
256,65,271,439,499,4,2,6,0,59365531,3145728,-14320,197184,-3328592,3328592/59365531,-3328592/59365531,-0.056069438678144727,0.056069438678144727,-3145728/59365531,0
256,66,293,379,431,4,6,2,0,47861257,3145728,-2088,-470108,-2673532,2673532/47861257,-2673532/47861257,-0.055860045631480178,0.055860045631480178,-3145728/47861257,0
256,67,257,271,283,2,4,2,0,19710101,1048576,472,51692,-1100740,1100740/19710101,-1100740/19710101,-0.055846492110821759,0.055846492110821759,-1048576/19710101,0
256,68,293,307,379,4,2,6,0,34091429,3145728,-528,-1279998,-1865202,1865202/34091429,-1865202/34091429,-0.054711757609221957,0.054711757609221957,-3145728/34091429,0
256,69,271,293,419,4,4,2,0,33269857,2097152,-3280,-302778,-1791094,1791094/33269857,-1791094/33269857,-0.053835338095982802,0.053835338095982802,-2097152/33269857,0
256,70,257,293,347,2,4,2,0,26129447,1048576,-72,349432,-1397936,1397936/26129447,-1397936/26129447,-0.053500405117643708,0.053500405117643708,-1048576/26129447,0
256,71,293,463,499,4,2,6,0,67693841,3145728,-7480,454324,-3592572,3592572/67693841,-3592572/67693841,-0.053070884247800328,0.053070884247800328,-3145728/67693841,0
256,72,257,271,307,2,4,2,0,21381629,1048576,-1312,82794,-1130058,1130058/21381629,-1130058/21381629,-0.052851819662571076,0.052851819662571076,-1048576/21381629,0
256,73,307,379,499,2,6,6,0,58060147,4718592,-3192,-1745148,-2970252,2970252/58060147,-2970252/58060147,-0.051158189454807962,0.051158189454807962,-4718592/58060147,0
256,74,271,307,347,4,2,2,0,28869359,1048576,-544,426910,-1474942,1474942/28869359,-1474942/28869359,-0.051090223374893773,0.051090223374893773,-1048576/28869359,0
256,75,257,283,499,2,2,6,0,36292769,1572864,844,258784,-1832492,1832492/36292769,-1832492/36292769,-0.050491931326595664,0.050491931326595664,-1572864/36292769,0
256,76,293,439,499,4,2,6,0,64184873,3145728,-12448,103876,-3237156,3237156/64184873,-3237156/64184873,-0.050434874273257504,0.050434874273257504,-3145728/64184873,0
256,77,257,271,347,2,4,2,0,24167509,1048576,-696,168608,-1216488,1216488/24167509,-1216488/24167509,-0.05033568002395282,0.05033568002395282,-1048576/24167509,0
256,78,283,307,379,2,2,6,0,32927899,1572864,3828,42216,-1618908,1618908/32927899,-1618908/32927899,-0.049165238268010968,0.049165238268010968,-1572864/32927899,0
256,79,283,347,499,2,2,6,0,49002299,1572864,1996,817474,-2392334,2392334/49002299,-2392334/49002299,-0.048820852262462217,0.048820852262462217,-1572864/49002299,0
256,80,293,419,499,4,2,6,0,61260733,3145728,-4648,-212044,-2929036,2929036/61260733,-2929036/61260733,-0.047812617586537855,0.047812617586537855,-3145728/61260733,0
256,81,257,271,503,2,4,2,0,35032441,1048576,240,609900,-1658716,1658716/35032441,-1658716/35032441,-0.047347999529921421,0.047347999529921421,-1048576/35032441,0
256,82,271,293,463,4,4,2,0,36763589,2097152,-5168,-356142,-1735842,1735842/36763589,-1735842/36763589,-0.047216336794538752,0.047216336794538752,-2097152/36763589,0
256,83,257,347,499,2,2,6,0,44500321,1572864,-908,505198,-2077154,2077154/44500321,-2077154/44500321,-0.046677281271746335,0.046677281271746335,-1572864/44500321,0
256,84,283,293,307,2,4,2,0,25456133,1048576,1248,136410,-1186234,1186234/25456133,-1186234/25456133,-0.046599143711262038,0.046599143711262038,-1048576/25456133,0
256,85,283,293,347,2,4,2,0,28772893,1048576,1864,244036,-1294476,1294476/28772893,-1294476/28772893,-0.044989428070371651,0.044989428070371651,-1048576/28772893,0
256,86,271,293,443,4,4,2,0,35175529,2097152,-3584,-539790,-1553778,1553778/35175529,-1553778/35175529,-0.044172128868339121,0.044172128868339121,-2097152/35175529,0
256,87,293,379,439,4,6,2,0,48749633,3145728,-6936,-1009040,-2129752,2129752/48749633,-2129752/48749633,-0.043687549401653959,0.043687549401653959,-3145728/48749633,0
256,88,271,293,439,4,4,2,0,34857917,2097152,-8480,-566094,-1522578,1522578/34857917,-1522578/34857917,-0.043679546313682482,0.043679546313682482,-2097152/34857917,0
256,89,379,463,499,6,2,6,0,87563023,4718592,-5352,-902694,-3810546,3810546/87563023,-3810546/87563023,-0.043517752921801246,0.043517752921801246,-4718592/87563023,0
256,90,283,367,499,2,2,6,0,51826639,1572864,4636,667568,-2245068,2245068/51826639,-2245068/51826639,-0.043318803675461183,0.043318803675461183,-1572864/51826639,0
256,91,307,347,379,2,2,6,0,40374491,1572864,2076,169170,-1744110,1744110/40374491,-1744110/40374491,-0.043198315490838017,0.043198315490838017,-1572864/40374491,0
256,92,283,307,499,2,2,6,0,43353619,1572864,1072,284556,-1858492,1858492/43353619,-1858492/43353619,-0.042868208995424352,0.042868208995424352,-1572864/43353619,0
256,93,293,379,433,4,6,2,0,48083351,3145728,-8280,-1084928,-2052520,2052520/48083351,-2052520/48083351,-0.042686708752890372,0.042686708752890372,-3145728/48083351,0
256,94,271,283,347,4,2,2,0,26612471,1048576,1240,78964,-1128780,1128780/26612471,-1128780/26612471,-0.042415452514725144,0.042415452514725144,-1048576/26612471,0
256,95,271,293,431,4,4,2,0,34222693,2097152,-5248,-644750,-1447154,1447154/34222693,-1447154/34222693,-0.042286385820075587,0.042286385820075587,-2097152/34222693,0
256,96,293,307,347,4,2,2,0,31212997,1048576,80,252022,-1300678,1300678/31212997,-1300678/31212997,-0.041671038510015558,0.041671038510015558,-1048576/31212997,0
256,97,271,443,499,4,2,6,0,59906447,3145728,-6976,-643780,-2494972,2494972/59906447,-2494972/59906447,-0.041647804617756752,0.041647804617756752,-3145728/59906447,0
256,98,331,379,419,2,6,2,0,52563131,1572864,1692,604190,-2178746,2178746/52563131,-2178746/52563131,-0.041450080285361998,0.041450080285361998,-1572864/52563131,0
256,99,257,331,499,2,2,6,0,42448433,1572864,-1988,187260,-1758136,1758136/42448433,-1758136/42448433,-0.041418160241627762,0.041418160241627762,-1572864/42448433,0
256,100,257,293,307,2,4,2,0,23117407,1048576,-688,-93238,-954650,954650/23117407,-954650/23117407,-0.041295721444883506,0.041295721444883506,-1048576/23117407,0
256,101,257,293,503,2,4,2,0,37876403,1048576,864,492886,-1542326,1542326/37876403,-1542326/37876403,-0.040719970161897372,0.040719970161897372,-1048576/37876403,0
256,102,283,293,367,2,4,2,0,30431273,1048576,3624,163694,-1215894,1215894/30431273,-1215894/30431273,-0.039955410343826235,0.039955410343826235,-1048576/30431273,0
256,103,293,307,499,4,2,6,0,44885549,3145728,-6040,-1351346,-1788342,1788342/44885549,-1788342/44885549,-0.039842266382884163,0.039842266382884163,-3145728/44885549,0
256,104,283,347,379,2,2,6,0,37218179,1572864,4752,-95238,-1482378,1482378/37218179,-1482378/37218179,-0.039829407021767509,0.039829407021767509,-1572864/37218179,0
256,105,307,347,499,2,2,6,0,53157971,1572864,-680,503670,-2075854,2075854/53157971,-2075854/53157971,-0.039050662787712492,0.039050662787712492,-1572864/53157971,0
256,106,257,379,503,2,6,2,0,48993709,1572864,3252,295714,-1871830,1871830/48993709,-1871830/48993709,-0.03820551736550503,0.03820551736550503,-1572864/48993709,0
256,107,257,283,379,2,2,6,0,27565049,1572864,3600,-524328,-1052136,1052136/27565049,-1052136/27565049,-0.038169204778123196,0.038169204778123196,-1572864/27565049,0
256,108,271,433,499,4,2,6,0,58554157,3145728,-15664,-911534,-2218530,2218530/58554157,-2218530/58554157,-0.037888514046918995,0.037888514046918995,-3145728/58554157,0
256,109,379,419,443,6,2,2,0,70348843,1572864,2316,1088762,-2663942,2663942/70348843,-2663942/70348843,-0.037867602172220516,0.037867602172220516,-1572864/70348843,0
256,110,347,379,419,2,6,2,0,55103947,1572864,2772,504348,-2079984,2079984/55103947,-2079984/55103947,-0.037746551984742582,0.037746551984742582,-1572864/55103947,0
256,111,271,283,367,4,2,2,0,28146331,1048576,3000,9490,-1061066,1061066/28146331,-1061066/28146331,-0.037698199456263057,0.037698199456263057,-1048576/28146331,0
256,112,271,293,503,4,4,2,0,39939709,2097152,-1104,-592826,-1503222,1503222/39939709,-1503222/39939709,-0.037637279730806251,0.037637279730806251,-2097152/39939709,0
256,113,379,419,431,6,2,2,0,68443231,1572864,1068,985442,-2559374,2559374/68443231,-2559374/68443231,-0.037394114255067827,0.037394114255067827,-1572864/68443231,0
256,114,293,443,499,4,2,6,0,64769701,3145728,-5104,-734976,-2405648,2405648/64769701,-2405648/64769701,-0.037141564077932059,0.037141564077932059,-3145728/64769701,0
256,115,293,379,503,4,6,2,0,55856641,3145728,4128,-1077298,-2072558,2072558/55856641,-2072558/55856641,-0.037104952301016451,0.037104952301016451,-3145728/55856641,0
256,116,331,379,443,2,6,2,0,55573907,1572864,1464,473332,-2047660,2047660/55573907,-2047660/55573907,-0.036845708904360459,0.036845708904360459,-1572864/55573907,0
256,117,271,307,433,4,2,2,0,36024301,1048576,-3744,263396,-1308228,1308228/36024301,-1308228/36024301,-0.036315152929684881,0.036315152929684881,-1048576/36024301,0
256,118,331,379,431,2,6,2,0,54068519,1572864,216,382684,-1955764,1955764/54068519,-1955764/54068519,-0.036171954330763159,0.036171954330763159,-1572864/54068519,0
256,119,347,367,499,2,2,6,0,63547151,1572864,2884,712994,-2288742,2288742/63547151,-2288742/63547151,-0.036016437621255434,0.036016437621255434,-1572864/63547151,0
256,120,257,271,433,2,4,2,0,30157151,1048576,-3896,40094,-1084774,1084774/30157151,-1084774/30157151,-0.035970705588203609,0.035970705588203609,-1048576/30157151,0
256,121,331,347,379,2,2,6,0,43530803,1572864,1920,-9706,-1565078,1565078/43530803,-1565078/43530803,-0.035953345496521162,0.035953345496521162,-1572864/43530803,0
256,122,293,331,347,4,2,2,0,33653101,1048576,-24,157024,-1205576,1205576/33653101,-1205576/33653101,-0.035823622910708883,0.035823622910708883,-1048576/33653101,0
256,123,257,347,379,2,2,6,0,33798841,1572864,1848,-370074,-1204638,1204638/33798841,-1204638/33798841,-0.035641399656278154,0.035641399656278154,-1572864/33798841,0
256,124,283,367,379,2,2,6,0,39363319,1572864,7392,-185864,-1394392,1394392/39363319,-1394392/39363319,-0.035423638946705686,0.035423638946705686,-1572864/39363319,0
256,125,271,307,419,4,2,2,0,34859543,1048576,-696,184976,-1232856,1232856/34859543,-1232856/34859543,-0.035366384464650041,0.035366384464650041,-1048576/34859543,0
256,126,307,379,419,2,6,2,0,48751907,1572864,1848,123156,-1697868,1697868/48751907,-1697868/48751907,-0.034826699189428628,0.034826699189428628,-1572864/48751907,0
256,127,271,307,331,4,2,2,0,27538207,1048576,-1264,-89094,-958218,958218/27538207,-958218/27538207,-0.034795947317848255,0.034795947317848255,-1048576/27538207,0
256,128,257,271,419,2,4,2,0,29182093,1048576,-848,-32726,-1015002,1015002/29182093,-1015002/29182093,-0.034781672445495938,0.034781672445495938,-1048576/29182093,0
256,129,271,347,433,4,2,2,0,40718021,1048576,-3128,364410,-1409858,1409858/40718021,-1409858/40718021,-0.034624914604764315,0.034624914604764315,-1048576/40718021,0
256,130,257,293,367,2,4,2,0,27635467,1048576,1688,-114426,-935838,935838/27635467,-935838/27635467,-0.033863657885716207,0.033863657885716207,-1048576/27635467,0
256,131,293,379,463,4,6,2,0,51414761,3145728,-1968,-1406580,-1737180,1737180/51414761,-1737180/51414761,-0.033787573183506579,0.033787573183506579,-3145728/51414761,0
256,132,331,379,503,2,6,2,0,63100847,1572864,3324,554058,-2130246,2130246/63100847,-2130246/63100847,-0.033759388364469976,0.033759388364469976,-1572864/63100847,0
256,133,271,347,419,4,2,2,0,39401503,1048576,-80,281510,-1330006,1330006/39401503,-1330006/39401503,-0.03375520979491569,0.03375520979491569,-1048576/39401503,0
256,134,347,379,443,2,6,2,0,58260259,1572864,2544,378098,-1953506,1953506/58260259,-1953506/58260259,-0.033530678262175248,0.033530678262175248,-1572864/58260259,0
256,135,271,307,503,4,2,2,0,41848091,1048576,392,344118,-1393086,1393086/41848091,-1393086/41848091,-0.033289117059127023,0.033289117059127023,-1048576/41848091,0
256,136,271,331,347,4,2,2,0,31126247,1048576,-648,-20720,-1027208,1027208/31126247,-1027208/31126247,-0.033001344492318653,0.033001344492318653,-1048576/31126247,0
256,137,379,419,439,6,2,2,0,69713639,1572864,-1356,728072,-2299580,2299580/69713639,-2299580/69713639,-0.032986084688535623,0.032986084688535623,-1572864/69713639,0
256,138,257,293,463,2,4,2,0,34864363,1048576,-1168,98624,-1146032,1146032/34864363,-1146032/34864363,-0.032871158437628702,0.032871158437628702,-1048576/34864363,0
256,139,347,379,431,2,6,2,0,56682103,1572864,1296,285146,-1859306,1859306/56682103,-1859306/56682103,-0.032802346800717683,0.032802346800717683,-1572864/56682103,0
256,140,283,379,419,2,6,2,0,44940683,1572864,4524,-112020,-1465368,1465368/44940683,-1465368/44940683,-0.03260671405461283,0.03260671405461283,-1572864/44940683,0
256,141,271,331,419,4,2,2,0,37584719,1048576,-800,177286,-1225062,1225062/37584719,-1225062/37584719,-0.032594682961445048,0.032594682961445048,-1048576/37584719,0
256,142,293,347,367,4,2,2,0,37313257,1048576,2456,163514,-1214546,1214546/37313257,-1214546/37313257,-0.032549986188554918,0.032549986188554918,-1048576/37313257,0
256,143,347,419,499,2,2,6,0,72551107,1572864,16,776576,-2349456,2349456/72551107,-2349456/72551107,-0.032383461771300061,0.032383461771300061,-1572864/72551107,0
256,144,379,443,503,6,2,2,0,84452191,1572864,3948,1151526,-2728338,2728338/84452191,-2728338/84452191,-0.032306302153842281,0.032306302153842281,-1572864/84452191,0
256,145,307,331,379,2,2,6,0,38512843,1572864,996,-348658,-1225202,1225202/38512843,-1225202/38512843,-0.031812816311691139,0.031812816311691139,-1572864/38512843,0
256,146,379,431,499,6,2,6,0,81511151,4718592,-5532,-2124510,-2588550,2588550/81511151,-2588550/81511151,-0.031757004633635955,0.031757004633635955,-4718592/81511151,0
256,147,257,293,443,2,4,2,0,33358343,1048576,-376,9040,-1057240,1057240/33358343,-1057240/33358343,-0.031693420743350471,0.031693420743350471,-1048576/33358343,0
256,148,331,367,379,2,2,6,0,46039783,1572864,4560,-122772,-1454652,1454652/46039783,-1454652/46039783,-0.03159554422747822,0.03159554422747822,-1572864/46039783,0
256,149,257,293,439,2,4,2,0,33057139,1048576,-2824,-3664,-1042088,1042088/33057139,-1042088/33057139,-0.031523841189039378,0.031523841189039378,-1048576/33057139,0
256,150,271,307,367,4,2,2,0,30533299,1048576,1216,-87480,-962312,962312/30533299,-962312/30533299,-0.031516803998152966,0.031516803998152966,-1048576/30533299,0
256,151,271,307,463,4,2,2,0,38520211,1048576,-1640,163222,-1210158,1210158/38520211,-1210158/38520211,-0.03141618305257985,0.03141618305257985,-1048576/38520211,0
256,152,257,283,307,2,2,2,0,22328417,524288,1020,175386,-700694,700694/22328417,-700694/22328417,-0.031381266302935848,0.031381266302935848,-524288/22328417,0
256,153,293,331,367,4,2,2,0,35592761,1048576,1736,61722,-1112034,1112034/35592761,-1112034/35592761,-0.031243263201750492,0.031243263201750492,-1048576/35592761,0
256,154,271,367,433,4,2,2,0,43064881,1048576,-1368,296296,-1343504,1343504/43064881,-1343504/43064881,-0.031197206837747907,0.031197206837747907,-1048576/43064881,0
256,155,257,293,433,2,4,2,0,32605333,1048576,-3272,-29168,-1016136,1016136/32605333,-1016136/32605333,-0.031164717747247054,0.031164717747247054,-1048576/32605333,0
256,156,271,433,463,4,2,2,0,54329809,1048576,-4224,643766,-1688118,1688118/54329809,-1688118/54329809,-0.031071671906669138,0.031071671906669138,-1048576/54329809,0
256,157,271,331,503,4,2,2,0,45119603,1048576,288,352556,-1401420,1401420/45119603,-1401420/45119603,-0.031060113715982829,0.031060113715982829,-1048576/45119603,0
256,158,257,293,431,2,4,2,0,32454731,1048576,-1208,-42096,-1005272,1005272/32454731,-1005272/32454731,-0.030974590422579686,0.030974590422579686,-1048576/32454731,0
256,159,293,347,443,4,2,2,0,45040253,1048576,392,341700,-1390668,1390668/45040253,-1390668/45040253,-0.030876114306018661,0.030876114306018661,-1048576/45040253,0
256,160,293,331,463,4,2,2,0,44903129,1048576,-1120,331604,-1379060,1379060/44903129,-1379060/44903129,-0.030711890924126913,0.030711890924126913,-1048576/44903129,0
256,161,331,379,439,2,6,2,0,55072111,1572864,-2208,116866,-1687522,1687522/55072111,-1687522/55072111,-0.030642043120518842,0.030642043120518842,-1572864/55072111,0
256,162,293,347,433,4,2,2,0,44023543,1048576,-2504,296292,-1342364,1342364/44023543,-1342364/44023543,-0.030491957451039324,0.030491957451039324,-1048576/44023543,0
256,163,293,347,431,4,2,2,0,43820201,1048576,-440,281924,-1330060,1330060/43820201,-1330060/43820201,-0.030352667711405521,0.030352667711405521,-1048576/43820201,0
256,164,367,463,499,2,2,6,0,84790579,1572864,1240,997606,-2571710,2571710/84790579,-2571710/84790579,-0.030330138446159213,0.030330138446159213,-1572864/84790579,0
256,165,271,307,443,4,2,2,0,36856271,1048576,-848,69158,-1116886,1116886/36856271,-1116886/36856271,-0.030303825365295366,0.030303825365295366,-1048576/36856271,0
256,166,271,433,443,4,2,2,0,51982949,1048576,-3432,529542,-1574686,1574686/51982949,-1574686/51982949,-0.030292356056983223,0.030292356056983223,-1048576/51982949,0
256,167,307,379,443,2,6,2,0,51544379,1572864,1620,-14614,-1559870,1559870/51544379,-1559870/51544379,-0.030262659678177518,0.030262659678177518,-1572864/51544379,0
256,168,257,271,463,2,4,2,0,32246561,1048576,-1792,-72080,-974704,974704/32246561,-974704/32246561,-0.030226603078697289,0.030226603078697289,-1048576/32246561,0
256,169,271,347,367,4,2,2,0,34511579,1048576,1832,-7586,-1042822,1042822/34511579,-1042822/34511579,-0.030216583251667505,0.030216583251667505,-1048576/34511579,0
256,170,271,433,439,4,2,2,0,51513577,1048576,-5880,511910,-1554606,1554606/51513577,-1554606/51513577,-0.030178568263663771,0.030178568263663771,-1048576/51513577,0
256,171,257,293,419,2,4,2,0,31551119,1048576,-224,-96864,-951488,951488/31551119,-951488/31551119,-0.030157028661962831,0.030157028661962831,-1048576/31551119,0
256,172,271,307,439,4,2,2,0,36523483,1048576,-3296,55558,-1100838,1100838/36523483,-1100838/36523483,-0.030140553681586173,0.030140553681586173,-1048576/36523483,0
256,173,283,463,499,2,2,6,0,65383471,1572864,352,395952,-1969168,1969168/65383471,-1969168/65383471,-0.030117214180935728,0.030117214180935728,-1572864/65383471,0
256,174,257,271,367,2,4,2,0,25560449,1048576,1064,-284382,-765258,765258/25560449,-765258/25560449,-0.029939145435199516,0.029939145435199516,-1048576/25560449,0
256,175,257,379,419,2,6,2,0,40811857,1572864,1620,-355188,-1219296,1219296/40811857,-1219296/40811857,-0.029876023529142523,0.029876023529142523,-1572864/40811857,0
256,176,271,431,433,4,2,2,0,50574833,1048576,-4264,463622,-1507934,1507934/50574833,-1507934/50574833,-0.029815896772214748,0.029815896772214748,-1048576/50574833,0
256,177,293,347,419,4,2,2,0,42600149,1048576,544,218516,-1267636,1267636/42600149,-1267636/42600149,-0.02975660953674129,0.02975660953674129,-1048576/42600149,0
256,178,293,331,443,4,2,2,0,42963469,1048576,-328,230180,-1278428,1278428/42963469,-1278428/42963469,-0.029756163311672995,0.029756163311672995,-1048576/42963469,0
256,179,271,307,431,4,2,2,0,35857907,1048576,-1680,15334,-1062230,1062230/35857907,-1062230/35857907,-0.029623312927885056,0.029623312927885056,-1048576/35857907,0
256,180,293,331,439,4,2,2,0,42575537,1048576,-2776,215108,-1260908,1260908/42575537,-1260908/42575537,-0.029615786173172638,0.029615786173172638,-1048576/42575537,0
256,181,379,433,443,6,2,2,0,72699401,1572864,-2256,579574,-2150182,2150182/72699401,-2150182/72699401,-0.029576337224566679,0.029576337224566679,-1572864/72699401,0
256,182,367,439,499,2,2,6,0,80395387,1572864,-1244,801070,-2372690,2372690/80395387,-2372690/80395387,-0.029512762964870112,0.029512762964870112,-1572864/80395387,0
256,183,283,293,331,2,4,2,0,27446189,1048576,1144,-239808,-809912,809912/27446189,-809912/27446189,-0.029509087764425145,0.029509087764425145,-1048576/27446189,0
256,184,271,419,443,4,2,2,0,50302207,1048576,-384,435890,-1484082,1484082/50302207,-1484082/50302207,-0.029503317816651664,0.029503317816651664,-1048576/50302207,0
256,185,271,283,433,4,2,2,0,33208069,1048576,-1960,-67750,-978866,978866/33208069,-978866/33208069,-0.029476751569023782,0.029476751569023782,-1048576/33208069,0
256,186,271,419,439,4,2,2,0,49848011,1048576,-2832,418706,-1464450,1464450/49848011,-1464450/49848011,-0.029378303579655363,0.029378303579655363,-1048576/49848011,0
256,187,307,379,431,2,6,2,0,50148143,1572864,372,-101806,-1471430,1471430/50148143,-1471430/50148143,-0.029341664755163515,0.029341664755163515,-1572864/50148143,0
256,188,271,347,443,4,2,2,0,41658391,1048576,-232,173372,-1221716,1221716/41658391,-1221716/41658391,-0.02932700881318244,0.02932700881318244,-1048576/41658391,0
256,189,271,367,503,4,2,2,0,50026871,1048576,2768,410618,-1461962,1461962/50026871,-1461962/50026871,-0.029223534687987981,0.029223534687987981,-1048576/50026871,0
256,190,293,331,431,4,2,2,0,41799673,1048576,-1160,171940,-1219356,1219356/41799673,-1219356/41799673,-0.029171424379324691,0.029171424379324691,-1048576/41799673,0
256,191,271,331,463,4,2,2,0,41531563,1048576,-1744,163980,-1210812,1210812/41531563,-1210812/41531563,-0.029154019558570429,0.029154019558570429,-1048576/41531563,0
256,192,271,419,431,4,2,2,0,48939619,1048576,-1216,371314,-1418674,1418674/48939619,-1418674/48939619,-0.028988251829259234,0.028988251829259234,-1048576/48939619,0
256,193,283,307,347,2,2,2,0,30147707,524288,1404,347756,-873448,873448/30147707,-873448/30147707,-0.028972286350003335,0.028972286350003335,-524288/30147707,0
256,194,283,439,499,2,2,6,0,61994263,1572864,-2132,223608,-1794340,1794340/61994263,-1794340/61994263,-0.028943645962853048,0.028943645962853048,-1572864/61994263,0
256,195,379,431,433,6,2,2,0,70730117,1572864,-3504,474238,-2043598,2043598/70730117,-2043598/70730117,-0.028892897208129882,0.028892897208129882,-1572864/70730117,0
256,196,257,367,499,2,2,6,0,47065181,1572864,1732,-219982,-1354614,1354614/47065181,-1354614/47065181,-0.028781659205772522,0.028781659205772522,-1572864/47065181,0
256,197,271,347,431,4,2,2,0,40529947,1048576,-1064,115708,-1163220,1163220/40529947,-1163220/40529947,-0.028700259588298992,0.028700259588298992,-1048576/40529947,0
256,198,271,331,367,4,2,2,0,32920267,1048576,1112,-105154,-944534,944534/32920267,-944534/32920267,-0.028691565593924252,0.028691565593924252,-1048576/32920267,0
256,199,283,331,379,2,2,6,0,35502067,1572864,3672,-558490,-1018046,1018046/35502067,-1018046/35502067,-0.028675682460967696,0.028675682460967696,-1572864/35502067,0
256,200,257,271,439,2,4,2,0,30575033,1048576,-3448,-170144,-874984,874984/30575033,-874984/30575033,-0.028617597894334244,0.028617597894334244,-1048576/30575033,0
256,201,293,367,463,4,2,2,0,49786853,1048576,1360,371502,-1421438,1421438/49786853,-1421438/49786853,-0.028550468936046229,0.028550468936046229,-1048576/49786853,0
256,202,293,331,419,4,2,2,0,40635877,1048576,-176,110068,-1158468,1158468/40635877,-1158468/40635877,-0.028508502474303681,0.028508502474303681,-1048576/40635877,0
256,203,331,347,499,2,2,6,0,57313643,1572864,-836,60552,-1632580,1632580/57313643,-1632580/57313643,-0.028485015339192451,0.028485015339192451,-1572864/57313643,0
256,204,367,379,503,2,6,2,0,69963779,1572864,7044,398558,-1978466,1978466/69963779,-1978466/69963779,-0.028278432472894296,0.028278432472894296,-1572864/69963779,0
256,205,271,283,419,4,2,2,0,32134367,1048576,1088,-143482,-906182,906182/32134367,-906182/32134367,-0.028199777515455649,0.028199777515455649,-1048576/32134367,0
256,206,257,463,499,2,2,6,0,59376509,1572864,-2552,101616,-1671928,1671928/59376509,-1671928/59376509,-0.028158071738437838,0.028158071738437838,-1572864/59376509,0
256,207,257,307,379,2,2,6,0,29902721,1572864,924,-735186,-838602,838602/29902721,-838602/29902721,-0.028044337503600424,0.028044337503600424,-1572864/29902721,0
256,208,271,331,443,4,2,2,0,39737543,1048576,-952,66076,-1113700,1113700/39737543,-1113700/39737543,-0.02802639307618994,0.02802639307618994,-1048576/39737543,0
256,209,257,271,431,2,4,2,0,30017857,1048576,-1832,-207168,-839576,839576/30017857,-839576/30017857,-0.027969218455534652,0.027969218455534652,-1048576/30017857,0
256,210,347,367,379,2,2,6,0,48265271,1572864,5640,-232598,-1345906,1345906/48265271,-1345906/48265271,-0.027885599150577648,0.027885599150577648,-1572864/48265271,0
256,211,271,331,439,4,2,2,0,39378739,1048576,-3400,51708,-1096884,1096884/39378739,-1096884/39378739,-0.027854726379125547,0.027854726379125547,-1048576/39378739,0
256,212,283,379,443,2,6,2,0,47514851,1572864,4296,-256702,-1320458,1320458/47514851,-1320458/47514851,-0.027790427039327135,0.027790427039327135,-1572864/47514851,0
256,213,307,379,503,2,6,2,0,58525559,1572864,3480,48832,-1625176,1625176/58525559,-1625176/58525559,-0.027768654033701753,0.027768654033701753,-1572864/58525559,0
256,214,283,419,499,2,2,6,0,59169923,1572864,1768,68048,-1642680,1642680/59169923,-1642680/59169923,-0.027762077702889694,0.027762077702889694,-1572864/59169923,0
256,215,293,367,439,4,2,2,0,47206109,1048576,-296,248094,-1296374,1296374/47206109,-1296374/47206109,-0.027461996497105914,0.027461996497105914,-1048576/47206109,0
256,216,347,443,499,2,2,6,0,76706779,1572864,-212,530662,-2103314,2103314/76706779,-2103314/76706779,-0.027420184075256242,0.027420184075256242,-1572864/76706779,0
256,217,293,433,463,4,2,2,0,58740347,1048576,-3600,565528,-1610504,1610504/58740347,-1610504/58740347,-0.027417338886336507,0.027417338886336507,-1048576/58740347,0
256,218,271,367,463,4,2,2,0,46048591,1048576,736,210522,-1259834,1259834/46048591,-1259834/46048591,-0.027358795842417849,0.027358795842417849,-1048576/46048591,0
256,219,271,331,431,4,2,2,0,38661131,1048576,-1784,9948,-1056740,1056740/38661131,-1056740/38661131,-0.027333395911257743,0.027333395911257743,-1048576/38661131,0
256,220,347,379,433,2,6,2,0,56945129,1572864,-1800,-20968,-1550096,1550096/56945129,-1550096/56945129,-0.027220870814077883,0.027220870814077883,-1572864/56945129,0
256,221,293,367,433,4,2,2,0,46560923,1048576,-744,217310,-1265142,1265142/46560923,-1265142/46560923,-0.027171755164733309,0.027171755164733309,-1048576/46560923,0
256,222,283,293,463,2,4,2,0,38391497,1048576,768,-18732,-1030612,1030612/38391497,-1030612/38391497,-0.026844798471911631,0.026844798471911631,-1048576/38391497,0
256,223,283,379,431,2,6,2,0,46227767,1572864,3048,-340438,-1235474,1235474/46227767,-1235474/46227767,-0.026725798803995875,0.026725798803995875,-1572864/46227767,0
256,224,257,439,499,2,2,6,0,56298677,1572864,-5036,-63240,-1504588,1504588/56298677,-1504588/56298677,-0.026725104037524719,0.026725104037524719,-1572864/56298677,0
256,225,293,433,443,4,2,2,0,56202967,1048576,-2808,447784,-1493552,1493552/56202967,-1493552/56202967,-0.026574255412530088,0.026574255412530088,-1048576/56202967,0
256,226,293,433,439,4,2,2,0,55695491,1048576,-5256,429448,-1472768,1472768/55695491,-1472768/55695491,-0.02644321781811745,0.02644321781811745,-1048576/55695491,0
256,227,257,307,499,2,2,6,0,39370601,1572864,-1832,-530286,-1040746,1040746/39370601,-1040746/39370601,-0.026434597734487211,0.026434597734487211,-1572864/39370601,0
256,228,293,331,503,4,2,2,0,48782449,1048576,912,232462,-1281950,1281950/48782449,-1281950/48782449,-0.026278918469222406,0.026278918469222406,-1048576/48782449,0
256,229,293,307,331,4,2,2,0,29773781,1048576,-640,-268206,-779730,779730/29773781,-779730/29773781,-0.026188477707953853,0.026188477707953853,-1048576/29773781,0
256,230,271,367,439,4,2,2,0,43661623,1048576,-920,91338,-1138994,1138994/43661623,-1138994/43661623,-0.026086845191256404,0.026086845191256404,-1048576/43661623,0
256,231,293,431,433,4,2,2,0,54680539,1048576,-3640,379752,-1424688,1424688/54680539,-1424688/54680539,-0.026054754142054087,0.026054754142054087,-1048576/54680539,0
256,232,257,283,347,2,2,2,0,25237657,524288,1328,130608,-656224,656224/25237657,-656224/25237657,-0.026001779800716048,0.026001779800716048,-524288/25237657,0
256,233,331,379,463,2,6,2,0,58082887,1572864,276,-70960,-1502180,1502180/58082887,-1502180/58082887,-0.025862695151499613,0.025862695151499613,-1572864/58082887,0
256,234,293,419,439,4,2,2,0,53894713,1048576,-2208,341368,-1387736,1387736/53894713,-1387736/53894713,-0.025749019203423533,0.025749019203423533,-1048576/53894713,0
256,235,271,283,331,4,2,2,0,25385383,1048576,520,-400656,-648440,648440/25385383,-648440/25385383,-0.025543833630558184,0.025543833630558184,-1048576/25385383,0
256,236,283,293,443,2,4,2,0,36733117,1048576,1560,-112476,-937660,937660/36733117,-937660/36733117,-0.0255262846330193,0.0255262846330193,-1048576/36733117,0
256,237,293,419,431,4,2,2,0,52912577,1048576,-592,292568,-1340552,1340552/52912577,-1340552/52912577,-0.025335224175530139,0.025335224175530139,-1048576/52912577,0
256,238,283,293,439,2,4,2,0,36401441,1048576,-888,-126012,-921676,921676/36401441,-921676/36401441,-0.025319766874064134,0.025319766874064134,-1048576/36401441,0
256,239,257,419,499,2,2,6,0,53733817,1572864,-1136,-212560,-1359168,1359168/53733817,-1359168/53733817,-0.025294462144760721,0.025294462144760721,-1572864/53733817,0
256,240,257,331,503,2,2,2,0,42788701,524288,852,547566,-1072706,1072706/42788701,-1072706/42788701,-0.025069842620368401,0.025069842620368401,-524288/42788701,0
256,241,283,293,433,2,4,2,0,35903927,1048576,-1336,-152764,-894476,894476/35903927,-894476/35903927,-0.024913040849264205,0.024913040849264205,-1048576/35903927,0
256,242,379,433,439,6,2,2,0,72042973,1572864,-5928,218212,-1785148,1785148/72042973,-1785148/72042973,-0.024778932984900554,0.024778932984900554,-1572864/72042973,0
256,243,257,379,443,2,6,2,0,43149529,1572864,1392,-507358,-1066898,1066898/43149529,-1066898/43149529,-0.024725600133433671,0.024725600133433671,-1572864/43149529,0
256,244,283,293,431,2,4,2,0,35738089,1048576,728,-166108,-883196,883196/35738089,-883196/35738089,-0.02471301697189237,0.02471301697189237,-1048576/35738089,0
256,245,367,379,439,2,6,2,0,61061827,1572864,1512,-66282,-1508094,1508094/61061827,-1508094/61061827,-0.024697819801559492,0.024697819801559492,-1572864/61061827,0
256,246,293,367,503,4,2,2,0,54088093,1048576,3392,283880,-1335848,1335848/54088093,-1335848/54088093,-0.024697635392691698,0.024697635392691698,-1048576/54088093,0
256,247,271,283,463,4,2,2,0,35508859,1048576,144,-173684,-875036,3092/125473,-3092/125473,-0.024642751827086307,0.024642751827086307,-1048576/35508859,0
256,248,293,307,463,4,2,2,0,41647313,1048576,-1016,-21786,-1025774,1025774/41647313,-1025774/41647313,-0.024630016347033001,0.024630016347033001,-1048576/41647313,0
256,249,293,443,503,4,2,2,0,65288897,1048576,1328,556914,-1606818,1606818/65288897,-1606818/65288897,-0.024610892109266296,0.024610892109266296,-1048576/65288897,0
256,250,257,283,331,2,2,2,0,24073961,524288,968,62276,-587532,587532/24073961,-587532/24073961,-0.024405290014385253,0.024405290014385253,-524288/24073961,0
256,251,331,463,499,2,2,6,0,76473247,1572864,-2480,295052,-1865436,1865436/76473247,-1865436/76473247,-0.024393314958890133,0.024393314958890133,-1572864/76473247,0
256,252,367,379,433,2,6,2,0,60227269,1572864,840,-109554,-1464150,1464150/60227269,-1464150/60227269,-0.024310416598833328,0.024310416598833328,-1572864/60227269,0
256,253,331,367,499,2,2,6,0,60617023,1572864,1804,-111794,-1462874,1462874/60617023,-1462874/60617023,-0.024133055824928914,0.024133055824928914,-1572864/60617023,0
256,254,283,293,419,2,4,2,0,34743061,1048576,1712,-223372,-826916,826916/34743061,-826916/34743061,-0.023800896530101364,0.023800896530101364,-1048576/34743061,0
256,255,293,307,367,4,2,2,0,33012017,1048576,1840,-273236,-777180,777180/33012017,-777180/33012017,-0.023542336113543137,0.023542336113543137,-1048576/33012017,0
256,256,307,379,439,2,6,2,0,51078967,1572864,-2052,-369928,-1200884,1200884/51078967,-1200884/51078967,-0.023510342329358384,0.023510342329358384,-1572864/51078967,0
256,257,257,379,431,2,6,2,0,41980693,1572864,144,-587350,-985658,985658/41980693,-985658/41980693,-0.023478840618471924,0.023478840618471924,-1572864/41980693,0
256,258,293,307,443,4,2,2,0,39848293,1048576,-224,-119370,-928982,3026/129799,-3026/129799,-0.023312968512854491,0.023312968512854491,-1048576/39848293,0
256,259,307,367,379,2,2,6,0,42701551,1572864,4716,-588830,-988750,988750/42701551,-988750/42701551,-0.023154896645323258,0.023154896645323258,-1572864/42701551,0
256,260,331,439,499,2,2,6,0,72509191,1572864,-4964,108884,-1676784,1676784/72509191,-1676784/72509191,-0.023125123544682769,0.023125123544682769,-1572864/72509191,0
256,261,271,283,443,4,2,2,0,33974999,1048576,936,-263908,-785604,785604/33974999,-785604/33974999,-0.023123002888094272,0.023123002888094272,-1048576/33974999,0
256,262,293,307,439,4,2,2,0,39488489,1048576,-2672,-133674,-912230,912230/39488489,-912230/39488489,-0.023101162467877665,0.023101162467877665,-1048576/39488489,0
256,263,307,463,499,2,2,6,0,70928359,1572864,-2324,65588,-1636128,1636128/70928359,-1636128/70928359,-0.023067331925725222,0.023067331925725222,-1572864/70928359,0
256,264,307,379,433,2,6,2,0,50380849,1572864,-2724,-408880,-1161260,1161260/50380849,-1161260/50380849,-0.02304963141847808,0.02304963141847808,-1572864/50380849,0
256,265,271,283,439,4,2,2,0,33668227,1048576,-1512,-276740,-770324,770324/33668227,-770324/33668227,-0.022879850489305541,0.022879850489305541,-1048576/33668227,0
256,266,293,307,433,4,2,2,0,38948783,1048576,-3120,-161578,-883878,883878/38948783,-883878/38948783,-0.022693340636599609,0.022693340636599609,-1048576/38948783,0
256,267,283,307,367,2,2,2,0,31885327,524288,2284,191458,-718030,718030/31885327,-718030/31885327,-0.022519135525879978,0.022519135525879978,-524288/31885327,0
256,268,293,307,431,4,2,2,0,38768881,1048576,-1056,-175306,-872214,872214/38768881,-872214/38768881,-0.022497786304433186,0.022497786304433186,-1048576/38768881,0
256,269,419,443,499,2,2,6,0,92622883,1572864,-440,508682,-2081106,2081106/92622883,-2081106/92622883,-0.022468594504880614,0.022468594504880614,-1572864/92622883,0
256,270,307,367,499,2,2,6,0,56221831,1572864,1960,-313610,-1261214,1261214/56221831,-1261214/56221831,-0.022432816177758424,0.022432816177758424,-1572864/56221831,0
256,271,293,433,499,4,2,6,0,63307631,3145728,-13792,-1712068,-1419868,1419868/63307631,-1419868/63307631,-0.02242807032220176,0.02242807032220176,-3145728/63307631,0
256,272,271,283,431,4,2,2,0,33054683,1048576,104,-315428,-733252,733252/33054683,-733252/33054683,-0.0221829990019871,0.0221829990019871,-1048576/33054683,0
256,273,293,431,499,4,2,6,0,63015217,3145728,-7600,-1746500,-1391628,1391628/63015217,-1391628/63015217,-0.02208399917118432,0.02208399917118432,-3145728/63015217,0
256,274,283,443,499,2,2,6,0,62559131,1572864,1540,-196298,-1378106,1378106/62559131,-1378106/62559131,-0.022028854588788966,0.022028854588788966,-1572864/62559131,0
256,275,331,419,499,2,2,6,0,69205811,1572864,-1064,-58196,-1513604,1513604/69205811,-1513604/69205811,-0.021871053573810442,0.021871053573810442,-1572864/69205811,0
256,276,257,307,347,2,2,2,0,27377953,524288,436,73906,-598630,598630/27377953,-598630/27377953,-0.021865403889034362,0.021865403889034362,-524288/27377953,0
256,277,307,439,499,2,2,6,0,67251727,1572864,-4808,-113668,-1454388,1454388/67251727,-1454388/67251727,-0.021626031997661561,0.021626031997661561,-1572864/67251727,0
256,278,293,307,419,4,2,2,0,37689469,1048576,-72,-234874,-813630,813630/37689469,-813630/37689469,-0.021587727861063791,0.021587727861063791,-1048576/37689469,0
256,279,379,433,463,6,2,2,0,75981541,1572864,-3444,59762,-1629182,1629182/75981541,-1629182/75981541,-0.021441813084575372,0.021441813084575372,-1572864/75981541,0
256,280,347,433,499,2,2,6,0,74975249,1572864,-4556,35636,-1603944,1603944/74975249,-1603944/74975249,-0.021392979968629381,0.021392979968629381,-1572864/74975249,0
256,281,347,431,499,2,2,6,0,74628943,1572864,-1460,17124,-1588528,1588528/74628943,-1588528/74628943,-0.021285682687479573,0.021285682687479573,-1572864/74628943,0
256,282,283,331,499,2,2,6,0,46742827,1572864,916,-580392,-993388,993388/46742827,-993388/46742827,-0.021252201968871075,0.021252201968871075,-1572864/46742827,0
256,283,257,331,347,2,2,2,0,29518249,524288,384,101406,-626078,626078/29518249,-626078/29518249,-0.021209862414264476,0.021209862414264476,-524288/29518249,0
256,284,347,439,499,2,2,6,0,76014167,1572864,-3884,33498,-1602478,1602478/76014167,-1602478/76014167,-0.021081307120026718,0.021081307120026718,-1572864/76014167,0
256,285,367,379,463,2,6,2,0,64400059,1572864,3996,-243740,-1333120,1333120/64400059,-1333120/64400059,-0.020700602153175048,0.020700602153175048,-1572864/64400059,0
256,286,257,307,503,2,2,2,0,39686197,524288,904,292032,-817224,817224/39686197,-817224/39686197,-0.020592146937132828,0.020592146937132828,-524288/39686197,0
256,287,283,379,439,2,6,2,0,47085823,1572864,624,-610864,-962624,962624/47085823,-962624/47085823,-0.020444030467514605,0.020444030467514605,-1572864/47085823,0
256,288,293,307,503,4,2,2,0,45245353,1048576,1016,-128608,-920984,920984/45245353,-920984/45245353,-0.020355327982522316,0.020355327982522316,-1048576/45245353,0
256,289,307,419,499,2,2,6,0,64187867,1572864,-908,-274988,-1296968,1296968/64187867,-1296968/64187867,-0.020205812416231247,0.020205812416231247,-1572864/64187867,0
256,290,379,433,499,6,2,6,0,81889393,4718592,-14820,-3055860,-1647912,1647912/81889393,-1647912/81889393,-0.02012363188477902,0.02012363188477902,-4718592/81889393,0
256,291,257,283,367,2,2,2,0,26692277,524288,2208,5010,-531506,531506/26692277,-531506/26692277,-0.019912351426594293,0.019912351426594293,-524288/26692277,0
256,292,283,379,433,2,6,2,0,46442281,1572864,-48,-648088,-924728,924728/46442281,-924728/46442281,-0.01991133898009876,0.01991133898009876,-1572864/46442281,0
256,293,433,463,499,2,2,6,0,100039021,1572864,-6200,412120,-1978784,1978784/100039021,-1978784/100039021,-0.019780121598750953,0.019780121598750953,-1572864/100039021,0
256,294,257,307,331,2,2,2,0,26115569,524288,76,-12618,-511746,511746/26115569,-511746/26115569,-0.019595437495541452,0.019595437495541452,-524288/26115569,0
256,295,379,419,503,6,2,2,0,79876903,1572864,4176,-31694,-1545346,1545346/79876903,-1545346/79876903,-0.019346593845782929,0.019346593845782929,-1572864/79876903,0
256,296,257,443,499,2,2,6,0,56811649,1572864,-1364,-484394,-1087106,1087106/56811649,-1087106/56811649,-0.019135265726928644,0.019135265726928644,-1572864/56811649,0
256,297,257,499,503,2,6,2,0,64506229,1572864,496,-351796,-1221564,1221564/64506229,-1221564/64506229,-0.018937147914816103,0.018937147914816103,-1572864/64506229,0
256,298,271,331,433,4,2,2,0,38840533,1048576,-3848,-314898,-729830,729830/38840533,-729830/38840533,-0.018790421851317025,0.018790421851317025,-1048576/38840533,0
256,299,257,443,503,2,2,2,0,57267053,524288,1060,547362,-1072710,1072710/57267053,-1072710/57267053,-0.018731712979887405,0.018731712979887405,-524288/57267053,0
256,300,307,379,463,2,6,2,0,53871439,1572864,432,-564666,-1008630,1008630/53871439,-1008630/53871439,-0.018722908070081441,0.018722908070081441,-1572864/53871439,0
256,301,433,439,499,2,2,6,0,94853413,1572864,-8684,196576,-1760756,1760756/94853413,-1760756/94853413,-0.018562916655408067,0.018562916655408067,-1572864/94853413,0
256,302,367,433,499,2,2,6,0,79296589,1572864,-1916,-112230,-1458718,1458718/79296589,-1458718/79296589,-0.018395721914343629,0.018395721914343629,-1572864/79296589,0
256,303,283,307,463,2,2,2,0,40225903,524288,856,213152,-738296,738296/40225903,-738296/40225903,-0.018353745843816112,0.018353745843816112,-524288/40225903,0
256,304,367,379,419,2,6,2,0,58279967,1572864,5412,-510236,-1068040,1068040/58279967,-1068040/58279967,-0.018326022730932569,0.018326022730932569,-1572864/58279967,0
256,305,257,331,463,2,2,2,0,39386021,524288,-164,196976,-721100,721100/39386021,-721100/39386021,-0.018308526266210035,0.018308526266210035,-524288/39386021,0
256,306,271,499,503,4,6,2,0,68020187,3145728,-3256,-1909676,-1232796,1232796/68020187,-1232796/68020187,-0.01812397252009907,0.01812397252009907,-3145728/68020187,0
256,307,379,431,443,6,2,2,0,72363607,1572864,840,-262214,-1311490,1311490/72363607,-1311490/72363607,-0.01812361288181779,0.01812361288181779,-1572864/72363607,0
256,308,283,307,443,2,2,2,0,38488283,524288,1252,165160,-690700,690700/38488283,-690700/38488283,-0.017945721299128879,0.017945721299128879,-524288/38488283,0
256,309,283,307,439,2,2,2,0,38140759,524288,28,158168,-682484,682484/38140759,-682484/38140759,-0.017893823245625499,0.017893823245625499,-524288/38140759,0
256,310,257,331,443,2,2,2,0,37684681,524288,232,149144,-673664,673664/37684681,-673664/37684681,-0.017876335479660822,0.017876335479660822,-524288/37684681,0
256,311,257,331,439,2,2,2,0,37344413,524288,-992,142184,-665480,665480/37344413,-665480/37344413,-0.017820068560188643,0.017820068560188643,-524288/37344413,0
256,312,283,307,433,2,2,2,0,37619473,524288,-196,144456,-668548,668548/37619473,-668548/37619473,-0.017771328162943696,0.017771328162943696,-524288/37619473,0
256,313,257,367,503,2,2,2,0,47442457,524288,2092,314258,-840638,840638/47442457,-840638/47442457,-0.01771910759175057,0.01771910759175057,-524288/47442457,0
256,314,283,307,431,2,2,2,0,37445711,524288,836,137672,-662796,662796/37445711,-662796/37445711,-0.017700184675355744,0.017700184675355744,-524288/37445711,0
256,315,271,433,503,4,2,2,0,59023529,1048576,-2192,-6214,-1040170,1040170/59023529,-1040170/59023529,-0.017622972018497912,0.017622972018497912,-1048576/59023529,0
256,316,257,331,431,2,2,2,0,36663877,524288,-184,121752,-645856,645856/36663877,-645856/36663877,-0.017615594771933148,0.017615594771933148,-524288/36663877,0
256,317,283,307,419,2,2,2,0,36403139,524288,1328,108368,-633984,633984/36403139,-633984/36403139,-0.017415640997332674,0.017415640997332674,-524288/36403139,0
256,318,257,331,419,2,2,2,0,35643073,524288,308,92544,-617140,617140/35643073,-617140/35643073,-0.017314444239978972,0.017314444239978972,-524288/35643073,0
256,319,271,347,503,4,2,2,0,47300611,1048576,1008,-230632,-818952,818952/47300611,-818952/47300611,-0.017313772120195234,0.017313772120195234,-1048576/47300611,0
256,320,419,431,499,2,2,6,0,90113911,1572864,-1688,-15224,-1555952,1555952/90113911,-1555952/90113911,-0.017266501728018441,0.017266501728018441,-1572864/90113911,0
256,321,331,443,499,2,2,6,0,73169867,1572864,-1292,-308718,-1262854,1262854/73169867,-1262854/73169867,-0.017259208630241191,0.017259208630241191,-1572864/73169867,0
256,322,293,347,439,4,2,2,0,44633569,1048576,-2056,-283216,-763304,763304/44633569,-763304/44633569,-0.017101567656397813,0.017101567656397813,-1048576/44633569,0
256,323,271,419,503,4,2,2,0,57115147,1048576,856,-78418,-971014,971014/57115147,-971014/57115147,-0.017000989247213178,0.017000989247213178,-1048576/57115147,0
256,324,367,419,499,2,2,6,0,76732727,1572864,2656,-297288,-1278232,1278232/76732727,-1278232/76732727,-0.016658237625257342,0.016658237625257342,-1572864/76732727,0
256,325,257,379,439,2,6,2,0,42759917,1572864,-2280,-860272,-710312,710312/42759917,-710312/42759917,-0.016611631870099279,0.016611631870099279,-1572864/42759917,0
256,326,257,283,503,2,2,2,0,36583693,524288,1796,65716,-591800,591800/36583693,-591800/36583693,-0.016176606336599206,0.016176606336599206,-524288/36583693,0
256,327,283,367,463,2,2,2,0,48087643,524288,2044,250014,-776346,776346/48087643,-776346/48087643,-0.016144397012762716,0.016144397012762716,-524288/48087643,0
256,328,257,379,433,2,6,2,0,42175499,1572864,-2952,-895624,-674288,674288/42175499,-674288/42175499,-0.015987670946110207,0.015987670946110207,-1572864/42175499,0
256,329,379,431,503,6,2,2,0,82164547,1572864,2700,-264648,-1310916,1310916/82164547,-1310916/82164547,-0.015954764528793665,0.015954764528793665,-1572864/82164547,0
256,330,307,347,443,2,2,2,0,47192347,524288,668,223862,-748818,748818/47192347,-748818/47192347,-0.015867360866794779,0.015867360866794779,-524288/47192347,0
256,331,257,331,367,2,2,2,0,31219589,524288,1264,-31672,-493880,493880/31219589,-493880/31219589,-0.015819554831423308,0.015819554831423308,-524288/31219589,0
256,332,257,283,463,2,2,2,0,33674453,524288,780,7504,-532572,532572/33674453,-532572/33674453,-0.015815312575381699,0.015815312575381699,-524288/33674453,0
256,333,307,347,433,2,2,2,0,46127057,524288,-780,200598,-724106,724106/46127057,-724106/46127057,-0.015698074993165074,0.015698074993165074,-524288/46127057,0
256,334,283,367,439,2,2,2,0,45594979,524288,1216,189270,-714774,714774/45594979,-714774/45594979,-0.015676594565379665,0.015676594565379665,-524288/45594979,0
256,335,293,331,433,4,2,2,0,41993639,1048576,-3224,-387240,-658112,658112/41993639,-658112/41993639,-0.015671706850649451,0.015671706850649451,-1048576/41993639,0
256,336,307,347,431,2,2,2,0,45913999,524288,252,193302,-717842,717842/45913999,-717842/45913999,-0.015634490909842116,0.015634490909842116,-524288/45913999,0
256,337,283,367,433,2,2,2,0,44971813,524288,992,174118,-699398,699398/44971813,-699398/44971813,-0.015551919154337852,0.015551919154337852,-524288/44971813,0
256,338,271,367,419,4,2,2,0,41672483,1048576,1680,-403936,-646320,646320/41672483,-646320/41672483,-0.015509514995782708,0.015509514995782708,-1048576/41672483,0
256,339,283,379,463,2,6,2,0,49659991,1572864,3108,-812514,-763458,763458/49659991,-763458/49659991,-0.015373703954154966,0.015373703954154966,-1572864/49659991,0
256,340,307,347,419,2,2,2,0,44635651,524288,744,160926,-685958,685958/44635651,-685958/44635651,-0.015367939855968495,0.015367939855968495,-524288/44635651,0
256,341,307,443,499,2,2,6,0,67864499,1572864,-1136,-532422,-1039306,1039306/67864499,-1039306/67864499,-0.015314428240308677,0.015314428240308677,-1572864/67864499,0
256,342,367,499,503,2,6,2,0,92115899,1572864,4288,-178632,-1398520,1398520/92115899,-1398520/92115899,-0.015182178268704733,0.015182178268704733,-1572864/92115899,0
256,343,257,283,443,2,2,2,0,32219833,524288,1176,-36488,-488976,488976/32219833,-488976/32219833,-0.015176242533597241,0.015176242533597241,-524288/32219833,0
256,344,257,367,379,2,2,6,0,35746901,1572864,4488,-1035974,-541378,541378/35746901,-541378/35746901,-0.015144753387153756,0.015144753387153756,-1572864/35746901,0
256,345,347,379,503,2,6,2,0,66151039,1572864,4404,-576902,-1000366,1000366/66151039,-1000366/66151039,-0.015122453329871357,0.015122453329871357,-1572864/66151039,0
256,346,257,283,439,2,2,2,0,31928909,524288,-48,-42680,-481560,481560/31928909,-481560/31928909,-0.015082256647103101,0.015082256647103101,-524288/31928909,0
256,347,283,347,443,2,2,2,0,43503043,524288,1560,129582,-655430,655430/43503043,-655430/43503043,-0.015066302373376502,0.015066302373376502,-524288/43503043,0
256,348,257,283,433,2,2,2,0,31492523,524288,-272,-55192,-468824,468824/31492523,-468824/31492523,-0.014886835202120833,0.014886835202120833,-524288/31492523,0
256,349,283,347,433,2,2,2,0,42521033,524288,112,107278,-631678,631678/42521033,-631678/42521033,-0.014855659786063994,0.014855659786063994,-524288/42521033,0
256,350,331,443,503,2,2,2,0,73756399,524288,1084,568788,-1094160,1094160/73756399,-1094160/73756399,-0.014834780640524492,0.014834780640524492,-524288/73756399,0
256,351,283,307,331,2,2,2,0,28757611,524288,1044,-98744,-426588,426588/28757611,-426588/28757611,-0.014833916489099182,0.014833916489099182,-524288/28757611,0
256,352,257,283,431,2,2,2,0,31347061,524288,760,-61576,-463472,463472/31347061,-463472/31347061,-0.014785181934599866,0.014785181934599866,-524288/31347061,0
256,353,283,347,431,2,2,2,0,42324631,524288,1144,100174,-625606,625606/42324631,-625606/42324631,-0.014781133000308968,0.014781133000308968,-524288/42324631,0
256,354,271,463,503,4,2,2,0,63112919,1048576,-88,-119708,-928780,928780/63112919,-928780/63112919,-0.014716162945973074,0.014716162945973074,-1048576/63112919,0
256,355,307,443,503,2,2,2,0,68408503,524288,1136,477868,-1003292,1003292/68408503,-1003292/68408503,-0.014666188499988079,0.014666188499988079,-524288/68408503,0
256,356,367,433,463,2,2,2,0,73575793,524288,-140,544660,-1068808,1068808/73575793,-1068808/73575793,-0.014526625625360232,0.014526625625360232,-524288/73575793,0
256,357,367,379,443,2,6,2,0,61618199,1572864,5184,-683574,-894474,894474/61618199,-894474/61618199,-0.014516393119506787,0.014516393119506787,-1572864/61618199,0
256,358,283,433,499,2,2,6,0,61146961,1572864,-2804,-683644,-886416,886416/61146961,-886416/61146961,-0.014496484952048557,0.014496484952048557,-1572864/61146961,0
256,359,331,379,433,2,6,2,0,54319417,1572864,-2880,-783752,-786232,786232/54319417,-786232/54319417,-0.014474234876269015,0.014474234876269015,-1572864/54319417,0
256,360,283,347,419,2,2,2,0,41146219,524288,1636,68950,-594874,594874/41146219,-594874/41146219,-0.014457561702084948,0.014457561702084948,-524288/41146219,0
256,361,271,347,439,4,2,2,0,41282243,1048576,-2680,-450840,-595056,595056/41282243,-595056/41282243,-0.014414333058404796,0.014414333058404796,-1048576/41282243,0
256,362,257,283,419,2,2,2,0,30474289,524288,1252,-88480,-437060,437060/30474289,-437060/30474289,-0.01434192607414073,0.01434192607414073,-524288/30474289,0
256,363,283,431,499,2,2,6,0,60864527,1572864,292,-700620,-872536,872536/60864527,-872536/60864527,-0.014335706576673142,0.014335706576673142,-1572864/60864527,0
256,364,367,433,439,2,2,2,0,69761929,524288,-968,469516,-992836,992836/69761929,-992836/69761929,-0.014231773894899036,0.014231773894899036,-524288/69761929,0
256,365,433,443,499,2,2,6,0,95717681,1572864,-5012,-216130,-1351722,1351722/95717681,-1351722/95717681,-0.014121967706258993,0.014121967706258993,-1572864/95717681,0
256,366,293,443,463,4,2,2,0,60096937,1048576,-704,-200220,-847652,847652/60096937,-847652/60096937,-0.014104745471470535,0.014104745471470535,-1048576/60096937,0
256,367,257,347,443,2,2,2,0,39506297,524288,592,31314,-556194,556194/39506297,-556194/39506297,-0.014078616378548462,0.014078616378548462,-524288/39506297,0
256,368,347,433,443,2,2,2,0,66561193,524288,-624,411548,-935212,935212/66561193,-935212/66561193,-0.014050409222683254,0.014050409222683254,-524288/66561193,0
256,369,307,347,367,2,2,2,0,39096143,524288,1700,22982,-548970,548970/39096143,-548970/39096143,-0.014041538573255167,0.014041538573255167,-524288/39096143,0
256,370,379,439,443,6,2,2,0,73706783,1572864,-1584,-538544,-1032736,1032736/73706783,-1032736/73706783,-0.014011410591614072,0.014011410591614072,-1572864/73706783,0
256,371,293,367,443,4,2,2,0,47636233,1048576,2152,-386006,-664722,664722/47636233,-664722/47636233,-0.013954126053586143,0.013954126053586143,-1048576/47636233,0
256,372,307,433,463,2,2,2,0,61547053,524288,-1328,331996,-854956,854956/61547053,-854956/61547053,-0.013891095646772884,0.013891095646772884,-524288/61547053,0
256,373,271,439,503,4,2,2,0,59841407,1048576,-1744,-216716,-830116,830116/59841407,-830116/59841407,-0.013871933191677796,0.013871933191677796,-1048576/59841407,0
256,374,347,431,433,2,2,2,0,64758181,524288,-1040,374940,-898188,898188/64758181,-898188/64758181,-0.013869876919489137,0.013869876919489137,-524288/64758181,0
256,375,257,347,433,2,2,2,0,38614507,524288,-856,10050,-533482,533482/38614507,-533482/38614507,-0.013815584904398754,0.013815584904398754,-524288/38614507,0
256,376,347,419,443,2,2,2,0,64409099,524288,900,364260,-889448,889448/64409099,-889448/64409099,-0.013809353240603475,0.013809353240603475,-524288/64409099,0
256,377,293,347,503,4,2,2,0,51140513,1048576,1632,-346502,-703706,703706/51140513,-703706/51140513,-0.013760245228670271,0.013760245228670271,-1048576/51140513,0
256,378,367,379,431,2,6,2,0,59949083,1572864,3936,-752982,-823818,823818/59949083,-823818/59949083,-0.013741961657695414,0.013741961657695414,-1572864/59949083,0
256,379,331,367,503,2,2,2,0,61102931,524288,2116,313188,-839592,839592/61102931,-839592/61102931,-0.013740617450904278,0.013740617450904278,-524288/61102931,0
256,380,257,347,431,2,2,2,0,38436149,524288,176,3154,-527618,527618/38436149,-527618/38436149,-0.013727129635177551,0.013727129635177551,-524288/38436149,0
256,381,347,419,431,2,2,2,0,62664383,524288,484,328324,-853096,853096/62664383,-853096/62664383,-0.013613730147155521,0.013613730147155521,-524288/62664383,0
256,382,257,347,503,2,2,2,0,44857037,524288,1212,84494,-609994,609994/44857037,-609994/44857037,-0.013598624447709286,0.013598624447709286,-524288/44857037,0
256,383,331,419,443,2,2,2,0,61439227,524288,540,309812,-834640,834640/61439227,-834640/61439227,-0.013584806332280189,0.013584806332280189,-524288/61439227,0
256,384,283,433,463,2,2,2,0,56735557,524288,-436,244196,-768048,768048/56735557,-768048/56735557,-0.013537330743047081,0.013537330743047081,-524288/56735557,0
256,385,271,431,503,4,2,2,0,58750903,1048576,-128,-253388,-795060,795060/58750903,-795060/58750903,-0.013532728169301501,0.013532728169301501,-1048576/58750903,0
256,386,331,419,439,2,2,2,0,60884471,524288,-684,300260,-823864,823864/60884471,-823864/60884471,-0.013531594944793066,0.013531594944793066,-524288/60884471,0
256,387,307,433,443,2,2,2,0,58888433,524288,-932,272004,-795360,795360/58888433,-795360/58888433,-0.013506217766059423,0.013506217766059423,-524288/58888433,0
256,388,307,433,439,2,2,2,0,58356709,524288,-2156,262612,-784744,784744/58356709,-784744/58356709,-0.013447365580536764,0.013447365580536764,-524288/58356709,0
256,389,293,367,431,4,2,2,0,46345861,1048576,1320,-430086,-619810,619810/46345861,-619810/46345861,-0.013373578279190886,0.013373578279190886,-1048576/46345861,0
256,390,331,419,431,2,2,2,0,59774959,524288,124,274644,-799056,799056/59774959,-799056/59774959,-0.013367738152693672,0.013367738152693672,-524288/59774959,0
256,391,379,431,439,6,2,2,0,71710211,1572864,-2832,-613136,-956896,956896/71710211,-956896/71710211,-0.013343929499803033,0.013343929499803033,-1572864/71710211,0
256,392,307,367,503,2,2,2,0,56672507,524288,2168,229564,-756020,2060/154421,-2060/154421,-0.013340154512663432,0.013340154512663432,-524288/56672507,0
256,393,257,347,419,2,2,2,0,37366001,524288,668,-26822,-498134,498134/37366001,-498134/37366001,-0.013331209834309002,0.013331209834309002,-524288/37366001,0
256,394,307,431,433,2,2,2,0,57293261,524288,-1348,237316,-760256,760256/57293261,-760256/57293261,-0.013269553639126947,0.013269553639126947,-524288/57293261,0
256,395,307,419,443,2,2,2,0,56984419,524288,592,226956,-751836,751836/56984419,-751836/56984419,-0.013193711775845253,0.013193711775845253,-524288/56984419,0
256,396,293,439,443,4,2,2,0,56981761,1048576,-2360,-295692,-750524,750524/56981761,-750524/56981761,-0.013171302304960353,0.013171302304960353,-1048576/56981761,0
256,397,307,419,439,2,2,2,0,56469887,524288,-632,217788,-741444,741444/56469887,-741444/56469887,-0.013129900543275392,0.013129900543275392,-524288/56469887,0
256,398,257,433,463,2,2,2,0,51523103,524288,-1404,152948,-675832,675832/51523103,-675832/51523103,-0.013117067114533067,0.013117067114533067,-524288/51523103,0
256,399,283,433,443,2,2,2,0,54284777,524288,-40,186124,-710372,710372/54284777,-710372/54284777,-0.013086025940568936,0.013086025940568936,-524288/54284777,0
256,400,283,433,439,2,2,2,0,53794621,524288,-1264,177116,-700140,700140/53794621,-700140/53794621,-0.013015055910515662,0.013015055910515662,-524288/53794621,0
256,401,331,367,463,2,2,2,0,56243851,524288,1100,203540,-728928,728928/56243851,-728928/56243851,-0.012960136744548306,0.012960136744548306,-524288/56243851,0
256,402,307,419,431,2,2,2,0,55440823,524288,176,192940,-717404,717404/55440823,-717404/55440823,-0.012939995497541585,0.012939995497541585,-524288/55440823,0
256,403,307,331,347,2,2,2,0,35261099,524288,460,-68714,-456034,456034/35261099,-456034/35261099,-0.012933062579813522,0.012933062579813522,-524288/35261099,0
256,404,257,307,463,2,2,2,0,36530237,524288,-112,-54718,-469458,469458/36530237,-469458/36530237,-0.012851216924762902,0.012851216924762902,-524288/36530237,0
256,405,283,431,433,2,2,2,0,52814309,524288,-456,152588,-676420,676420/52814309,-676420/52814309,-0.012807513963687379,0.012807513963687379,-524288/52814309,0
256,406,293,431,443,4,2,2,0,55943369,1048576,-744,-331852,-715980,715980/55943369,-715980/55943369,-0.012798299651921214,0.012798299651921214,-1048576/55943369,0
256,407,283,419,443,2,2,2,0,52529611,524288,1484,142420,-668192,668192/52529611,-668192/52529611,-0.012720292179586101,0.012720292179586101,-524288/52529611,0
256,408,293,367,419,4,2,2,0,45055489,1048576,2304,-477798,-573082,573082/45055489,-573082/45055489,-0.012719471316802266,0.012719471316802266,-1048576/45055489,0
256,409,293,431,439,4,2,2,0,55438237,1048576,-3192,-343228,-702156,702156/55438237,-702156/55438237,-0.012665554281605311,0.012665554281605311,-1048576/55438237,0
256,410,283,419,439,2,2,2,0,52055303,524288,260,133636,-658184,658184/52055303,-658184/52055303,-0.012643937544653231,0.012643937544653231,-524288/52055303,0
256,411,347,367,433,2,2,2,0,55142117,524288,408,172364,-697060,697060/55142117,-697060/55142117,-0.012641154129066173,0.012641154129066173,-524288/55142117,0
256,412,283,331,367,2,2,2,0,34377991,524288,2232,-93562,-432958,432958/34377991,-432958/34377991,-0.01259404599879033,0.01259404599879033,-524288/34377991,0
256,413,257,433,443,2,2,2,0,49297483,524288,-1008,96956,-620236,620236/49297483,-620236/49297483,-0.012581494272232926,0.012581494272232926,-524288/49297483,0
256,414,307,331,503,2,2,2,0,51113351,524288,928,115404,-640620,640620/51113351,-640620/51113351,-0.012533320306078151,0.012533320306078151,-524288/51113351,0
256,415,283,307,503,2,2,2,0,43701143,524288,1872,20822,-546982,546982/43701143,-546982/43701143,-0.0125164231974436,0.0125164231974436,-524288/43701143,0
256,416,257,433,439,2,2,2,0,48852359,524288,-2232,88364,-610420,610420/48852359,-610420/48852359,-0.012495200078260294,0.012495200078260294,-524288/48852359,0
256,417,271,283,503,4,2,2,0,38576579,1048576,2176,-569864,-480888,480888/38576579,-480888/38576579,-0.012465802112727518,0.012465802112727518,-1048576/38576579,0
256,418,331,367,439,2,2,2,0,53328403,524288,272,138188,-662748,662748/53328403,-662748/53328403,-0.012427673860775467,0.012427673860775467,-524288/53328403,0
256,419,283,419,431,2,2,2,0,51106687,524288,1068,109556,-634912,634912/51106687,-634912/51106687,-0.012423266646104452,0.012423266646104452,-524288/51106687,0
256,420,379,499,503,6,6,2,0,95127863,4718592,3792,-3543186,-1179198,1179198/95127863,-1179198/95127863,-0.012395926522600428,0.012395926522600428,-4718592/95127863,0
256,421,271,443,463,4,2,2,0,55584539,1048576,-1328,-358428,-688820,688820/55584539,-688820/55584539,-0.012392294914958276,0.012392294914958276,-1048576/55584539,0
256,422,379,439,503,6,2,2,0,83689643,1572864,276,-538098,-1035042,1035042/83689643,-1035042/83689643,-0.01236762355408781,0.01236762355408781,-1572864/83689643,0
256,423,443,463,499,2,2,6,0,102349391,1572864,-1856,-309588,-1261420,1261420/102349391,-1261420/102349391,-0.012324645878938351,0.012324645878938351,-1572864/102349391,0
256,424,307,331,499,2,2,6,0,50706883,1572864,-1760,-948772,-622332,622332/50706883,-622332/50706883,-0.012273126707472829,0.012273126707472829,-1572864/50706883,0
256,425,257,431,433,2,2,2,0,47962111,524288,-1424,64668,-587532,587532/47962111,-587532/47962111,-0.012249919525018405,0.012249919525018405,-524288/47962111,0
256,426,443,499,503,2,6,2,0,111191671,1572864,1192,-218692,-1355364,1355364/111191671,-1355364/111191671,-0.012189438181930011,0.012189438181930011,-1572864/111191671,0
256,427,257,419,443,2,2,2,0,47703569,524288,516,54708,-579512,579512/47703569,-579512/47703569,-0.01214818958304776,0.01214818958304776,-524288/47703569,0
256,428,367,443,499,2,2,6,0,81127919,1572864,2428,-590290,-985002,985002/81127919,-985002/81127919,-0.012141344337946102,0.012141344337946102,-1572864/81127919,0
256,429,257,307,443,2,2,2,0,34952257,524288,284,-100630,-423942,423942/34952257,-423942/34952257,-0.012129173804140889,0.012129173804140889,-524288/34952257,0
256,430,379,433,503,6,2,2,0,82545821,1572864,-396,-573054,-999414,999414/82545821,-999414/82545821,-0.012107384576137416,0.012107384576137416,-1572864/82545821,0
256,431,257,419,439,2,2,2,0,47272837,524288,-708,46340,-569920,569920/47272837,-569920/47272837,-0.012055972016234186,0.012055972016234186,-524288/47272837,0
256,432,331,347,443,2,2,2,0,50881651,524288,616,86748,-611652,611652/50881651,-611652/50881651,-0.012021072193589001,0.012021072193589001,-524288/50881651,0
256,433,257,307,439,2,2,2,0,34636661,524288,-940,-107206,-416142,416142/34636661,-416142/34636661,-0.012014495277128473,0.012014495277128473,-524288/34636661,0
256,434,307,367,439,2,2,2,0,49461691,524288,324,60708,-585320,585320/49461691,-585320/49461691,-0.011833804873351379,0.011833804873351379,-524288/49461691,0
256,435,257,419,431,2,2,2,0,46411373,524288,100,23092,-547480,547480/46411373,-547480/46411373,-0.011796246579475251,0.011796246579475251,-524288/46411373,0
256,436,257,307,433,2,2,2,0,34163267,524288,-1164,-120294,-402830,402830/34163267,-402830/34163267,-0.011791319606523579,0.011791319606523579,-524288/34163267,0
256,437,293,463,503,4,2,2,0,68236477,1048576,536,-245698,-803414,803414/68236477,-803414/68236477,-0.011773966583884451,0.011773966583884451,-1048576/68236477,0
256,438,347,379,439,2,6,2,0,57734207,1572864,-1128,-893134,-678602,678602/57734207,-678602/57734207,-0.011753898343143433,0.011753898343143433,-1572864/57734207,0
256,439,331,347,431,2,2,2,0,49503367,524288,200,55036,-579524,579524/49503367,-579524/49503367,-0.011706759259425728,0.011706759259425728,-524288/49503367,0
256,440,257,307,431,2,2,2,0,34005469,524288,-132,-126870,-397286,397286/34005469,-397286/34005469,-0.011683003107529557,0.011683003107529557,-524288/34005469,0
256,441,307,367,433,2,2,2,0,48785677,524288,100,44980,-569368,569368/48785677,-569368/48785677,-0.011670802477538643,0.011670802477538643,-524288/48785677,0
256,442,271,367,443,4,2,2,0,44059451,1048576,1528,-543466,-506638,506638/44059451,-506638/44059451,-0.011498963071509901,0.011498963071509901,-1048576/44059451,0
256,443,283,331,347,2,2,2,0,32504531,524288,1352,-152242,-373398,373398/32504531,-373398/32504531,-0.011487567687101838,0.011487567687101838,-524288/32504531,0
256,444,307,331,463,2,2,2,0,47048671,524288,-88,15356,-539556,539556/47048671,-539556/47048671,-0.01146803912909676,0.01146803912909676,-524288/47048671,0
256,445,283,367,503,2,2,2,0,52242083,524288,3060,67284,-594632,594632/52242083,-594632/52242083,-0.011382241401055926,0.011382241401055926,-524288/52242083,0
256,446,439,443,499,2,2,6,0,97044023,1572864,-4340,-464220,-1104304,1104304/97044023,-1104304/97044023,-0.011379412825867699,0.011379412825867699,-1572864/97044023,0
256,447,331,347,419,2,2,2,0,48125083,524288,692,21508,-546488,546488/48125083,-546488/48125083,-0.011355575220514424,0.011355575220514424,-524288/48125083,0
256,448,257,347,367,2,2,2,0,32728693,524288,1624,-154366,-371546,371546/32728693,-371546/32728693,-0.0113523017860811,0.0113523017860811,-524288/32728693,0
256,449,271,439,443,4,2,2,0,52703267,1048576,-2984,-449676,-595916,595916/52703267,-595916/52703267,-0.01130700303645313,0.01130700303645313,-1048576/52703267,0
256,450,257,307,419,2,2,2,0,33058681,524288,360,-154926,-369722,369722/33058681,-369722/33058681,-0.011183809783578479,0.011183809783578479,-524288/33058681,0
256,451,257,379,463,2,6,2,0,45097589,1572864,204,-1069410,-503658,503658/45097589,-503658/45097589,-0.011168180188080565,0.011168180188080565,-1572864/45097589,0
256,452,257,463,503,2,2,2,0,59852473,524288,664,143176,-668128,668128/59852473,-668128/59852473,-0.011162913853200351,0.011162913853200351,-524288/59852473,0
256,453,257,367,463,2,2,2,0,43669697,524288,1076,-42092,-483272,483272/43669697,-483272/43669697,-0.011066529726551573,0.011066529726551573,-524288/43669697,0
256,454,367,443,503,2,2,2,0,81778243,524288,2324,377370,-903982,903982/81778243,-903982/81778243,-0.01105406483237846,0.01105406483237846,-524288/81778243,0
256,455,257,439,503,2,2,2,0,56749969,524288,-164,96016,-620140,620140/56749969,-620140/56749969,-0.010927583061763434,0.010927583061763434,-524288/56749969,0
256,456,271,431,443,4,2,2,0,51742843,1048576,-1368,-484428,-562780,562780/51742843,-562780/51742843,-0.010876480057348221,0.010876480057348221,-1048576/51742843,0
256,457,257,433,503,2,2,2,0,55974343,524288,-388,84260,-608160,608160/55974343,-608160/55974343,-0.01086497790603813,0.01086497790603813,-524288/55974343,0
256,458,307,331,443,2,2,2,0,45016331,524288,308,-36476,-488120,488120/45016331,-488120/45016331,-0.01084317600206023,0.01084317600206023,-524288/45016331,0
256,459,433,443,503,2,2,2,0,96484957,524288,-156,521638,-1045770,1045770/96484957,-1045770/96484957,-0.01083868441792434,0.01083868441792434,-524288/96484957,0
256,460,293,439,503,4,2,2,0,64699381,1048576,-1120,-346930,-700526,700526/64699381,-700526/64699381,-0.010827398796906574,0.010827398796906574,-1048576/64699381,0
256,461,257,431,503,2,2,2,0,55715801,524288,644,78128,-603060,603060/55715801,-603060/55715801,-0.010823859464929886,0.010823859464929886,-524288/55715801,0
256,462,271,367,431,4,2,2,0,42865967,1048576,696,-585434,-463838,463838/42865967,-463838/42865967,-0.010820658729103207,0.010820658729103207,-1048576/42865967,0
256,463,257,433,499,2,2,6,0,55529219,1572864,-5708,-968620,-598536,598536/55529219,-598536/55529219,-0.010778757756344457,0.010778757756344457,-1572864/55529219,0
256,464,419,443,503,2,2,2,0,93365351,524288,1368,479698,-1005354,1005354/93365351,-1005354/93365351,-0.010767956091119928,0.010767956091119928,-524288/93365351,0
256,465,307,331,439,2,2,2,0,44609863,524288,-916,-44236,-479136,479136/44609863,-479136/44609863,-0.010740584430846604,0.010740584430846604,-524288/44609863,0
256,466,271,431,439,4,2,2,0,51275639,1048576,-3816,-495100,-549660,549660/51275639,-549660/51275639,-0.010719710387226964,0.010719710387226964,-1048576/51275639,0
256,467,257,419,503,2,2,2,0,54164549,524288,1136,52736,-578160,578160/54164549,-578160/54164549,-0.010674140386546927,0.010674140386546927,-524288/54164549,0
256,468,283,331,463,2,2,2,0,43370599,524288,804,-62652,-462440,462440/43370599,-462440/43370599,-0.010662522784156152,0.010662522784156152,-524288/43370599,0
256,469,257,431,499,2,2,6,0,55272733,1572864,-2612,-984972,-585280,585280/55272733,-585280/55272733,-0.01058894627121116,0.01058894627121116,-1572864/55272733,0
256,470,293,433,503,4,2,2,0,63815107,1048576,-1568,-372170,-674838,674838/63815107,-674838/63815107,-0.010574894123424411,0.010574894123424411,-1048576/63815107,0
256,471,331,431,499,2,2,6,0,71187839,1572864,-2540,-819952,-750372,750372/71187839,-750372/71187839,-0.010540732947378836,0.010540732947378836,-1572864/71187839,0
256,472,347,439,463,2,2,2,0,70530179,524288,-796,-1266606,743114,-743114/70530179,743114/70530179,0.010536113909479798,0.010536113909479798,-524288/70530179,0
256,473,379,443,463,6,2,2,0,77736311,1572864,900,-757906,-815858,815858/77736311,-815858/77736311,-0.010495198312150419,0.010495198312150419,-1572864/77736311,0
256,474,433,443,463,2,2,2,0,88812197,524288,-1172,408890,-932006,932006/88812197,-932006/88812197,-0.010494121657636732,0.010494121657636732,-524288/88812197,0
256,475,307,331,431,2,2,2,0,43796927,524288,-108,-66268,-457912,457912/43796927,-457912/43796927,-0.010455345417270943,0.010455345417270943,-524288/43796927,0
256,476,293,431,503,4,2,2,0,63520349,1048576,496,-385010,-664062,664062/63520349,-664062/63520349,-0.010454319134801982,0.010454319134801982,-1048576/63520349,0
256,477,347,443,503,2,2,2,0,77321663,524288,1444,279530,-805262,805262/77321663,-805262/77321663,-0.010414442327760074,0.010414442327760074,-524288/77321663,0
256,478,307,347,503,2,2,2,0,53584087,524288,1288,30500,-556076,556076/53584087,-556076/53584087,-0.010377633195467154,0.010377633195467154,-524288/53584087,0
256,479,433,439,443,2,2,2,0,84208541,524288,-2000,347714,-870002,870002/84208541,-870002/84208541,-0.010331517321978064,0.010331517321978064,-524288/84208541,0
256,480,431,433,443,2,2,2,0,82673989,524288,-1192,325154,-848250,848250/82673989,-848250/82673989,-0.010260179897694304,0.010260179897694304,-524288/82673989,0
256,481,257,367,439,2,2,2,0,41406041,524288,248,-100340,-424196,424196/41406041,-424196/41406041,-0.010244785295942686,0.010244785295942686,-524288/41406041,0
256,482,431,433,439,2,2,2,0,81927497,524288,-2416,317226,-839098,839098/81927497,-839098/81927497,-0.010241958203605317,0.010241958203605317,-524288/81927497,0
256,483,419,439,443,2,2,2,0,81485863,524288,-476,295274,-819086,819086/81485863,-819086/81485863,-0.010051878569415163,0.010051878569415163,-524288/81485863,0
256,484,257,367,433,2,2,2,0,40840127,524288,24,-114868,-409444,409444/40840127,-409444/40840127,-0.010025531996998932,0.010025531996998932,-524288/40840127,0
256,485,307,331,419,2,2,2,0,42577523,524288,384,-97876,-426796,426796/42577523,-426796/42577523,-0.010023974386673457,0.010023974386673457,-524288/42577523,0
256,486,419,431,443,2,2,2,0,80000927,524288,332,273162,-797782,797782/80000927,-797782/80000927,-0.0099721594476024009,0.0099721594476024009,-524288/80000927,0
256,487,283,331,443,2,2,2,0,41497139,524288,1200,-112564,-412924,412924/41497139,-412924/41497139,-0.0099506618998480827,0.0099506618998480827,-524288/41497139,0
256,488,419,431,439,2,2,2,0,79278571,524288,-892,265458,-788854,788854/79278571,-788854/79278571,-0.0099504063967046034,0.0099504063967046034,-524288/79278571,0
256,489,283,443,503,2,2,2,0,63060607,524288,2028,100570,-626886,626886/63060607,-626886/63060607,-0.0099410080210613899,0.0099410080210613899,-524288/63060607,0
256,490,257,331,433,2,2,2,0,36834011,524288,-1216,-158126,-364946,364946/36834011,-364946/36834011,-0.0099078539125158002,0.0099078539125158002,-524288/36834011,0
256,491,293,419,503,4,2,2,0,61751801,1048576,1480,-439250,-610806,610806/61751801,-610806/61751801,-0.0098913066519306855,0.0098913066519306855,-1048576/61751801,0
256,492,331,433,463,2,2,2,0,66358549,524288,-1380,131470,-654378,654378/66358549,-654378/66358549,-0.0098612463632982688,0.0098612463632982688,-524288/66358549,0
256,493,379,439,463,6,2,2,0,77034403,1572864,-2772,-2329138,759046,-759046/77034403,759046/77034403,0.0098533378651613612,0.0098533378651613612,-1572864/77034403,0
256,494,283,331,439,2,2,2,0,41122447,524288,-24,-119940,-404324,404324/41122447,-404324/41122447,-0.0098321969993663064,0.0098321969993663064,-524288/41122447,0
256,495,347,463,499,2,2,6,0,80169839,1572864,-1400,-789660,-781804,781804/80169839,-781804/80169839,-0.0097518469508214925,0.0097518469508214925,-1572864/80169839,0
256,496,367,463,503,2,2,2,0,85470263,524288,1928,307146,-833362,833362/85470263,-833362/85470263,-0.0097503151476204062,0.0097503151476204062,-524288/85470263,0
256,497,367,433,443,2,2,2,0,70397573,524288,256,154706,-679250,679250/70397573,-679250/70397573,-0.0096487701358681788,0.0096487701358681788,-524288/70397573,0
256,498,331,347,367,2,2,2,0,42152519,524288,1648,-121428,-404508,404508/42152519,-404508/42152519,-0.0095962948264135765,0.0095962948264135765,-524288/42152519,0
256,499,367,439,503,2,2,2,0,81039839,524288,1100,249426,-774814,774814/81039839,-774814/81039839,-0.0095609025087031573,0.0095609025087031573,-524288/81039839,0
256,500,283,379,503,2,6,2,0,53950271,1572864,6156,-1064630,-514390,514390/53950271,-514390/53950271,-0.0095345211518956044,0.0095345211518956044,-1572864/53950271,0
256,501,367,433,503,2,2,2,0,79932233,524288,876,235030,-760194,760194/79932233,-760194/79932233,-0.0095104812097517658,0.0095104812097517658,-524288/79932233,0
256,502,283,331,431,2,2,2,0,40373063,524288,784,-141204,-383868,383868/40373063,-383868/40373063,-0.0095080227130648967,0.0095080227130648967,-524288/40373063,0
256,503,367,431,433,2,2,2,0,68490641,524288,-160,125946,-650074,650074/68490641,-650074/68490641,-0.0094914281792164868,0.0094914281792164868,-524288/68490641,0
256,504,367,419,439,2,2,2,0,67506347,524288,556,113786,-638630,638630/67506347,-638630/67506347,-0.0094602956370902422,0.0094602956370902422,-524288/67506347,0
256,505,347,433,439,2,2,2,0,65960189,524288,-1848,96850,-619290,619290/65960189,-619290/65960189,-0.0093888451411198951,0.0093888451411198951,-524288/65960189,0
256,506,379,463,503,6,2,2,0,88264931,1572864,2760,-748820,-826804,826804/88264931,-826804/88264931,-0.0093672990012307385,0.0093672990012307385,-1572864/88264931,0
256,507,331,433,443,2,2,2,0,63492089,524288,-984,69558,-592862,592862/63492089,-592862/63492089,-0.009337572748630148,0.009337572748630148,-524288/63492089,0
256,508,307,347,439,2,2,2,0,46766231,524288,-556,-88820,-434912,434912/46766231,-434912/46766231,-0.0092997017441923003,0.0092997017441923003,-524288/46766231,0
256,509,331,433,439,2,2,2,0,62918797,524288,-2208,59782,-581862,581862/62918797,-581862/62918797,-0.0092478246206773463,0.0092478246206773463,-524288/62918797,0
256,510,331,463,503,2,2,2,0,77086259,524288,688,170522,-695498,695498/77086259,-695498/77086259,-0.0090223343177154303,0.0090223343177154303,-524288/77086259,0
256,511,283,331,419,2,2,2,0,39248987,524288,1276,-171660,-353904,353904/39248987,-353904/39248987,-0.0090168951366821262,0.0090168951366821262,-524288/39248987,0
256,512,331,431,433,2,2,2,0,61772213,524288,-1400,33718,-556606,556606/61772213,-556606/61772213,-0.0090106210052730337,0.0090106210052730337,-524288/61772213,0
256,513,347,419,439,2,2,2,0,63827527,524288,-324,49786,-573750,573750/63827527,-573750/63827527,-0.008989068305905068,0.008989068305905068,-524288/63827527,0
256,514,431,433,499,2,2,6,0,93124877,1572864,-6260,-742052,-824552,824552/93124877,-824552/93124877,-0.0088542613591854735,0.0088542613591854735,-1572864/93124877,0
256,515,331,439,503,2,2,2,0,73090427,524288,-140,116258,-640406,640406/73090427,-640406/73090427,-0.0087618314228756662,0.0087618314228756662,-524288/73090427,0
256,516,257,307,367,2,2,2,0,28955933,524288,1316,-274150,-251454,251454/28955933,-251454/28955933,-0.0086840234089504212,0.0086840234089504212,-524288/28955933,0
256,517,283,367,443,2,2,2,0,46010423,524288,2440,-127940,-398788,398788/46010423,-398788/46010423,-0.0086673404415343012,0.0086673404415343012,-524288/46010423,0
256,518,331,431,503,2,2,2,0,71758483,524288,668,96002,-620958,620958/71758483,-620958/71758483,-0.0086534438025954365,0.0086534438025954365,-524288/71758483,0
256,519,347,367,503,2,2,2,0,64056547,524288,2476,19066,-545830,545830/64056547,-545830/64056547,-0.0085210649896567178,0.0085210649896567178,-524288/64056547,0
256,520,331,419,503,2,2,2,0,69760567,524288,1160,67058,-592506,592506/69760567,-592506/69760567,-0.0084934229390652739,0.0084934229390652739,-524288/69760567,0
256,521,347,379,463,2,6,2,0,60890519,1572864,1356,-2090286,516066,-516066/60890519,516066/60890519,0.0084753095962279441,0.0084753095962279441,-1572864/60890519,0
256,522,307,463,503,2,2,2,0,71496923,524288,740,77682,-602710,602710/71496923,-602710/71496923,-0.0084298732688118626,0.0084298732688118626,-524288/71496923,0
256,523,283,367,431,2,2,2,0,44764091,524288,2024,-149500,-376812,376812/44764091,-376812/44764091,-0.0084177292910962934,0.0084177292910962934,-524288/44764091,0
256,524,283,293,503,2,4,2,0,41708257,1048576,2800,-702630,-348746,348746/41708257,-348746/41708257,-0.0083615577606132047,0.0083615577606132047,-1048576/41708257,0
256,525,331,443,463,2,2,2,0,67891079,524288,68,36762,-561118,561118/67891079,-561118/67891079,-0.0082649739592443369,0.0082649739592443369,-524288/67891079,0
256,526,347,431,443,2,2,2,0,66253751,524288,408,21298,-545994,545994/66253751,-545994/66253751,-0.008240952274536124,0.008240952274536124,-524288/66253751,0
256,527,307,433,499,2,2,6,0,66332569,1572864,-5480,-1022648,-544736,544736/66332569,-544736/66332569,-0.0082121951284594447,0.0082121951284594447,-1572864/66332569,0
256,528,283,367,419,2,2,2,0,43517759,524288,2516,-172876,-353928,353928/43517759,-353928/43517759,-0.0081329555595912005,0.0081329555595912005,-524288/43517759,0
256,529,331,499,503,2,6,2,0,83080007,1572864,568,-898466,-674966,674966/83080007,-674966/83080007,-0.0081242891565957622,0.0081242891565957622,-1572864/83080007,0
256,530,307,439,503,2,2,2,0,67790819,524288,-88,25722,-549922,549922/67790819,-549922/67790819,-0.0081120424286362427,0.0081120424286362427,-524288/67790819,0
256,531,307,431,499,2,2,6,0,66026183,1572864,-2384,-1040200,-530280,530280/66026183,-530280/66026183,-0.0080313593169546085,0.0080313593169546085,-1572864/66026183,0
256,532,307,433,503,2,2,2,0,66864293,524288,-312,12766,-536742,536742/66864293,-536742/66864293,-0.0080273338117850136,0.0080273338117850136,-524288/66864293,0
256,533,307,431,503,2,2,2,0,66555451,524288,720,6234,-531242,531242/66555451,-531242/66555451,-0.007981945761287081,0.007981945761287081,-524288/66555451,0
256,534,283,347,439,2,2,2,0,43110239,524288,336,-182716,-341908,341908/43110239,-341908/43110239,-0.0079310161096532075,0.0079310161096532075,-524288/43110239,0
256,535,331,439,443,2,2,2,0,64371887,524288,-760,-14622,-508906,508906/64371887,-508906/64371887,-0.0079057182213720101,0.0079057182213720101,-524288/64371887,0
256,536,307,331,367,2,2,2,0,37293439,524288,1340,-232492,-293136,293136/37293439,-293136/37293439,-0.0078602565990226868,0.0078602565990226868,-524288/37293439,0
256,537,307,419,503,2,2,2,0,64702399,524288,1212,-21558,-503942,503942/64702399,-503942/64702399,-0.0077886138348595077,0.0077886138348595077,-524288/64702399,0
256,538,331,431,443,2,2,2,0,63198823,524288,48,-33918,-490418,490418/63198823,-490418/63198823,-0.0077599229973001234,0.0077599229973001234,-524288/63198823,0
256,539,331,431,439,2,2,2,0,62628179,524288,-1176,-40214,-482898,482898/62628179,-482898/62628179,-0.0077105547009438035,0.0077105547009438035,-524288/62628179,0
256,540,431,439,463,2,2,2,0,87603767,524288,-1364,-1191718,668794,-668794/87603767,668794/87603767,0.0076343064105907684,0.0076343064105907684,-524288/87603767,0
256,541,307,443,463,2,2,2,0,62968463,524288,120,-50318,-474090,474090/62968463,-474090/62968463,-0.0075290070205461419,0.0075290070205461419,-524288/62968463,0
256,542,331,347,503,2,2,2,0,57773071,524288,1236,-100854,-424670,424670/57773071,-424670/57773071,-0.007350656502230944,0.007350656502230944,-524288/57773071,0
256,543,347,367,439,2,2,2,0,55906211,524288,632,-115614,-409306,409306/55906211,-409306/55906211,-0.0073212974494014631,0.0073212974494014631,-524288/55906211,0
256,544,307,439,443,2,2,2,0,59704439,524288,-708,-99398,-424182,424182/59704439,-424182/59704439,-0.0071046978600703371,0.0071046978600703371,-524288/59704439,0
256,545,347,367,443,2,2,2,0,56415607,524288,1856,-127134,-399010,399010/56415607,-399010/56415607,-0.0070726882367852569,0.0070726882367852569,-524288/56415607,0
256,546,443,463,503,2,2,2,0,103169827,524288,896,192656,-717840,717840/103169827,-717840/103169827,-0.006957848247627671,0.006957848247627671,-524288/103169827,0
256,547,347,419,463,2,2,2,0,67316959,524288,504,-992300,467508,-467508/67316959,467508/67316959,0.0069448769960033397,0.0069448769960033397,-524288/67316959,0
256,548,307,431,443,2,2,2,0,58616431,524288,100,-117926,-406462,406462/58616431,-406462/58616431,-0.0069342672876142866,0.0069342672876142866,-524288/58616431,0
256,549,439,443,503,2,2,2,0,97821931,524288,68,148904,-673260,673260/97821931,-673260/97821931,-0.0068825057235887112,0.0068825057235887112,-524288/97821931,0
256,550,307,431,439,2,2,2,0,58087163,524288,-1124,-123838,-399326,399326/58087163,-399326/58087163,-0.0068745998147645808,0.0068745998147645808,-524288/58087163,0
256,551,431,443,503,2,2,2,0,96039299,524288,876,132152,-657316,657316/96039299,-657316/96039299,-0.0068442398772610782,0.0068442398772610782,-524288/96039299,0
256,552,331,367,433,2,2,2,0,52599541,524288,48,-164762,-359574,359574/52599541,-359574/52599541,-0.006836067257697173,0.006836067257697173,-524288/52599541,0
256,553,347,367,431,2,2,2,0,54887419,524288,1440,-151766,-373962,373962/54887419,-373962/54887419,-0.0068132553290581946,0.0068132553290581946,-524288/54887419,0
256,554,419,433,499,2,2,6,0,90532073,1572864,-4784,-2172108,604028,-604028/90532073,604028/90532073,0.0066719780071754237,0.0066719780071754237,-1572864/90532073,0
256,555,283,443,463,2,2,2,0,58045847,524288,1012,-139078,-386222,386222/58045847,-386222/58045847,-0.0066537404476154855,0.0066537404476154855,-524288/58045847,0
256,556,347,367,419,2,2,2,0,53359231,524288,1932,-178214,-348006,348006/53359231,-348006/53359231,-0.0065219455655198631,0.0065219455655198631,-524288/53359231,0
256,557,347,431,463,2,2,2,0,69244891,524288,12,-974660,450360,-450360/69244891,450360/69244891,0.006503873332691072,0.006503873332691072,-524288/69244891,0
256,558,433,463,503,2,2,2,0,100840937,524288,-552,131532,-655268,655268/100840937,-655268/100840937,-0.0064980356142466233,0.0064980356142466233,-524288/100840937,0
256,559,331,367,443,2,2,2,0,53814311,524288,1496,-178254,-347530,347530/53814311,-347530/53814311,-0.0064579475894432619,0.0064579475894432619,-524288/53814311,0
256,560,431,439,499,2,2,6,0,94415291,1572864,-5588,-959398,-607878,607878/94415291,-607878/94415291,-0.0064383427044672247,0.0064383427044672247,-1572864/94415291,0
256,561,367,431,499,2,2,6,0,78930323,1572864,1180,-1080284,-493760,493760/78930323,-493760/78930323,-0.0062556439810844307,0.0062556439810844307,-1572864/78930323,0
256,562,257,347,439,2,2,2,0,39149581,524288,-632,-280568,-243088,243088/39149581,-243088/39149581,-0.0062092107703528169,0.0062092107703528169,-524288/39149581,0
256,563,433,439,503,2,2,2,0,95613761,524288,-1380,67476,-590384,590384/95613761,-590384/95613761,-0.0061746760489842043,0.0061746760489842043,-524288/95613761,0
256,564,331,367,431,2,2,2,0,52356587,524288,1080,-202118,-323250,750/121477,-750/121477,-0.00617400824847502,0.00617400824847502,-524288/52356587,0
256,565,283,439,443,2,2,2,0,55036991,524288,184,-185854,-338618,338618/55036991,-338618/55036991,-0.0061525529257222657,0.0061525529257222657,-524288/55036991,0
256,566,379,431,463,6,2,2,0,75630587,1572864,-348,-2031544,459028,-459028/75630587,459028/75630587,0.0060693433464955125,0.0060693433464955125,-1572864/75630587,0
256,567,431,433,503,2,2,2,0,93871369,524288,-572,43956,-567672,567672/93871369,-567672/93871369,-0.006047339098676616,0.006047339098676616,-524288/93871369,0
256,568,331,347,433,2,2,2,0,49733081,524288,-832,-224122,-299334,299334/49733081,-299334/49733081,-0.0060188106986574993,0.0060188106986574993,-524288/49733081,0
256,569,283,431,443,2,2,2,0,54034039,524288,992,-203614,-321666,321666/54034039,-321666/54034039,-0.0059530252772701294,0.0059530252772701294,-524288/54034039,0
256,570,419,439,503,2,2,2,0,92522323,524288,144,25760,-550192,550192/92522323,-550192/92522323,-0.005946586533500677,0.005946586533500677,-524288/92522323,0
256,571,331,347,439,2,2,2,0,50422223,524288,-608,-226318,-297362,297362/50422223,-297362/50422223,-0.0058974393096472557,0.0058974393096472557,-524288/50422223,0
256,572,283,431,439,2,2,2,0,53546147,524288,-232,-209142,-314914,314914/53546147,-314914/53546147,-0.0058811701241547783,0.0058811701241547783,-524288/53546147,0
256,573,433,439,463,2,2,2,0,88010281,524288,-2396,-5808,-516084,516084/88010281,-516084/88010281,-0.0058639058316380102,0.0058639058316380102,-524288/88010281,0
256,574,331,367,419,2,2,2,0,50898863,524288,1572,-227798,-298062,298062/50898863,-298062/50898863,-0.0058559657806108558,0.0058559657806108558,-524288/50898863,0
256,575,283,331,503,2,2,2,0,47117519,524288,1820,-251142,-274966,274966/47117519,-274966/47117519,-0.0058357486946628064,0.0058357486946628064,-524288/47117519,0
256,576,419,431,503,2,2,2,0,90836267,524288,952,2688,-527928,527928/90836267,-527928/90836267,-0.0058118636689462374,0.0058118636689462374,-524288/90836267,0
256,577,431,433,463,2,2,2,0,86406449,524288,-1588,-21280,-501420,501420/86406449,-501420/86406449,-0.0058030390764004201,0.0058030390764004201,-524288/86406449,0
256,578,419,433,443,2,2,2,0,80372161,524288,-700,-61720,-461868,461868/80372161,-461868/80372161,-0.0057466166674304056,0.0057466166674304056,-524288/80372161,0
256,579,419,433,439,2,2,2,0,79646453,524288,-1924,-72904,-449460,449460/79646453,-449460/79646453,-0.0056431891574631708,0.0056431891574631708,-524288/79646453,0
256,580,307,499,503,2,6,2,0,77056079,1572864,724,-1139450,-434138,434138/77056079,-434138/77056079,-0.0056340525709853472,0.0056340525709853472,-1572864/77056079,0
256,581,257,443,463,2,2,2,0,52713013,524288,44,-231366,-292966,292966/52713013,-292966/52713013,-0.0055577547805889978,0.0055577547805889978,-524288/52713013,0
256,582,347,499,503,2,6,2,0,87095959,1572864,1648,-1094812,-479700,479700/87095959,-479700/87095959,-0.0055077182168692812,0.0055077182168692812,-1572864/87095959,0
256,583,367,431,503,2,2,2,0,79563031,524288,1908,-88336,-437860,437860/79563031,-437860/79563031,-0.0055033096966856376,0.0055033096966856376,-524288/79563031,0
256,584,307,367,443,2,2,2,0,49912367,524288,1548,-256118,-269718,269718/49912367,-269718/49912367,-0.0054038310785781809,0.0054038310785781809,-524288/49912367,0
256,585,419,431,433,2,2,2,0,78195037,524288,-1116,-101784,-421388,421388/78195037,-421388/78195037,-0.0053889353617161155,0.0053889353617161155,-524288/78195037,0
256,586,367,419,503,2,2,2,0,77347819,524288,2400,-110200,-416488,416488/77347819,-416488/77347819,-0.0053846120729014995,0.0053846120729014995,-524288/77347819,0
256,587,463,499,503,2,6,2,0,116211611,1572864,4,-970976,-601892,601892/116211611,-601892/116211611,-0.0051792759331079231,0.0051792759331079231,-1572864/116211611,0
256,588,347,433,463,2,2,2,0,69566213,524288,-1020,-167904,-355364,355364/69566213,-355364/69566213,-0.005108284390872333,0.005108284390872333,-524288/69566213,0
256,589,307,367,431,2,2,2,0,48560339,524288,1132,-278830,-246590,246590/48560339,-246590/48560339,-0.0050780123260671635,0.0050780123260671635,-524288/48560339,0
256,590,257,439,443,2,2,2,0,49980589,524288,-784,-275646,-247858,247858/49980589,-247858/49980589,-0.0049590852160625795,0.0049590852160625795,-524288/49980589,0
256,591,367,443,463,2,2,2,0,75275003,524288,1308,-160416,-365180,365180/75275003,-365180/75275003,-0.0048512784516262326,0.0048512784516262326,-524288/75275003,0
256,592,367,419,443,2,2,2,0,68121439,524288,1780,-201248,-324820,324820/68121439,-324820/68121439,-0.0047682492438246935,0.0047682492438246935,-524288/68121439,0
256,593,257,431,443,2,2,2,0,49069781,524288,24,-292574,-231738,231738/49069781,-231738/49069781,-0.0047226214439391933,0.0047226214439391933,-524288/49069781,0
256,594,331,433,503,2,2,2,0,72091469,524288,-364,-183920,-340004,340004/72091469,-340004/72091469,-0.0047162861946952418,0.0047162861946952418,-524288/72091469,0
256,595,307,367,419,2,2,2,0,47208311,524288,1624,-303358,-222554,222554/47208311,-222554/47208311,-0.0047142970228271882,0.0047142970228271882,-524288/47208311,0
256,596,257,431,439,2,2,2,0,48626713,524288,-1200,-297686,-225402,225402/48626713,-225402/48626713,-0.0046353534116114325,0.0046353534116114325,-524288/48626713,0
256,597,439,463,499,2,2,6,0,101425243,1572864,-5528,-1106752,-460584,460584/101425243,-460584/101425243,-0.0045411180331113429,0.0045411180331113429,-1572864/101425243,0
256,598,367,419,431,2,2,2,0,66276163,524288,1364,-229336,-296316,296316/66276163,-296316/66276163,-0.0044709287108247349,0.0044709287108247349,-524288/66276163,0
256,599,431,499,503,2,6,2,0,108179707,1572864,-56,-2055452,482644,-482644/108179707,482644/108179707,0.0044615021928280877,0.0044615021928280877,-1572864/108179707,0
256,600,347,433,503,2,2,2,0,75576253,524288,-4,-187172,-337112,337112/75576253,-337112/75576253,-0.0044605545607030823,0.0044605545607030823,-524288/75576253,0
256,601,293,347,463,4,2,2,0,47073673,1048576,-400,-839604,-208572,208572/47073673,-208572/47073673,-0.0044307568691314995,0.0044307568691314995,-1048576/47073673,0
256,602,347,431,503,2,2,2,0,75227171,524288,1028,-194024,-331292,331292/75227171,-331292/75227171,-0.004403887526223736,0.004403887526223736,-524288/75227171,0
256,603,271,419,433,4,2,2,0,49166717,1048576,-3280,-830248,-215048,215048/49166717,-215048/49166717,-0.0043738531494791483,0.0043738531494791483,-1048576/49166717,0
256,604,431,463,499,2,2,6,0,99576947,1572864,-3104,-2003812,434052,-434052/99576947,434052/99576947,0.0043589607140696934,0.0043589607140696934,-1572864/99576947,0
256,605,367,439,443,2,2,2,0,71373059,524288,480,-215256,-309512,309512/71373059,-309512/71373059,-0.0043365382447738436,0.0043365382447738436,-524288/71373059,0
256,606,433,499,503,2,6,2,0,108681701,1572864,-3152,-2039232,469520,-469520/108681701,469520/108681701,0.004320138493231717,0.004320138493231717,-1572864/108681701,0
256,607,367,431,439,2,2,2,0,69439703,524288,64,-233768,-290584,290584/69439703,-290584/69439703,-0.0041846953176052611,0.0041846953176052611,-524288/69439703,0
256,608,347,419,503,2,2,2,0,73132679,524288,1520,-223736,-302072,302072/73132679,-302072/73132679,-0.0041304653970080868,0.0041304653970080868,-524288/73132679,0
256,609,307,331,433,2,2,2,0,44000161,524288,-1140,-345746,-177402,177402/44000161,-177402/44000161,-0.0040318488834620398,0.0040318488834620398,-524288/44000161,0
256,610,439,499,503,2,6,2,0,110187683,1572864,-2480,-1134248,-436136,436136/110187683,-436136/110187683,-0.0039581193480581669,0.0039581193480581669,-1572864/110187683,0
256,611,293,499,503,4,6,2,0,73542121,3145728,-1384,-2853466,-290878,290878/73542121,-290878/73542121,-0.0039552571512045456,0.0039552571512045456,-3145728/73542121,0
256,612,419,431,463,2,2,2,0,83612707,524288,-64,-850380,326156,-326156/83612707,326156/83612707,0.0039007946483541073,0.0039007946483541073,-524288/83612707,0
256,613,419,463,499,2,2,6,0,96804503,1572864,-1628,-1194392,-376844,376844/96804503,-376844/96804503,-0.0038928354396902385,0.0038928354396902385,-1572864/96804503,0
256,614,347,439,443,2,2,2,0,67483519,524288,-400,-263560,-260328,260328/67483519,-260328/67483519,-0.0038576530070994074,0.0038576530070994074,-524288/67483519,0
256,615,367,439,463,2,2,2,0,74595319,524288,84,-248896,-275476,275476/74595319,-275476/74595319,-0.0036929394993270286,0.0036929394993270286,-524288/74595319,0
256,616,257,419,433,2,2,2,0,46626739,524288,-932,-695144,171788,-171788/46626739,171788/46626739,0.003684323709620782,0.003684323709620782,-524288/46626739,0
256,617,419,439,463,2,2,2,0,85164683,524288,-872,-835356,311940,-311940/85164683,311940/85164683,0.003662785899173722,0.003662785899173722,-524288/85164683,0
256,618,347,431,439,2,2,2,0,65655523,524288,-816,-289920,-233552,233552/65655523,-233552/65655523,-0.0035572331058881367,0.0035572331058881367,-524288/65655523,0
256,619,283,347,503,2,2,2,0,49395103,524288,2180,-354238,-172230,172230/49395103,-172230/49395103,-0.0034867828901986499,0.0034867828901986499,-524288/49395103,0
256,620,331,419,433,2,2,2,0,60052337,524288,-908,-729646,206266,-206266/60052337,206266/60052337,0.0034347705735415426,0.0034347705735415426,-524288/60052337,0
256,621,283,463,503,2,2,2,0,65907587,524288,1632,-301536,-224384,224384/65907587,-224384/65907587,-0.0034045245807588129,0.0034045245807588129,-524288/65907587,0
256,622,307,347,463,2,2,2,0,49322927,524288,272,-365670,-158890,158890/49322927,-158890/49322927,-0.0032214227675498659,0.0032214227675498659,-524288/49322927,0
256,623,419,433,463,2,2,2,0,84000701,524288,-1096,-768756,245564,-245564/84000701,245564/84000701,0.0029233565562744529,0.0029233565562744529,-524288/84000701,0
256,624,347,463,503,2,2,2,0,80812483,524288,1048,-760100,234764,-234764/80812483,234764/80812483,0.0029050462414327745,0.0029050462414327745,-524288/80812483,0
256,625,431,443,463,2,2,2,0,88401979,524288,-140,-780500,256352,-256352/88401979,256352/88401979,0.0028998445837960258,0.0028998445837960258,-524288/88401979,0
256,626,271,431,463,4,2,2,0,54078863,1048576,-2160,-1203216,156800,-156800/54078863,156800/54078863,0.0028994692436488541,0.0028994692436488541,-1048576/54078863,0
256,627,257,419,463,2,2,2,0,49857229,524288,120,-666408,142000,-142000/49857229,142000/49857229,0.0028481326148310409,0.0028481326148310409,-524288/49857229,0
256,628,283,439,503,2,2,2,0,62491211,524288,804,-351192,-173900,173900/62491211,-173900/62491211,-0.0027827913272476029,0.0027827913272476029,-524288/62491211,0
256,629,419,499,503,2,6,2,0,105167743,1572864,1420,-1282248,-292036,292036/105167743,-292036/105167743,-0.0027768590602918995,0.0027768590602918995,-1572864/105167743,0
256,630,439,443,463,2,2,2,0,90042851,524288,-948,-771796,248456,-248456/90042851,248456/90042851,0.0027593084541492363,0.0027593084541492363,-524288/90042851,0
256,631,283,433,503,2,2,2,0,61637117,524288,580,-363572,-161296,161296/61637117,-161296/61637117,-0.002616864769972937,0.002616864769972937,-524288/61637117,0
256,632,257,367,443,2,2,2,0,41783317,524288,1472,-417966,-107794,107794/41783317,-107794/41783317,-0.0025798334775575622,0.0025798334775575622,-524288/41783317,0
256,633,379,419,463,6,2,2,0,73524863,1572864,1128,-1762374,188382,-188382/73524863,188382/73524863,0.002562153703026961,0.002562153703026961,-1572864/73524863,0
256,634,283,331,433,2,2,2,0,40560409,524288,-248,-420874,-103166,103166/40560409,-103166/40560409,-0.0025435147855634296,0.0025435147855634296,-524288/40560409,0
256,635,283,431,503,2,2,2,0,61352419,524288,1612,-369912,-155988,155988/61352419,-155988/61352419,-0.0025424914378681628,0.0025424914378681628,-524288/61352419,0
256,636,257,431,463,2,2,2,0,51285121,524288,-372,-653088,129172,-129172/51285121,129172/51285121,0.0025187032316839031,0.0025187032316839031,-524288/51285121,0
256,637,271,439,463,4,2,2,0,55082647,1048576,-3776,-1182640,137840,-137840/55082647,137840/55082647,0.0025024214976451659,0.0025024214976451659,-1048576/55082647,0
256,638,347,367,463,2,2,2,0,58962587,524288,1460,-386704,-139044,139044/58962587,-139044/58962587,-0.0023581733277747803,0.0023581733277747803,-524288/58962587,0
256,639,257,439,463,2,2,2,0,52237049,524288,-1180,-643248,120140,-120140/52237049,120140/52237049,0.0022999002106723144,0.0022999002106723144,-524288/52237049,0
256,640,331,439,463,2,2,2,0,67278067,524288,-1156,-376304,-146828,146828/67278067,-146828/67278067,-0.0021824051514440805,0.0021824051514440805,-524288/67278067,0
256,641,283,419,503,2,2,2,0,59644231,524288,2104,-396552,-129840,129840/59644231,-129840/59644231,-0.0021769079393445445,0.0021769079393445445,-524288/59644231,0
256,642,431,439,503,2,2,2,0,95172127,524288,-348,-318530,-205410,205410/95172127,-205410/95172127,-0.0021582999820945474,0.0021582999820945474,-524288/95172127,0
256,643,257,367,431,2,2,2,0,40651489,524288,1056,-438278,-87066,87066/40651489,-87066/40651489,-0.0021417665660414063,0.0021417665660414063,-524288/40651489,0
256,644,347,419,433,2,2,2,0,62955169,524288,-548,-389192,-134548,134548/62955169,-134548/62955169,-0.0021372033803928,0.0021372033803928,-524288/62955169,0
256,645,419,433,503,2,2,2,0,91257781,524288,-80,-715592,191384,-191384/91257781,191384/91257781,0.0020971800749790309,0.0020971800749790309,-524288/91257781,0
256,646,331,431,463,2,2,2,0,66052043,524288,-348,-388512,-135428,135428/66052043,-135428/66052043,-0.0020503226523969896,0.0020503226523969896,-524288/66052043,0
256,647,431,443,499,2,2,6,0,95275567,1572864,-1916,-1382544,-188404,188404/95275567,-188404/95275567,-0.0019774639598838599,0.0019774639598838599,-1572864/95275567,0
256,648,331,419,463,2,2,2,0,64213007,524288,144,-405384,-119048,119048/64213007,-119048/64213007,-0.001853954604555429,0.001853954604555429,-524288/64213007,0
256,649,293,419,433,4,2,2,0,53158111,1048576,-2656,-1143328,97408,-97408/53158111,97408/53158111,0.0018324202679060586,0.0018324202679060586,-1048576/53158111,0
256,650,419,463,503,2,2,2,0,97580491,524288,972,-687516,162256,-162256/97580491,162256/97580491,0.0016627913872661289,0.0016627913872661289,-524288/97580491,0
256,651,257,367,419,2,2,2,0,39519661,524288,1548,-460406,-65430,65430/39519661,-65430/39519661,-0.0016556316108075927,0.0016556316108075927,-524288/39519661,0
256,652,283,419,433,2,2,2,0,51343841,524288,36,-608472,84148,-84148/51343841,84148/51343841,0.0016389112766222536,0.0016389112766222536,-524288/51343841,0
256,653,367,419,433,2,2,2,0,66583709,524288,332,-630338,105718,-105718/66583709,105718/66583709,0.0015877457352218092,0.0015877457352218092,-524288/66583709,0
256,654,431,463,503,2,2,2,0,100375159,524288,480,-674460,149692,-149692/100375159,149692/100375159,0.0014913251594450775,0.0014913251594450775,-524288/100375159,0
256,655,283,347,463,2,2,2,0,45467063,524288,1164,-461870,-63582,63582/45467063,-63582/45467063,-0.0013984188950141776,0.0013984188950141776,-524288/45467063,0
256,656,283,499,503,2,6,2,0,71032151,1572864,3400,-1674700,98436,-98436/71032151,98436/71032151,0.0013857950042931967,0.0013857950042931967,-1572864/71032151,0
256,657,439,463,503,2,2,2,0,102238271,524288,-328,-664796,140836,-140836/102238271,140836/102238271,0.0013775272079865279,0.0013775272079865279,-524288/102238271,0
256,658,331,433,499,2,2,6,0,71518177,1572864,-5636,-1661762,94534,-94534/71518177,94534/71518177,0.001321817808639054,0.001321817808639054,-1572864/71518177,0
256,659,431,439,443,2,2,2,0,83819587,524288,-968,-421690,-101630,101630/83819587,-101630/83819587,-0.0012124850961148259,0.0012124850961148259,-524288/83819587,0
256,660,419,443,463,2,2,2,0,85940671,524288,352,-420882,-103758,103758/85940671,-103758/85940671,-0.0012073212693440572,0.0012073212693440572,-524288/85940671,0
256,661,379,419,433,6,2,2,0,68760833,1572864,-2028,-1496068,-74768,74768/68760833,-74768/68760833,-0.0010873632086452472,0.0010873632086452472,-1572864/68760833,0
256,662,307,439,463,2,2,2,0,62399899,524288,-1104,-463000,-60184,60184/62399899,-60184/62399899,-0.00096448874059876287,0.00096448874059876287,-524288/62399899,0
256,663,283,419,463,2,2,2,0,54901151,524288,1088,-576616,51240,-51240/54901151,51240/54901151,0.00093331376604472284,0.00093331376604472284,-524288/54901151,0
256,664,257,347,463,2,2,2,0,41289877,524288,196,-562218,37734,-37734/41289877,37734/41289877,0.00091388017455222743,0.00091388017455222743,-524288/41289877,0
256,665,367,419,463,2,2,2,0,71196899,524288,1384,-588402,62730,-62730/71196899,62730/71196899,0.00088107769974644543,0.00088107769974644543,-524288/71196899,0
256,666,271,347,463,4,2,2,0,43539131,1048576,-1024,-1011452,-36100,36100/43539131,-36100/43539131,-0.0008291391943491017,0.0008291391943491017,-1048576/43539131,0
256,667,271,419,463,4,2,2,0,52573187,1048576,-1176,-1004102,-43298,43298/52573187,-43298/52573187,-0.00082357571360473162,0.00082357571360473162,-1048576/52573187,0
256,668,307,431,463,2,2,2,0,61262771,524288,-296,-474440,-49552,49552/61262771,-49552/61262771,-0.00080884359605607782,0.00080884359605607782,-524288/61262771,0
256,669,367,431,463,2,2,2,0,73235951,524288,892,-578610,53430,-53430/73235951,53430/73235951,0.00072955972129043565,0.00072955972129043565,-524288/73235951,0
256,670,283,431,463,2,2,2,0,56473499,524288,596,-562048,37164,-37164/56473499,37164/56473499,0.00065807857947672061,0.00065807857947672061,-524288/56473499,0
256,671,347,439,503,2,2,2,0,76623499,524288,220,-477922,-46586,46586/76623499,-46586/76623499,-0.00060798580863554667,0.00060798580863554667,-524288/76623499,0
256,672,307,419,463,2,2,2,0,59557079,524288,196,-490160,-34324,34324/59557079,-34324/59557079,-0.0005763210784733079,0.0005763210784733079,-524288/59557079,0
256,673,293,419,463,4,2,2,0,56841121,1048576,-552,-1077216,29192,-29192/56841121,29192/56841121,0.00051357185584007046,0.00051357185584007046,-1048576/56841121,0
256,674,283,439,463,2,2,2,0,57521731,524288,-212,-551376,27300,-27300/57521731,27300/57521731,0.00047460324168617247,0.00047460324168617247,-524288/57521731,0
256,675,331,347,463,2,2,2,0,53178791,524288,220,-500864,-23644,23644/53178791,-23644/53178791,-0.00044461334218748972,0.00044461334218748972,-524288/53178791,0
256,676,367,431,443,2,2,2,0,70072411,524288,1288,-552058,26482,-26482/70072411,26482/70072411,0.00037792334560887307,0.00037792334560887307,-524288/70072411,0
256,677,293,439,463,4,2,2,0,59554301,1048576,-3152,-1025136,-20288,20288/59554301,-20288/59554301,-0.00034066389260449889,0.00034066389260449889,-1048576/59554301,0
256,678,347,443,463,2,2,2,0,71172823,524288,428,-548618,23902,-23902/71172823,23902/71172823,0.00033583043347880132,0.00033583043347880132,-524288/71172823,0
256,679,307,419,433,2,2,2,0,55698089,524288,-856,-524896,1464,-1464/55698089,1464/55698089,2.6284564269341448e-05,2.6284564269341448e-05,-524288/55698089,0
256,680,293,431,463,4,2,2,0,58469029,1048576,-1536,-1047120,80,-80/58469029,80/58469029,1.3682457425451686e-06,1.3682457425451686e-06,-1048576/58469029,0
