q,t,p,sign,type,x,y,h,zp_size,zq_size,selected,nearest_zero,linear_distance,cyclic_distance
1005373,70344,897751,-,M+,37277,181674,144397,8,4,0,291306,220962,220962
1009301,323194,951437,+,P,281058,885311,604253,4,0,0,-1,-1,-1
1009301,538127,951437,+,P,66125,670378,604253,4,0,0,-1,-1,-1
1010461,191083,930301,+,P,258257,707598,449341,4,0,0,-1,-1,-1
1010461,226638,930301,+,P,222702,672043,449341,4,0,0,-1,-1,-1
1011271,8568,875593,-,M-,52956,127109,74153,4,4,0,221066,212498,212498
1011671,143350,916099,+,P,199316,541983,342667,4,0,0,-1,-1,-1
1015967,42793,902719,+,P,180437,403668,223231,6,4,0,14659,28134,28134
1027739,165996,910619,+,P,41902,249801,207899,4,2,0,221505,55509,55509
1027883,256448,960077,+,P,296792,850033,553241,4,4,0,277056,20608,20608
1027883,443197,960077,+,P,110043,663284,553241,4,4,0,372928,70269,70269
1028329,685874,996511,+,P,119728,925331,805603,4,2,0,853296,167422,167422
1028329,734423,996511,+,P,71179,876782,805603,4,2,0,853296,118873,118873
1030369,10064,901403,+,P,117542,245149,127607,4,4,0,290172,280108,280108
1032131,90075,906847,-,M+,35208,65067,29859,4,0,0,-1,-1,-1
1036319,139552,962363,+,P,379074,897701,518627,4,0,0,-1,-1,-1
1036319,453965,962363,+,P,64661,583288,518627,4,0,0,-1,-1,-1
1038211,22862,921407,-,M+,93941,197720,103779,4,0,0,-1,-1,-1
1047313,209025,943841,+,P,113983,436992,323009,6,0,0,-1,-1,-1
1049011,146663,978007,+,P,405319,957302,551983,6,0,0,-1,-1,-1
1049011,531278,978007,+,P,20704,572687,551983,6,0,0,-1,-1,-1
1057117,34857,977023,+,P,461601,958060,496459,4,2,0,271627,236770,236770
1057117,477496,977023,+,P,18962,515421,496459,4,2,0,271627,205869,205869
1060421,51215,982273,+,P,462169,975554,513385,4,0,0,-1,-1,-1
1060421,506666,982273,+,P,6718,520103,513385,4,0,0,-1,-1,-1
1076381,588748,1038187,+,P,220274,1029297,809023,4,4,0,736723,147975,147975
1076381,800133,1038187,+,P,8889,817912,809023,4,4,0,857838,57705,57705
1080353,97348,961183,+,P,148814,394977,246163,4,2,0,355353,258005,258005
1084177,92843,971921,-,M+,19412,205541,186129,4,4,0,373210,280367,280367
1084357,13294,959333,+,P,195894,405083,209189,4,0,0,-1,-1,-1
1108957,704918,1077101,+,P,181046,1067011,885965,6,0,0,-1,-1,-1
1108957,875875,1077101,+,P,10089,896054,885965,6,0,0,-1,-1,-1
1120799,120554,982187,+,P,29960,180475,150515,6,2,0,285086,164532,164532
1125739,5442,1009997,-,M+,110299,310102,199803,4,0,0,-1,-1,-1
1129603,68638,986351,-,M-,58200,74613,16413,8,2,0,359586,290948,290948
1142789,344223,1065689,+,P,258865,861954,603089,4,2,0,161861,182362,182362
1142789,399354,1065689,+,P,203734,806823,603089,4,2,0,161861,237493,237493
1144511,410260,1080263,+,P,284514,979289,694775,8,0,0,-1,-1,-1
1144511,593801,1080263,+,P,100973,795748,694775,8,0,0,-1,-1,-1
1151401,283666,1041203,+,P,96348,476363,380015,8,4,0,45668,237998,237998
1158823,191898,1081757,+,P,427462,1046823,619361,4,0,0,-1,-1,-1
1158823,584427,1081757,+,P,34933,654294,619361,4,0,0,-1,-1,-1
1180141,19086,1046659,+,P,226680,472447,245767,4,0,0,-1,-1,-1
1181237,156850,1087027,+,P,364916,886683,521767,4,0,0,-1,-1,-1
1181237,321423,1087027,+,P,200343,722110,521767,4,0,0,-1,-1,-1
1181293,84038,1057603,+,P,231424,546887,315463,4,0,0,-1,-1,-1
1181573,43592,1046389,-,M+,91591,191692,100101,4,0,0,-1,-1,-1
1184461,354101,1080263,+,P,100973,556048,455075,8,2,0,579936,225835,225835
1190587,347814,1082141,+,P,83650,515115,431465,8,0,0,-1,-1,-1
1196537,261505,1116491,+,P,374709,1010924,636215,6,2,0,350769,89264,89264
1196537,530648,1116491,+,P,105566,741781,636215,6,2,0,350769,179879,179879
1210597,83692,1114489,+,P,454148,991989,537841,4,0,0,-1,-1,-1
1210597,415341,1114489,+,P,122499,660340,537841,4,0,0,-1,-1,-1
1210871,2857,1085521,-,M+,122492,330563,208071,4,2,0,442182,439325,439325
1233361,48565,1073143,-,M-,63269,111652,48383,6,2,0,577262,528697,528697
1248529,52210,1194517,-,M+,1801,818234,816433,4,2,0,360446,308236,308236
1254557,505183,1186811,+,P,275151,1055486,780335,4,2,0,174899,330284,330284
1254557,649010,1186811,+,P,131324,911659,780335,4,2,0,1079657,430647,430647
1259077,36026,1143223,+,P,412072,860171,448099,4,0,0,-1,-1,-1
1259077,165047,1143223,+,P,283051,731150,448099,4,0,0,-1,-1,-1
1262563,374864,1191293,+,P,388808,1152481,763673,4,0,0,-1,-1,-1
1262563,724861,1191293,+,P,38811,802484,763673,4,0,0,-1,-1,-1
1270333,174215,1125169,+,P,79969,334154,254185,4,0,0,-1,-1,-1
1271201,620496,1207237,+,P,202956,1026409,823453,4,0,0,-1,-1,-1
1271201,642625,1207237,+,P,180827,1004280,823453,4,0,0,-1,-1,-1
1273121,44323,1136741,-,M+,92056,274137,182081,4,2,0,152414,108091,108091
1275611,18169,1121297,-,M+,136144,177243,41099,6,2,0,281157,262988,262988
1279657,213979,1194763,+,P,471419,1156818,685399,4,0,0,-1,-1,-1
1279657,647454,1194763,+,P,37944,723343,685399,4,0,0,-1,-1,-1
1310041,11331,1162453,-,M+,136256,265593,129337,4,2,0,401172,389841,389841
1322129,24067,1203739,-,M+,94322,469331,375009,4,0,0,-1,-1,-1
1324261,59904,1216867,+,P,512598,1085101,572503,8,0,0,-1,-1,-1
1324261,440737,1216867,+,P,131765,704268,572503,8,0,0,-1,-1,-1
1331411,41690,1236329,-,M+,53391,624146,570755,6,4,0,638617,596927,596927
1331719,208021,1189553,+,P,128535,465092,336557,8,2,0,641510,433489,433489
1341547,309507,1253737,+,P,417369,1144246,726877,6,2,0,163207,146300,146300
1341547,617386,1253737,+,P,109490,836367,726877,6,2,0,163207,454179,454179
1347481,22908,1177711,-,M-,136182,146861,10679,6,0,0,-1,-1,-1
1362407,787421,1315451,+,P,246293,1280008,1033715,4,4,0,692579,94842,94842
1362407,998272,1315451,+,P,35442,1069157,1033715,4,4,0,1100251,101979,101979
1371137,86320,1191781,-,M-,29324,93035,63711,4,4,0,163155,76835,76835
1374019,327787,1286693,+,P,434949,1197686,762737,4,0,0,-1,-1,-1
1374019,673730,1286693,+,P,89006,851743,762737,4,0,0,-1,-1,-1
1375037,29180,1200499,-,M-,124090,145357,21267,4,0,0,-1,-1,-1
1375243,1185532,1359097,+,P,76688,1338909,1262221,4,4,0,1307674,122142,122142
1375243,1242033,1359097,+,P,20187,1282408,1262221,4,4,0,1307674,65641,65641
1389943,16438,1195459,-,M-,12116,178045,165929,6,0,0,-1,-1,-1
1392229,812671,1339001,+,P,206961,1226594,1019633,4,0,0,-1,-1,-1
1392229,907226,1339001,+,P,112406,1132039,1019633,4,0,0,-1,-1,-1
1398973,305907,1259129,+,P,114157,534222,420065,6,2,0,175637,130270,130270
1409659,978293,1369793,+,P,152303,1282900,1130597,4,2,0,1102884,124591,124591
1409659,1043704,1369793,+,P,86892,1217489,1130597,4,2,0,1102884,59180,59180
1410527,690618,1346123,+,P,269080,1228779,959699,4,0,0,-1,-1,-1
1410527,842355,1346123,+,P,117343,1077042,959699,4,0,0,-1,-1,-1
1412629,3991,1286833,+,P,528065,1060122,532057,6,0,0,-1,-1,-1
1412629,305346,1286833,+,P,226710,758767,532057,6,0,0,-1,-1,-1
1416551,92870,1290539,-,M+,33141,441596,408455,6,4,0,212890,120020,120020
1423159,524168,1351667,+,P,398546,1321261,922715,6,2,0,462577,61591,61591
1423159,892309,1351667,+,P,30405,953120,922715,6,2,0,960581,68272,68272
1426987,38737,1345457,-,M+,42792,817539,774747,6,2,0,12497,26240,26240
1439359,17231,1330751,-,M+,91376,661871,570495,8,0,0,-1,-1,-1
1441367,49134,1267103,-,M+,125129,172384,47255,4,0,0,-1,-1,-1
1444913,191987,1280863,+,P,104575,401138,296563,4,2,0,161973,30014,30014
1452169,574346,1365167,+,P,268808,1111963,843155,4,2,0,306758,267588,267588
1452169,589951,1365167,+,P,253203,1096358,843155,4,2,0,306758,283193,283193
1456709,749974,1398979,+,P,302624,1355223,1052599,4,0,0,-1,-1,-1
1456709,1008843,1398979,+,P,43755,1096354,1052599,4,0,0,-1,-1,-1
1459153,555229,1371061,+,P,287279,1129788,842509,6,2,0,228766,326463,326463
1459153,601236,1371061,+,P,241272,1083781,842509,6,2,0,228766,372470,372470
1460741,521769,1387921,+,P,429231,1380232,951001,4,0,0,-1,-1,-1
1460741,943312,1387921,+,P,7688,958689,951001,4,0,0,-1,-1,-1
1462693,67827,1380781,-,M+,14084,821481,807397,6,2,0,490238,422411,422411
1468741,97125,1359427,-,M+,12188,606417,594229,8,2,0,597333,500208,500208
1476529,363070,1340617,+,P,162074,687219,525145,4,2,0,552429,189359,189359
1477843,8358,1277233,-,M-,65214,192251,127037,6,2,0,544227,535869,535869
1487113,7525,1301527,-,M+,178060,180485,2425,4,0,0,-1,-1,-1
1487599,47117,1358881,-,M+,81600,539455,457855,6,0,0,-1,-1,-1
1490161,120323,1363673,+,P,484421,1089166,604745,6,0,0,-1,-1,-1
1490161,330238,1363673,+,P,274506,879251,604745,6,0,0,-1,-1,-1
1495511,607302,1376003,+,P,51652,710607,658955,6,2,0,473377,133925,133925
1499231,22670,1342087,-,M+,134473,376552,242079,8,0,0,-1,-1,-1
1499551,175408,1315451,+,P,35442,246293,210851,4,2,0,229462,54054,54054
1505681,643986,1432511,+,P,349504,1342995,993491,4,0,0,-1,-1,-1
1505681,903975,1432511,+,P,89515,1083006,993491,4,0,0,-1,-1,-1
1509581,12026,1331821,-,M+,165733,253234,87501,4,0,0,-1,-1,-1
1510039,73128,1381229,-,M+,55681,535240,479559,4,2,0,197726,124598,124598
1514783,64540,1331989,-,M+,118253,170684,52431,6,2,0,653909,589369,589369
1517317,279989,1362017,+,P,150227,580444,430217,4,0,0,-1,-1,-1
1519159,361188,1385191,+,P,220194,801577,581383,4,0,0,-1,-1,-1
1521901,245966,1399213,+,P,417118,1080203,663085,4,0,0,-1,-1,-1
1521901,344075,1399213,+,P,319009,982094,663085,4,0,0,-1,-1,-1
1522253,116146,1403239,-,M+,2867,573008,570141,8,0,0,-1,-1,-1
1529149,227006,1362223,+,P,133660,494327,360667,4,0,0,-1,-1,-1
1533139,511655,1390283,+,P,21491,554638,533147,4,2,0,52344,459311,459311
1534051,360876,1420511,+,P,378394,1117665,739271,4,2,0,23058,337818,337818
1534051,436425,1420511,+,P,302845,1042116,739271,4,2,0,23058,413367,413367
1536487,15594,1351543,+,P,226284,468163,241879,8,2,0,590127,574533,574533
1537411,66518,1438097,-,M+,32795,775694,742899,4,0,0,-1,-1,-1
1538167,137834,1424959,+,P,607876,1353587,745711,6,0,0,-1,-1,-1
1538167,674339,1424959,+,P,71371,817082,745711,6,0,0,-1,-1,-1
1538261,101261,1339003,-,M-,42193,97996,55803,4,2,0,487555,386294,386294
1545539,596565,1472467,+,P,437469,1471504,1034035,6,2,0,25438,571127,571127
1545539,1033072,1472467,+,P,962,1034997,1034035,6,2,0,1520100,487028,487028
1548623,284779,1437031,+,P,482699,1250178,767479,4,0,0,-1,-1,-1
1548623,580626,1437031,+,P,186852,954331,767479,4,0,0,-1,-1,-1
1551133,714781,1468553,+,P,258291,1231364,973073,6,0,0,-1,-1,-1
1551133,735884,1468553,+,P,237188,1210261,973073,6,0,0,-1,-1,-1
1553561,56163,1420207,-,M+,77190,563919,486729,4,0,0,-1,-1,-1
1563253,444244,1455439,+,P,364310,1172865,808555,4,0,0,-1,-1,-1
1563253,525981,1455439,+,P,282573,1091128,808555,4,0,0,-1,-1,-1
1570237,73775,1384309,+,P,194965,463706,268741,4,0,0,-1,-1,-1
1576501,18079,1482583,-,M+,75838,900995,825157,4,6,0,611102,593023,593023
1579313,540560,1485733,+,P,383692,1307945,924253,4,2,0,37965,502595,502595
1579313,746465,1485733,+,P,177787,1102040,924253,4,2,0,37965,708500,708500
1597331,217163,1407053,+,P,48221,313606,265385,4,2,0,65701,151462,151462
1610149,59608,1427681,+,P,273264,606137,332873,6,2,0,66768,7160,7160
1611917,283875,1430279,+,P,56575,397026,340451,6,0,0,-1,-1,-1
1616623,922427,1551943,+,P,241435,1405298,1163863,4,0,0,-1,-1,-1
1616623,1017218,1551943,+,P,146644,1310507,1163863,4,0,0,-1,-1,-1
1625483,47922,1408999,+,P,62172,172267,110095,4,2,0,377868,329946,329946
1626503,462669,1514231,+,P,377929,1218528,840599,4,0,0,-1,-1,-1
1626503,544896,1514231,+,P,295702,1136301,840599,4,0,0,-1,-1,-1
1635971,45423,1502689,+,P,657573,1360570,702997,6,0,0,-1,-1,-1
1635971,560878,1502689,+,P,142118,845115,702997,6,0,0,-1,-1,-1
1638569,249260,1444481,+,P,30692,310645,279953,6,0,0,-1,-1,-1
1649287,463502,1544201,+,P,450182,1363867,913685,4,0,0,-1,-1,-1
1649287,733351,1544201,+,P,180333,1094018,913685,4,0,0,-1,-1,-1
1651921,986444,1597601,+,P,285236,1556917,1271681,6,2,0,1590738,604294,604294
1651921,1230997,1597601,+,P,40683,1312364,1271681,6,2,0,1590738,359741,359741
1663589,5738,1621469,-,M+,36381,1363010,1326629,4,4,0,83921,78183,78183
1663919,705331,1575697,+,P,341033,1387398,1046365,6,0,0,-1,-1,-1
1663919,858066,1575697,+,P,188298,1234663,1046365,6,0,0,-1,-1,-1
1670687,253395,1503863,+,P,249523,752442,502919,6,2,0,772167,518772,518772
1675339,90305,1477937,+,P,203219,496744,293525,4,0,0,-1,-1,-1
1676713,47945,1457363,-,M-,93317,171404,78087,6,0,0,-1,-1,-1
1679059,986163,1622233,+,P,295113,1576390,1281277,4,0,0,-1,-1,-1
1679059,1235434,1622233,+,P,45842,1327119,1281277,4,0,0,-1,-1,-1
1679417,19781,1485763,+,P,304057,627896,323839,6,2,0,143921,124140,124140
1680439,92778,1485719,+,P,224620,542019,317399,4,0,0,-1,-1,-1
1689211,128009,1514633,-,M+,46568,339155,292587,6,0,0,-1,-1,-1
1691033,179456,1489751,+,P,102602,384661,282059,6,2,0,147763,31693,31693
1700807,254518,1499627,+,P,38028,330575,292547,4,0,0,-1,-1,-1
1702249,316281,1576889,+,P,508447,1333176,824729,4,4,0,381950,65669,65669
1702249,581016,1576889,+,P,243712,1068441,824729,4,4,0,679925,98909,98909
1703957,125115,1515713,-,M+,63128,261133,198005,6,0,0,-1,-1,-1
1706641,176086,1496567,-,M+,33987,60036,26049,4,0,0,-1,-1,-1
1707767,70,1583929,-,M+,123767,840830,717063,4,2,0,1420,1350,1350
1715237,369826,1606529,+,P,584454,1538735,954281,4,0,0,-1,-1,-1
1715237,886487,1606529,+,P,67793,1022074,954281,4,0,0,-1,-1,-1
1727779,88188,1504589,+,P,77260,242709,165449,6,4,0,751761,663573,663573
1731407,119113,1586617,+,P,598763,1316640,717877,8,2,0,162882,43769,43769
1731407,447900,1586617,+,P,269976,987853,717877,8,2,0,162882,285018,285018
1734763,948859,1673923,+,P,360023,1668906,1308883,4,0,0,-1,-1,-1
1734763,1303866,1673923,+,P,5016,1313899,1308883,4,0,0,-1,-1,-1
1736729,150918,1531333,-,M+,54477,148038,93561,6,0,0,-1,-1,-1
1743059,169016,1609879,+,P,641782,1452581,810799,4,0,0,-1,-1,-1
1743059,653501,1609879,+,P,157297,968096,810799,4,0,0,-1,-1,-1
1754147,91880,1591553,-,M+,70713,524108,453395,4,4,0,368130,276250,276250
1762627,515771,1663381,+,P,552133,1620038,1067905,4,2,0,268261,247510,247510
1762627,1024562,1663381,+,P,43342,1111247,1067905,4,2,0,1494365,469803,469803
1765573,203410,1629623,+,P,610512,1424435,813923,4,2,0,161862,41548,41548
1765573,608735,1629623,+,P,205187,1019110,813923,4,2,0,161862,446873,446873
1765913,666617,1612601,+,P,26111,718840,692729,6,0,0,-1,-1,-1
1773319,255752,1627489,+,P,496756,1249265,752509,6,0,0,-1,-1,-1
1773319,374285,1627489,+,P,378223,1130732,752509,6,0,0,-1,-1,-1
1773847,207881,1625867,+,P,530105,1268092,737987,6,2,0,709270,501389,501389
1773847,380212,1625867,+,P,357774,1095761,737987,6,2,0,709270,329058,329058
1797319,1173820,1747661,+,P,275892,1725605,1449713,4,0,0,-1,-1,-1
1797319,1427657,1747661,+,P,22055,1471768,1449713,4,0,0,-1,-1,-1
1799887,485340,1624811,+,P,89014,663369,574355,6,0,0,-1,-1,-1
1803337,25407,1627693,+,P,548421,1122250,573829,4,0,0,-1,-1,-1
1803337,68386,1627693,+,P,505442,1079271,573829,4,0,0,-1,-1,-1
1807187,4028,1593833,-,M+,209325,309680,100355,4,2,0,174426,170398,170398
1807769,28216,1587877,+,P,240308,508833,268525,4,0,0,-1,-1,-1
1828153,24881,1661123,+,P,634061,1293004,658943,4,0,0,-1,-1,-1
1828153,290824,1661123,+,P,368118,1027061,658943,4,0,0,-1,-1,-1
1829143,648312,1664909,+,P,31192,710697,679505,4,2,0,796832,148520,148520
1831033,180554,1611187,+,P,111556,403667,292111,4,0,0,-1,-1,-1
1831877,134980,1619507,+,P,210306,555593,345287,4,4,0,342281,207301,207301
1833527,34725,1674209,+,P,683575,1401876,718301,8,0,0,-1,-1,-1
1833527,445968,1674209,+,P,272332,990633,718301,8,0,0,-1,-1,-1
1834403,30366,1577267,-,M-,4084,226769,222685,4,0,0,-1,-1,-1
1839473,1250086,1781309,+,P,182238,1614563,1432325,4,2,0,1720216,470130,470130
1839473,1265579,1781309,+,P,166745,1599070,1432325,4,2,0,1720216,454637,454637
1840351,522358,1736213,+,P,589026,1700411,1111385,4,2,0,661636,139278,139278
1840351,1075583,1736213,+,P,35801,1147186,1111385,4,2,0,1178714,103131,103131
1854701,185695,1621469,+,P,36381,258458,222077,4,0,0,-1,-1,-1
1855811,141985,1624811,-,M+,89014,96825,7811,6,2,0,742703,600718,600718
1859687,386895,1681597,+,P,226161,839218,613057,6,0,0,-1,-1,-1
1862737,328817,1717829,+,P,519563,1367944,848381,6,0,0,-1,-1,-1
1862737,498496,1717829,+,P,349884,1198265,848381,6,0,0,-1,-1,-1
1871627,696443,1760021,+,P,393941,1484326,1090385,8,0,0,-1,-1,-1
1871627,814690,1760021,+,P,275694,1366079,1090385,8,0,0,-1,-1,-1
1878229,15508,1677323,+,P,456378,928265,471887,6,0,0,-1,-1,-1
1885243,1135062,1823963,+,P,321220,1777503,1456283,12,2,0,1525124,390062,390062
1885243,1409823,1823963,+,P,46459,1502742,1456283,12,2,0,1525124,115301,115301
1885601,60090,1771271,-,M+,54239,1025200,970961,4,2,0,793641,733551,733551
1887131,7241,1714117,-,M+,165772,668791,503019,8,0,0,-1,-1,-1
1888907,130041,1742579,+,P,734569,1599180,864611,6,2,0,464960,334919,334919
1888907,721212,1742579,+,P,143398,1008009,864611,6,2,0,464960,256252,256252
1912843,22578,1767091,+,P,870000,1762579,892579,6,0,0,-1,-1,-1
1912843,888067,1767091,+,P,4511,897090,892579,6,0,0,-1,-1,-1
1915777,16076,1743229,+,P,691864,1399805,707941,4,0,0,-1,-1,-1
1915777,364517,1743229,+,P,343423,1051364,707941,4,0,0,-1,-1,-1
1919459,319526,1783391,+,P,647456,1614439,966983,6,0,0,-1,-1,-1
1919459,798031,1783391,+,P,168951,1135934,966983,6,0,0,-1,-1,-1
1921393,324130,1792387,+,P,694220,1712571,1018351,4,0,0,-1,-1,-1
1921393,938535,1792387,+,P,79815,1098166,1018351,4,0,0,-1,-1,-1
1932859,63784,1770539,+,P,732834,1529453,796619,6,0,0,-1,-1,-1
1932859,555533,1770539,+,P,241085,1037704,796619,6,0,0,-1,-1,-1
1935893,602113,1765627,+,P,141917,885948,744031,4,0,0,-1,-1,-1
1946501,114779,1808077,-,M+,23644,862753,839109,6,0,0,-1,-1,-1
1946501,834370,1790149,+,P,17666,869703,852037,4,0,0,-1,-1,-1
1956439,752904,1863731,+,P,554578,1862061,1307483,6,0,0,-1,-1,-1
1956439,1305813,1863731,+,P,1669,1309152,1307483,6,0,0,-1,-1,-1
1963391,665978,1780837,+,P,19534,705047,685513,4,2,0,113486,552492,552492
1965443,35434,1825489,-,M+,104519,950330,845811,8,2,0,209328,173894,173894
1966871,480692,1791773,+,P,260492,1001677,741185,4,0,0,-1,-1,-1
1971503,84384,1762039,-,M+,125079,420870,295791,4,2,0,657503,573119,573119
1982921,531411,1846837,+,P,498921,1529254,1030333,4,0,0,-1,-1,-1
1982921,712750,1846837,+,P,317582,1347915,1030333,4,0,0,-1,-1,-1
1996763,297231,1807499,+,P,374683,1046598,671915,6,2,0,406704,109473,109473
2002249,899863,1897957,+,P,372341,1644546,1272205,4,0,0,-1,-1,-1
2002249,1018794,1897957,+,P,253410,1525615,1272205,4,0,0,-1,-1,-1
2009981,875568,1901329,+,P,373848,1623265,1249417,4,0,0,-1,-1,-1
2009981,971353,1901329,+,P,278063,1527480,1249417,4,0,0,-1,-1,-1
2010571,541503,1824577,+,P,167109,875722,708613,6,6,0,467240,74263,74263
2022791,12620,1846261,-,M+,163909,774460,610551,6,2,0,304937,292317,292317
2026081,569758,1903921,+,P,601202,1772163,1170961,6,2,0,588661,18903,18903
2026081,1039203,1903921,+,P,131757,1302718,1170961,6,2,0,1437419,398216,398216
2026841,126036,1879109,-,M+,21695,866680,844985,4,0,0,-1,-1,-1
2027549,1172069,1960009,+,P,382699,1937468,1554769,4,2,0,1734670,562601,562601
2027549,1532228,1960009,+,P,22540,1577309,1554769,4,2,0,1734670,202442,202442
2028277,1575178,1989847,+,P,184088,1943355,1759267,6,0,0,-1,-1,-1
2028277,1712775,1989847,+,P,46491,1805758,1759267,6,0,0,-1,-1,-1
2028781,500360,1908997,+,P,689932,1880225,1190293,6,0,0,-1,-1,-1
2028781,1161521,1908997,+,P,28771,1219064,1190293,6,0,0,-1,-1,-1
2031983,14090,1754323,-,M-,74272,263569,189297,4,0,0,-1,-1,-1
2032417,585374,1850803,+,P,175744,936863,761119,8,4,0,597303,11929,11929
2036071,723856,1852637,+,P,28176,780209,752033,8,2,0,306164,417692,417692
2036357,316345,1899101,+,P,759219,1834784,1075565,6,0,0,-1,-1,-1
2036357,1011248,1899101,+,P,64316,1139881,1075565,6,0,0,-1,-1,-1
2043539,172708,1841951,-,M+,28879,459714,430835,6,2,0,460522,287814,287814
2069051,173758,1802407,-,M-,28784,92885,64101,4,0,0,-1,-1,-1
2084287,1466303,2025211,+,P,204451,1875206,1670755,4,4,0,1660989,194686,194686
2084287,1520750,2025211,+,P,150004,1820759,1670755,4,4,0,1660989,140239,140239
2085929,68732,1899343,-,M+,117853,711094,593241,6,0,0,-1,-1,-1
2091889,253477,1949341,+,P,840575,1934628,1094053,4,0,0,-1,-1,-1
2091889,1079340,1949341,+,P,14712,1108765,1094053,4,0,0,-1,-1,-1
2094637,808608,1973687,+,P,439378,1687365,1247987,6,0,0,-1,-1,-1
2094637,961665,1973687,+,P,286321,1534308,1247987,6,0,0,-1,-1,-1
2106353,125574,1880573,+,P,400318,926211,525893,4,4,0,919047,793473,793473
2110099,421093,1956881,+,P,616479,1654052,1037573,4,2,0,207164,213929,213929
2110099,734744,1956881,+,P,302828,1340401,1037573,4,2,0,207164,527580,527580
2114393,23994,1828319,-,M-,87880,262079,174199,8,0,0,-1,-1,-1
2122961,10897,1893193,-,M+,218870,503687,284817,4,0,0,-1,-1,-1
2135719,36720,1882229,-,M+,216769,324568,107799,6,2,0,100108,63388,63388
2137999,401636,1924799,+,P,243962,889561,645599,8,0,0,-1,-1,-1
2146357,596499,2018629,+,P,655761,1908022,1252261,4,0,0,-1,-1,-1
2146357,1141654,2018629,+,P,110606,1362867,1252261,4,0,0,-1,-1,-1
2150719,14884,1865863,+,P,141842,298569,156727,4,0,0,-1,-1,-1
2151251,302043,1915663,+,P,200091,702226,502135,4,0,0,-1,-1,-1
2151791,140801,1869191,+,P,32789,206380,173591,6,0,0,-1,-1,-1
2155661,2041711,2146523,+,P,49983,2141678,2091695,8,2,0,2123800,82089,82089
2155661,2086850,2146523,+,P,4844,2096539,2091695,8,2,0,2123800,36950,36950
2169031,144941,1952729,+,P,509975,1164892,654917,4,0,0,-1,-1,-1
2173529,912711,1995073,+,P,11625,935962,924337,4,0,0,-1,-1,-1
2175947,439047,1973033,+,P,316501,1072050,755549,4,0,0,-1,-1,-1
2179241,228849,1942027,-,M+,8364,289893,281529,6,0,0,-1,-1,-1
2184331,442806,1954427,+,P,132196,707199,575003,6,2,0,253608,189198,189198
2184361,632588,2045669,+,P,580928,1794445,1213517,8,0,0,-1,-1,-1
2184361,962293,2045669,+,P,251223,1464740,1213517,8,0,0,-1,-1,-1
2195243,158371,1922519,-,M+,114352,127803,13451,6,0,0,-1,-1,-1
2206663,249379,1947499,+,P,143135,535650,392515,4,0,0,-1,-1,-1
2207897,39532,2040377,+,P,995724,2030981,1035257,4,0,0,-1,-1,-1
2207897,1025861,2040377,+,P,9395,1044652,1035257,4,0,0,-1,-1,-1
2217617,338880,1975609,+,P,184680,708241,523561,8,0,0,-1,-1,-1
2227889,378813,2078693,+,P,804703,1988220,1183517,6,0,0,-1,-1,-1
2227889,1093044,2078693,+,P,90472,1273989,1183517,6,0,0,-1,-1,-1
2230147,77282,1957871,+,P,246932,571147,324215,4,0,0,-1,-1,-1
2233031,165072,1997557,+,P,419640,1004353,584713,10,4,0,252048,86976,86976
2238359,3758,1965553,+,P,324958,653675,328717,4,2,0,659982,656224,656224
2239229,350178,2056741,+,P,611634,1573447,961813,4,2,0,224157,126021,126021
2239229,478519,2056741,+,P,483293,1445106,961813,4,2,0,224157,254362,254362
2242781,134804,2057047,+,P,807838,1750481,942643,4,0,0,-1,-1,-1
2242781,636077,2057047,+,P,306565,1249208,942643,4,0,0,-1,-1,-1
2242879,243304,2077151,+,P,839478,1922261,1082783,6,0,0,-1,-1,-1
2242879,927893,2077151,+,P,154889,1237672,1082783,6,0,0,-1,-1,-1
2245043,623138,2083847,+,P,493532,1610203,1116671,4,4,0,479091,144047,144047
2245043,643027,2083847,+,P,473643,1590314,1116671,4,4,0,479091,163936,163936
2249987,345109,2070793,+,P,650519,1646148,995629,6,0,0,-1,-1,-1
2249987,570984,2070793,+,P,424644,1420273,995629,6,0,0,-1,-1,-1
2252161,394212,2024591,+,P,264958,924129,659171,4,0,0,-1,-1,-1
2266973,683427,2068763,+,P,196075,1075578,879503,4,0,0,-1,-1,-1
2275769,51300,1980941,-,M-,160672,243527,82855,4,0,0,-1,-1,-1
2276179,70126,2084479,+,P,864152,1798431,934279,4,0,0,-1,-1,-1
2276179,648231,2084479,+,P,286047,1220326,934279,4,0,0,-1,-1,-1
2285911,199762,2117561,+,P,907698,2015159,1107461,4,0,0,-1,-1,-1
2285911,1005059,2117561,+,P,102401,1209862,1107461,4,0,0,-1,-1,-1
2290037,156249,2029997,+,P,313507,783264,469757,8,0,0,-1,-1,-1
2306671,192520,2053897,-,M+,60253,344732,284479,6,2,0,759376,566856,566856
2307377,67281,2013821,-,M-,185203,226274,41071,6,0,0,-1,-1,-1
2309921,151473,2120653,-,M+,37794,833571,795777,4,2,0,1032139,880666,880666
2318033,41415,2150411,-,M+,126206,1103263,977057,4,2,0,254860,213445,213445
2326963,835842,2190653,+,P,536950,1909743,1372793,4,4,0,678338,157504,157504
2326963,1091883,2190653,+,P,280909,1653702,1372793,4,4,0,996846,95037,95037
2329667,89317,2169511,-,M+,70838,1119257,1048419,4,0,0,-1,-1,-1
2334949,446594,2146691,+,P,570548,1587691,1017143,6,0,0,-1,-1,-1
2334949,458143,2146691,+,P,558999,1576142,1017143,6,0,0,-1,-1,-1
2343343,730145,2210387,+,P,682505,2095156,1412651,4,2,0,298520,431625,431625
2343343,1297420,2210387,+,P,115230,1527881,1412651,4,2,0,2044822,747402,747402
2346733,21080,2147843,+,P,933422,1887925,954503,4,0,0,-1,-1,-1
2346733,694585,2147843,+,P,259917,1214420,954503,4,0,0,-1,-1,-1
2350181,172822,2079251,-,M+,98107,280848,182741,6,0,0,-1,-1,-1
2362331,709118,2223563,+,P,681836,2072791,1390955,4,2,0,461383,247735,247735
2362331,1240183,2223563,+,P,150771,1541726,1390955,4,2,0,1900947,660764,660764
2389297,628249,2218547,+,P,565797,1759844,1194047,4,0,0,-1,-1,-1
2389297,735344,2218547,+,P,458702,1652749,1194047,4,0,0,-1,-1,-1
2390743,161269,2158097,+,P,600951,1363172,762221,6,0,0,-1,-1,-1
2391293,452979,2166797,+,P,366841,1186662,819821,4,0,0,-1,-1,-1
2399611,637,2153299,+,P,674789,1350216,675427,4,0,0,-1,-1,-1
2400869,238983,2111189,+,P,134125,507234,373109,6,0,0,-1,-1,-1
2407333,500370,2148397,+,P,94410,689191,594781,4,0,0,-1,-1,-1
2415019,147185,2126681,-,M+,141152,249467,108315,6,0,0,-1,-1,-1
2428787,699674,2287633,+,P,741034,2181743,1440709,8,4,0,761936,62262,62262
2428787,1334819,2287633,+,P,105889,1546598,1440709,8,4,0,1536271,201452,201452
2435929,143496,2192131,+,P,585846,1315189,729343,6,2,0,509519,366023,366023
2449303,114631,2136019,-,M-,141683,198652,56969,4,0,0,-1,-1,-1
2449991,540219,2200423,+,P,162795,865810,703015,6,0,0,-1,-1,-1
2457641,72652,2235997,+,P,833480,1739613,906133,4,4,0,753649,680997,680997
2457641,409749,2235997,+,P,496383,1402516,906133,4,4,0,753649,343900,343900
2462827,93413,2171011,+,P,326701,746816,420115,4,2,0,144718,51305,51305
2473609,838956,2331743,+,P,641590,2122137,1480547,4,0,0,-1,-1,-1
2473609,1270941,2331743,+,P,209605,1690152,1480547,4,0,0,-1,-1,-1
2489717,41374,2141311,-,M-,9500,307031,297531,4,0,0,-1,-1,-1
2501999,286915,2213203,+,P,193511,673938,480427,4,0,0,-1,-1,-1
2504657,695120,2326087,+,P,559546,1814213,1254667,6,0,0,-1,-1,-1
2504657,742793,2326087,+,P,511873,1766540,1254667,6,0,0,-1,-1,-1
2511323,1874357,2451919,+,P,221137,2316632,2095495,4,2,0,2408176,533819,533819
2511323,1960208,2451919,+,P,135286,2230781,2095495,4,2,0,2408176,447968,447968
2511389,432347,2248139,+,P,236291,904930,668639,4,2,0,652459,220112,220112
2513689,1093206,2397947,+,P,610288,2313783,1703495,6,0,0,-1,-1,-1
2513689,1619331,2397947,+,P,84163,1787658,1703495,6,0,0,-1,-1,-1
2516413,1321218,2399231,+,P,374920,2071059,1696139,4,2,0,1960338,639120,639120
2516413,1367967,2399231,+,P,328171,2024310,1696139,4,2,0,1960338,592371,592371
2518309,627178,2296733,+,P,340098,1307375,967277,4,0,0,-1,-1,-1
2520367,257350,2214599,+,P,122640,502631,379991,4,2,0,564108,306758,306758
2522473,238321,2236489,-,M+,47662,282263,234601,6,2,0,916546,678225,678225
2531017,540412,2372257,+,P,879284,2298981,1419697,4,0,0,-1,-1,-1
2531017,1346421,2372257,+,P,73275,1492972,1419697,4,0,0,-1,-1,-1
2540663,114436,2374157,-,M+,52069,1260684,1208615,8,2,0,712209,597773,597773
2541281,76377,2280463,-,M+,184440,639177,454737,6,0,0,-1,-1,-1
2549647,119724,2275561,-,M+,154361,511320,356959,4,0,0,-1,-1,-1
2555191,109122,2298977,-,M+,147091,652570,505479,4,4,0,163447,54325,54325
2556091,530784,2297051,+,P,212026,954837,742811,4,4,0,125821,404963,404963
2566171,53325,2337913,-,M+,174932,915039,740107,6,0,0,-1,-1,-1
2570137,186938,2236489,+,P,47662,282263,234601,6,2,0,1220726,1033788,1033788
2577049,212987,2245013,+,P,39809,292606,252797,6,2,0,1007076,794089,794089
2579741,90562,2339089,-,M+,150089,804614,654525,4,0,0,-1,-1,-1
2585777,246449,2258261,+,P,46715,339880,293165,6,0,0,-1,-1,-1
2595937,119500,2364161,-,M+,112275,854004,741729,6,4,0,155873,36373,36373
2597663,49497,2518151,-,M+,30014,1991581,1961567,4,2,0,979504,930007,930007
2604521,239869,2341477,-,M+,23174,523343,500169,6,4,0,503810,263941,263941
2605439,636012,2444809,+,P,845016,2326045,1481029,8,2,0,343436,292576,292576
2605439,1362265,2444809,+,P,118763,1599792,1481029,8,2,0,2262002,899737,899737
2630609,107203,2414597,-,M+,108808,1011321,902513,6,2,0,633244,526041,526041
2631071,266419,2341477,-,M+,23174,337493,314319,6,4,0,336708,70289,70289
2631743,401200,2433901,+,P,845648,2092497,1246849,4,0,0,-1,-1,-1
2631743,905445,2433901,+,P,341403,1588252,1246849,4,0,0,-1,-1,-1
2639071,1210673,2514509,+,P,556463,2323600,1767137,4,2,0,632225,578448,578448
2639071,1576228,2514509,+,P,190908,1958045,1767137,4,2,0,2006845,430617,430617
2644139,39827,2405527,-,M+,198784,934027,735243,4,0,0,-1,-1,-1
2649011,982622,2502389,+,P,640034,2262691,1622657,6,0,0,-1,-1,-1
2649011,1382959,2502389,+,P,239697,1862354,1622657,6,0,0,-1,-1,-1
2663429,837154,2513801,+,P,778878,2394911,1616033,6,0,0,-1,-1,-1
2663429,1497143,2513801,+,P,118889,1734922,1616033,6,0,0,-1,-1,-1
2679587,1932461,2608561,+,P,249943,2432348,2182405,4,2,0,2543965,611504,611504
2679587,2006192,2608561,+,P,176212,2358617,2182405,4,2,0,2543965,537773,537773
2685461,1566802,2587967,+,P,436200,2439203,2003003,6,0,0,-1,-1,-1
2685461,1854239,2587967,+,P,148763,2151766,2003003,6,0,0,-1,-1,-1
2687329,1723126,2593529,+,P,307602,2338331,2030729,4,2,0,1613572,109554,109554
2687329,1775531,2593529,+,P,255197,2285926,2030729,4,2,0,1613572,161959,161959
2698063,11609,2400577,+,P,604051,1219712,615661,4,4,0,468723,457114,457114
2704529,12398,2428787,+,P,761936,1536271,774335,4,6,0,663466,651068,651068
2709481,42823,2498381,+,P,1188957,2420738,1231781,4,0,0,-1,-1,-1
2709481,1154138,2498381,+,P,77642,1309423,1231781,4,0,0,-1,-1,-1
2719637,396019,2457781,+,P,490625,1377270,886645,4,0,0,-1,-1,-1
2733707,88575,2567783,-,M+,77348,1483663,1406315,4,0,0,-1,-1,-1
2736533,406947,2540423,+,P,956815,2320578,1363763,4,0,0,-1,-1,-1
2736533,1143918,2540423,+,P,219844,1583607,1363763,4,0,0,-1,-1,-1
2749573,54352,2596679,-,M+,98541,1624962,1526421,6,0,0,-1,-1,-1
2751299,131233,2391671,-,M-,102669,228394,125725,4,2,0,686238,555005,555005
2762029,794067,2502293,+,P,149809,1093686,943877,6,6,0,475684,318383,318383
2762167,447886,2486623,+,P,385472,1218831,833359,4,4,0,615131,167245,167245
2765219,35905,2574071,-,M+,155242,1391277,1236035,8,0,0,-1,-1,-1
2769097,99259,2457781,+,P,490625,1080510,589885,4,0,0,-1,-1,-1
2777539,2050984,2705113,+,P,219572,2490129,2270557,4,2,0,2031109,19875,19875
2777539,2055573,2705113,+,P,214983,2485540,2270557,4,2,0,2031109,24464,24464
2777573,1003180,2619931,+,P,670898,2344977,1674079,4,0,0,-1,-1,-1
2777573,1399125,2619931,+,P,274953,1949032,1674079,4,0,0,-1,-1,-1
2789441,383132,2557561,+,P,783148,1949429,1166281,4,2,0,599136,216004,216004
2789441,558149,2557561,+,P,608131,1774412,1166281,4,2,0,599136,40987,40987
2791331,47457,2653351,-,M+,90522,1778013,1687491,4,0,0,-1,-1,-1
2797999,1634744,2707801,+,P,531868,2698481,2166613,6,2,0,2531746,897002,897002
2797999,2157293,2707801,+,P,9319,2175932,2166613,6,2,0,2531746,374453,374453
2801593,50158,2493083,+,P,591864,1233887,642023,4,0,0,-1,-1,-1
2803337,597283,2494123,+,P,41555,680394,638839,4,0,0,-1,-1,-1
2811709,88865,2621167,-,M+,101676,1389049,1287373,6,0,0,-1,-1,-1
2819683,95880,2509063,-,M+,214739,549462,334723,4,0,0,-1,-1,-1
2829557,810238,2650931,+,P,768936,2348111,1579175,4,2,0,1402194,591956,591956
2829557,1276355,2650931,+,P,302819,1881994,1579175,4,2,0,1402194,125839,125839
2830853,151141,2513579,+,P,458793,1068728,609935,4,0,0,-1,-1,-1
2835293,18665,2744639,-,M+,71988,2182049,2110061,4,0,0,-1,-1,-1
2840237,275671,2528783,+,P,384387,1044446,660059,8,0,0,-1,-1,-1
2841967,297305,2570047,+,P,641221,1579748,938527,8,0,0,-1,-1,-1
2846161,610418,2583631,+,P,398032,1406483,1008451,4,0,0,-1,-1,-1
2848121,942361,2597041,+,P,148199,1238760,1090561,4,2,0,1161520,219159,219159
2849389,10958,2812331,-,M+,26099,2579024,2552925,4,0,0,-1,-1,-1
2849687,314378,2525717,-,M+,9591,267518,257927,4,0,0,-1,-1,-1
2851361,283635,2544403,-,M+,23322,419019,395697,4,2,0,411085,127450,127450
2860973,534119,2674849,+,P,1023985,2582090,1558105,4,0,0,-1,-1,-1
2860973,1465346,2674849,+,P,92758,1650863,1558105,4,0,0,-1,-1,-1
2862017,54297,2607853,-,M+,199866,1028571,828705,4,0,0,-1,-1,-1
2865463,963928,2594569,+,P,5276,974481,969205,6,2,0,1056179,92251,92251
2874023,2213509,2821859,+,P,295365,2804240,2508875,4,2,0,1643784,569725,569725
2874023,2491256,2821859,+,P,17618,2526493,2508875,4,2,0,1643784,847472,847472
2874979,247142,2527409,+,P,194846,636835,441989,6,0,0,-1,-1,-1
2877649,37675,2565347,-,M+,274626,653859,379233,6,2,0,1307149,1269474,1269474
2881561,153267,2648287,+,P,1095375,2344018,1248643,4,0,0,-1,-1,-1
2881561,944374,2648287,+,P,304268,1552911,1248643,4,0,0,-1,-1,-1
2891257,1838727,2787559,+,P,326643,2492014,2165371,4,2,0,2040126,201399,201399
2891257,1869826,2787559,+,P,295544,2460915,2165371,4,2,0,2040126,170300,170300
2896913,33739,2659159,-,M+,204014,1198895,994881,6,2,0,749396,715657,715657
2897003,147275,2611117,+,P,748525,1644326,895801,4,0,0,-1,-1,-1
2898017,1282926,2759689,+,P,646794,2576515,1929721,4,2,0,375661,907265,907265
2898017,1746547,2759689,+,P,183173,2112894,1929721,4,2,0,2522355,775808,775808
2912033,465669,2599741,+,P,260319,986308,725989,4,4,0,391806,73863,73863
2916827,120041,2574569,-,M+,222216,400979,178763,4,2,0,784695,664654,664654
2922061,105158,2699689,+,P,1260298,2625755,1365457,6,0,0,-1,-1,-1
2922061,1291523,2699689,+,P,73933,1439390,1365457,6,0,0,-1,-1,-1
2928749,614888,2708221,+,P,770164,2155217,1385053,4,2,0,545670,69218,69218
2928749,832049,2708221,+,P,553003,1938056,1385053,4,2,0,545670,286379,286379
2929373,1256082,2693393,+,P,21430,1298943,1277513,6,2,0,1233970,22112,22112
2939191,56177,2647097,+,P,838355,1732888,894533,6,0,0,-1,-1,-1
2944751,278498,2634859,+,P,497008,1272515,775507,6,0,0,-1,-1,-1
2959609,1088467,2790841,+,P,689765,2467998,1778233,6,0,0,-1,-1,-1
2959609,1455390,2790841,+,P,322842,2101075,1778233,6,0,0,-1,-1,-1
2984141,287799,2655403,-,M+,40938,395175,354237,6,0,0,-1,-1,-1
2985373,49205,2726561,+,P,1124483,2298172,1173689,4,0,0,-1,-1,-1
2985373,745300,2726561,+,P,428388,1602077,1173689,4,0,0,-1,-1,-1
2988539,107425,2618533,-,M+,262580,291071,28491,4,0,0,-1,-1,-1
2997727,251157,2723881,-,M+,22688,829647,806959,4,2,0,805157,554000,554000
3002189,174112,2631653,+,P,234324,642761,408437,4,2,0,585374,411262,411262
3008563,81526,2700967,-,M+,226069,773864,547795,4,2,0,1496774,1415248,1415248
3010349,483419,2771273,+,P,853397,2190214,1336817,6,0,0,-1,-1,-1
3010349,755758,2771273,+,P,581058,1917875,1336817,6,0,0,-1,-1,-1
3010697,779966,2739713,+,P,333842,1447651,1113809,4,0,0,-1,-1,-1
3024863,1188733,2863079,+,P,703641,2596016,1892375,4,0,0,-1,-1,-1
3024863,1625312,2863079,+,P,267062,2159437,1892375,4,0,0,-1,-1,-1
3031981,280534,2745103,-,M+,6343,743300,736957,4,2,0,765173,484639,484639
3053881,1970854,2952913,+,P,376250,2723355,2347105,6,2,0,1707501,263353,263353
3053881,2117547,2952913,+,P,229557,2576662,2347105,6,2,0,1707501,410046,410046
3059377,203089,2739673,-,M+,116614,618359,501745,4,2,0,96126,106963,106963
3074089,1208207,2907011,+,P,696335,2600878,1904543,4,0,0,-1,-1,-1
3074089,1598410,2907011,+,P,306132,2210675,1904543,4,0,0,-1,-1,-1
3086959,968262,2918537,+,P,939742,2847747,1908005,6,0,0,-1,-1,-1
3086959,1837215,2918537,+,P,70789,1978794,1908005,6,0,0,-1,-1,-1
3087533,497220,2743381,+,P,181248,859717,678469,4,0,0,-1,-1,-1
3092447,1507125,2936807,+,P,495841,2498808,2002967,4,0,0,-1,-1,-1
3092447,1564968,2936807,+,P,437998,2440965,2002967,4,0,0,-1,-1,-1
3103283,706654,2909923,+,P,1043108,2792871,1749763,6,0,0,-1,-1,-1
3103283,1632711,2909923,+,P,117051,1866814,1749763,6,0,0,-1,-1,-1
3104641,348079,2731979,+,P,147927,643934,496007,4,0,0,-1,-1,-1
3110963,494477,2897731,+,P,1123861,2742200,1618339,4,0,0,-1,-1,-1
3110963,1462808,2897731,+,P,155530,1773869,1618339,4,0,0,-1,-1,-1
3112661,385130,2739673,+,P,116614,618359,501745,4,0,0,-1,-1,-1
3113039,628687,2821867,+,P,446147,1520982,1074835,4,0,0,-1,-1,-1
3120697,530223,2808721,+,P,406641,1343506,936865,4,0,0,-1,-1,-1
3120899,1468779,2963971,+,P,553623,2576026,2022403,10,0,0,-1,-1,-1
3120899,1634458,2963971,+,P,387944,2410347,2022403,10,0,0,-1,-1,-1
3123317,721058,2805367,+,P,176608,1074275,897667,6,2,0,838245,117187,117187
3132917,246803,2817599,+,P,678887,1604578,925691,8,0,0,-1,-1,-1
3133931,261962,2751293,-,M+,120675,193502,72827,4,0,0,-1,-1,-1
3140233,140697,2994469,-,M+,5066,1979187,1974121,8,0,0,-1,-1,-1
3141419,95142,2903627,+,P,1381732,2858607,1476875,6,0,0,-1,-1,-1
3141419,1431855,2903627,+,P,45019,1521894,1476875,6,0,0,-1,-1,-1
3145547,149123,2941753,-,M+,54670,1569865,1515195,4,0,0,-1,-1,-1
3151007,469789,2829223,+,P,428729,1327248,898519,4,0,0,-1,-1,-1
3163799,973466,2884351,+,P,234196,1441859,1207663,4,2,0,995681,22215,22215
3166333,702763,2920409,+,P,742101,2186966,1444865,8,2,0,1130768,428005,428005
3166333,711422,2920409,+,P,733442,2178307,1444865,8,2,0,1130768,419346,419346
3174167,149601,2820673,+,P,550107,1249816,699709,10,2,0,270460,120859,120859
3180337,256509,2791681,+,P,203235,662980,459745,6,2,0,39025,217484,217484
3182203,214212,2781797,-,M-,165148,186193,21045,4,6,0,1056662,842450,842450
3187643,90388,2963437,-,M+,133817,1527812,1393995,6,2,0,362540,272152,272152
3207119,282070,2817599,+,P,198408,678887,480479,8,2,0,765249,483179,483179
3207443,242811,2891419,+,P,752463,1747738,995275,8,4,0,200912,41899,41899
3210017,125098,3033703,-,M+,51215,1850720,1799505,4,0,0,-1,-1,-1
3212509,1262546,2941753,+,P,54670,1371887,1317217,4,2,0,828656,433890,433890
3214187,144952,2813329,-,M+,255905,263228,7323,6,0,0,-1,-1,-1
3230797,853329,3033913,+,P,999279,2851888,1852609,4,4,0,1338946,485617,485617
3230797,1670584,3033913,+,P,182024,2034633,1852609,4,4,0,1891850,221266,221266
3232597,2375831,3157181,+,P,328853,3033538,2704685,6,2,0,3081668,705837,705837
3232597,2581042,3157181,+,P,123642,2828327,2704685,6,2,0,3081668,500626,500626
3242251,211982,2943217,+,P,937030,2086043,1149013,4,2,0,1003766,791784,791784
3242251,291839,2943217,+,P,857173,2006186,1149013,4,2,0,1003766,711927,711927
3249997,231085,2921563,+,P,719873,1670832,950959,4,0,0,-1,-1,-1
3250189,329710,2906663,-,M+,13815,515796,501981,6,2,0,771952,442242,442242
3250393,46442,3082721,-,M+,121229,2030246,1909017,4,0,0,-1,-1,-1
3257377,735850,3007373,+,P,771498,2278847,1507349,4,0,0,-1,-1,-1
3257377,778823,3007373,+,P,728525,2235874,1507349,4,0,0,-1,-1,-1
3260867,371858,2941613,+,P,654230,1680319,1026089,4,0,0,-1,-1,-1
3260891,2162845,3157577,+,P,374847,2912540,2537693,4,2,0,2135120,27725,27725
3260891,2292656,3157577,+,P,245036,2782729,2537693,4,2,0,2135120,157536,157536
3261397,2119223,3172357,+,P,518893,3157010,2638117,4,0,0,-1,-1,-1
3261397,2622770,3172357,+,P,15346,2653463,2638117,4,0,0,-1,-1,-1
3261473,2173184,3156991,+,P,356914,2887013,2530099,4,0,0,-1,-1,-1
3261473,2260121,3156991,+,P,269977,2800076,2530099,4,0,0,-1,-1,-1
3264491,968085,3064363,+,P,895509,2759104,1863595,6,0,0,-1,-1,-1
3264491,1558336,3064363,+,P,305258,2168853,1863595,6,0,0,-1,-1,-1
3273937,852205,2975389,+,P,331895,1515996,1184101,4,0,0,-1,-1,-1
3280493,16699,2934751,+,P,843599,1703898,860299,4,4,0,39412,22713,22713
3285703,452361,2894443,+,P,94521,641404,546883,6,0,0,-1,-1,-1
3286841,229705,2929337,+,P,554607,1338920,784313,4,0,0,-1,-1,-1
3293681,208462,2899993,+,P,329402,867267,537865,4,4,0,1285165,1076703,1076703
3294449,313708,2910091,-,M+,70649,290234,219585,4,0,0,-1,-1,-1
3300359,371560,2944523,+,P,437946,1247453,809507,8,0,0,-1,-1,-1
3308341,872599,2967689,+,P,51177,974954,923777,4,0,0,-1,-1,-1
3309997,1802617,3182147,+,P,612429,3027476,2415047,4,2,0,2816670,1014053,1014053
3309997,2260376,3182147,+,P,154670,2569717,2415047,4,2,0,2816670,556294,556294
3311299,658539,2998097,+,P,460345,1579230,1118885,4,2,0,463285,195254,195254
3314477,169124,3071231,-,M+,74121,1442630,1368509,8,2,0,767885,598761,598761
3320791,77853,3084083,-,M+,158854,1585981,1427127,6,4,0,1374169,1296316,1296316
3326417,1686069,3184057,+,P,643827,2973724,2329897,4,2,0,1990438,304369,304369
3326417,2119564,3184057,+,P,210332,2540229,2329897,4,2,0,1990438,129126,129126
3327169,1004210,2995477,+,P,1114,1006439,1005325,4,2,0,585187,419023,419023
3333257,987307,3027457,+,P,205349,1398006,1192657,4,4,0,1212845,225538,225538
3338747,102288,3010967,-,M+,225491,941998,716507,8,2,0,933489,831201,831201
3339029,1093671,3151157,+,P,930253,2954178,2023925,4,2,0,220669,873002,873002
3339029,1826946,3151157,+,P,196978,2220903,2023925,4,2,0,3118359,1291413,1291413
3341743,370368,2982569,+,P,457156,1284681,827525,4,0,0,-1,-1,-1
3349543,243626,2989541,-,M+,116375,585902,469527,4,0,0,-1,-1,-1
3351841,327716,3000887,-,M+,23237,567446,544209,6,2,0,392867,65151,65151
3352183,92996,2965189,-,M+,293997,550228,256231,6,0,0,-1,-1,-1
3374089,124305,3088121,-,M+,161662,1248007,1086345,4,0,0,-1,-1,-1
3395177,522022,3057913,+,P,512306,1546635,1034329,4,0,0,-1,-1,-1
3397013,66911,2955053,+,P,236381,539674,303293,4,0,0,-1,-1,-1
3404377,196267,3140861,-,M+,67248,1363497,1296249,6,2,0,533093,336826,336826
3407557,481261,3087281,+,P,684363,1849988,1165625,6,0,0,-1,-1,-1
3423011,771366,3176861,+,P,928594,2628555,1699961,4,0,0,-1,-1,-1
3423011,1151655,3176861,+,P,548305,2248266,1699961,4,0,0,-1,-1,-1
3423587,428328,3126779,+,P,917602,2263533,1345931,4,0,0,-1,-1,-1
3423587,482685,3126779,+,P,863245,2209176,1345931,4,0,0,-1,-1,-1
3459373,818699,3123089,+,P,286685,1392070,1105385,10,0,0,-1,-1,-1
3463541,1879803,3309701,+,P,506857,2893518,2386661,6,2,0,2851852,972049,972049
3463541,1970478,3309701,+,P,416182,2802843,2386661,6,2,0,2851852,881374,881374
3465851,613221,3136403,+,P,546493,1706208,1159715,4,2,0,795944,182723,182723
3466069,250135,3079613,-,M+,136320,510741,374421,8,2,0,1271080,1020945,1020945
3466913,1284702,3249749,+,P,662062,2608827,1946765,4,2,0,1174513,110189,110189
3466913,1305843,3249749,+,P,640921,2587686,1946765,4,2,0,1174513,131330,131330
3472171,181459,3097781,-,M+,192930,669981,477051,6,4,0,73372,108087,108087
3472247,757852,3157277,+,P,509604,1777061,1267457,8,0,0,-1,-1,-1
3472871,235645,3079379,-,M+,157846,482781,324935,4,0,0,-1,-1,-1
3481001,181908,3075797,-,M+,223295,462664,239369,4,0,0,-1,-1,-1
3494807,1364422,3317231,+,P,887352,3139127,2251775,4,2,0,1598149,233727,233727
3494807,2073671,3317231,+,P,178103,2429878,2251775,4,2,0,1896657,177014,177014
3503849,1440901,3211049,+,P,13347,1467596,1454249,8,0,0,-1,-1,-1
3516209,285761,3086801,-,M+,143646,224591,80945,4,2,0,1003937,718176,718176
3526333,1956021,3394487,+,P,647389,3250800,2603411,4,0,0,-1,-1,-1
3526333,2459724,3394487,+,P,143686,2747097,2603411,4,0,0,-1,-1,-1
3538453,167088,3079379,+,P,157846,482781,324935,4,0,0,-1,-1,-1
3560173,2478500,3460069,+,P,380944,3240389,2859445,6,2,0,1926368,552132,552132
3560173,2639765,3460069,+,P,219679,3079124,2859445,6,2,0,1926368,713397,713397
3563719,1012922,3361607,+,P,1136012,3284947,2148935,6,0,0,-1,-1,-1
3563719,2072275,3361607,+,P,76659,2225594,2148935,6,0,0,-1,-1,-1
3578723,110170,3140551,-,M+,328001,401348,73347,4,0,0,-1,-1,-1
3589819,219299,3190909,-,M+,179610,578149,398539,4,0,0,-1,-1,-1
3593003,114657,3133541,+,P,262111,638880,376769,4,0,0,-1,-1,-1
3593981,973479,3245857,+,P,183633,1340746,1157113,4,0,0,-1,-1,-1
3608551,1754184,3465079,+,P,850062,3454309,2604247,4,0,0,-1,-1,-1
3608551,2593477,3465079,+,P,10769,2615016,2604247,4,0,0,-1,-1,-1
3610357,80961,3171053,+,P,454267,989496,535229,4,0,0,-1,-1,-1
3620153,247561,3217727,-,M+,154864,555609,400745,6,2,0,408845,161284,161284
3626837,248712,3223547,+,P,555094,1358901,803807,4,0,0,-1,-1,-1
3636839,659908,3251173,+,P,277268,1214445,937177,6,2,0,1404434,744526,744526
3639523,113190,3257603,-,M+,268729,852892,584163,4,0,0,-1,-1,-1
3668953,1482028,3368837,+,P,86112,1654253,1568141,4,2,0,1646706,164678,164678
3679999,911211,3296287,+,P,82803,1076818,994015,4,2,0,627433,283778,283778
3687433,41131,3173659,-,M-,49883,472642,422759,6,0,0,-1,-1,-1
3693883,1014673,3313399,+,P,15821,1046316,1030495,6,6,0,986946,27727,27727
3708073,232504,3251173,+,P,277268,787041,509773,6,2,0,513053,280549,280549
3710501,2009853,3544889,+,P,541363,3092580,2551217,6,2,0,3068373,1058520,1058520
3710501,2098908,3544889,+,P,452308,3003525,2551217,6,2,0,3068373,969465,969465
3717809,201165,3228143,+,P,88981,379128,290147,4,0,0,-1,-1,-1
3717893,390507,3301933,+,P,415665,1221838,806173,4,4,0,993357,602850,602850
3719899,123606,3428617,+,P,1557318,3238243,1680925,4,0,0,-1,-1,-1
3719899,1490551,3428617,+,P,190373,1871298,1680925,4,0,0,-1,-1,-1
3728407,34096,3417523,+,P,1518122,3070341,1552219,4,0,0,-1,-1,-1
3728407,1205037,3417523,+,P,347181,1899400,1552219,4,0,0,-1,-1,-1
3729997,242493,3353209,-,M+,134294,849987,715693,6,0,0,-1,-1,-1
3732083,90595,3304151,-,M+,337336,645963,308627,6,2,0,1309175,1218580,1218580
3736349,2619234,3638777,+,P,434110,3487455,3053345,6,0,0,-1,-1,-1
3736349,2902023,3638777,+,P,151321,3204666,3053345,6,0,0,-1,-1,-1
3740519,2244856,3619877,+,P,651168,3547193,2896025,6,2,0,1916737,328119,328119
3740519,2823341,3619877,+,P,72683,2968708,2896025,6,2,0,1916737,906604,906604
3748229,223769,3416639,+,P,1203329,2630428,1427099,4,0,0,-1,-1,-1
3748229,640888,3416639,+,P,786210,2213309,1427099,4,0,0,-1,-1,-1
3749029,444970,3491533,+,P,1501586,3448143,1946557,8,0,0,-1,-1,-1
3749029,1903167,3491533,+,P,43389,1989946,1946557,8,0,0,-1,-1,-1
3754241,1616301,3543523,+,P,662913,2942128,2279215,8,4,0,620776,995525,995525
3754241,1677820,3543523,+,P,601394,2880609,2279215,8,4,0,620776,1057044,1057044
3757711,21437,3625991,-,M+,110282,2814233,2703951,4,0,0,-1,-1,-1
3772229,1176571,3428617,+,P,190373,1557318,1366945,4,2,0,121092,1055479,1055479
3774469,356047,3371351,-,M+,47070,596595,549525,8,0,0,-1,-1,-1
3775763,44635,3464977,+,P,1555625,3155886,1600261,4,2,0,1616935,1572300,1572300
3775763,1291170,3464977,+,P,309090,1909351,1600261,4,2,0,1616935,325765,325765
3776683,77317,3670109,-,M+,29256,2953347,2924091,4,2,0,1726085,1648768,1648768
3782893,56164,3659179,-,M+,67549,2860730,2793181,6,0,0,-1,-1,-1
3784927,1186405,3433229,+,P,136635,1459676,1323041,6,0,0,-1,-1,-1
3787799,107348,3601681,-,M+,78769,2377624,2298855,4,0,0,-1,-1,-1
3792721,607146,3369697,+,P,224406,1055959,831553,4,0,0,-1,-1,-1
3801839,1375973,3608393,+,P,1071743,3519460,2447717,4,0,0,-1,-1,-1
3801839,2358784,3608393,+,P,88932,2536649,2447717,4,0,0,-1,-1,-1
3812719,113315,3508709,-,M+,190694,1571333,1380639,6,0,0,-1,-1,-1
3813391,2251148,3686339,+,P,672878,3596905,2924027,6,2,0,3725152,1474004,1474004
3813391,2834593,3686339,+,P,89433,3013460,2924027,6,2,0,3725152,890559,890559
3816557,1561929,3619723,+,P,876789,3315508,2438719,4,4,0,12711,1549218,1549218
3816557,2134504,3619723,+,P,304214,2742933,2438719,4,4,0,3803845,1669341,1669341
3824137,1152296,3558587,+,P,812990,2778277,1965287,4,0,0,-1,-1,-1
3824137,1184977,3558587,+,P,780309,2745596,1965287,4,0,0,-1,-1,-1
3828743,229267,3477587,-,M+,121888,1141383,1019495,4,2,0,229452,185,185
3838441,15206,3304153,+,P,83218,181643,98425,4,0,0,-1,-1,-1
3843677,143710,3449119,+,P,938060,2019831,1081771,4,2,0,34683,109027,109027
3845293,597130,3449053,+,P,474482,1546095,1071613,4,0,0,-1,-1,-1
3850813,2738505,3746767,+,P,383985,3506476,3122491,4,0,0,-1,-1,-1
3850813,2882200,3746767,+,P,240290,3362781,3122491,4,0,0,-1,-1,-1
3866201,216703,3421499,+,P,536583,1289870,753287,6,0,0,-1,-1,-1
3868031,317912,3491549,-,M+,58569,914744,856175,4,0,0,-1,-1,-1
3872387,19494,3481657,-,M+,371235,1117782,746547,8,0,0,-1,-1,-1
3872543,389908,3467479,+,P,647186,1684281,1037095,4,0,0,-1,-1,-1
3878137,1438027,3555353,+,P,180621,1799270,1618649,4,0,0,-1,-1,-1
3883597,2401329,3759209,+,P,611551,3624432,3012881,6,0,0,-1,-1,-1
3883597,2878104,3759209,+,P,134776,3147657,3012881,6,0,0,-1,-1,-1
3886457,1296616,3521071,+,P,32138,1360893,1328755,6,2,0,1652700,356084,356084
3894229,1013029,3609497,+,P,888075,2789180,1901105,4,0,0,-1,-1,-1
3894229,1080788,3609497,+,P,820316,2721421,1901105,4,0,0,-1,-1,-1
3896597,178684,3430831,+,P,457550,1093785,636235,4,0,0,-1,-1,-1
3906953,153754,3588787,+,P,1526036,3205827,1679791,4,2,0,68274,85480,85480
3906953,1296831,3588787,+,P,382959,2062750,1679791,4,2,0,68274,1228557,1228557
3908549,5671,3568489,+,P,1522457,3050586,1528129,4,0,0,-1,-1,-1
3908549,1010226,3568489,+,P,517902,2046031,1528129,4,0,0,-1,-1,-1
3914923,2303915,3781909,+,P,679909,3663734,2983825,4,0,0,-1,-1,-1
3914923,2865650,3781909,+,P,118174,3101999,2983825,4,0,0,-1,-1,-1
3919829,508285,3599137,+,P,1166699,2841684,1674985,4,6,0,373718,134567,134567
3919829,917532,3599137,+,P,757452,2432437,1674985,4,6,0,1149542,232010,232010
3930767,369895,3438511,-,M-,115079,122360,7281,4,2,0,1336584,966689,966689
3936791,302621,3469463,-,M+,164706,362873,198167,4,2,0,1229102,926481,926481
3939589,2221540,3792589,+,P,689048,3599637,2910589,8,0,0,-1,-1,-1
3939589,2717637,3792589,+,P,192951,3103540,2910589,8,0,0,-1,-1,-1
3951481,966588,3661501,+,P,955032,2876653,1921621,4,2,0,674547,292041,292041
3951481,1136773,3661501,+,P,784847,2706468,1921621,4,2,0,674547,462226,462226
3952759,362748,3526541,+,P,606484,1575717,969233,4,0,0,-1,-1,-1
3957973,1553714,3747833,+,P,933278,3420271,2486993,4,0,0,-1,-1,-1
3957973,2159431,3747833,+,P,327561,2814554,2486993,4,0,0,-1,-1,-1
3960893,1450443,3634801,+,P,227805,1906054,1678249,4,0,0,-1,-1,-1
3973729,138350,3811141,-,M+,24237,2697262,2673025,4,0,0,-1,-1,-1
3997111,37285,3908159,-,M+,51666,3337161,3285495,4,0,0,-1,-1,-1
4000039,395836,3541877,+,P,397068,1189973,792905,6,2,0,174206,221630,221630
4012033,63064,3599107,-,M+,349861,1058486,708625,4,4,0,80786,17722,17722
4015741,381476,3517967,+,P,149846,681169,531323,6,4,0,1081171,699695,699695
4036909,164418,3677473,-,M+,195017,1356438,1161421,4,0,0,-1,-1,-1
4042943,1045674,3747197,+,P,927046,2899767,1972721,4,0,0,-1,-1,-1
4042943,1125291,3747197,+,P,847429,2820150,1972721,4,0,0,-1,-1,-1
4048223,506543,3641867,+,P,697187,1900918,1203731,4,0,0,-1,-1,-1
4051057,828880,3733273,+,P,997688,2824257,1826569,8,0,0,-1,-1,-1
4051057,917553,3733273,+,P,909015,2735584,1826569,8,0,0,-1,-1,-1
4055551,340244,3654017,-,M+,61289,904568,843279,6,0,0,-1,-1,-1
4067513,2306568,3921079,+,P,735906,3778381,3042475,4,2,0,2394197,87629,87629
4067513,2899777,3921079,+,P,142697,3185172,3042475,4,2,0,2394197,505580,505580
4083901,606719,3640717,+,P,374893,1356506,981613,4,4,0,602292,4427,4427
4083931,322938,3747649,-,M+,13343,1407018,1393675,4,4,0,408688,85750,85750
4089157,347502,3731473,-,M+,10181,1237866,1227685,6,0,0,-1,-1,-1
4089227,283502,3769273,-,M+,36451,1566046,1529595,4,0,0,-1,-1,-1
4090103,99383,3553787,-,M-,236507,436932,200425,4,2,0,183037,83654,83654
4090223,858993,3686729,+,P,406771,1672536,1265765,4,0,0,-1,-1,-1
4090703,133506,3806119,-,M+,151077,1965108,1814031,4,2,0,1017074,883568,883568
4100743,248196,3553243,+,P,20046,288289,268243,4,6,0,106940,141256,141256
4103839,503921,3792821,+,P,1422791,3349504,1926713,4,4,0,45241,458680,458680
4103839,1483396,3792821,+,P,443316,2370029,1926713,4,4,0,1457529,25867,25867
4105093,593493,3655793,+,P,366499,1326492,959993,4,2,0,899094,305601,305601
4105711,37464,3735671,-,M+,332575,1477966,1145391,6,2,0,1089937,1052473,1052473
4123387,86107,3730729,+,P,1288673,2663454,1374781,4,0,0,-1,-1,-1
4123387,307506,3730729,+,P,1067274,2442055,1374781,4,0,0,-1,-1,-1
4125427,463297,3633167,-,M+,28962,216309,187347,6,0,0,-1,-1,-1
4130849,76642,3732511,-,M+,321695,1265840,944145,4,0,0,-1,-1,-1
4142167,57846,3598601,+,P,279358,616563,337205,6,2,0,207340,149494,149494
4148483,780591,3712231,+,P,314127,1408846,1094719,4,4,0,1637607,857016,857016
4149679,1308291,3925177,+,P,1269873,3848038,2578165,6,0,0,-1,-1,-1
4149679,2501026,3925177,+,P,77138,2655303,2578165,6,0,0,-1,-1,-1
4150793,972616,3870557,+,P,1216524,3405665,2189141,6,0,0,-1,-1,-1
4150793,1724249,3870557,+,P,464891,2654032,2189141,6,0,0,-1,-1,-1
4152311,980656,3841399,+,P,995270,2971197,1975927,4,0,0,-1,-1,-1
4152311,1105725,3841399,+,P,870201,2846128,1975927,4,0,0,-1,-1,-1
4163231,589629,3873343,+,P,1544385,3678400,2134015,4,0,0,-1,-1,-1
4163231,1939072,3873343,+,P,194942,2328957,2134015,4,0,0,-1,-1,-1
4172489,2673097,4031821,+,P,514715,3702528,3187813,4,2,0,3849361,1176264,1176264
4172489,2858520,4031821,+,P,329292,3517105,3187813,4,2,0,3849361,990841,990841
4180097,76343,4005343,-,M+,98410,2880475,2782065,4,0,0,-1,-1,-1
4182809,980231,3901661,+,P,1234541,3449314,2214773,4,0,0,-1,-1,-1
4182809,1762426,3901661,+,P,452346,2667119,2214773,4,0,0,-1,-1,-1
4190981,237659,3629117,-,M-,20273,324204,303931,4,0,0,-1,-1,-1
4192021,999260,3789481,+,P,374980,1749221,1374241,6,0,0,-1,-1,-1
4196407,2256747,4025111,+,P,740587,3737922,2997335,4,0,0,-1,-1,-1
4196407,2710146,4025111,+,P,287188,3284523,2997335,4,0,0,-1,-1,-1
4200991,24777,3991331,-,M+,184882,2708593,2523711,4,0,0,-1,-1,-1
4205017,54165,3679649,+,P,473275,1000716,527441,4,0,0,-1,-1,-1
4209991,936966,3789143,+,P,327088,1591143,1264055,6,0,0,-1,-1,-1
4242677,99059,4093403,-,M+,50214,3098699,3048485,6,4,0,557308,458249,458249
4243091,804144,3923687,+,P,1203118,3210381,2007263,4,4,0,1387855,583711,583711
4243091,1293957,3923687,+,P,713305,2720568,2007263,4,4,0,1387855,93898,93898
4247363,3591722,4185449,+,P,222242,4036207,3813965,4,2,0,2481909,1109813,1109813
4247363,3664723,4185449,+,P,149241,3963206,3813965,4,2,0,2481909,1182814,1182814
4247917,1299285,3980857,+,P,1079211,3457708,2378497,4,0,0,-1,-1,-1
4247917,1855348,3980857,+,P,523148,2901645,2378497,4,0,0,-1,-1,-1
4259719,151825,3723439,+,P,353933,859692,505759,6,4,0,1494756,1342931,1342931
4259903,1029176,3805621,+,P,50752,1130681,1079929,4,2,0,1684205,655029,655029
4261589,2817359,4130261,+,P,524933,3867226,3342293,4,2,0,2463026,354333,354333
4261589,3079258,4130261,+,P,263034,3605327,3342293,4,2,0,2463026,616232,616232
4276031,531615,3984479,+,P,1703551,3938718,2235167,4,4,0,912191,380576,380576
4276031,2189406,3984479,+,P,45760,2280927,2235167,4,4,0,3283245,1093839,1093839
4280503,829087,3945701,+,P,1107801,3044690,1936889,4,0,0,-1,-1,-1
4280503,1035878,3945701,+,P,901010,2837899,1936889,4,0,0,-1,-1,-1
4286311,109347,3758141,+,P,479773,1068894,589121,4,0,0,-1,-1,-1
4286749,190580,3964283,+,P,1838906,3868393,2029487,6,0,0,-1,-1,-1
4286749,1933597,3964283,+,P,95889,2125376,2029487,6,0,0,-1,-1,-1
4302041,46337,3768059,+,P,517829,1081996,564167,4,0,0,-1,-1,-1
4307669,48597,3927601,-,M+,331470,1598595,1267125,6,0,0,-1,-1,-1
4310563,1139730,3894857,+,P,260890,1661511,1400621,4,2,0,1942650,802920,802920
4311533,868680,3819923,+,P,1582,871845,870263,6,6,0,1334332,465652,465652
4312223,301131,3801247,+,P,434259,1169650,735391,6,0,0,-1,-1,-1
4318991,173335,3823717,+,P,678737,1530810,852073,6,4,0,845045,671710,671710
4328419,1140722,3874561,+,P,10690,1162103,1151413,4,0,0,-1,-1,-1
4348411,368430,3903299,-,M+,76681,864196,787515,6,0,0,-1,-1,-1
4351349,303038,3937783,-,M+,110527,1153348,1042821,8,4,0,862122,559084,559084
4354547,1731772,4113959,+,P,938658,3609089,2670431,4,2,0,608571,1123201,1123201
4354547,2165561,4113959,+,P,504869,3175300,2670431,4,2,0,608571,1556990,1556990
4361233,96351,3992701,+,P,1685157,3466666,1781509,4,0,0,-1,-1,-1
4361233,1255474,3992701,+,P,526034,2307543,1781509,4,0,0,-1,-1,-1
4361579,373850,3905443,+,P,794776,1963403,1168627,6,0,0,-1,-1,-1
4362119,1779630,4130369,+,P,960238,3700107,2739869,4,0,0,-1,-1,-1
4362119,2309607,4130369,+,P,430261,3170130,2739869,4,0,0,-1,-1,-1
4362739,367714,4046591,+,P,1781988,3931691,2149703,4,0,0,-1,-1,-1
4362739,2034803,4046591,+,P,114899,2264602,2149703,4,0,0,-1,-1,-1
4364147,54786,3937831,+,P,1325148,2705083,1379935,6,0,0,-1,-1,-1
4364147,147187,3937831,+,P,1232747,2612682,1379935,6,0,0,-1,-1,-1
4379021,3227928,4289911,+,P,527322,4282573,3755251,4,2,0,3625684,397756,397756
4379021,3747913,4289911,+,P,7337,3762588,3755251,4,2,0,3625684,122229,122229
4387211,574080,3881021,+,P,269800,1113681,843881,4,0,0,-1,-1,-1
4390781,601290,3965123,+,P,809884,2221059,1411175,4,2,0,1429374,828084,828084
4393063,3392833,4307437,+,P,400847,4194528,3793681,4,2,0,3751153,358320,358320
4393063,3680772,4307437,+,P,112908,3906589,3793681,4,2,0,3751153,70381,70381
4398353,200205,4122751,-,M+,75396,2268933,2193537,6,0,0,-1,-1,-1
4407287,148215,3927601,-,M+,331470,901269,569799,6,2,0,1259428,1111213,1111213
4413061,118855,3914819,-,M+,379386,806511,427125,6,8,0,718764,599909,599909
4414957,2904297,4285399,+,P,603753,4111804,3508051,4,0,0,-1,-1,-1
4414957,3334456,4285399,+,P,173594,3681645,3508051,4,0,0,-1,-1,-1
4417027,1848283,4168097,+,P,826233,3500750,2674517,4,0,0,-1,-1,-1
4417027,2007170,4168097,+,P,667346,3341863,2674517,4,0,0,-1,-1,-1
4418069,84675,4309489,-,M+,23904,3573333,3549429,6,2,0,1987290,1902615,1902615
4425349,246853,4021733,-,M+,156762,1353183,1196421,4,2,0,387419,140566,140566
4428821,302304,3847867,+,P,59838,421981,362143,4,0,0,-1,-1,-1
4429031,1179822,4021867,+,P,399060,1977943,1578883,4,0,0,-1,-1,-1
4440221,438164,4103543,+,P,1645310,3728785,2083475,6,2,0,1030815,592651,592651
4440221,1708717,4103543,+,P,374757,2458232,2083475,6,2,0,1030815,677902,677902
4443841,1030480,4032967,+,P,537242,2104965,1567723,4,2,0,1876652,846172,846172
4452347,829984,3995639,+,P,425406,1680797,1255391,4,0,0,-1,-1,-1
4454521,457769,3961967,+,P,548873,1555516,1006643,6,2,0,2186338,1728569,1728569
4461253,163319,4127303,-,M+,170630,1960283,1789653,4,0,0,-1,-1,-1
4461433,427367,4010269,+,P,875917,2179202,1303285,6,0,0,-1,-1,-1
4461493,3222221,4337881,+,P,373987,3970196,3596209,4,0,0,-1,-1,-1
4461493,3228524,4337881,+,P,367684,3963893,3596209,4,0,0,-1,-1,-1
4461643,43056,3935417,-,M+,483169,735004,251835,6,0,0,-1,-1,-1
4465537,306368,3900569,+,P,204392,715153,510761,4,0,0,-1,-1,-1
4466471,1536675,4187189,+,P,974821,3486318,2511497,6,2,0,1950320,413645,413645
4466471,1810626,4187189,+,P,700870,3212367,2511497,6,2,0,1950320,139694,139694
4468649,56482,3869881,+,P,220790,498063,277273,10,0,0,-1,-1,-1
4468903,2468270,4300487,+,P,821720,4111711,3289991,4,2,0,3545004,1076734,1076734
4468903,3101215,4300487,+,P,188775,3478766,3289991,4,2,0,3545004,443789,443789
4469627,1992109,4225147,+,P,766157,3524424,2758267,4,4,0,2147260,155151,155151
4469627,2057544,4225147,+,P,700722,3458989,2758267,4,4,0,2147260,89716,89716
4480211,84069,3861967,+,P,68433,220936,152503,4,0,0,-1,-1,-1
4485629,12563,3864059,-,M-,122075,609006,486931,6,2,0,2198695,2186132,2186132
4493459,1008816,4211021,+,P,1507576,4023969,2516393,4,0,0,-1,-1,-1
4493459,2329341,4211021,+,P,187051,2703444,2516393,4,0,0,-1,-1,-1
4495717,479822,3948187,+,P,183184,846191,663007,4,0,0,-1,-1,-1
4497247,91693,4061669,-,M+,343884,1356507,1012623,4,0,0,-1,-1,-1
4499527,1271532,4193869,+,P,1088388,3448309,2359921,4,0,0,-1,-1,-1
4499527,1614361,4193869,+,P,745559,3105480,2359921,4,0,0,-1,-1,-1
4510651,877331,4032907,+,P,289111,1455554,1166443,4,2,0,2159767,1282436,1282436
4512073,2267936,4312229,+,P,845228,3958393,3113165,8,0,0,-1,-1,-1
4512073,2759329,4312229,+,P,353835,3467000,3113165,8,0,0,-1,-1,-1
4516469,161063,3955561,-,M+,399844,429049,29205,10,0,0,-1,-1,-1
4522933,78585,4104371,+,P,1514413,3107412,1592999,6,0,0,-1,-1,-1
4522933,596040,4104371,+,P,996958,2589957,1592999,6,0,0,-1,-1,-1
4530257,1733940,4307603,+,P,1237738,4209417,2971679,6,0,0,-1,-1,-1
4530257,2873493,4307603,+,P,98185,3069864,2971679,6,0,0,-1,-1,-1
4543991,416731,4195747,+,P,1689551,3795834,2106283,6,0,0,-1,-1,-1
4543991,1706370,4195747,+,P,399912,2506195,2106283,6,0,0,-1,-1,-1
4551517,142091,4167389,-,M+,242036,1720529,1478493,4,0,0,-1,-1,-1
4554031,474062,4030759,+,P,417064,1308191,891127,4,0,0,-1,-1,-1
4558217,962111,4104277,+,P,418525,1799162,1380637,6,0,0,-1,-1,-1
4560223,1027445,4099721,+,P,309263,1645972,1336709,4,0,0,-1,-1,-1
4568327,229418,4006129,-,M+,332779,403522,70743,4,2,0,1816006,1586588,1586588
4570403,1412616,4310237,+,P,1336624,4085865,2749241,4,2,0,370185,1042431,1042431
4570403,2524869,4310237,+,P,224371,2973612,2749241,4,2,0,4200217,1675348,1675348
4573783,236648,4095649,+,P,990196,2217041,1226845,6,0,0,-1,-1,-1
4575833,520963,4174967,+,P,1248807,3018578,1769771,4,2,0,350695,170268,170268
4575833,613382,4174967,+,P,1156388,2926159,1769771,4,2,0,350695,262687,262687
4578313,465645,4137271,+,P,1025373,2516392,1491019,4,0,0,-1,-1,-1
4588373,87029,4223459,-,M+,277884,1946945,1669061,4,0,0,-1,-1,-1
4593847,2032899,4364677,+,P,956757,3946414,2989657,4,0,0,-1,-1,-1
4593847,2571394,4364677,+,P,418262,3407919,2989657,4,0,0,-1,-1,-1
4595039,876427,4300801,+,P,1658945,4194318,2535373,4,2,0,642979,233448,233448
4595039,2428890,4300801,+,P,106482,2641855,2535373,4,2,0,3952059,1523169,1523169
4598963,102050,4378511,-,M+,118401,2953748,2835347,4,0,0,-1,-1,-1
4603987,354877,4006091,+,P,63837,482552,418715,4,2,0,634770,279893,279893
4612873,654083,4059761,+,P,87005,828094,741089,6,0,0,-1,-1,-1
4619773,1115763,4203929,+,P,593101,2301966,1708865,8,6,0,2194794,1079031,1079031
4620793,906824,4254203,+,P,1147838,3202501,2054663,6,0,0,-1,-1,-1
4620793,1002961,4254203,+,P,1051701,3106364,2054663,6,0,0,-1,-1,-1
4626007,594001,4103543,+,P,374757,1343516,968759,6,0,0,-1,-1,-1
4634111,31264,4143499,+,P,1168562,2368389,1199827,8,4,0,726050,694786,694786
4636847,2274,4603843,-,M+,30729,4403544,4372815,4,0,0,-1,-1,-1
4653827,471737,4304633,+,P,1737731,3947200,2209469,4,0,0,-1,-1,-1
4653827,1852036,4304633,+,P,357432,2566901,2209469,4,0,0,-1,-1,-1
4657901,348632,4081669,-,M+,227599,275644,48045,6,2,0,1764864,1416232,1416232
4660067,471991,4078457,+,P,116805,705602,588797,6,2,0,713116,241125,241125
4662689,1152244,4355669,+,P,1361304,3874853,2513549,4,0,0,-1,-1,-1
4662689,2032733,4355669,+,P,480815,2994364,2513549,4,0,0,-1,-1,-1
4666289,1379101,4404943,+,P,1457765,4294632,2836867,4,0,0,-1,-1,-1
4666289,2726556,4404943,+,P,110310,2947177,2836867,4,0,0,-1,-1,-1
4671671,2917381,4497217,+,P,533111,3983604,3450493,4,0,0,-1,-1,-1
4671671,2936880,4497217,+,P,513612,3964105,3450493,4,0,0,-1,-1,-1
4675037,55072,4307041,-,M+,312923,2043992,1731069,4,4,0,469829,414757,414757
4676333,1010641,4364023,+,P,1479521,3969684,2490163,4,0,0,-1,-1,-1
4676333,2095824,4364023,+,P,394338,2884501,2490163,4,0,0,-1,-1,-1
4681037,410853,4180819,-,M+,89364,768657,679293,8,4,0,306866,103987,103987
4684259,333859,4204027,+,P,988775,2311410,1322635,6,2,0,2012793,1678934,1678934
4685623,132369,4360457,-,M+,192796,2277091,2084295,4,0,0,-1,-1,-1
4699151,1828975,4295479,+,P,44471,1917918,1873447,6,6,0,774116,1054859,1054859
4700039,1262809,4363069,+,P,1078439,3419688,2341249,4,2,0,885180,377629,377629
4700039,1397868,4363069,+,P,943380,3284629,2341249,4,2,0,885180,512688,512688
4706213,1869944,4467017,+,P,1161896,4193737,3031841,6,0,0,-1,-1,-1
4706213,2758561,4467017,+,P,273279,3305120,3031841,6,0,0,-1,-1,-1
4710833,329165,4184507,+,P,697385,1723936,1026551,4,2,0,1551341,1222176,1222176
4715453,93394,4344253,-,M+,277805,2023658,1745853,6,0,0,-1,-1,-1
4717597,144738,4275707,+,P,1479628,3103995,1624367,6,0,0,-1,-1,-1
4717597,452655,4275707,+,P,1171711,2796078,1624367,6,0,0,-1,-1,-1
4724309,455375,4208261,+,P,656597,1768570,1111973,4,0,0,-1,-1,-1
4730953,583979,4200263,+,P,432143,1448266,1016123,4,2,0,1017395,433416,433416
4733329,750559,4196789,+,P,226989,1204538,977549,4,2,0,113438,637121,637121
4733381,364248,4310219,-,M+,58913,1406998,1348085,4,0,0,-1,-1,-1
4734673,1637318,4456861,+,P,1152670,3942659,2789989,4,0,0,-1,-1,-1
4734673,2275787,4456861,+,P,514201,3304190,2789989,4,0,0,-1,-1,-1
4755857,721752,4365811,+,P,1303782,3329317,2025535,8,2,0,425867,295885,295885
4755857,989041,4365811,+,P,1036493,3062028,2025535,8,2,0,425867,563174,563174
4762969,1222705,4481677,+,P,1571219,4365144,2793925,6,0,0,-1,-1,-1
4762969,2677392,4481677,+,P,116532,2910457,2793925,6,0,0,-1,-1,-1
4764373,7128,4138451,+,P,375790,758709,382919,6,0,0,-1,-1,-1
4774883,40915,4480013,-,M+,253954,2669877,2415923,4,0,0,-1,-1,-1
4789963,3109886,4625611,+,P,529612,4169111,3639499,4,2,0,3698738,588852,588852
4789963,3182999,4625611,+,P,456499,4095998,3639499,4,2,0,3698738,515739,515739
4790363,1083260,4486973,+,P,1583372,4250005,2666633,4,0,0,-1,-1,-1
4790363,2429665,4486973,+,P,236967,2903600,2666633,4,0,0,-1,-1,-1
4799261,154927,4539203,-,M+,105130,2823927,2718797,4,0,0,-1,-1,-1
4801697,1694040,4510091,+,P,1066414,3826869,2760455,4,2,0,1267698,426342,426342
4801697,2077233,4510091,+,P,683221,3443676,2760455,4,2,0,1267698,809535,809535
4803439,1062529,4439389,+,P,1192559,3447648,2255089,6,0,0,-1,-1,-1
4803439,1263348,4439389,+,P,991740,3246829,2255089,6,0,0,-1,-1,-1
4808393,280145,4308881,-,M+,219366,1031663,812297,4,0,0,-1,-1,-1
4814801,1638077,4529297,+,P,1178195,3994468,2816273,4,0,0,-1,-1,-1
4814801,2281444,4529297,+,P,534828,3351101,2816273,4,0,0,-1,-1,-1
4820489,439007,4251563,-,M+,129918,398999,269081,6,2,0,622971,183964,183964
4826501,239166,4419379,+,P,1737480,3714127,1976647,6,0,0,-1,-1,-1
4826501,1271395,4419379,+,P,705251,2681898,1976647,6,0,0,-1,-1,-1
4827523,53662,4543321,-,M+,230539,2784446,2553907,4,2,0,1833705,1780043,1780043
4844141,564189,4290491,+,P,404401,1372992,968591,4,0,0,-1,-1,-1
4856711,454240,4483651,+,P,1791050,4036341,2245291,4,0,0,-1,-1,-1
4856711,1797981,4483651,+,P,447309,2692600,2245291,4,0,0,-1,-1,-1
4859081,583497,4260019,-,M+,15564,82149,66585,4,4,0,660497,77000,77000
4864667,393696,4321019,+,P,665434,1724565,1059131,6,0,0,-1,-1,-1
4865227,168261,4499377,+,P,2136015,4440292,2304277,8,0,0,-1,-1,-1
4865227,2245192,4499377,+,P,59084,2363361,2304277,8,0,0,-1,-1,-1
4867301,1384300,4441289,+,P,500916,2386133,1885217,4,2,0,2106557,722257,722257
4871953,101936,4483097,+,P,2048024,4197985,2149961,4,0,0,-1,-1,-1
4871953,1864849,4483097,+,P,285111,2435072,2149961,4,0,0,-1,-1,-1
4880101,21980,4332577,+,P,1025452,2072885,1047433,4,0,0,-1,-1,-1
4880951,1325103,4387567,+,P,102159,1529422,1427263,6,0,0,-1,-1,-1
4884553,92234,4209349,-,M-,65890,582969,517079,6,0,0,-1,-1,-1
4886333,1889741,4613507,+,P,1086809,4063360,2976551,4,4,0,1916597,26856,26856
4886333,2203307,4660933,+,P,1105225,4413758,3308533,6,4,0,1916597,286710,286710
4886333,2426404,4613507,+,P,550146,3526697,2976551,4,4,0,1916597,509807,509807
4886333,3061358,4660933,+,P,247174,3555707,3308533,6,4,0,2969735,91623,91623
4889147,360217,4515209,+,P,1911363,4182944,2271581,6,2,0,795675,435458,435458
4889147,1939316,4515209,+,P,332264,2603845,2271581,6,2,0,795675,1143641,1143641
4890341,290131,4386419,+,P,1072755,2435642,1362887,6,2,0,1792007,1501876,1501876
4895347,143841,4681997,-,M+,69508,3258055,3188547,6,0,0,-1,-1,-1
4896127,247052,4381787,+,P,1048694,2344441,1295747,6,0,0,-1,-1,-1
4896491,140004,4424059,-,M+,332427,1449462,1117035,4,4,0,389665,249661,249661
4907359,12234,4760999,-,M+,134125,3870604,3736479,4,0,0,-1,-1,-1
4912073,427247,4323751,+,P,366571,1160390,793819,6,0,0,-1,-1,-1
4913873,2627781,4728743,+,P,990181,4608144,3617963,4,0,0,-1,-1,-1
4913873,3497364,4728743,+,P,120598,3738561,3617963,4,0,0,-1,-1,-1
4914937,1502405,4619039,+,P,1341245,4184896,2843651,6,0,0,-1,-1,-1
4914937,2409508,4619039,+,P,434142,3277793,2843651,6,0,0,-1,-1,-1
4925017,1321411,4579451,+,P,1184643,3690698,2506055,4,2,0,1328770,7359,7359
4925017,1617302,4579451,+,P,888752,3394807,2506055,4,2,0,1328770,288532,288532
4927873,500158,4297817,+,P,17322,534803,517481,6,0,0,-1,-1,-1
4929731,3648277,4814749,+,P,476579,4601436,4124857,6,0,0,-1,-1,-1
4929731,3911544,4814749,+,P,213312,4338169,4124857,6,0,0,-1,-1,-1
4933529,150082,4395389,+,P,1016466,2183015,1166549,4,0,0,-1,-1,-1
4944803,38231,4586297,-,M+,320274,2397029,2076755,4,0,0,-1,-1,-1
4956703,38371,4326011,-,M-,503487,592320,88833,4,0,0,-1,-1,-1
4961599,789626,4624381,+,P,1811446,4412519,2601073,4,0,0,-1,-1,-1
4961599,2389211,4624381,+,P,211861,2812934,2601073,4,0,0,-1,-1,-1
4978217,237920,4467017,-,M+,273279,1161896,888617,6,0,0,-1,-1,-1
4981393,916657,4501829,+,P,707787,2332232,1624445,6,4,0,1312840,396183,396183
4989503,1965864,4736839,+,P,1254990,4475845,3220855,4,4,0,2010540,44676,44676
4989503,2959861,4736839,+,P,260993,3481848,3220855,4,4,0,2978962,19101,19101
5010041,291325,4676369,-,M+,42346,2383011,2340665,4,2,0,612484,321159,321159
5016953,890624,4605791,+,P,1248194,3387013,2138819,4,0,0,-1,-1,-1
5016953,920041,4605791,+,P,1218777,3357596,2138819,4,0,0,-1,-1,-1
5024861,437018,4567399,+,P,1385608,3208235,1822627,4,4,0,642656,205638,205638
5024861,463463,4567399,+,P,1359163,3181790,1822627,4,4,0,642656,179193,179193
5027537,407086,4613359,-,M+,7091,1721204,1714113,4,0,0,-1,-1,-1
5042393,96153,4531609,-,M+,414630,1370751,956121,4,0,0,-1,-1,-1
5042971,860523,4446317,+,P,5869,872262,866393,4,0,0,-1,-1,-1
5044423,397394,4438843,+,P,407968,1213331,805363,6,0,0,-1,-1,-1
5050091,1728921,4724089,+,P,1039155,3807232,2768077,4,2,0,1126796,602125,602125
5050091,1851220,4724089,+,P,916856,3684933,2768077,4,2,0,1126796,724424,724424
5050897,76851,4430969,+,P,634549,1345950,711401,6,0,0,-1,-1,-1
5063489,2431079,4849049,+,P,1131329,4693738,3562409,4,0,0,-1,-1,-1
5063489,3407098,4849049,+,P,155310,3717719,3562409,4,0,0,-1,-1,-1
5071019,1128844,4765157,+,P,1801140,4731125,2929985,4,0,0,-1,-1,-1
5071019,2895953,4765157,+,P,34031,2964016,2929985,4,0,0,-1,-1,-1
5073457,535279,4527473,-,M+,10704,716289,705585,6,0,0,-1,-1,-1
5078119,134061,4551023,+,P,1254385,2642832,1388447,4,0,0,-1,-1,-1
5085637,842902,4550857,+,P,499274,1841451,1342177,4,2,0,1766293,923391,923391
5090117,1372571,4621711,+,P,438703,2249978,1811275,6,0,0,-1,-1,-1
5110423,3439338,4959083,+,P,611704,4662747,4051043,6,2,0,4632717,1193379,1193379
5110423,3754707,4959083,+,P,296335,4347378,4051043,6,2,0,4632717,878010,878010
5114827,474243,4622081,+,P,1191361,2856966,1665605,8,0,0,-1,-1,-1
5124781,250720,4692593,+,P,1848744,3948209,2099465,4,0,0,-1,-1,-1
5124781,1355081,4692593,+,P,744383,2843848,2099465,4,0,0,-1,-1,-1
5136323,357543,4592171,+,P,969715,2296974,1327259,4,2,0,198672,158871,158871
5143447,146784,4473143,+,P,304534,755853,451319,4,0,0,-1,-1,-1
5145197,3166910,4979617,+,P,819226,4805363,3986137,6,2,0,3143215,23695,23695
5145197,3811883,4979617,+,P,174253,4160390,3986137,6,2,0,3143215,668668,668668
5152841,1275439,4683967,+,P,595283,2466006,1870723,4,2,0,2126617,851178,851178
5152843,137272,4529363,-,M+,486207,651210,165003,4,0,0,-1,-1,-1
5167583,13161,4969163,-,M+,185258,3765481,3580223,4,0,0,-1,-1,-1
5171801,1761758,4880021,+,P,1367582,4496923,3129341,8,4,0,2133393,371635,371635
5171801,2746243,4880021,+,P,383097,3512438,3129341,8,4,0,3038407,292164,292164
5177803,16394,5077829,-,M+,83579,4461590,4378011,6,0,0,-1,-1,-1
5181641,1624421,4869517,+,P,1372351,4369124,2996773,6,0,0,-1,-1,-1
5181641,2496380,4869517,+,P,500392,3497165,2996773,6,0,0,-1,-1,-1
5187151,26510,4956691,-,M+,203949,3547420,3343471,4,0,0,-1,-1,-1
5189357,1409164,4725431,+,P,532710,2474585,1941875,4,4,0,1789134,379970,379970
5191057,2866490,4959833,+,P,705998,4278487,3572489,4,2,0,2949633,83143,83143
5191057,2891143,4959833,+,P,681345,4253834,3572489,4,2,0,2949633,58490,58490
5201593,3287574,5030593,+,P,717018,4721611,4004593,4,0,0,-1,-1,-1
5201593,3695611,5030593,+,P,308981,4313574,4004593,4,0,0,-1,-1,-1
5206819,85188,4713259,+,P,1666710,3418609,1751899,4,2,0,2025887,1940699,1940699
5206819,457249,4713259,+,P,1294649,3046548,1751899,4,2,0,2025887,1568638,1568638
5210189,2711437,4969313,+,P,812619,4336676,3524057,4,0,0,-1,-1,-1
5210189,2891420,4969313,+,P,632636,4156693,3524057,4,0,0,-1,-1,-1
5218883,339482,4612451,+,P,634376,1608235,973859,4,0,0,-1,-1,-1
5221849,675240,4863611,+,P,2038942,4753125,2714183,4,0,0,-1,-1,-1
5221849,2603697,4863611,+,P,110485,2824668,2714183,4,0,0,-1,-1,-1
5226647,1185424,4725431,+,P,532710,2250845,1718135,4,2,0,826986,358438,358438
5226733,940162,4877849,+,P,1844382,4628927,2784545,4,0,0,-1,-1,-1
5226733,2535623,4877849,+,P,248921,3033466,2784545,4,0,0,-1,-1,-1
5233639,229075,4689449,-,M+,315114,1195233,880119,4,0,0,-1,-1,-1
5242907,348033,4628279,+,P,592477,1532988,940511,6,2,0,416591,68558,68558
5245067,200836,4576277,-,M-,362700,467953,105253,4,2,0,845093,644257,644257
5254229,163782,4656241,+,P,904530,1972843,1068313,4,2,0,225407,61625,61625
5258303,300124,4868011,-,M+,90167,2226134,2135967,4,2,0,1848032,1547908,1547908
5258867,3562619,5092193,+,P,529529,4621678,4092149,6,2,0,2932754,629865,629865
5258867,3621634,5092193,+,P,470514,4562663,4092149,6,2,0,2932754,688880,688880
5260597,543722,4603297,-,M+,113577,115774,2197,8,0,0,-1,-1,-1
5261359,598548,4797497,+,P,1415776,3430101,2014325,4,0,0,-1,-1,-1
5261359,646929,4797497,+,P,1367395,3381720,2014325,4,0,0,-1,-1,-1
5269811,581116,4639387,+,P,275726,1132569,856843,4,0,0,-1,-1,-1
5283497,144211,4635341,+,P,602193,1348598,746405,6,0,0,-1,-1,-1
5286373,3061223,5080661,+,P,785165,4631554,3846389,6,0,0,-1,-1,-1
5286373,3397282,5080661,+,P,449106,4295495,3846389,6,0,0,-1,-1,-1
5293637,202807,4987819,-,M+,103010,2950103,2847093,6,0,0,-1,-1,-1
5307439,343289,4641787,+,P,304585,952460,647875,6,0,0,-1,-1,-1
5311217,3086835,5121979,+,P,899715,4886266,3986551,6,2,0,4433252,1346417,1346417
5311217,3750838,5121979,+,P,235712,4222263,3986551,6,2,0,4433252,682414,682414
5321851,324323,4675037,+,P,469829,1263982,794153,4,0,0,-1,-1,-1
5329967,4009018,5198287,+,P,399188,4807395,4408207,4,2,0,4448139,439121,439121
5329967,4017315,5198287,+,P,390891,4799098,4408207,4,2,0,4448139,430824,430824
5330513,105748,5155309,-,M+,69455,3998336,3928881,8,0,0,-1,-1,-1
5330879,304639,4737907,+,P,875435,2055510,1180075,6,0,0,-1,-1,-1
5333483,651102,4699733,+,P,246130,1143363,897233,4,0,0,-1,-1,-1
5333707,90722,4752277,+,P,1172974,2436671,1263697,4,2,0,694932,604210,604210
5340103,872656,4961563,+,P,1817666,4507989,2690323,4,2,0,812889,59767,59767
5340103,2236749,4961563,+,P,453573,3143896,2690323,4,2,0,812889,1423860,1423860
5350843,105518,4844311,+,P,1699600,3504719,1805119,4,2,0,23530,81988,81988
5350843,465527,4844311,+,P,1339591,3144710,1805119,4,2,0,23530,441997,441997
5360881,153832,5121527,-,M+,85521,3531570,3446049,4,2,0,912129,758297,758297
5365751,2985879,5172347,+,P,1026043,5037966,4011923,8,0,0,-1,-1,-1
5365751,3877542,5172347,+,P,134380,4146303,4011923,8,0,0,-1,-1,-1
5367577,2038251,5074787,+,P,1279795,4597842,3318047,4,0,0,-1,-1,-1
5367577,2841102,5074787,+,P,476944,3794991,3318047,4,0,0,-1,-1,-1
5374517,1045972,4811137,+,P,384884,1815741,1430857,6,0,0,-1,-1,-1
5376883,4748753,5319689,+,P,227771,5204296,4976525,8,0,0,-1,-1,-1
5376883,4861132,5319689,+,P,115392,5091917,4976525,8,0,0,-1,-1,-1
5379203,514525,4852451,+,P,1177413,2869352,1691939,4,2,0,959552,445027,445027
5390023,519293,4820441,+,P,883655,2286604,1402949,4,2,0,1374764,855471,855471
5397113,4180972,5285219,+,P,432882,5046737,4613855,4,2,0,5225205,1044233,1044233
5397113,4375373,5285219,+,P,238481,4852336,4613855,4,2,0,5225205,849832,849832
5405251,1120892,4997843,+,P,1432502,3985897,2553395,6,0,0,-1,-1,-1
5405251,1541449,4997843,+,P,1011945,3565340,2553395,6,0,0,-1,-1,-1
5411011,3635,4697383,+,P,411979,827594,415615,4,0,0,-1,-1,-1
5414657,2391481,5163607,+,P,1265825,4923132,3657307,4,0,0,-1,-1,-1
5414657,3416832,5163607,+,P,240474,3897781,3657307,4,0,0,-1,-1,-1
5429899,57485,4998667,+,P,2353789,4765064,2411275,6,2,0,1724471,1666986,1666986
5429899,2177672,4998667,+,P,233602,2644877,2411275,6,2,0,1724471,453201,453201
5450351,159210,4778029,-,M+,513111,584886,71775,4,0,0,-1,-1,-1
5459761,322800,4730647,-,M-,33162,406313,373151,6,0,0,-1,-1,-1
5460607,4548,4829729,+,P,1039912,2084373,1044461,4,0,0,-1,-1,-1
5465459,3533180,5302837,+,P,793924,5121029,4327105,4,2,0,4960375,1427195,1427195
5465459,4145297,5302837,+,P,181807,4508912,4327105,4,2,0,4960375,815078,815078
5467351,1283780,5071903,+,P,1415434,4114649,2699215,4,0,0,-1,-1,-1
5467351,1741961,5071903,+,P,957253,3656468,2699215,4,0,0,-1,-1,-1
5468083,282795,5024183,+,P,2077987,4438770,2360783,4,0,0,-1,-1,-1
5468083,1775370,5024183,+,P,585412,2946195,2360783,4,0,0,-1,-1,-1
5474333,630889,4786981,+,P,31979,694848,662869,6,0,0,-1,-1,-1
5477971,2370254,5217271,+,P,1282816,4935887,3653071,4,0,0,-1,-1,-1
5477971,3371687,5217271,+,P,281383,3934454,3653071,4,0,0,-1,-1,-1
5484397,1909700,5194907,+,P,1548266,5006233,3457967,4,4,0,2484657,574957,574957
5484397,3269293,5194907,+,P,188673,3646640,3457967,4,4,0,2999739,269554,269554
5484851,181356,5033341,-,M+,270153,2142924,1872771,6,0,0,-1,-1,-1
5486911,44537,4962619,+,P,1772329,3589196,1816867,6,0,0,-1,-1,-1
5486911,443444,4962619,+,P,1373422,3190289,1816867,6,0,0,-1,-1,-1
5498573,478752,4799623,-,M-,127170,220197,93027,4,0,0,-1,-1,-1
5505083,579106,4859201,-,M+,66775,404802,338027,4,0,0,-1,-1,-1
5507461,1478396,4997383,+,P,458518,2395433,1936915,4,2,0,2095312,616916,616916
5509429,1091669,5142259,+,P,1847569,4786808,2939239,6,2,0,1221902,130233,130233
5509429,2583788,5142259,+,P,355450,3294689,2939239,6,2,0,1221902,1361886,1361886
5516627,52273,5073511,-,M+,390842,2362541,1971699,4,0,0,-1,-1,-1
5528779,1118668,5093519,+,P,1363290,3845249,2481959,6,2,0,852517,266151,266151
5528779,1233689,5093519,+,P,1248269,3730228,2481959,6,2,0,852517,381172,381172
5539439,56570,5376619,-,M+,106249,4343128,4236879,6,0,0,-1,-1,-1
5547709,1755197,5048353,+,P,297019,2349236,2052217,4,2,0,331106,1424091,1424091
5552171,1794875,5225287,+,P,1469107,4733090,3263983,4,0,0,-1,-1,-1
5552171,2771786,5225287,+,P,492196,3756179,3263983,4,0,0,-1,-1,-1
5561849,630053,5118637,+,P,1829311,4288676,2459365,4,2,0,1322314,692261,692261
5561849,1629404,5118637,+,P,829960,3289325,2459365,4,2,0,1322314,307090,307090
5565047,564217,5096249,+,P,1719243,4002704,2283461,4,2,0,1946366,1382149,1382149
5565047,1189916,5096249,+,P,1093544,3377005,2283461,4,2,0,1946366,756450,756450
5582699,401633,5112949,-,M+,68116,1892815,1824699,4,0,0,-1,-1,-1
5596907,555343,5026817,+,P,1050933,2657210,1606277,6,2,0,2408158,1852815,1852815
5598091,1527275,5092193,+,P,529529,2586334,2056805,6,2,0,323126,1204149,1204149
5610433,2539539,5329981,+,P,1107729,4754998,3647269,6,4,0,2236184,303355,303355
5610433,3072286,5329981,+,P,574982,4222251,3647269,6,4,0,3374248,301962,301962
5641291,237639,4898059,+,P,201027,639694,438667,4,0,0,-1,-1,-1
5643641,135141,4973347,-,M+,535152,816441,281289,4,0,0,-1,-1,-1
5657051,62529,5052169,+,P,1360347,2783224,1422877,4,0,0,-1,-1,-1
5662733,334576,5028431,+,P,888042,2110661,1222619,6,4,0,633831,299255,299255
5667313,1262528,5254801,+,P,1517200,4296929,2779729,8,0,0,-1,-1,-1
5667313,1821857,5254801,+,P,957871,3737600,2779729,8,0,0,-1,-1,-1
5667973,1177999,5319689,+,P,2051985,5281970,3229985,8,2,0,679599,498400,498400
5667973,3192266,5319689,+,P,37718,3267703,3229985,8,2,0,4988373,1796107,1796107
5668309,60065,4936391,+,P,484817,1029700,544883,4,0,0,-1,-1,-1
5670619,121056,5416679,-,M+,132883,3771982,3639099,4,0,0,-1,-1,-1
5674693,3012295,5422973,+,P,900357,4813010,3912653,8,0,0,-1,-1,-1
5674693,3302690,5422973,+,P,609962,4522615,3912653,8,0,0,-1,-1,-1
5682763,413356,5248303,-,M+,21103,2228186,2207083,6,2,0,2335111,1921755,1921755
5684867,1289026,5295247,+,P,1668500,4626027,2957527,4,0,0,-1,-1,-1
5684867,2288307,5295247,+,P,669219,3626746,2957527,4,0,0,-1,-1,-1
5695531,300340,5111833,+,P,1309304,2918949,1609645,4,0,0,-1,-1,-1
5701909,503612,5132429,+,P,1211936,2927485,1715549,4,0,0,-1,-1,-1
5710919,1187842,5278001,+,P,1492650,4173143,2680493,4,2,0,2236221,1048379,1048379
5710919,1575635,5278001,+,P,1104857,3785350,2680493,4,2,0,2236221,660586,660586
5712757,1947555,5237839,+,P,440775,2829106,2388331,6,0,0,-1,-1,-1
5717681,921101,5241881,+,P,1465979,3853060,2387081,6,2,0,995237,74136,74136
5717681,998260,5241881,+,P,1388820,3775901,2387081,6,2,0,995237,3023,3023
5736833,1493863,5351257,+,P,1543937,4581738,3037801,4,2,0,1320500,173363,173363
5736833,2268282,5351257,+,P,769518,3807319,3037801,4,2,0,1320500,947782,947782
5742809,359228,5194907,-,M+,188673,1548266,1359593,4,0,0,-1,-1,-1
5753479,193076,5137973,-,M+,422429,1251860,829431,8,0,0,-1,-1,-1
5766311,2301441,5301991,+,P,214629,2730700,2516071,6,0,0,-1,-1,-1
5767409,4713654,5684641,+,P,474378,5662411,5188033,6,2,0,5147599,433945,433945
5767409,5165803,5684641,+,P,22229,5210262,5188033,6,2,0,5147599,18204,18204
5783891,368231,5101541,-,M+,314118,639209,325091,4,2,0,2088149,1719918,1719918
5785069,2757697,5495813,+,P,1002579,4762856,3760277,4,0,0,-1,-1,-1
5785069,3027320,5495813,+,P,732956,4493233,3760277,4,0,0,-1,-1,-1
5787149,571410,5203249,+,P,1128438,2828287,1699849,6,0,0,-1,-1,-1
5797993,3354448,5571689,+,P,859416,5073281,4213865,4,2,0,3056500,297948,297948
5797993,3715457,5571689,+,P,498407,4712272,4213865,4,2,0,3056500,658957,658957
5804069,773717,5122427,+,P,258857,1291432,1032575,4,0,0,-1,-1,-1
5805941,156262,5178889,-,M+,470789,1260314,789525,6,2,0,1671740,1515478,1515478
5812199,4152460,5649649,+,P,521888,5196237,4674349,6,2,0,4477478,325018,325018
5812199,4220937,5649649,+,P,453411,5127760,4674349,6,2,0,4477478,256541,256541
5822491,3900349,5633161,+,P,596831,5094012,4497181,6,0,0,-1,-1,-1
5822491,3958032,5633161,+,P,539148,5036329,4497181,6,0,0,-1,-1,-1
5823497,910049,5263493,+,P,993419,2896888,1903469,6,4,0,701247,208802,208802
5825399,788180,5110337,+,P,31784,851749,819965,4,0,0,-1,-1,-1
5825591,220007,5104289,+,P,556469,1332946,776477,4,0,0,-1,-1,-1
5827937,634562,5397493,+,P,2180266,4995095,2814829,6,4,0,241421,393141,393141
5827937,2412431,5397493,+,P,402397,3217226,2814829,6,4,0,2569511,157080,157080
5836189,545723,5313173,+,P,1629353,3804430,2175077,6,0,0,-1,-1,-1
5836189,666334,5313173,+,P,1508742,3683819,2175077,6,0,0,-1,-1,-1
5857307,2020366,5318683,+,P,66572,2153511,2086939,4,2,0,2761169,740803,740803
5861621,98815,5242487,+,P,1428867,2956550,1527683,6,2,0,96919,1896,1896
5867591,1939297,5494639,+,P,1317629,4574556,3256927,4,0,0,-1,-1,-1
5867591,2336844,5494639,+,P,920082,4177009,3256927,4,0,0,-1,-1,-1
5887577,27789,5156101,+,P,739455,1506700,767245,4,0,0,-1,-1,-1
5909837,1865047,5340949,+,P,62573,1990194,1927621,4,2,0,14039,1851008,1851008
5927723,801498,5315837,+,P,843022,2487543,1644521,4,0,0,-1,-1,-1
5934527,296163,5314667,+,P,1299343,2894850,1595507,4,0,0,-1,-1,-1
5935789,476670,5289743,+,P,936796,2350263,1413467,4,0,0,-1,-1,-1
5938181,2319392,5613109,+,P,1343284,5005961,3662677,4,2,0,417659,1901733,1901733
5938181,3055529,5613109,+,P,607147,4269824,3662677,4,2,0,5520521,2464992,2464992
5940007,222344,5376649,-,M+,341013,1774156,1433143,6,0,0,-1,-1,-1
5948143,328849,5155309,+,P,69455,467760,398305,8,0,0,-1,-1,-1
5952959,730662,5213777,+,P,48022,826707,778685,4,0,0,-1,-1,-1
5964527,339677,5562059,-,M+,62790,2807573,2744783,6,2,0,1901696,1562019,1562019
5971639,1105757,5284781,+,P,57875,1221508,1163633,6,0,0,-1,-1,-1
5976023,338270,5460797,+,P,2031170,4400611,2369441,4,2,0,1354528,1016258,1016258
5976023,1309255,5460797,+,P,1060185,3429626,2369441,4,2,0,1354528,45273,45273
5978279,24530,5295061,+,P,1171222,2366975,1195753,4,0,0,-1,-1,-1
5980967,326728,5252783,-,M+,401455,556950,155495,4,0,0,-1,-1,-1
5981137,530822,5204503,+,P,13876,558575,544699,6,2,0,400223,130599,130599
5987677,1043625,5601251,+,P,2239069,5521764,3282695,6,2,0,44576,999049,999049
5987677,3203208,5601251,+,P,79486,3362181,3282695,6,2,0,5943100,2739892,2739892
5995079,264265,5648449,-,M+,82364,3304403,3222039,4,0,0,-1,-1,-1
5998757,588273,5503859,+,P,1946197,4480668,2534471,6,0,0,-1,-1,-1
5998757,1511280,5503859,+,P,1023190,3557661,2534471,6,0,0,-1,-1,-1
6002861,1185396,5359633,+,P,314868,1815133,1500265,4,0,0,-1,-1,-1
6007517,1321257,5609431,+,P,1899657,5120572,3220915,4,0,0,-1,-1,-1
6007517,2732056,5609431,+,P,488858,3709773,3220915,4,0,0,-1,-1,-1
6022747,952921,5620003,+,P,2250617,5454156,3203539,6,0,0,-1,-1,-1
6022747,3037692,5620003,+,P,165846,3369385,3203539,6,0,0,-1,-1,-1
6028049,55448,5721389,-,M+,251211,3825980,3574769,4,0,0,-1,-1,-1
6028283,988519,5365267,+,P,398651,1785822,1387171,4,2,0,1943390,954871,954871
6042217,368960,5292379,-,M+,380877,424390,43513,4,0,0,-1,-1,-1
6044677,203389,5804431,-,M+,36856,4159565,4122709,6,0,0,-1,-1,-1
6047329,511761,5359877,+,P,723403,1958568,1235165,4,0,0,-1,-1,-1
6050731,2076087,5511739,+,P,201699,2479486,2277787,4,0,0,-1,-1,-1
6053251,160286,5434129,-,M+,458835,1559110,1100275,8,2,0,842241,681955,681955
6071311,175640,5357719,-,M+,537951,900526,362575,6,0,0,-1,-1,-1
6079159,1679360,5721389,+,P,1895408,5470177,3574769,4,2,0,1077988,601372,601372
6079159,3323557,5721389,+,P,251211,3825980,3574769,4,2,0,5001170,1677613,1677613
6083527,2242505,5738077,+,P,1422871,5088248,3665377,4,0,0,-1,-1,-1
6083527,3015548,5738077,+,P,649828,4315205,3665377,4,0,0,-1,-1,-1
6083927,334941,5401247,-,M+,347738,970225,622487,4,2,0,1340356,1005415,1005415
6090499,203772,5327821,+,P,547980,1299733,751753,4,0,0,-1,-1,-1
6096593,3918730,5895707,+,P,771660,5462051,4690391,4,2,0,5489514,1570784,1570784
6096593,4256735,5895707,+,P,433655,5124046,4690391,4,2,0,5489514,1232779,1232779
6099887,110146,5453359,-,M+,536381,1464044,927663,4,0,0,-1,-1,-1
6100781,322861,5338667,+,P,443121,1209104,765983,4,2,0,2574144,2251283,2251283
6113161,1715405,5566073,+,P,568139,2851684,2283545,4,2,0,1510283,205122,205122
6137801,3600610,5884951,+,P,767240,5135091,4367851,4,0,0,-1,-1,-1
6137801,3617991,5884951,+,P,749859,5117710,4367851,4,0,0,-1,-1,-1
6141491,95806,5841791,-,M+,203893,3947784,3743891,4,0,0,-1,-1,-1
6159547,583706,5430443,+,P,472112,1527931,1055819,4,2,0,665521,81815,81815
6159869,3168159,5891759,+,P,1114939,5398038,4283099,4,0,0,-1,-1,-1
6159869,3789378,5891759,+,P,493720,4776819,4283099,4,0,0,-1,-1,-1
6160639,488308,5433619,+,P,583190,1654689,1071499,4,0,0,-1,-1,-1
6168377,1260282,5579131,+,P,783372,2827027,2043655,6,2,0,290586,969696,969696
6172291,1184153,5694109,+,P,1640863,4465880,2825017,8,0,0,-1,-1,-1
6172291,1596788,5694109,+,P,1228228,4053245,2825017,8,0,0,-1,-1,-1
6175067,2045901,5610953,+,P,180367,2406636,2226269,6,0,0,-1,-1,-1
6182879,4904333,6071099,+,P,496085,5896504,5400419,4,0,0,-1,-1,-1
6182879,5225824,6071099,+,P,174594,5575013,5400419,4,0,0,-1,-1,-1
6193123,869964,5556743,+,P,868498,2606961,1738463,4,0,0,-1,-1,-1
6212203,1535180,5770321,+,P,1583848,4702877,3119029,6,2,0,784302,750878,750878
6212203,2051585,5770321,+,P,1067443,4186472,3119029,6,2,0,784302,1267283,1267283
6218749,363323,5575397,-,M+,280028,1351961,1071933,8,0,0,-1,-1,-1
6223601,2673671,5722603,+,P,42943,2759558,2716615,4,2,0,1767587,906084,906084
6226477,123416,5649649,-,M+,453411,2065264,1611853,6,0,0,-1,-1,-1
6235399,561926,5595257,-,M+,78215,1192478,1114263,4,2,0,808075,246149,246149
6245153,1584719,5616383,+,P,259043,2102806,1843763,4,0,0,-1,-1,-1
6245557,4675217,6101549,+,P,562283,5799784,5237501,8,0,0,-1,-1,-1
6245557,4935736,6101549,+,P,301764,5539265,5237501,8,0,0,-1,-1,-1
6278527,2137511,5745583,+,P,410407,2958326,2547919,6,0,0,-1,-1,-1
6279997,25358,5462239,-,M-,530332,792399,262067,8,2,0,1323132,1297774,1297774
6280289,11575,5544179,+,P,1115943,2243462,1127519,4,0,0,-1,-1,-1
6293137,498673,5666527,+,P,1408193,3315060,1906867,4,2,0,269909,228764,228764
6298231,5042848,6193651,+,P,523322,6089493,5566171,4,0,0,-1,-1,-1
6298231,5462013,6193651,+,P,104157,5670328,5566171,4,0,0,-1,-1,-1
6299771,1534145,5659469,+,P,283511,2101168,1817657,4,0,0,-1,-1,-1
6300601,13083,6164177,-,M+,123340,5332549,5209209,4,2,0,2290756,2277673,2277673
6301913,1872744,5737057,+,P,475176,2823097,2347921,6,0,0,-1,-1,-1
6315943,1571763,5875169,+,P,1658761,4889286,3230525,4,0,0,-1,-1,-1
6315943,2244642,5875169,+,P,985882,4216407,3230525,4,0,0,-1,-1,-1
6318409,48459,5685557,-,M+,584392,1839985,1255593,6,2,0,3039969,2991510,2991510
6322513,2511382,5810521,+,P,227186,2965755,2738569,6,0,0,-1,-1,-1
6323027,2726744,6009569,+,P,1402076,5530897,4128821,6,0,0,-1,-1,-1
6323027,3650149,6009569,+,P,478671,4607492,4128821,6,0,0,-1,-1,-1
6323441,512737,5627899,+,P,941909,2396556,1454647,10,0,0,-1,-1,-1
6324137,334171,5857531,-,M+,132434,2723723,2591289,4,0,0,-1,-1,-1
6340219,1831869,5790677,+,P,661555,3154980,2493425,4,0,0,-1,-1,-1
6344771,359114,5493883,+,P,29440,417995,388555,4,0,0,-1,-1,-1
6353351,13830,5606323,+,P,1110324,2234479,1124155,6,0,0,-1,-1,-1
6363923,821874,5901617,+,P,2305906,5433687,3127781,6,2,0,626044,195830,195830
6363923,2659851,5901617,+,P,467929,3595710,3127781,6,2,0,626044,2033807,2033807
6364637,2408051,6042791,+,P,1703663,5815378,4111715,4,0,0,-1,-1,-1
6364637,3884302,6042791,+,P,227412,4339127,4111715,4,0,0,-1,-1,-1
6369799,1074313,5861309,+,P,1736055,4546424,2810369,4,0,0,-1,-1,-1
6369799,1495484,5861309,+,P,1314884,4125253,2810369,4,0,0,-1,-1,-1
6387683,99629,5809633,-,M+,478420,2241703,1763283,6,0,0,-1,-1,-1
6392717,469644,5571233,-,M-,172684,351839,179155,4,0,0,-1,-1,-1
6400921,1392985,5721389,+,P,251211,1895408,1644197,4,4,0,422677,970308,970308
6402653,812506,5800981,+,P,1378442,3569391,2190949,4,0,0,-1,-1,-1
6406789,1058454,5667097,+,P,170490,1399435,1228945,8,0,0,-1,-1,-1
6424469,6279111,6410891,+,P,50311,6379734,6329423,8,0,0,-1,-1,-1
6424469,6298266,6410891,+,P,31156,6360579,6329423,8,0,0,-1,-1,-1
6429419,445874,5775983,-,M+,207561,1409492,1201931,4,2,0,3166759,2720885,2720885
6430793,731055,5952259,+,P,2349999,5431054,3081055,8,0,0,-1,-1,-1
6430793,2559850,5952259,+,P,521204,3602259,3081055,8,0,0,-1,-1,-1
6435991,54140,5630351,-,M-,742370,751499,9129,8,0,0,-1,-1,-1
6438199,2306701,6046093,+,P,1386755,5080212,3693457,8,0,0,-1,-1,-1
6438199,2727576,6046093,+,P,965880,4659337,3693457,8,0,0,-1,-1,-1
6442883,1635316,5827001,+,P,496392,2628101,2131709,8,0,0,-1,-1,-1
6443293,286082,5876021,-,M+,281189,2186306,1905117,6,2,0,1825711,1539629,1539629
6459907,115839,5843041,-,M+,501026,2026005,1524979,4,2,0,2320571,2204732,2204732
6461563,2927477,6109837,+,P,1072003,5071484,3999481,6,0,0,-1,-1,-1
6461563,2961128,6109837,+,P,1038352,5037833,3999481,6,0,0,-1,-1,-1
6462647,912246,5919751,+,P,1750128,4412503,2662375,6,0,0,-1,-1,-1
6462647,1155127,5919751,+,P,1507247,4169622,2662375,6,0,0,-1,-1,-1
6467789,2384359,5938297,+,P,376985,3138330,2761345,6,0,0,-1,-1,-1
6489361,333631,6070489,-,M+,85240,3223625,3138385,4,0,0,-1,-1,-1
6493309,2928641,6146369,+,P,1136087,5200816,4064729,4,0,0,-1,-1,-1
6493309,3119176,6146369,+,P,945552,5010281,4064729,4,0,0,-1,-1,-1
6495367,1058745,6072527,+,P,2476741,6012228,3535487,6,2,0,2926991,1868246,1868246
6495367,3475188,6072527,+,P,60298,3595785,3535487,6,2,0,3568375,93187,93187
6497347,1480042,6085741,+,P,2136062,5752167,3616105,6,4,0,2247027,766985,766985
6497347,3282531,6085741,+,P,333573,3949678,3616105,6,4,0,4250319,967788,967788
6508367,472598,5928047,+,P,1973528,4419655,2446127,4,2,0,742166,269568,269568
6508367,937735,5928047,+,P,1508391,3954518,2446127,4,2,0,742166,195569,195569
6513373,240665,5840347,+,P,1561525,3363716,1802191,4,6,0,1352708,1112043,1112043
6519683,3205885,6236911,+,P,1334393,5874672,4540279,4,0,0,-1,-1,-1
6519683,4178040,6236911,+,P,362238,4902517,4540279,4,0,0,-1,-1,-1
6524183,2045995,5938297,+,P,376985,2799966,2422981,6,0,0,-1,-1,-1
6540977,38109,5725693,-,M+,777174,795879,18705,6,0,0,-1,-1,-1
6544039,2418793,6155761,+,P,1407299,5233392,3826093,4,0,0,-1,-1,-1
6544039,2903724,6155761,+,P,922368,4748461,3826093,4,0,0,-1,-1,-1
6544277,1052496,6082751,+,P,2261098,5574693,3313595,4,2,0,260380,792116,792116
6544277,2805537,6082751,+,P,508057,3821652,3313595,4,2,0,260380,2545157,2545157
6544883,1228755,5881339,+,P,671319,2571394,1900075,4,2,0,648685,580070,580070
6555397,429356,5772317,-,M+,353723,644480,290757,6,2,0,709284,279928,279928
6556723,429919,5684641,+,P,22229,474378,452149,6,0,0,-1,-1,-1
6557099,2020256,6168691,+,P,1817986,5656229,3838243,4,6,0,1760758,259498,259498
6557099,3325781,6168691,+,P,512461,4350704,3838243,4,6,0,3449158,123377,123377
6579961,51852,5864513,+,P,1519972,3091797,1571825,6,2,0,1897196,1845344,1845344
6591743,52609,6025849,+,P,2577875,5208360,2630485,6,0,0,-1,-1,-1
6591743,1812996,6025849,+,P,817488,3447973,2630485,6,0,0,-1,-1,-1
6604733,590659,5925253,+,P,1257713,3106086,1848373,4,0,0,-1,-1,-1
6605377,201170,6149861,-,M+,254345,3215594,2961249,4,0,0,-1,-1,-1
6607957,1909714,6191197,+,P,1780922,5471559,3690637,4,0,0,-1,-1,-1
6607957,2970999,6191197,+,P,719637,4410274,3690637,4,0,0,-1,-1,-1
6608647,3973717,6358997,+,P,887379,5748476,4861097,4,0,0,-1,-1,-1
6608647,4250576,6358997,+,P,610520,5471617,4861097,4,0,0,-1,-1,-1
6610067,1747083,6127609,+,P,1485777,4718638,3232861,4,0,0,-1,-1,-1
6610067,1823890,6127609,+,P,1408970,4641831,3232861,4,0,0,-1,-1,-1
6615043,642350,5965877,-,M+,6815,1428530,1421715,4,0,0,-1,-1,-1
6616529,1862724,6229507,+,P,2044650,5952025,3907375,4,0,0,-1,-1,-1
6616529,3629893,6229507,+,P,277481,4184856,3907375,4,0,0,-1,-1,-1
6618727,152508,5884331,-,M+,581887,1325446,743559,4,0,0,-1,-1,-1
6628007,862342,6108191,+,P,2126952,5116247,2989295,4,0,0,-1,-1,-1
6628007,1997351,6108191,+,P,991943,3981238,2989295,4,0,0,-1,-1,-1
6628571,667021,5907331,+,P,912869,2492760,1579891,8,0,0,-1,-1,-1
6628729,2142694,6282929,+,P,2065434,6273563,4208129,8,0,0,-1,-1,-1
6628729,4198763,6282929,+,P,9365,4217494,4208129,8,0,0,-1,-1,-1
6629387,686353,5845783,+,P,457805,1601964,1144159,4,0,0,-1,-1,-1
6634949,1499412,5950019,+,P,341026,2181465,1840439,4,0,0,-1,-1,-1
6638339,417919,5876021,+,P,884193,2186306,1302113,6,0,0,-1,-1,-1
6643699,2201086,6017411,+,P,58596,2318279,2259683,6,0,0,-1,-1,-1
6644177,406934,6209527,-,M+,27715,3194692,3166977,4,0,0,-1,-1,-1
6652187,1386905,6025631,+,P,879389,3145684,2266295,4,0,0,-1,-1,-1
6652553,303739,5925253,+,P,1257713,2819166,1561453,4,2,0,378502,74763,74763
6655729,285100,6190259,-,M+,180369,3112338,2931969,10,2,0,38434,246666,246666
6662813,378471,5998351,-,M+,285990,1633107,1347117,4,0,0,-1,-1,-1
6662857,1669304,6011573,+,P,434564,2538433,2103869,4,0,0,-1,-1,-1
6678853,4110765,6480373,+,P,1178727,6468220,5289493,6,0,0,-1,-1,-1
6678853,5277340,6480373,+,P,12152,5301645,5289493,6,0,0,-1,-1,-1
6684449,332671,6060037,+,P,1980893,4294458,2313565,6,6,0,81733,250938,250938
6684449,547986,6060037,+,P,1765578,4079143,2313565,6,6,0,81733,466253,466253
6684449,2612408,6359231,+,P,1795514,6203437,4407923,4,6,0,3342195,729787,729787
6684449,4252129,6359231,+,P,155793,4563716,4407923,4,6,0,3342253,909876,909876
6690379,4317150,6469423,+,P,826536,5970223,5143687,4,2,0,4870145,552995,552995
6690379,4644487,6469423,+,P,499199,5642886,5143687,4,2,0,4870145,225658,225658
6697051,18042,6198911,-,M+,480097,3192028,2711931,4,2,0,500968,482926,482926
6697651,4104170,6459097,+,P,923602,5951375,5027773,6,0,0,-1,-1,-1
6697651,4520051,6459097,+,P,507721,5535494,5027773,6,0,0,-1,-1,-1
6702469,2410613,6102773,+,P,93983,2598580,2504597,4,2,0,1280377,1130236,1130236
6710269,1799198,6095263,+,P,606028,3011255,2405227,6,0,0,-1,-1,-1
6719917,289400,5993539,-,M+,436977,1345870,908893,6,4,0,1329980,1040580,1040580
6729487,953998,5993201,+,P,621486,2196971,1575485,4,2,0,504349,449649,449649
6731783,56316,6105569,-,M+,569897,2291968,1722071,6,0,0,-1,-1,-1
6732469,3582972,6476581,+,P,1358280,6299533,4941253,6,0,0,-1,-1,-1
6732469,4764205,6476581,+,P,177047,5118300,4941253,6,0,0,-1,-1,-1
6738269,2571171,6168527,+,P,178903,2928978,2750075,4,0,0,-1,-1,-1
6741961,2236548,6310673,+,P,1486396,5209341,3722945,6,2,0,1823293,413255,413255
6741961,2621613,6310673,+,P,1101331,4824276,3722945,6,2,0,1823293,798320,798320
6764239,1454676,6277339,+,P,1901262,5257201,3355939,6,0,0,-1,-1,-1
6764239,2335801,6277339,+,P,1020137,4376076,3355939,6,0,0,-1,-1,-1
6796969,1817480,6104057,+,P,129104,2075689,1946585,4,0,0,-1,-1,-1
6801797,1053727,6236179,+,P,1788743,4631214,2842471,4,0,0,-1,-1,-1
6801797,1237506,6236179,+,P,1604964,4447435,2842471,4,0,0,-1,-1,-1
6818621,558328,5946313,+,P,154136,866601,712465,6,0,0,-1,-1,-1
6825437,1411569,6354479,+,P,2117161,5645892,3528731,4,2,0,3196714,1785145,1785145
6825437,2820144,6354479,+,P,708586,4237317,3528731,4,2,0,3196714,376570,376570
6825799,2428247,6244531,+,P,328675,3085598,2756923,4,0,0,-1,-1,-1
6831113,185629,6319727,+,P,3065781,6317192,3251411,6,0,0,-1,-1,-1
6831113,3248876,6319727,+,P,2534,3253945,3251411,6,0,0,-1,-1,-1
6833243,18518,5866457,+,P,47222,112963,65741,4,0,0,-1,-1,-1
6842417,2233202,6406321,+,P,1556542,5346287,3789745,6,0,0,-1,-1,-1
6842417,2729711,6406321,+,P,1060033,4849778,3789745,6,0,0,-1,-1,-1
6848929,1367724,6210289,+,P,1010724,3389173,2378449,6,2,0,2405096,1037372,1037372
6866329,156365,6187837,-,M+,522126,1960519,1438393,4,2,0,3290841,3134476,3134476
6868231,424236,6115267,+,P,1173246,2770729,1597483,4,0,0,-1,-1,-1
6877837,454887,6295519,-,M+,127430,2346723,2219293,4,0,0,-1,-1,-1
6885883,203158,6028801,-,M+,653923,683150,29227,4,0,0,-1,-1,-1
6886349,2756793,6506243,+,P,1468813,5694420,4225607,4,0,0,-1,-1,-1
6886349,3413784,6506243,+,P,811822,5037429,4225607,4,0,0,-1,-1,-1
6898907,138571,6059653,+,P,885557,1909686,1024129,6,2,0,1097128,958557,958557
6912281,268884,6330551,-,M+,312845,2571286,2258441,4,2,0,3271969,3003085,3003085
6914111,107525,6384991,-,M+,421594,3102745,2681151,4,0,0,-1,-1,-1
6917821,2273936,6270347,+,P,111566,2497069,2385503,4,0,0,-1,-1,-1
6919463,116653,6744523,-,M+,58286,5578229,5519943,4,2,0,339334,222681,222681
6924193,177709,6296611,+,P,2353409,4884528,2531119,4,2,0,386359,208650,208650
6924193,1119036,6296611,+,P,1412082,3943201,2531119,4,2,0,386359,732677,732677
6928609,877941,6386099,+,P,2253097,5384136,3131039,4,0,0,-1,-1,-1
6928609,2129076,6386099,+,P,1001962,4133001,3131039,4,0,0,-1,-1,-1
6932609,224692,6224483,+,P,1751034,3726761,1975727,6,2,0,329647,104955,104955
6936973,4490015,6696643,+,P,764647,6019310,5254663,4,2,0,6620019,2130004,2130004
6936973,4577330,6696643,+,P,677332,5931995,5254663,4,2,0,6620019,2042689,2042689
6949297,2692149,6530947,+,P,1328697,5349544,4020847,4,2,0,3148727,456578,456578
6949297,2839444,6530947,+,P,1181402,5202249,4020847,4,2,0,3148727,309283,309283
6982907,111808,6021109,-,M-,138512,849989,711477,6,0,0,-1,-1,-1
6989063,92606,6145753,+,P,993286,2079179,1085893,4,2,0,220285,127679,127679
6991013,2414903,6592609,+,P,1787281,5989466,4202185,4,2,0,1859400,555503,555503
6991013,3599042,6592609,+,P,603142,4805327,4202185,4,2,0,5131612,1532570,1532570
6997873,573026,6154189,+,P,519058,1611143,1092085,4,0,0,-1,-1,-1
6998561,194773,6294697,-,M+,509090,1876739,1367649,4,0,0,-1,-1,-1
7003991,94041,6199027,+,P,1275201,2644444,1369243,8,0,0,-1,-1,-1
7009307,3010095,6445381,+,P,51729,3113554,3061825,6,0,0,-1,-1,-1
7009757,259641,6216887,+,P,1200025,2659692,1459667,4,2,0,2232887,1973246,1973246
7014131,1733991,6560053,+,P,2101593,5937178,3835585,4,2,0,2349958,615967,615967
7014131,3212710,6560053,+,P,622874,4458459,3835585,4,2,0,2349958,862752,862752
7016413,1784527,6277339,+,P,58367,1901262,1842895,6,0,0,-1,-1,-1
7020641,832466,6152687,+,P,112496,1057459,944963,4,0,0,-1,-1,-1
7034519,601209,6398621,-,M+,34688,1982023,1947335,6,0,0,-1,-1,-1
7039667,1264446,6255203,+,P,283972,1832391,1548419,4,0,0,-1,-1,-1
7045757,2760088,6704099,+,P,1894062,6548213,4654151,6,0,0,-1,-1,-1
7045757,4498265,6704099,+,P,155885,4810036,4654151,6,0,0,-1,-1,-1
7051633,695360,6232781,+,P,624308,1943977,1319669,8,0,0,-1,-1,-1
7067209,2057986,6573341,+,P,1552146,5162279,3610133,6,0,0,-1,-1,-1
7067209,2199071,6573341,+,P,1411061,5021194,3610133,6,0,0,-1,-1,-1
7071943,5385901,6915863,+,P,593481,6572864,5979383,4,0,0,-1,-1,-1
7071943,5636384,6915863,+,P,342998,6322381,5979383,4,0,0,-1,-1,-1
7076093,1305583,6500779,+,P,1743311,4792206,3048895,6,0,0,-1,-1,-1
7076093,1340322,6500779,+,P,1708572,4757467,3048895,6,0,0,-1,-1,-1
7080011,411377,6270751,+,P,1003813,2419004,1415191,8,0,0,-1,-1,-1
7080893,454793,6558271,+,P,2967745,6390284,3422539,4,0,0,-1,-1,-1
7080893,3254552,6558271,+,P,167986,3590525,3422539,4,0,0,-1,-1,-1
7096853,401803,6377081,+,P,1656645,3715094,2058449,6,4,0,221530,180273,180273
7109273,825358,6264421,+,P,369950,1565259,1195309,4,0,0,-1,-1,-1
7112717,1101180,6618013,+,P,2548608,6198397,3649789,6,2,0,2173416,1072236,1072236
7112717,3230173,6618013,+,P,419615,4069404,3649789,6,2,0,2173416,1056757,1056757
7120063,1393403,6386207,+,P,589667,2572738,1983071,4,2,0,3527050,2133647,2133647
7122449,3457238,6772163,+,P,1213208,5883655,4670447,4,0,0,-1,-1,-1
7122449,3781939,6772163,+,P,888507,5558954,4670447,4,0,0,-1,-1,-1
7128307,334999,6310919,+,P,1071591,2478182,1406591,6,2,0,1379163,1044164,1044164
7137517,2847982,6565093,+,P,282566,3413115,3130549,6,4,0,3424098,576116,576116
7137677,532698,6452359,-,M+,152619,1807752,1655133,4,0,0,-1,-1,-1
7148893,3763546,6845981,+,P,1264962,6293471,5028509,4,2,0,5910315,2146769,2146769
7148893,4475999,6845981,+,P,552509,5581018,5028509,4,2,0,5910315,1434316,1434316
7150691,92788,6396661,+,P,1779692,3652173,1872481,4,4,0,235030,142242,142242
7157963,782525,6459049,+,P,1483039,3748604,2265565,6,0,0,-1,-1,-1
7164631,621243,6511031,+,P,1968187,4557618,2589431,4,0,0,-1,-1,-1
7164631,636018,6511031,+,P,1953412,4542843,2589431,4,0,0,-1,-1,-1
7170671,163830,6827839,-,M+,179001,4607016,4428015,4,0,0,-1,-1,-1
7177481,2305061,6721541,+,P,1680839,5666740,3985901,4,4,0,3531726,1226665,1226665
7177481,2931100,6721541,+,P,1054800,5040701,3985901,4,4,0,3531726,600626,600626
7179079,816554,6348247,-,M+,14277,546700,532423,6,0,0,-1,-1,-1
7202053,405992,6410891,+,P,1257926,2921845,1663919,8,0,0,-1,-1,-1
7205111,686668,6597589,+,P,2265788,5218245,2952457,4,0,0,-1,-1,-1
7205111,1573113,6597589,+,P,1379343,4331800,2952457,4,0,0,-1,-1,-1
7206247,1225683,6620291,+,P,1878871,4983426,3104555,4,0,0,-1,-1,-1
7206247,1467690,6620291,+,P,1636864,4741419,3104555,4,0,0,-1,-1,-1
7218397,186076,7003543,-,M+,28777,5528342,5499565,4,2,0,2818285,2632209,2632209
7221733,1417904,6717077,+,P,2271236,5960377,3689141,4,0,0,-1,-1,-1
7221733,2932441,6717077,+,P,756699,4445840,3689141,4,0,0,-1,-1,-1
7225997,3505294,6897643,+,P,1422224,6349743,4927519,4,0,0,-1,-1,-1
7225997,4379619,6897643,+,P,547899,5475418,4927519,4,0,0,-1,-1,-1
7227973,1318377,6771197,+,P,2712163,6742704,4030541,4,0,0,-1,-1,-1
7227973,4002048,6771197,+,P,28492,4059033,4030541,4,0,0,-1,-1,-1
7239487,746961,6480373,-,M+,12152,1178727,1166575,6,0,0,-1,-1,-1
7240553,1800375,6474019,+,P,74439,1949254,1874815,4,0,0,-1,-1,-1
7243937,2759277,6606487,+,P,22509,2804296,2781787,4,2,0,3376569,617292,617292
7245929,1086866,6637181,+,P,1897826,4882519,2984693,8,0,0,-1,-1,-1
7245929,1230031,6637181,+,P,1754661,4739354,2984693,8,0,0,-1,-1,-1
7250987,1503043,6459121,+,P,204881,1912806,1707925,4,0,0,-1,-1,-1
7254857,300572,6576077,-,M+,378207,2202824,1824617,4,0,0,-1,-1,-1
7259801,782618,6682693,+,P,2437426,5657471,3220045,8,0,0,-1,-1,-1
7259801,2194823,6682693,+,P,1025221,4245266,3220045,8,0,0,-1,-1,-1
7260277,290576,6492569,-,M+,477131,1595744,1118613,4,2,0,2328844,2038268,2038268
7264597,4271686,7009777,+,P,1209170,6690027,5480857,4,0,0,-1,-1,-1
7264597,5161107,7009777,+,P,319749,5800606,5480857,4,0,0,-1,-1,-1
7270931,262818,6307121,-,M-,261442,700991,439549,6,2,0,2996891,2734073,2734073
7276039,166470,7092307,-,M+,17261,5823444,5806183,4,0,0,-1,-1,-1
7293079,1569738,6571421,+,P,671734,2913207,2241473,4,0,0,-1,-1,-1
7295201,1230591,6748799,+,P,2239795,5710182,3470387,4,0,0,-1,-1,-1
7295201,2431770,6748799,+,P,1038616,4509003,3470387,4,0,0,-1,-1,-1
7302929,38662,7223543,-,M+,40723,6708564,6667841,4,0,0,-1,-1,-1
7306661,4537320,7092307,+,P,1268862,7075045,5806183,4,2,0,6092388,1555068,1555068
7306661,5788921,7092307,+,P,17261,5823444,5806183,4,2,0,6092388,303467,303467
7314127,532626,6714193,-,M+,67307,2581962,2514655,8,0,0,-1,-1,-1
7316299,2542244,6928421,+,P,2058908,6660061,4601153,4,2,0,1248373,1293871,1293871
7316299,4332793,6928421,+,P,268359,4869512,4601153,4,2,0,6067925,1735132,1735132
7316359,380030,6405187,-,M+,531141,558124,26983,4,0,0,-1,-1,-1
7325209,5939771,7212013,+,P,593065,7125902,6532837,4,0,0,-1,-1,-1
7325209,6446726,7212013,+,P,86110,6618947,6532837,4,0,0,-1,-1,-1
7331501,1318612,6614539,+,P,994154,3306921,2312767,6,4,0,1391958,73346,73346
7345931,788190,6490111,+,P,567000,1922191,1355191,8,4,0,1538301,750111,750111
7347407,11200,6604187,-,M+,732019,2133666,1401647,6,0,0,-1,-1,-1
7357993,100477,6589969,+,P,1881347,3863172,1981825,6,0,0,-1,-1,-1
7366607,1239837,6838241,+,P,2428207,6096252,3668045,6,4,0,1762851,523014,523014
7366607,2926056,6838241,+,P,741988,4410033,3668045,6,4,0,1946592,979464,979464
7377817,376594,6824809,-,M+,176413,3130166,2953753,4,0,0,-1,-1,-1
7380199,1139502,6601223,+,P,787864,2715231,1927367,6,0,0,-1,-1,-1
7386961,3312179,7046491,+,P,1691491,6695162,5003671,6,0,0,-1,-1,-1
7386961,4652342,7046491,+,P,351328,5354999,5003671,6,0,0,-1,-1,-1
7387201,1337594,6713717,+,P,1335218,4008031,2672813,4,0,0,-1,-1,-1
7391519,2002011,6624659,+,P,21487,2044986,2023499,4,2,0,698177,1303834,1303834
7403197,5391210,7204261,+,P,619434,6630079,6010645,6,0,0,-1,-1,-1
7403197,5436463,7204261,+,P,574181,6584826,6010645,6,0,0,-1,-1,-1
7411771,92710,6939601,-,M+,379459,4013870,3634411,6,0,0,-1,-1,-1
7413101,464770,6755741,+,P,2346810,5158391,2811581,6,0,0,-1,-1,-1
7413101,1214231,6755741,+,P,1597349,4408930,2811581,6,0,0,-1,-1,-1
7423879,6558357,7347871,+,P,333465,7225288,6891823,4,2,0,5708503,849854,849854
7423879,6769240,7347871,+,P,122582,7014405,6891823,4,2,0,5708503,1060737,1060737
7425749,1052412,6554341,+,P,273480,1599373,1325893,8,2,0,1132951,80539,80539
7426613,620310,6768079,-,M+,38223,2196564,2158341,6,0,0,-1,-1,-1
7427701,355200,6627083,+,P,1468174,3291549,1823375,4,0,0,-1,-1,-1
7436113,1162839,6888577,+,P,2440521,6043882,3603361,6,4,0,2291687,1128848,1128848
7436113,2758666,6888577,+,P,844694,4448055,3603361,6,4,0,2375631,383035,383035
7443889,429737,6654919,+,P,1491361,3412460,1921099,4,0,0,-1,-1,-1
7445959,12308,7370369,-,M+,63281,6904520,6841239,4,0,0,-1,-1,-1
7465483,319983,6633007,+,P,1318167,2956318,1638151,6,0,0,-1,-1,-1
7468157,438765,6874163,-,M+,155228,2871433,2716205,4,2,0,337678,101087,101087
7474903,1382598,6995113,+,P,2733774,6850147,4116373,4,0,0,-1,-1,-1
7474903,3971407,6995113,+,P,144965,4261338,4116373,4,0,0,-1,-1,-1
7475047,1431061,6926971,+,P,2207453,5845968,3638515,4,0,0,-1,-1,-1
7475047,2557512,6926971,+,P,1081002,4719517,3638515,4,0,0,-1,-1,-1
7475581,128616,6654643,+,P,1600398,3329413,1729015,4,0,0,-1,-1,-1
7482679,47515,6772357,+,P,2462909,4973334,2510425,8,2,0,1694571,1647056,1647056
7482679,711402,6772357,+,P,1799022,4309447,2510425,8,2,0,1694571,983169,983169
7488017,1391160,6637373,+,P,142348,1675857,1533509,6,2,0,3206446,1815286,1815286
7501609,478694,6733123,-,M+,289791,1643512,1353721,6,0,0,-1,-1,-1
7526443,3461016,7158199,+,P,1487718,6436453,4948735,4,0,0,-1,-1,-1
7526443,4226989,7158199,+,P,721745,5670480,4948735,4,0,0,-1,-1,-1
7528021,2875648,7133843,+,P,1893126,6661901,4768775,10,4,0,3742102,866454,866454
7528021,4296833,7133843,+,P,471941,5240716,4768775,10,4,0,3785918,510915,510915
7533377,158032,7011947,-,M+,363397,3725334,3361937,4,0,0,-1,-1,-1
7546673,248322,6951047,-,M+,347303,3128968,2781665,4,0,0,-1,-1,-1
7549799,1835147,6852739,+,P,835231,3505610,2670379,4,4,0,1356967,478180,478180
7555469,137046,6606973,+,P,778950,1694947,915997,6,0,0,-1,-1,-1
7556083,1219376,7035797,+,P,2694704,6608785,3914081,4,0,0,-1,-1,-1
7556083,3487069,7035797,+,P,427011,4341092,3914081,4,0,0,-1,-1,-1
7560193,229031,7078693,-,M+,252468,3960661,3708193,4,0,0,-1,-1,-1
7569481,947017,6941483,+,P,2226477,5399972,3173495,4,2,0,3326766,2379749,2379749
7569481,1631984,6941483,+,P,1541510,4715005,3173495,4,2,0,3326766,1694782,1694782
7570637,4343528,7318613,+,P,1462940,7269409,5806469,4,2,0,7272976,2929448,2929448
7570637,5757265,7318613,+,P,49203,5855672,5806469,4,2,0,7272976,1515711,1515711
7580569,236617,6545353,-,M-,97439,798598,701159,6,0,0,-1,-1,-1
7587751,1235753,6810431,+,P,910757,3057268,2146511,4,0,0,-1,-1,-1
7596047,215088,7093621,-,M+,287337,3863976,3576639,4,0,0,-1,-1,-1
7613651,4058988,7263241,+,P,1101792,6262573,5160781,4,0,0,-1,-1,-1
7613651,4160113,7263241,+,P,1000667,6161448,5160781,4,0,0,-1,-1,-1
7614967,1979838,6893911,+,P,587736,3155311,2567575,4,0,0,-1,-1,-1
7624349,88612,7177619,-,M+,358117,4408626,4050509,4,0,0,-1,-1,-1
7624769,738180,6653389,+,P,86928,912037,825109,4,2,0,117802,620378,620378
7637351,212107,7339027,-,M+,86216,5336975,5250759,6,0,0,-1,-1,-1
7640443,590161,7078693,+,P,3118031,6826224,3708193,4,2,0,2042162,1452001,1452001
7640443,3455724,7078693,+,P,252468,3960661,3708193,4,2,0,2042162,1413562,1413562
7643737,110663,7423301,-,M+,109772,5990021,5880249,6,0,0,-1,-1,-1
7648913,3128302,7262639,+,P,1816692,6761687,4944995,4,0,0,-1,-1,-1
7648913,4444043,7262639,+,P,500951,5445946,4944995,4,0,0,-1,-1,-1
7660417,734833,6878671,+,P,1453361,3641556,2188195,6,2,0,519289,215544,215544
7669553,157245,6886519,-,M+,625788,2031069,1405281,4,4,0,1645455,1488210,1488210
7680341,479653,7156987,-,M+,43700,3537209,3493509,4,0,0,-1,-1,-1
7683593,209582,6982081,+,P,2563426,5336435,2773009,4,2,0,8142,201440,201440
7683593,1127363,6982081,+,P,1645645,4418654,2773009,4,2,0,8142,1119221,1119221
7691329,1853973,6894971,+,P,262849,2379672,2116823,4,0,0,-1,-1,-1
7700249,638361,6913429,+,P,1554147,3746656,2192509,6,0,0,-1,-1,-1
7706177,4560812,7397113,+,P,981916,6524645,5542729,4,2,0,7571151,3010339,3010339
7706177,4670261,7397113,+,P,872467,6415196,5542729,4,2,0,7571151,2900890,2900890
7712603,1240749,6946963,+,P,1112373,3465496,2353123,4,2,0,3724942,2484193,2484193
7717063,6210290,7572449,+,P,494474,7199239,6704765,4,4,0,6314237,103947,103947
7717063,6331555,7572449,+,P,373209,7077974,6704765,4,4,0,6314237,17318,17318
7720633,1828825,6981847,+,P,720305,3269436,2549131,6,0,0,-1,-1,-1
7722707,1401892,7203379,+,P,2685518,6772929,4087411,4,0,0,-1,-1,-1
7722707,3656961,7203379,+,P,430449,4517860,4087411,4,0,0,-1,-1,-1
7725521,2907946,7049921,+,P,88374,3084695,2996321,4,0,0,-1,-1,-1
7743097,6237947,7611377,+,P,583109,7404166,6821057,4,4,0,6034898,203049,203049
7743097,6613846,7611377,+,P,207210,7028267,6821057,4,4,0,6743156,129310,129310
7748773,17293,6985481,-,M+,745998,2388435,1642437,4,0,0,-1,-1,-1
7750987,1866985,7017203,+,P,747513,3362012,2614499,4,2,0,2483964,616979,616979
7761181,53905,6875053,+,P,1504379,3062664,1558285,4,2,0,3343043,3289138,3289138
7779461,711839,6788891,+,P,133631,979102,845471,6,4,0,468542,243297,243297
7783231,587282,7081199,-,M+,114749,2281724,2166975,4,2,0,297253,290029,290029
7794019,674021,6882937,-,M+,237060,742423,505363,6,2,0,1058740,384719,384719
7794833,440933,7009603,+,P,1857289,4155512,2298223,4,0,0,-1,-1,-1
7802621,4218698,7497031,+,P,1444792,7108283,5663491,4,0,0,-1,-1,-1
7802621,5274743,7497031,+,P,388747,6052238,5663491,4,0,0,-1,-1,-1
7813777,589991,6965753,+,P,1287617,3165226,1877609,6,2,0,2610413,2020422,2020422
7817279,412062,7253639,-,M+,151577,3459736,3308159,4,0,0,-1,-1,-1
7825369,528859,6917293,+,P,939977,2408814,1468837,6,0,0,-1,-1,-1
7825373,53947,7069571,-,M+,701854,2480811,1778957,4,0,0,-1,-1,-1
7830481,1840681,7035797,+,P,427011,2694704,2267693,4,0,0,-1,-1,-1
7838387,968178,7216159,+,P,2514612,5997403,3482791,4,0,0,-1,-1,-1
7838387,2264035,7216159,+,P,1218755,4701546,3482791,4,0,0,-1,-1,-1
7847327,789491,6894317,+,P,386765,1563022,1176257,4,2,0,3497934,2708443,2708443
7859581,1667749,7335047,+,P,2520093,6707936,4187843,4,2,0,471282,1196467,1196467
7859581,3560732,7335047,+,P,627110,4814953,4187843,4,2,0,471282,3089450,3089450
7862047,417084,7379171,-,M+,65791,4064830,3999039,8,2,0,2253207,1836123,1836123
7880737,487604,6863141,-,M-,269960,529991,260031,6,2,0,373094,114510,114510
7891069,310206,7305791,-,M+,275071,3483916,3208845,4,2,0,390651,80445,80445
7898747,1907134,7111243,+,P,479084,2865303,2386219,4,0,0,-1,-1,-1
7904753,1510086,7032313,+,P,287586,2085259,1797673,6,2,0,3313903,1803817,1803817
7906291,1742700,7137397,+,P,781332,3305365,2524033,4,0,0,-1,-1,-1
7917521,481047,7009823,+,P,1082587,2646222,1563635,6,0,0,-1,-1,-1
7923499,460974,7247533,-,M+,214991,2730762,2515771,4,0,0,-1,-1,-1
7924243,190851,7050863,-,M+,682528,1619731,937203,4,0,0,-1,-1,-1
7932289,62886,7305791,+,P,3483916,7030719,3546803,4,0,0,-1,-1,-1
7932289,3271731,7305791,+,P,275071,3821874,3546803,4,0,0,-1,-1,-1
7933313,33427,7184137,+,P,2655653,5344734,2689081,4,0,0,-1,-1,-1
7933313,849678,7184137,+,P,1839402,4528483,2689081,4,0,0,-1,-1,-1
7934959,1387685,7349917,+,P,2451979,6291644,3839665,4,0,0,-1,-1,-1
7934959,2781392,7349917,+,P,1058272,4897937,3839665,4,0,0,-1,-1,-1
7939727,176205,7491623,-,M+,271898,4626793,4354895,6,0,0,-1,-1,-1
7945489,893567,6999481,+,P,429865,1753298,1323433,4,0,0,-1,-1,-1
7950881,329805,7043273,-,M+,577802,1267819,690017,6,0,0,-1,-1,-1
7964569,4791654,7704467,+,P,1352200,7496055,6143855,8,2,0,7047059,2255405,2255405
7964569,5935443,7704467,+,P,208411,6352266,6143855,8,2,0,7047059,1111616,1111616
7970357,3578220,7592201,+,P,1745044,7068309,5323265,4,4,0,3238142,340078,340078
7970357,4799373,7592201,+,P,523891,5847156,5323265,4,4,0,4732214,67159,67159
7973149,1398450,7215821,+,P,1273402,3945255,2671853,4,2,0,1983475,585025,585025
7980061,2205064,7416313,+,P,1828760,5862585,4033825,4,4,0,2278990,73926,73926
7980061,2480097,7416313,+,P,1553727,5587552,4033825,4,4,0,2278990,201107,201107
7981837,64260,7045391,+,P,1362454,2789169,1426715,4,0,0,-1,-1,-1
8013463,4859859,7721347,+,P,1108791,7077442,5968651,4,0,0,-1,-1,-1
8013463,5324746,7721347,+,P,643904,6612555,5968651,4,0,0,-1,-1,-1
8023429,768939,7243297,-,M+,11192,1793565,1782373,4,0,0,-1,-1,-1
8024869,1785800,7543709,+,P,2870948,7527697,4656749,6,0,0,-1,-1,-1
8024869,4640737,7543709,+,P,16011,4672760,4656749,6,0,0,-1,-1,-1
8035007,1812400,7189943,+,P,307158,2426717,2119559,6,0,0,-1,-1,-1
8039791,601604,7175561,-,M+,262625,1388576,1125951,4,6,0,722079,120475,120475
8051437,3285599,7592471,+,P,1553075,6391750,4838675,4,0,0,-1,-1,-1
8051437,3637954,7592471,+,P,1200720,6039395,4838675,4,0,0,-1,-1,-1
8052601,1095212,7370609,+,P,2183444,5462101,3278657,6,2,0,538852,556360,556360
8052601,1370149,7370609,+,P,1908507,5187164,3278657,6,2,0,538852,831297,831297
8053103,121156,7202401,-,M+,729545,1977032,1247487,6,0,0,-1,-1,-1
8054369,1019714,7405501,+,P,2492578,6004871,3512293,6,0,0,-1,-1,-1
8054369,2111663,7405501,+,P,1400629,4912922,3512293,6,0,0,-1,-1,-1
8056201,840184,7422167,+,P,2777778,6395741,3617963,4,4,0,1680467,840283,840283
8056201,2591537,7422167,+,P,1026425,4644388,3617963,4,4,0,1902079,689458,689458
8057701,4267,7510729,-,M+,542704,4224629,3681925,4,2,0,1584559,1580292,1580292
8060683,241018,7752047,-,M+,67617,5659212,5591595,4,0,0,-1,-1,-1
8061019,4980165,7800967,+,P,1260489,7501144,6240655,4,2,0,7086513,2106348,2106348
8061019,5940832,7800967,+,P,299822,6540477,6240655,4,2,0,7086513,1145681,1145681
8061107,194706,7029227,-,M-,643240,837173,193933,4,2,0,470331,275625,275625
8065171,1537522,7331501,+,P,1391958,4321439,2929481,4,0,0,-1,-1,-1
8096041,595268,7189319,-,M+,311453,1153718,842265,4,0,0,-1,-1,-1
8109191,2192047,7311047,+,P,330135,2852318,2522183,4,0,0,-1,-1,-1
8130757,11613,7411687,+,P,3085653,6182920,3097267,6,0,0,-1,-1,-1
8130757,1868500,7411687,+,P,1228766,4326033,3097267,6,0,0,-1,-1,-1
8141213,1497456,7535809,+,P,2405928,6309313,3903385,4,0,0,-1,-1,-1
8141213,2676889,7535809,+,P,1226495,5129880,3903385,4,0,0,-1,-1,-1
8147813,109192,7625363,-,M+,413257,4381470,3968213,6,4,0,642209,533017,533017
8149027,83594,7043137,-,M-,324202,1022295,698093,4,0,0,-1,-1,-1
8166217,2272812,7688591,+,P,2550022,7372857,4822835,6,0,0,-1,-1,-1
8166217,4507101,7688591,+,P,315733,5138568,4822835,6,0,0,-1,-1,-1
8170243,578982,7496933,-,M+,94327,2878090,2783763,4,6,0,2254799,1675817,1675817
8170847,31418,8098709,-,M+,40719,7634462,7593743,4,0,0,-1,-1,-1
8173547,5689008,7952761,+,P,939036,7567081,6628045,4,2,0,4520311,1168697,1168697
8173547,6242365,7952761,+,P,385679,7013724,6628045,4,2,0,4520311,1722054,1722054
8187691,3998734,7773371,+,P,1288716,6576167,5287451,4,0,0,-1,-1,-1
8187691,4090247,7773371,+,P,1197203,6484654,5287451,4,0,0,-1,-1,-1
8195647,5486173,7941281,+,P,928911,7343996,6415085,6,0,0,-1,-1,-1
8195647,5817800,7941281,+,P,597284,7012369,6415085,6,0,0,-1,-1,-1
8210087,2094234,7424279,+,P,615196,3324627,2709431,4,0,0,-1,-1,-1
8221249,137465,7133843,-,M-,471941,949940,477999,10,0,0,-1,-1,-1
8239547,1693776,7616039,+,P,2181214,6056205,3874991,4,0,0,-1,-1,-1
8239547,2315157,7616039,+,P,1559833,5434824,3874991,4,0,0,-1,-1,-1
8240863,253416,7764511,-,M+,222935,4652982,4430047,6,0,0,-1,-1,-1
8252303,938414,7210529,-,M-,21470,103359,81889,4,0,0,-1,-1,-1
8253991,170011,7813759,-,M+,270220,5002355,4732135,4,2,0,3957967,3787956,3787956
8265617,312313,7792457,-,M+,160846,4641183,4480337,6,2,0,3552192,3239879,3239879
8273051,832384,7318321,-,M+,122345,757556,635211,6,0,0,-1,-1,-1
8283817,3527181,7854127,+,P,1748805,7024792,5275987,6,0,0,-1,-1,-1
8283817,4446652,7854127,+,P,829334,6105321,5275987,6,0,0,-1,-1,-1
8284663,1840467,7502723,+,P,970615,3781698,2811083,6,0,0,-1,-1,-1
8285257,377394,7376683,+,P,1547844,3473083,1925239,4,0,0,-1,-1,-1
8301703,1613384,7419299,+,P,511490,2636365,2124875,4,2,0,483117,1130267,1130267
8302759,1364533,7318613,+,P,49203,1462940,1413737,4,2,0,298529,1066004,1066004
8305307,3096930,7832743,+,P,1900428,6897787,4997359,4,0,0,-1,-1,-1
8305307,4062403,7832743,+,P,934955,5932314,4997359,4,0,0,-1,-1,-1
8319127,668525,7226189,+,P,35,668596,668561,4,0,0,-1,-1,-1
8323291,321550,7619917,+,P,3078122,6477795,3399673,6,2,0,4010242,3688692,3688692
8323291,2257551,7619917,+,P,1142121,4541794,3399673,6,2,0,4010242,1752691,1752691
8327503,1103377,7302331,+,P,47921,1199220,1151299,4,0,0,-1,-1,-1
8335427,162998,7805957,-,M+,366471,4466138,4099667,4,0,0,-1,-1,-1
8335597,483552,7489127,+,P,1926754,4337061,2410307,6,2,0,4114649,3631097,3631097
8338877,3742618,7686223,+,P,27680,3797979,3770299,4,0,0,-1,-1,-1
8372029,540216,7665191,-,M+,166621,2883946,2717325,6,0,0,-1,-1,-1
8415383,3342564,8002639,+,P,2183610,7709785,5526175,6,2,0,4102087,759523,759523
8415383,5233321,8002639,+,P,292853,5819028,5526175,6,2,0,4313295,920026,920026
8422913,5601420,8157011,+,P,960178,7521777,6561599,6,0,0,-1,-1,-1
8422913,5926365,8157011,+,P,635233,7196832,6561599,6,0,0,-1,-1,-1
8423893,45909,7515047,+,P,2016061,4078032,2061971,6,2,0,2682171,2636262,2636262
8430041,2389997,7650077,+,P,580295,3550588,2970293,4,0,0,-1,-1,-1
8439199,913390,7605677,+,P,1691154,4295699,2604545,4,0,0,-1,-1,-1
8459371,166629,7708199,-,M+,584542,3034537,2449995,4,2,0,2980779,2814150,2814150
8462161,188090,7594453,-,M+,679617,2200114,1520497,4,0,0,-1,-1,-1
8467253,1140957,7497401,+,P,537331,2215620,1678289,4,2,0,1647209,506252,506252
8467777,463452,7688591,-,M+,315733,2550022,2234289,6,0,0,-1,-1,-1
8468753,4814610,8104853,+,P,1106842,7028295,5921453,10,2,0,7898060,3083450,3083450
8468753,4844895,8104853,+,P,1076557,6998010,5921453,10,2,0,7898060,3053165,3053165
8472047,463904,7923067,-,M+,85075,4165282,4080207,4,2,0,1836362,1372458,1372458
8483317,1981211,7840267,+,P,2000755,5982722,3981967,4,2,0,3562632,1581421,1581421
8483317,2124422,7840267,+,P,1857544,5839511,3981967,4,2,0,3562632,1438210,1438210
8483381,1597479,7571491,+,P,502671,2602822,2100151,4,2,0,943692,653787,653787
8490901,104723,7969853,-,M+,416324,4738841,4322517,4,0,0,-1,-1,-1
8492797,1168127,7837127,+,P,2734979,6638086,3903107,4,2,0,2459478,1291351,1291351
8492797,2704066,7837127,+,P,1199040,5102147,3903107,4,2,0,2459478,244588,244588
8501767,3438270,8071177,+,P,2049366,7537003,5487637,4,0,0,-1,-1,-1
8501767,4953463,8071177,+,P,534173,6021810,5487637,4,0,0,-1,-1,-1
8510317,489132,8005411,-,M+,15773,4486842,4471069,4,2,0,3348157,2859025,2859025
8512201,759053,7685297,+,P,1964819,4688692,2723873,4,0,0,-1,-1,-1
8514697,3380217,8018887,+,P,1663809,6707836,5044027,4,2,0,2641480,738737,738737
8514697,3732976,8018887,+,P,1311050,6355077,5044027,4,2,0,2641480,1091496,1091496
8522149,89120,7656149,-,M+,776879,2371028,1594149,6,2,0,3651197,3562077,3562077
8530261,522118,7923067,-,M+,85075,3757784,3672709,4,0,0,-1,-1,-1
8537083,1496915,7969771,+,P,3068983,7634882,4565899,4,0,0,-1,-1,-1
8537083,4231010,7969771,+,P,334888,4900787,4565899,4,0,0,-1,-1,-1
8540689,1566127,7587007,+,P,298787,2163702,1864915,4,0,0,-1,-1,-1
8544709,2023452,7988093,+,P,2624944,7273341,4648397,10,0,0,-1,-1,-1
8544709,3933645,7988093,+,P,714751,5363148,4648397,10,0,0,-1,-1,-1
8552909,933583,7609909,-,M+,9416,1018325,1008909,6,2,0,2468388,1534805,1534805
8552953,4140253,8177699,+,P,1785921,7712096,5926175,4,0,0,-1,-1,-1
8552953,5460572,8177699,+,P,465602,6391777,5926175,4,0,0,-1,-1,-1
8554283,474037,7616573,-,M+,463672,1516275,1052603,6,0,0,-1,-1,-1
8563397,2830861,7764511,+,P,140333,3111528,2971195,6,2,0,3139317,308456,308456
8567243,2101475,7735669,+,P,644749,3390974,2746225,4,2,0,2451718,350243,350243
8568073,2414996,7972907,+,P,1986914,6388825,4401911,6,0,0,-1,-1,-1
8568073,2817829,7972907,+,P,1584081,5985992,4401911,6,0,0,-1,-1,-1
8571671,1837575,7771811,+,P,1135075,4107726,2972651,4,0,0,-1,-1,-1
8582857,2191453,8018183,+,P,2438685,7068824,4630139,6,0,0,-1,-1,-1
8582857,3680780,8018183,+,P,949358,5579497,4630139,6,0,0,-1,-1,-1
8584339,4737995,8258543,+,P,1565771,7869538,6303767,4,0,0,-1,-1,-1
8584339,5914762,8258543,+,P,389004,6692771,6303767,4,0,0,-1,-1,-1
8598523,78602,7593371,+,P,1483856,3046315,1562459,6,2,0,144029,65427,65427
8606779,840879,7594453,+,P,679617,2200114,1520497,4,2,0,542634,298245,298245
8617327,1108894,7671523,+,P,887804,2884503,1996699,4,0,0,-1,-1,-1
8620121,245564,8339167,-,M+,35389,6407878,6372489,4,0,0,-1,-1,-1
8622209,32126,8512433,-,M+,77649,7821650,7744001,6,0,0,-1,-1,-1
8628293,475338,7991311,+,P,3694080,7863499,4169419,8,2,0,3021405,2546067,2546067
8628293,4041607,7991311,+,P,127811,4297230,4169419,8,2,0,3021405,1020202,1020202
8630417,6460260,8460869,+,P,983320,8426901,7443581,4,0,0,-1,-1,-1
8630417,7409613,8460869,+,P,33967,7477548,7443581,4,0,0,-1,-1,-1
8633633,5806572,8372467,+,P,998898,7804369,6805471,4,0,0,-1,-1,-1
8633633,6237373,8372467,+,P,568097,7373568,6805471,4,0,0,-1,-1,-1
8650517,3170198,8161627,+,P,2058088,7286375,5228287,4,4,0,3992544,822346,822346
8650517,4353035,8161627,+,P,875251,6103538,5228287,4,4,0,4657972,304937,304937
8650709,2202891,7841381,+,P,782521,3767934,2985413,6,0,0,-1,-1,-1
8653157,507142,7618687,+,P,904724,2316591,1411867,4,0,0,-1,-1,-1
8665471,1568523,7693717,+,P,294669,2157862,1863193,4,2,0,1025627,542896,542896
8668367,3411582,8148541,+,P,1618002,6647587,5029585,6,0,0,-1,-1,-1
8668367,3528631,8148541,+,P,1500953,6530538,5029585,6,0,0,-1,-1,-1
8674537,50412,8261879,-,M+,362245,5735518,5373273,6,4,0,195917,145505,145505
8678507,850578,7570061,-,M-,68806,257867,189061,8,0,0,-1,-1,-1
8694857,462210,7574803,+,P,392268,1246747,854479,4,0,0,-1,-1,-1
8699501,397771,7755547,-,M+,546182,1694051,1147869,4,0,0,-1,-1,-1
8704837,3316570,7988753,+,P,375678,4067927,3692249,6,2,0,3399973,83403,83403
8709941,758319,8066753,+,P,3449305,7656930,4207625,4,2,0,3520504,2762185,2762185
8709941,3797802,8066753,+,P,409822,4617447,4207625,4,2,0,3520504,277298,277298
8720027,383958,7684087,+,P,1084488,2552935,1468447,4,0,0,-1,-1,-1
8722643,47126,8011693,-,M+,663823,3698866,3035043,4,4,0,1293839,1246713,1246713
8729243,368573,7778891,+,P,1708205,3784984,2076779,4,4,0,227592,140981,140981
8743103,998993,7637659,-,M-,6001,106450,100449,6,2,0,1656003,657010,657010
8751089,536400,7635449,-,M-,405208,579239,174031,6,4,0,1784613,1248213,1248213
8755501,93652,8389111,-,M+,272737,6097118,5824381,4,0,0,-1,-1,-1
8769473,4398582,8413499,+,P,1879072,8156727,6277655,4,0,0,-1,-1,-1
8769473,6020883,8413499,+,P,256771,6534426,6277655,4,0,0,-1,-1,-1
8772209,3775424,8073467,+,P,105590,3986605,3881015,4,2,0,44580,3730844,3730844
8780171,47833,7840439,+,P,2154213,4356260,2202047,6,2,0,3386125,3338292,3338292
8786021,829806,7704511,-,M+,251703,385644,133941,4,0,0,-1,-1,-1
8794921,574923,7770929,-,M+,449068,1052053,602985,4,0,0,-1,-1,-1
8811637,3377488,8363669,+,P,2298372,7974233,5675861,6,0,0,-1,-1,-1
8811637,5286425,8363669,+,P,389435,6065296,5675861,6,0,0,-1,-1,-1
8813983,1979854,8224747,+,P,2709476,7398807,4689331,4,2,0,1756492,223362,223362
8813983,3863391,8224747,+,P,825939,5515270,4689331,4,2,0,1756492,2106899,2106899
8818933,2310109,8241791,+,P,2468829,7247768,4778939,4,0,0,-1,-1,-1
8818933,3784916,8241791,+,P,994022,5772961,4778939,4,0,0,-1,-1,-1
8821139,1742245,8150459,+,P,2384133,6510512,4126379,4,0,0,-1,-1,-1
8821139,2486432,8150459,+,P,1639946,5766325,4126379,4,0,0,-1,-1,-1
8833571,1024329,8000963,+,P,1980985,4986300,3005315,4,0,0,-1,-1,-1
8839183,150684,8676719,-,M+,11779,7551250,7539471,4,0,0,-1,-1,-1
8862079,764881,7799299,-,M+,297898,657737,359839,4,4,0,54638,710243,710243
8871019,1047905,7814087,+,P,424589,1897084,1472495,4,4,0,2012256,964351,964351
8872693,3096635,8065511,+,P,125783,3348202,3222419,6,0,0,-1,-1,-1
8877679,209291,8415991,-,M+,252396,5436571,5184175,8,0,0,-1,-1,-1
8891879,2411607,8002277,+,P,253057,2917722,2664665,4,2,0,853882,1557725,1557725
8895851,1032108,8165761,+,P,2753112,6538333,3785221,4,2,0,208450,823658,823658
8895851,2157793,8165761,+,P,1627427,5412648,3785221,4,2,0,208450,1949343,1949343
8896093,902867,7957501,-,M+,35724,1423081,1387357,4,2,0,3440067,2537200,2537200
8899469,6065468,8637059,+,P,997130,8059729,7062599,6,2,0,8103511,2038043,2038043
8899469,6485269,8637059,+,P,577329,7639928,7062599,6,2,0,8103511,1618242,1618242
8913391,672304,7936727,+,P,1404438,3481181,2076743,4,2,0,721440,49136,49136
8921911,425240,8104753,+,P,2776564,5978369,3201805,6,2,0,2684386,2259146,2259146
8921911,1075421,8104753,+,P,2126383,5328188,3201805,6,2,0,2684386,1608965,1608965
8922917,5154,7739887,-,M-,636552,1177875,541323,4,0,0,-1,-1,-1
8929517,373850,7917407,+,P,1470896,3315643,1844747,4,0,0,-1,-1,-1
8934287,4009451,8234147,+,P,23855,4057162,4033307,4,0,0,-1,-1,-1
8947067,307245,8143319,+,P,3013585,6334416,3320831,4,0,0,-1,-1,-1
8947067,1511928,8143319,+,P,1808902,5129733,3320831,4,0,0,-1,-1,-1
8949167,118531,7948189,+,P,1823789,3766110,1942321,6,0,0,-1,-1,-1
8949637,1620969,7963343,+,P,424609,2470188,2045579,6,0,0,-1,-1,-1
8964079,363340,8018327,+,P,1980474,4324289,2343815,4,0,0,-1,-1,-1
8969789,319846,8110009,-,M+,539933,2631482,2091549,8,2,0,3410428,3090582,3090582
8979011,1250281,7914383,+,P,276333,1802948,1526615,4,2,0,2313355,1063074,1063074
8979767,393409,7797311,-,M-,309165,789046,479881,8,0,0,-1,-1,-1
8991599,720667,8048113,+,P,1666529,4053726,2387197,4,0,0,-1,-1,-1
9004843,1354848,8039879,+,P,895246,3145341,2250095,6,0,0,-1,-1,-1
9012583,936862,7927229,+,P,478242,1893347,1415105,6,0,0,-1,-1,-1
9041899,117331,8287693,+,P,3645125,7407582,3762457,4,0,0,-1,-1,-1
9041899,2882346,8287693,+,P,880110,4642567,3762457,4,0,0,-1,-1,-1
9044951,4224367,8599553,+,P,1702797,7629962,5927165,4,2,0,542778,3681589,3681589
9044951,4957574,8599553,+,P,969590,6896755,5927165,4,2,0,8502172,3544598,3544598
9052609,126109,7917181,+,P,978503,2083116,1104613,12,0,0,-1,-1,-1
9057079,148482,8870261,-,M+,38335,7600870,7562535,4,0,0,-1,-1,-1
9069839,4265425,8660863,+,P,1941581,8148588,6207007,4,0,0,-1,-1,-1
9069839,5694732,8660863,+,P,512274,6719281,6207007,4,0,0,-1,-1,-1
9073663,1861183,8227379,+,P,1288491,4438166,3149675,4,2,0,2558991,697808,697808
9074053,2242901,8180611,+,P,577057,3397016,2819959,4,2,0,3538229,1295328,1295328
9076799,1158747,8098261,+,P,1068285,3295318,2227033,4,0,0,-1,-1,-1
9098459,721431,8351533,+,P,3148545,7018522,3869977,6,6,0,377662,343769,343769
9098459,2536966,8351533,+,P,1333010,5202987,3869977,6,6,0,2935189,398223,398223
9136499,1295935,8137289,+,P,846093,2988122,2142029,4,2,0,2476637,1180702,1180702
9140393,460987,8139253,-,M+,540152,1671425,1131273,4,0,0,-1,-1,-1
9142633,809126,8003273,+,P,357986,1525099,1167113,4,4,0,162223,646903,646903
9152123,1755624,8517461,+,P,2953864,7663353,4709489,4,0,0,-1,-1,-1
9152123,3855381,8517461,+,P,854107,5563596,4709489,4,0,0,-1,-1,-1
9159859,90926,8951213,-,M+,117719,7608410,7490691,4,0,0,-1,-1,-1
9168689,2871503,8641211,+,P,2604839,8081182,5476343,4,0,0,-1,-1,-1
9168689,4916314,8641211,+,P,560028,6036371,5476343,4,0,0,-1,-1,-1
9171677,4447289,8710909,+,P,1499011,7445312,5946301,6,2,0,2844904,1602385,1602385
9171677,4680704,8710909,+,P,1265596,7211897,5946301,6,2,0,6326772,1646068,1646068
9199559,692107,8058881,-,M+,448570,522705,74135,4,6,0,1604789,912682,912682
9244133,2171392,8426419,+,P,1348742,4868877,3520135,4,2,0,1824313,347079,347079
9251941,3061516,8672897,+,P,2137116,7335749,5198633,6,0,0,-1,-1,-1
9251941,3861485,8672897,+,P,1337147,6535780,5198633,6,0,0,-1,-1,-1
9265387,1018751,8505769,+,P,2929309,6877370,3948061,4,0,0,-1,-1,-1
9265387,2319662,8505769,+,P,1628398,5576459,3948061,4,0,0,-1,-1,-1
9275839,1094153,8499917,+,P,2750231,6594616,3844385,6,0,0,-1,-1,-1
9275839,1939084,8499917,+,P,1905300,5749685,3844385,6,0,0,-1,-1,-1
9292279,1374118,8571481,+,P,2872574,7119267,4246693,6,0,0,-1,-1,-1
9292279,2794479,8571481,+,P,1452213,5698906,4246693,6,0,0,-1,-1,-1
9295393,1325840,8222491,+,P,459238,2244317,1785079,6,2,0,4296040,2970200,2970200
9313487,743756,8475169,-,M+,94561,2701504,2606943,4,0,0,-1,-1,-1
9327337,1818727,8408713,+,P,1078241,3975210,2896969,4,0,0,-1,-1,-1
9332339,882476,8387447,-,M+,62415,1835618,1773203,6,2,0,2253730,1371254,1371254
9335587,880919,8369203,-,M+,85464,1689979,1604515,4,0,0,-1,-1,-1
9338071,33757,8605561,+,P,4176743,8387244,4210501,6,2,0,3664099,3630342,3630342
9338071,3992184,8605561,+,P,218316,4428817,4210501,6,2,0,3664099,328085,328085
9343127,2711422,8494253,+,P,689586,4090595,3401009,6,2,0,4361293,1649871,1649871
9348737,1592951,8413747,+,P,1210855,4014662,2803807,4,0,0,-1,-1,-1
9356491,806449,8271889,+,P,957827,2722104,1764277,4,4,0,1105225,298776,298776
9365299,641101,8333309,+,P,1500267,3641636,2141369,4,4,0,862467,221366,221366
9383707,77339,8521111,+,P,3268195,6613730,3345535,6,0,0,-1,-1,-1
9383707,1438154,8521111,+,P,1907380,5252915,3345535,6,0,0,-1,-1,-1
9389323,561815,8421709,+,P,2054209,4670234,2616025,6,0,0,-1,-1,-1
9395699,623194,8466401,+,P,2267418,5158031,2890613,10,0,0,-1,-1,-1
9397127,3046892,8596561,+,P,746272,4539437,3793165,4,0,0,-1,-1,-1
9400103,198699,8527913,+,P,3096073,6390846,3294773,6,2,0,3219550,3020851,3020851
9400103,1157706,8527913,+,P,2137066,5431839,3294773,6,2,0,3219550,2061844,2061844
9404881,1217900,8235371,+,P,410,1218721,1218311,4,2,0,350038,867862,867862
9412021,629161,8536183,-,M+,246676,2651993,2405317,4,4,0,1112712,483551,483551
9415223,637540,8274509,+,P,792684,2222909,1430225,8,4,0,624059,13481,13481
9443849,856979,8334631,+,P,822343,2501666,1679323,4,0,0,-1,-1,-1
9443909,596338,8625059,-,M+,222511,3115620,2893109,8,2,0,316399,279939,279939
9462077,63534,8983349,-,M+,415193,6047446,5632253,4,2,0,3273069,3209535,3209535
9462689,860056,8426419,+,P,1348742,3557541,2208799,4,2,0,4693301,3833245,3833245
9464647,297234,8779517,-,M+,387895,4371502,3983607,4,2,0,4143858,3846624,3846624
9464783,712956,8520241,+,P,2140032,4993021,2852989,8,0,0,-1,-1,-1
9473041,149152,8393107,+,P,1764350,3677853,1913503,8,0,0,-1,-1,-1
9481883,3284689,8947021,+,P,2453159,8191008,5737849,8,0,0,-1,-1,-1
9481883,4981836,8947021,+,P,756012,6493861,5737849,8,0,0,-1,-1,-1
9484261,1591491,8529109,+,P,1206705,4004902,2798197,4,0,0,-1,-1,-1
9495223,6038227,9215669,+,P,1500117,9038462,7538345,6,0,0,-1,-1,-1
9495223,7361138,9215669,+,P,177206,7715551,7538345,6,0,0,-1,-1,-1
9496651,1519050,8369203,+,P,85464,1689979,1604515,4,0,0,-1,-1,-1
9502837,123722,8814901,-,M+,564213,4563562,3999349,4,0,0,-1,-1,-1
9508129,1231494,8867743,+,P,3793932,8819359,5025427,6,0,0,-1,-1,-1
9508129,4977043,8867743,+,P,48383,5073810,5025427,6,0,0,-1,-1,-1
9514607,20362,8842151,-,M+,652093,4787052,4134959,6,2,0,3575939,3555577,3555577
9523873,336967,8470289,-,M+,716616,1811817,1095201,4,0,0,-1,-1,-1
9536321,358389,8828563,-,M+,349368,4223625,3874257,4,2,0,4406634,4048245,4048245
9538181,50053,8537447,-,M+,950680,2482989,1532309,6,0,0,-1,-1,-1
9541771,756405,8406253,-,M+,379112,836739,457627,4,4,0,618050,138355,138355
9545413,1095550,8387447,-,M+,62415,344100,281685,6,2,0,4351628,3256078,3256078
9552187,2009593,8938381,+,P,3245951,8501496,5255545,4,0,0,-1,-1,-1
9552187,4818660,8938381,+,P,436884,5692429,5255545,4,0,0,-1,-1,-1
9561551,819980,8331223,+,P,129274,1078529,949255,6,4,0,1892300,1072320,1072320
9570713,699384,8586899,-,M+,284429,1984630,1700201,4,2,0,230074,469310,469310
9581311,1054137,8425169,-,M+,102004,434179,332175,4,2,0,3875490,2821353,2821353
9588511,3774410,9073783,+,P,2211004,8196419,5985415,4,0,0,-1,-1,-1
9588511,5108051,9073783,+,P,877363,6862778,5985415,4,0,0,-1,-1,-1
9599323,618600,8767361,+,P,3156988,6932577,3775589,6,0,0,-1,-1,-1
9599323,1940805,8767361,+,P,1834783,5610372,3775589,6,0,0,-1,-1,-1
9604477,1749352,8916191,+,P,3037122,7823597,4786475,4,0,0,-1,-1,-1
9604477,3693881,8916191,+,P,1092593,5879068,4786475,4,0,0,-1,-1,-1
9618137,221820,8438981,-,M+,957335,1142224,184889,4,0,0,-1,-1,-1
9626087,4491567,9179153,+,P,2005981,8503530,6497549,4,2,0,1318234,3173333,3173333
9626087,5821926,9179153,+,P,675622,7173171,6497549,4,2,0,8307852,2485926,2485926
9627551,4689950,9205073,+,P,1980254,8650459,6670205,4,4,0,1254527,3435423,3435423
9627551,6115591,9205073,+,P,554613,7224818,6670205,4,4,0,8373023,2257432,2257432
9668591,107639,8857283,-,M+,703668,3881795,3178127,6,0,0,-1,-1,-1
9677929,1414840,8676769,+,P,1254968,3924777,2669809,4,0,0,-1,-1,-1
9678367,3499880,9152909,+,P,2500280,8500441,6000161,4,0,0,-1,-1,-1
9678367,5347693,9152909,+,P,652467,6652628,6000161,4,0,0,-1,-1,-1
9679807,1288094,8763971,+,P,1980860,5249815,3268955,4,0,0,-1,-1,-1
9687661,2860657,8779513,+,P,469967,3800592,3330625,6,2,0,25421,2835236,2835236
9687823,1168892,8984707,+,P,3597118,8363129,4766011,4,2,0,3319871,2150979,2150979
9687823,4144433,8984707,+,P,621577,5387588,4766011,4,2,0,3319871,824562,824562
9700487,2985129,8753663,+,P,87589,3160308,3072719,4,2,0,3322179,337050,337050
9710513,2770293,8764387,+,P,317337,3404968,3087631,4,4,0,2780556,10263,10263
9717223,5970182,9343583,+,P,1131560,8233303,7101743,6,0,0,-1,-1,-1
9717223,5991463,9343583,+,P,1110279,8212022,7101743,6,0,0,-1,-1,-1
9719761,5768285,9380131,+,P,1574065,8916416,7342351,4,2,0,6191819,423534,423534
9719761,6878636,9380131,+,P,463714,7806065,7342351,4,2,0,6191819,686817,686817
9721561,374779,8456039,-,M-,488127,890742,402615,6,2,0,2897011,2522232,2522232
9726137,18941,8623807,+,P,1990885,4000712,2009827,4,2,0,4152384,4133443,4133443
9729173,233182,8927341,-,M+,568649,3883166,3314517,8,2,0,1085273,852091,852091
9737683,172752,8845691,-,M+,719239,3320986,2601747,4,2,0,2227457,2054705,2054705
9740611,1484782,8641211,+,P,560028,2604839,2044811,4,0,0,-1,-1,-1
9742111,229644,9376319,-,M+,136147,6951922,6815775,4,0,0,-1,-1,-1
9748381,357221,8688271,-,M+,702888,1970389,1267501,4,0,0,-1,-1,-1
9749819,231279,8418457,+,P,199005,629290,430285,6,2,0,4511695,4280416,4280416
9756667,597520,8973659,+,P,3678090,7953701,4275611,6,0,0,-1,-1,-1
9756667,3255653,8973659,+,P,1019957,5295568,4275611,6,0,0,-1,-1,-1
9758687,665253,8590783,+,P,918105,2501464,1583359,4,0,0,-1,-1,-1
9780499,4272786,9313349,+,P,2237662,8748111,6510449,4,2,0,3299004,973782,973782
9780499,5945211,9313349,+,P,565237,7075686,6510449,4,2,0,6481494,536283,536283
9782561,1551688,9041203,+,P,3041366,7634421,4593055,6,0,0,-1,-1,-1
9782561,3186273,9041203,+,P,1406781,5999836,4593055,6,0,0,-1,-1,-1
9789271,5144537,9388903,+,P,1842157,8828852,6986695,6,0,0,-1,-1,-1
9789271,6426644,9388903,+,P,560050,7546745,6986695,6,0,0,-1,-1,-1
9789293,1812629,8828857,+,P,1253611,4319852,3066241,6,6,0,868,1811761,1811761
9810953,596564,8637059,-,M+,577329,997130,419801,6,0,0,-1,-1,-1
9830329,6736314,9584101,+,P,1370418,9477151,8106733,6,2,0,9553059,2816745,2816745
9830329,7999783,9584101,+,P,106949,8213682,8106733,6,2,0,9553059,1553276,1553276
9838397,627039,8819659,-,M+,391698,2080191,1688493,4,2,0,2497047,1870008,1870008
9843371,1497472,8796863,+,P,1020342,3538157,2517815,4,4,0,644193,853279,853279
9846413,1095861,8748031,-,M+,2520,1061877,1059357,4,2,0,4765175,3669314,3669314
9853633,15724,8973659,-,M+,864249,3678090,2813841,6,0,0,-1,-1,-1
9855943,2200255,8935411,+,P,1211963,4624182,3412219,8,0,0,-1,-1,-1
9888187,402420,8888959,+,P,2491170,5384761,2893591,4,0,0,-1,-1,-1
9888469,216868,8658997,-,M+,1012603,1065296,52693,4,0,0,-1,-1,-1
9889307,1011834,8686529,-,M+,190943,458026,267083,6,2,0,2849872,1838038,1838038
9890663,276600,9109577,+,P,4146460,8569521,4423061,6,0,0,-1,-1,-1
9890663,3883005,9109577,+,P,540055,4963116,4423061,6,0,0,-1,-1,-1
9907349,711917,9125887,+,P,3725197,8162312,4437115,4,2,0,3113963,2402046,2402046
9907349,3473540,9125887,+,P,963574,5400689,4437115,4,2,0,3113963,359577,359577
9911857,901190,9056233,+,P,3021298,6943787,3922489,6,0,0,-1,-1,-1
9911857,1810043,9056233,+,P,2112445,6034934,3922489,6,0,0,-1,-1,-1
9915911,103712,8974429,-,M+,837769,3221824,2384055,8,2,0,2111971,2008259,2008259
9920111,1209959,9144259,+,P,3279187,7768334,4489147,6,2,0,3740096,2530137,2530137
9920111,3113222,9144259,+,P,1375924,5865071,4489147,6,2,0,3740096,626874,626874
9924493,541732,8618591,+,P,241446,1024625,783179,4,0,0,-1,-1,-1
9931379,304911,8973863,+,P,2923855,6152622,3228767,4,2,0,2428401,2123490,2123490
9931379,407526,8973863,+,P,2821240,6050007,3228767,4,2,0,2428401,2020875,2020875
9931379,961776,8862173,-,M+,107429,1485160,1377731,4,2,0,2428401,1466625,1466625
9932521,93111,8640241,-,M-,793449,1199168,405719,4,0,0,-1,-1,-1
9941089,2275626,9223519,+,P,2642472,7560571,4918099,10,8,0,3777858,1502232,1502232
9941089,3255151,9223519,+,P,1662947,6581046,4918099,10,8,0,3777858,522707,522707
9950201,275695,8781511,+,P,1493675,3263046,1769371,4,0,0,-1,-1,-1
9956503,2005571,9294821,+,P,3319157,8643886,5324729,6,0,0,-1,-1,-1
9956503,4673794,9294821,+,P,650934,5975663,5324729,6,0,0,-1,-1,-1
9998033,2165463,9032719,+,P,1075371,4316206,3240835,6,0,0,-1,-1,-1
