X,q,m,H,width,cutoff_last,candidate_primes,low_target_primes,singular_high_primes,full_hit_primes,Gamma_intersection_exact,Gamma_intersection_digits,endpoint_exact,endpoint_factorization,capped_carrier_exact,capped_carrier_factorization,target_part_exact,target_part_factorization,target_radical_exact,nuisance_part_exact,nuisance_factorization,nuisance_support,candidate_phantoms,log_intersection_over_X,log_endpoint_over_X,log_carrier_over_X,log_target_radical_over_X,log_target_part_over_X,log_nuisance_part_over_X,log_removed_from_width1_over_X,target_support_preserved
32,1,51,16,1,16,37;41;43;47,41,-,41,205,3,66398194564539385876851322800,2^4*3^4*5^2*7^2*11*13*19^2*23*29*31*37*41*43*47*53*59*61*67,205,5*41,41,41,41,5,5,5,-,0.166344061848,2.073920855521,0.166344061848,0.116049127085,0.116049127085,0.050294934764,0.000000000000,YES
32,1,51,16,2,17,37;41;43;47,41,-,41,205,3,66398194564539385876851322800,2^4*3^4*5^2*7^2*11*13*19^2*23*29*31*37*41*43*47*53*59*61*67,205,5*41,41,41,41,5,5,5,-,0.166344061848,2.073920855521,0.166344061848,0.116049127085,0.116049127085,0.050294934764,0.000000000000,YES
32,1,51,16,4,19,37;41;43;47,41,-,41,205,3,66398194564539385876851322800,2^4*3^4*5^2*7^2*11*13*19^2*23*29*31*37*41*43*47*53*59*61*67,205,5*41,41,41,41,5,5,5,-,0.166344061848,2.073920855521,0.166344061848,0.116049127085,0.116049127085,0.050294934764,0.000000000000,YES
32,1,51,16,8,23,37;41;43;47,41,-,41,205,3,66398194564539385876851322800,2^4*3^4*5^2*7^2*11*13*19^2*23*29*31*37*41*43*47*53*59*61*67,205,5*41,41,41,41,5,5,5,-,0.166344061848,2.073920855521,0.166344061848,0.116049127085,0.116049127085,0.050294934764,0.000000000000,YES
32,1,54,17,1,17,37;41;43;47;53,37,-,37,37,2,4015861174958993227292526301200,2^4*3*5^2*7^2*11*13*19^2*23^2*29*31*37*41*43*47*53*59*61*67*71,37,37,37,37,37,1,1,-,-,0.112841184770,2.202118893863,0.112841184770,0.112841184770,0.112841184770,0.000000000000,0.000000000000,YES
32,1,54,17,2,18,37;41;43;47;53,37,-,37,37,2,4015861174958993227292526301200,2^4*3*5^2*7^2*11*13*19^2*23^2*29*31*37*41*43*47*53*59*61*67*71,37,37,37,37,37,1,1,-,-,0.112841184770,2.202118893863,0.112841184770,0.112841184770,0.112841184770,0.000000000000,0.000000000000,YES
32,1,54,17,4,20,37;41;43;47;53,37,-,37,37,2,4015861174958993227292526301200,2^4*3*5^2*7^2*11*13*19^2*23^2*29*31*37*41*43*47*53*59*61*67*71,37,37,37,37,37,1,1,-,-,0.112841184770,2.202118893863,0.112841184770,0.112841184770,0.112841184770,0.000000000000,0.000000000000,YES
32,1,54,17,8,24,37;41;43;47;53,37,-,37,37,2,4015861174958993227292526301200,2^4*3*5^2*7^2*11*13*19^2*23^2*29*31*37*41*43*47*53*59*61*67*71,37,37,37,37,37,1,1,-,-,0.112841184770,2.202118893863,0.112841184770,0.112841184770,0.112841184770,0.000000000000,0.000000000000,YES
32,1,56,18,1,18,37;41;43;47;53,37,-,37,56425,5,121810747550695223930341171740000,2^5*3^2*5^4*7^2*11*13*23^2*29*31*37*41*43*47*53*59*61*67*71*73,56425,5^2*37*61,37,37,37,1525,5^2*61,5;61,-,0.341895862553,2.308750668142,0.341895862553,0.112841184770,0.112841184770,0.229054677783,0.000000000000,YES
32,1,56,18,2,19,37;41;43;47;53,37,-,37,56425,5,121810747550695223930341171740000,2^5*3^2*5^4*7^2*11*13*23^2*29*31*37*41*43*47*53*59*61*67*71*73,56425,5^2*37*61,37,37,37,1525,5^2*61,5;61,-,0.341895862553,2.308750668142,0.341895862553,0.112841184770,0.112841184770,0.229054677783,0.000000000000,YES
32,1,56,18,4,21,37;41;43;47;53,37,-,37,11285,5,121810747550695223930341171740000,2^5*3^2*5^4*7^2*11*13*23^2*29*31*37*41*43*47*53*59*61*67*71*73,11285,5*37*61,37,37,37,305,5*61,5;61,-,0.291600927789,2.308750668142,0.291600927789,0.112841184770,0.112841184770,0.178759743019,0.050294934764,YES
32,1,56,18,8,25,37;41;43;47;53,37,-,37,2257,4,121810747550695223930341171740000,2^5*3^2*5^4*7^2*11*13*23^2*29*31*37*41*43*47*53*59*61*67*71*73,2257,37*61,37,37,37,61,61,61,-,0.241305993026,2.308750668142,0.241305993026,0.112841184770,0.112841184770,0.128464808255,0.100589869527,YES
32,1,65,21,1,21,37;41;43;47;53;59;61,61,-,61,305,3,27614726486400969227158466641332948000,2^5*3^5*5^3*7*13*17*23^2*29^2*31*37*41*43*47*53*59*61*67*71*73*79*83,305,5*61,61,61,61,5,5,5,-,0.178759743019,2.694106642080,0.178759743019,0.128464808255,0.128464808255,0.050294934764,0.000000000000,YES
32,1,65,21,2,22,37;41;43;47;53;59;61,61,-,61,305,3,27614726486400969227158466641332948000,2^5*3^5*5^3*7*13*17*23^2*29^2*31*37*41*43*47*53*59*61*67*71*73*79*83,305,5*61,61,61,61,5,5,5,-,0.178759743019,2.694106642080,0.178759743019,0.128464808255,0.128464808255,0.050294934764,0.000000000000,YES
32,1,65,21,4,24,37;41;43;47;53;59;61,61,-,61,305,3,27614726486400969227158466641332948000,2^5*3^5*5^3*7*13*17*23^2*29^2*31*37*41*43*47*53*59*61*67*71*73*79*83,305,5*61,61,61,61,5,5,5,-,0.178759743019,2.694106642080,0.178759743019,0.128464808255,0.128464808255,0.050294934764,0.000000000000,YES
32,1,65,21,8,28,37;41;43;47;53;59;61,61,-,61,61,2,27614726486400969227158466641332948000,2^5*3^5*5^3*7*13*17*23^2*29^2*31*37*41*43*47*53*59*61*67*71*73*79*83,61,61,61,61,61,1,1,-,-,0.128464808255,2.694106642080,0.128464808255,0.128464808255,0.128464808255,0.000000000000,0.050294934764,YES
32,1,68,22,1,22,37;41;43;47;53;59;61,59,-,59,1475,4,1691127938097251037964131730269607152000,2^7*3^5*5^3*7^2*13^2*17*29^2*31*37*41*43*47*53*59*61*67*71*73*79*83*89,1475,5^2*59,59,59,59,25,5^2,5,-,0.228012914649,2.822694198502,0.228012914649,0.127423045122,0.127423045122,0.100589869527,0.000000000000,YES
32,1,68,22,2,23,37;41;43;47;53;59;61,59,-,59,1475,4,1691127938097251037964131730269607152000,2^7*3^5*5^3*7^2*13^2*17*29^2*31*37*41*43*47*53*59*61*67*71*73*79*83*89,1475,5^2*59,59,59,59,25,5^2,5,-,0.228012914649,2.822694198502,0.228012914649,0.127423045122,0.127423045122,0.100589869527,0.000000000000,YES
32,1,68,22,4,25,37;41;43;47;53;59;61,59,-,59,59,2,1691127938097251037964131730269607152000,2^7*3^5*5^3*7^2*13^2*17*29^2*31*37*41*43*47*53*59*61*67*71*73*79*83*89,59,59,59,59,59,1,1,-,-,0.127423045122,2.822694198502,0.127423045122,0.127423045122,0.127423045122,0.000000000000,0.100589869527,YES
32,1,68,22,8,29,37;41;43;47;53;59;61,59,-,59,59,2,1691127938097251037964131730269607152000,2^7*3^5*5^3*7^2*13^2*17*29^2*31*37*41*43*47*53*59*61*67*71*73*79*83*89,59,59,59,59,59,1,1,-,-,0.127423045122,2.822694198502,0.127423045122,0.127423045122,0.127423045122,0.000000000000,0.100589869527,YES
32,1,71,23,1,23,37;41;43;47;53;59;61,41,-,41,3485,4,103757745368675089725090998867583188805000,2^3*3^4*5^4*7^2*13^2*17*19*29^2*31^2*37*41*43*47*53*59*61*67*71*73*79*83*89,3485,5*17*41,41,41,41,85,5*17,5;17,-,0.254881978850,2.951339919914,0.254881978850,0.116049127085,0.116049127085,0.138832851765,0.000000000000,YES
32,1,71,23,2,24,37;41;43;47;53;59;61,41,-,41,3485,4,103757745368675089725090998867583188805000,2^3*3^4*5^4*7^2*13^2*17*19*29^2*31^2*37*41*43*47*53*59*61*67*71*73*79*83*89,3485,5*17*41,41,41,41,85,5*17,5;17,-,0.254881978850,2.951339919914,0.254881978850,0.116049127085,0.116049127085,0.138832851765,0.000000000000,YES
32,1,71,23,4,26,37;41;43;47;53;59;61,41,-,41,697,3,103757745368675089725090998867583188805000,2^3*3^4*5^4*7^2*13^2*17*19*29^2*31^2*37*41*43*47*53*59*61*67*71*73*79*83*89,697,17*41,41,41,41,17,17,17,-,0.204587044086,2.951339919914,0.204587044086,0.116049127085,0.116049127085,0.088537917002,0.050294934764,YES
32,1,71,23,8,30,37;41;43;47;53;59;61,41,-,41,697,3,103757745368675089725090998867583188805000,2^3*3^4*5^4*7^2*13^2*17*19*29^2*31^2*37*41*43*47*53*59*61*67*71*73*79*83*89,697,17*41,41,41,41,17,17,17,-,0.204587044086,2.951339919914,0.204587044086,0.116049127085,0.116049127085,0.088537917002,0.050294934764,YES
32,1,108,35,1,35,59;61,59,-,59,1475,4,655012814094365835877543915696037575416080175527439342236624400,2^4*3^2*5^2*7*11^2*13^2*19^2*23*37^2*41^2*43^2*47^2*53*59*61*67*71*73*79*83*89*97*101*103*107*109*113*127*131*137*139,1475,5^2*59,59,59,59,25,5^2,5,-,0.228012914649,4.519992511831,0.228012914649,0.127423045122,0.127423045122,0.100589869527,0.000000000000,YES
32,1,108,35,2,36,59;61,59,-,59,1475,4,655012814094365835877543915696037575416080175527439342236624400,2^4*3^2*5^2*7*11^2*13^2*19^2*23*37^2*41^2*43^2*47^2*53*59*61*67*71*73*79*83*89*97*101*103*107*109*113*127*131*137*139,1475,5^2*59,59,59,59,25,5^2,5,-,0.228012914649,4.519992511831,0.228012914649,0.127423045122,0.127423045122,0.100589869527,0.000000000000,YES
32,1,108,35,4,38,59;61,59,-,59,1475,4,655012814094365835877543915696037575416080175527439342236624400,2^4*3^2*5^2*7*11^2*13^2*19^2*23*37^2*41^2*43^2*47^2*53*59*61*67*71*73*79*83*89*97*101*103*107*109*113*127*131*137*139,1475,5^2*59,59,59,59,25,5^2,5,-,0.228012914649,4.519992511831,0.228012914649,0.127423045122,0.127423045122,0.100589869527,0.000000000000,YES
32,1,108,35,8,42,59;61,59,-,59,1475,4,655012814094365835877543915696037575416080175527439342236624400,2^4*3^2*5^2*7*11^2*13^2*19^2*23*37^2*41^2*43^2*47^2*53*59*61*67*71*73*79*83*89*97*101*103*107*109*113*127*131*137*139,1475,5^2*59,59,59,59,25,5^2,5,-,0.228012914649,4.519992511831,0.228012914649,0.127423045122,0.127423045122,0.100589869527,0.000000000000,YES
32,1,117,38,1,38,59;61,61,-,61,305,3,158562905960714923853783814273055915425725645662689156162553993440000,2^8*3^3*5^4*7^3*11^2*17*23*29*31*41^2*43^2*47^2*53*59*61*67*71*73*79*83*89*97*101*103*107*109*113*127*131*137*139*149*151,305,5*61,61,61,61,5,5,5,-,0.178759743019,4.907398985476,0.178759743019,0.128464808255,0.128464808255,0.050294934764,0.000000000000,YES
32,1,117,38,2,39,59;61,61,-,61,305,3,158562905960714923853783814273055915425725645662689156162553993440000,2^8*3^3*5^4*7^3*11^2*17*23*29*31*41^2*43^2*47^2*53*59*61*67*71*73*79*83*89*97*101*103*107*109*113*127*131*137*139*149*151,305,5*61,61,61,61,5,5,5,-,0.178759743019,4.907398985476,0.178759743019,0.128464808255,0.128464808255,0.050294934764,0.000000000000,YES
32,1,117,38,4,41,59;61,61,-,61,305,3,158562905960714923853783814273055915425725645662689156162553993440000,2^8*3^3*5^4*7^3*11^2*17*23*29*31*41^2*43^2*47^2*53*59*61*67*71*73*79*83*89*97*101*103*107*109*113*127*131*137*139*149*151,305,5*61,61,61,61,5,5,5,-,0.178759743019,4.907398985476,0.178759743019,0.128464808255,0.128464808255,0.050294934764,0.000000000000,YES
32,1,117,38,8,45,59;61,61,-,61,305,3,158562905960714923853783814273055915425725645662689156162553993440000,2^8*3^3*5^4*7^3*11^2*17*23*29*31*41^2*43^2*47^2*53*59*61*67*71*73*79*83*89*97*101*103*107*109*113*127*131*137*139*149*151,305,5*61,61,61,61,5,5,5,-,0.178759743019,4.907398985476,0.178759743019,0.128464808255,0.128464808255,0.050294934764,0.000000000000,YES
32,2,91,17,1,17,37;41;43,37,-,37,925,3,787996299917291720020688892458207218500,2^2*3^3*5^3*7^2*11*13*19^2*23*29*31*37*41*43*47*53*79*83*89*97*101*103*107*109,925,5^2*37,37,37,37,25,5^2,5,-,0.213431054297,2.798829898191,0.213431054297,0.112841184770,0.112841184770,0.100589869527,0.000000000000,YES
32,2,91,17,2,18,37;41;43,37,-,37,925,3,787996299917291720020688892458207218500,2^2*3^3*5^3*7^2*11*13*19^2*23*29*31*37*41*43*47*53*79*83*89*97*101*103*107*109,925,5^2*37,37,37,37,25,5^2,5,-,0.213431054297,2.798829898191,0.213431054297,0.112841184770,0.112841184770,0.100589869527,0.000000000000,YES
32,2,91,17,4,20,37;41;43,37,-,37,185,3,787996299917291720020688892458207218500,2^2*3^3*5^3*7^2*11*13*19^2*23*29*31*37*41*43*47*53*79*83*89*97*101*103*107*109,185,5*37,37,37,37,5,5,5,-,0.163136119534,2.798829898191,0.163136119534,0.112841184770,0.112841184770,0.050294934764,0.050294934764,YES
32,2,91,17,8,24,37;41;43,37,-,37,185,3,787996299917291720020688892458207218500,2^2*3^3*5^3*7^2*11*13*19^2*23*29*31*37*41*43*47*53*79*83*89*97*101*103*107*109,185,5*37,37,37,37,5,5,5,-,0.163136119534,2.798829898191,0.163136119534,0.112841184770,0.112841184770,0.050294934764,0.050294934764,YES
32,2,92,18,1,18,37;41;43,41,-,41,205,3,26652174022133329366904740656273435285000,2^3*3^4*5^4*7^2*11^2*13*23*29*31*37^2*41*43*47*53*79*83*89*97*101*103*107*109,205,5*41,41,41,41,5,5,5,-,0.166344061848,2.908865292215,0.166344061848,0.116049127085,0.116049127085,0.050294934764,0.000000000000,YES
32,2,92,18,2,19,37;41;43,41,-,41,205,3,26652174022133329366904740656273435285000,2^3*3^4*5^4*7^2*11^2*13*23*29*31*37^2*41*43*47*53*79*83*89*97*101*103*107*109,205,5*41,41,41,41,5,5,5,-,0.166344061848,2.908865292215,0.166344061848,0.116049127085,0.116049127085,0.050294934764,0.000000000000,YES
32,2,92,18,4,21,37;41;43,41,-,41,205,3,26652174022133329366904740656273435285000,2^3*3^4*5^4*7^2*11^2*13*23*29*31*37^2*41*43*47*53*79*83*89*97*101*103*107*109,205,5*41,41,41,41,5,5,5,-,0.166344061848,2.908865292215,0.166344061848,0.116049127085,0.116049127085,0.050294934764,0.000000000000,YES
32,2,92,18,8,25,37;41;43,41,-,41,41,2,26652174022133329366904740656273435285000,2^3*3^4*5^4*7^2*11^2*13*23*29*31*37^2*41*43*47*53*79*83*89*97*101*103*107*109,41,41,41,41,41,1,1,-,-,0.116049127085,2.908865292215,0.116049127085,0.116049127085,0.116049127085,0.000000000000,0.050294934764,YES
32,2,93,18,1,18,37;41;43,37,-,37,10175,5,40338425547012606609369337209494929080000,2^6*3^4*5^4*7^3*11^2*13*23*29*31*37*41*43*47*53*79*83*89*97*101*103*107*109,10175,5^2*11*37,37,37,37,275,5^2*11,5;11,-,0.288365281572,2.921816347780,0.288365281572,0.112841184770,0.112841184770,0.175524096802,0.000000000000,YES
32,2,93,18,2,19,37;41;43,37,-,37,10175,5,40338425547012606609369337209494929080000,2^6*3^4*5^4*7^3*11^2*13*23*29*31*37*41*43*47*53*79*83*89*97*101*103*107*109,10175,5^2*11*37,37,37,37,275,5^2*11,5;11,-,0.288365281572,2.921816347780,0.288365281572,0.112841184770,0.112841184770,0.175524096802,0.000000000000,YES
32,2,93,18,4,21,37;41;43,37,-,37,2035,4,40338425547012606609369337209494929080000,2^6*3^4*5^4*7^3*11^2*13*23*29*31*37*41*43*47*53*79*83*89*97*101*103*107*109,2035,5*11*37,37,37,37,55,5*11,5;11,-,0.238070346809,2.921816347780,0.238070346809,0.112841184770,0.112841184770,0.125229162039,0.050294934764,YES
32,2,93,18,8,25,37;41;43,37,-,37,37,2,40338425547012606609369337209494929080000,2^6*3^4*5^4*7^3*11^2*13*23*29*31*37*41*43*47*53*79*83*89*97*101*103*107*109,37,37,37,37,37,1,1,-,-,0.112841184770,2.921816347780,0.112841184770,0.112841184770,0.112841184770,0.000000000000,0.175524096802,YES
32,2,112,22,1,22,41;43;47;53,41,-,41,41,2,24386330387995028911089174025999603020678544800000,2^8*3^6*5^5*7^2*11*13^2*19*29*31^2*37*41*43*47*53*59*61*67*97*101*103*107*109*113*127*131,41,41,41,41,41,1,1,-,-,0.116049127085,3.553690850282,0.116049127085,0.116049127085,0.116049127085,0.000000000000,0.000000000000,YES
32,2,112,22,2,23,41;43;47;53,41,-,41,41,2,24386330387995028911089174025999603020678544800000,2^8*3^6*5^5*7^2*11*13^2*19*29*31^2*37*41*43*47*53*59*61*67*97*101*103*107*109*113*127*131,41,41,41,41,41,1,1,-,-,0.116049127085,3.553690850282,0.116049127085,0.116049127085,0.116049127085,0.000000000000,0.000000000000,YES
32,2,112,22,4,25,41;43;47;53,41,-,41,41,2,24386330387995028911089174025999603020678544800000,2^8*3^6*5^5*7^2*11*13^2*19*29*31^2*37*41*43*47*53*59*61*67*97*101*103*107*109*113*127*131,41,41,41,41,41,1,1,-,-,0.116049127085,3.553690850282,0.116049127085,0.116049127085,0.116049127085,0.000000000000,0.000000000000,YES
32,2,112,22,8,29,41;43;47;53,41,-,41,41,2,24386330387995028911089174025999603020678544800000,2^8*3^6*5^5*7^2*11*13^2*19*29*31^2*37*41*43*47*53*59*61*67*97*101*103*107*109*113*127*131,41,41,41,41,41,1,1,-,-,0.116049127085,3.553690850282,0.116049127085,0.116049127085,0.116049127085,0.000000000000,0.000000000000,YES
32,2,126,24,1,24,43;47;53;59;61,61,-,61,3355,4,3804117931576653968741094313513640295731206738942445280,2^5*3^4*5*7^2*11*13^2*17*29^2*31*37^2*41*43*47*53*59*61*67*71*73*103*107*109*113*127*131*137*139*149*151,3355,5*11*61,61,61,61,55,5*11,5;11,-,0.253693970294,3.927364973996,0.253693970294,0.128464808255,0.128464808255,0.125229162039,0.000000000000,YES
32,2,126,24,2,25,43;47;53;59;61,61,-,61,3355,4,3804117931576653968741094313513640295731206738942445280,2^5*3^4*5*7^2*11*13^2*17*29^2*31*37^2*41*43*47*53*59*61*67*71*73*103*107*109*113*127*131*137*139*149*151,3355,5*11*61,61,61,61,55,5*11,5;11,-,0.253693970294,3.927364973996,0.253693970294,0.128464808255,0.128464808255,0.125229162039,0.000000000000,YES
32,2,126,24,4,27,43;47;53;59;61,61,-,61,3355,4,3804117931576653968741094313513640295731206738942445280,2^5*3^4*5*7^2*11*13^2*17*29^2*31*37^2*41*43*47*53*59*61*67*71*73*103*107*109*113*127*131*137*139*149*151,3355,5*11*61,61,61,61,55,5*11,5;11,-,0.253693970294,3.927364973996,0.253693970294,0.128464808255,0.128464808255,0.125229162039,0.000000000000,YES
32,2,126,24,8,31,43;47;53;59;61,61,-,61,3355,4,3804117931576653968741094313513640295731206738942445280,2^5*3^4*5*7^2*11*13^2*17*29^2*31*37^2*41*43*47*53*59*61*67*71*73*103*107*109*113*127*131*137*139*149*151,3355,5*11*61,61,61,61,55,5*11,5;11,-,0.253693970294,3.927364973996,0.253693970294,0.128464808255,0.128464808255,0.125229162039,0.000000000000,YES
32,2,127,25,1,25,43;47;53;59;61,59,-,59,59,2,130870660675660746593258712063717779167936307575215247680,2^6*3^6*5*7^2*11*17^2*19*29^2*31*37^2*41*43*47*53*59*61*67*71*73*103*107*109*113*127*131*137*139*149*151,59,59,59,59,59,1,1,-,-,0.127423045122,4.037931391690,0.127423045122,0.127423045122,0.127423045122,0.000000000000,0.000000000000,YES
32,2,127,25,2,26,43;47;53;59;61,59,-,59,59,2,130870660675660746593258712063717779167936307575215247680,2^6*3^6*5*7^2*11*17^2*19*29^2*31*37^2*41*43*47*53*59*61*67*71*73*103*107*109*113*127*131*137*139*149*151,59,59,59,59,59,1,1,-,-,0.127423045122,4.037931391690,0.127423045122,0.127423045122,0.127423045122,0.000000000000,0.000000000000,YES
32,2,127,25,4,28,43;47;53;59;61,59,-,59,59,2,130870660675660746593258712063717779167936307575215247680,2^6*3^6*5*7^2*11*17^2*19*29^2*31*37^2*41*43*47*53*59*61*67*71*73*103*107*109*113*127*131*137*139*149*151,59,59,59,59,59,1,1,-,-,0.127423045122,4.037931391690,0.127423045122,0.127423045122,0.127423045122,0.000000000000,0.000000000000,YES
32,2,127,25,8,32,43;47;53;59;61,59,-,59,59,2,130870660675660746593258712063717779167936307575215247680,2^6*3^6*5*7^2*11*17^2*19*29^2*31*37^2*41*43*47*53*59*61*67*71*73*103*107*109*113*127*131*137*139*149*151,59,59,59,59,59,1,1,-,-,0.127423045122,4.037931391690,0.127423045122,0.127423045122,0.127423045122,0.000000000000,0.000000000000,YES
32,2,167,33,1,33,59;61,59,-,59,10915,5,122282825609323180599875548142940421402571964999285399471593013223229973000,2^3*3^5*5^3*7^3*13^2*19*23*37^2*41*43*47^2*53*59*61*67^2*71*73*79*83*89*97*137*139*149*151*157*163*167*173*179*181*191*193*197*199,10915,5*37*59,59,59,59,185,5*37,5;37,-,0.290559164656,5.331014478126,0.290559164656,0.127423045122,0.127423045122,0.163136119534,0.000000000000,YES
32,2,167,33,2,34,59;61,59,-,59,10915,5,122282825609323180599875548142940421402571964999285399471593013223229973000,2^3*3^5*5^3*7^3*13^2*19*23*37^2*41*43*47^2*53*59*61*67^2*71*73*79*83*89*97*137*139*149*151*157*163*167*173*179*181*191*193*197*199,10915,5*37*59,59,59,59,185,5*37,5;37,-,0.290559164656,5.331014478126,0.290559164656,0.127423045122,0.127423045122,0.163136119534,0.000000000000,YES
32,2,167,33,4,36,59;61,59,-,59,10915,5,122282825609323180599875548142940421402571964999285399471593013223229973000,2^3*3^5*5^3*7^3*13^2*19*23*37^2*41*43*47^2*53*59*61*67^2*71*73*79*83*89*97*137*139*149*151*157*163*167*173*179*181*191*193*197*199,10915,5*37*59,59,59,59,185,5*37,5;37,-,0.290559164656,5.331014478126,0.290559164656,0.127423045122,0.127423045122,0.163136119534,0.000000000000,YES
32,2,167,33,8,40,59;61,59,-,59,295,3,122282825609323180599875548142940421402571964999285399471593013223229973000,2^3*3^5*5^3*7^3*13^2*19*23*37^2*41*43*47^2*53*59*61*67^2*71*73*79*83*89*97*137*139*149*151*157*163*167*173*179*181*191*193*197*199,295,5*59,59,59,59,5,5,5,-,0.177717979886,5.331014478126,0.177717979886,0.127423045122,0.127423045122,0.050294934764,0.112841184770,YES
32,2,178,35,1,35,61,61,-,61,305,3,5785042634832854541926916602427908675454170585935144408805303350589129252040120,2^3*3*5*7^2*11*13^3*19^2*23*29*37^2*41^2*43*47*53^2*59*61*67*71*73*79*83*89*97*101*103*107*149*151*157*163*167*173*179*181*191*193*197*199*211,305,5*61,61,61,61,5,5,5,-,0.178759743019,5.667403530751,0.178759743019,0.128464808255,0.128464808255,0.050294934764,0.000000000000,YES
32,2,178,35,2,36,61,61,-,61,305,3,5785042634832854541926916602427908675454170585935144408805303350589129252040120,2^3*3*5*7^2*11*13^3*19^2*23*29*37^2*41^2*43*47*53^2*59*61*67*71*73*79*83*89*97*101*103*107*149*151*157*163*167*173*179*181*191*193*197*199*211,305,5*61,61,61,61,5,5,5,-,0.178759743019,5.667403530751,0.178759743019,0.128464808255,0.128464808255,0.050294934764,0.000000000000,YES
32,2,178,35,4,38,61,61,-,61,305,3,5785042634832854541926916602427908675454170585935144408805303350589129252040120,2^3*3*5*7^2*11*13^3*19^2*23*29*37^2*41^2*43*47*53^2*59*61*67*71*73*79*83*89*97*101*103*107*149*151*157*163*167*173*179*181*191*193*197*199*211,305,5*61,61,61,61,5,5,5,-,0.178759743019,5.667403530751,0.178759743019,0.128464808255,0.128464808255,0.050294934764,0.000000000000,YES
32,2,178,35,8,42,61,61,-,61,305,3,5785042634832854541926916602427908675454170585935144408805303350589129252040120,2^3*3*5*7^2*11*13^3*19^2*23*29*37^2*41^2*43*47*53^2*59*61*67*71*73*79*83*89*97*101*103*107*149*151*157*163*167*173*179*181*191*193*197*199*211,305,5*61,61,61,61,5,5,5,-,0.178759743019,5.667403530751,0.178759743019,0.128464808255,0.128464808255,0.050294934764,0.000000000000,YES
32,3,128,17,1,17,37;41,37,-,37,185,3,180483351865274073985671992317732185705624000,2^6*3*5^3*7*11^2*13*19^2*23^2*29^2*31*37*41*43*47*59*61*67*71*73*113*127*131*137*139,185,5*37,37,37,37,5,5,5,-,0.163136119534,3.184506638932,0.163136119534,0.112841184770,0.112841184770,0.050294934764,0.000000000000,YES
32,3,128,17,2,18,37;41,37,-,37,185,3,180483351865274073985671992317732185705624000,2^6*3*5^3*7*11^2*13*19^2*23^2*29^2*31*37*41*43*47*59*61*67*71*73*113*127*131*137*139,185,5*37,37,37,37,5,5,5,-,0.163136119534,3.184506638932,0.163136119534,0.112841184770,0.112841184770,0.050294934764,0.000000000000,YES
32,3,128,17,4,20,37;41,37,-,37,185,3,180483351865274073985671992317732185705624000,2^6*3*5^3*7*11^2*13*19^2*23^2*29^2*31*37*41*43*47*59*61*67*71*73*113*127*131*137*139,185,5*37,37,37,37,5,5,5,-,0.163136119534,3.184506638932,0.163136119534,0.112841184770,0.112841184770,0.050294934764,0.000000000000,YES
32,3,128,17,8,24,37;41,37,-,37,185,3,180483351865274073985671992317732185705624000,2^6*3*5^3*7*11^2*13*19^2*23^2*29^2*31*37*41*43*47*59*61*67*71*73*113*127*131*137*139,185,5*37,37,37,37,5,5,5,-,0.163136119534,3.184506638932,0.163136119534,0.112841184770,0.112841184770,0.050294934764,0.000000000000,YES
32,3,130,18,1,18,37;41;43,37,-,37,185,3,14600653207405717608525110425615099034202336000,2^8*3*5^3*7^3*11^2*13*23^2*29^2*31*37*41*43*47*59*61*67*71*73*113*127*131*137*139*149,185,5*37,37,37,37,5,5,5,-,0.163136119534,3.321793607896,0.163136119534,0.112841184770,0.112841184770,0.050294934764,0.000000000000,YES
32,3,130,18,2,19,37;41;43,37,-,37,185,3,14600653207405717608525110425615099034202336000,2^8*3*5^3*7^3*11^2*13*23^2*29^2*31*37*41*43*47*59*61*67*71*73*113*127*131*137*139*149,185,5*37,37,37,37,5,5,5,-,0.163136119534,3.321793607896,0.163136119534,0.112841184770,0.112841184770,0.050294934764,0.000000000000,YES
32,3,130,18,4,21,37;41;43,37,-,37,185,3,14600653207405717608525110425615099034202336000,2^8*3*5^3*7^3*11^2*13*23^2*29^2*31*37*41*43*47*59*61*67*71*73*113*127*131*137*139*149,185,5*37,37,37,37,5,5,5,-,0.163136119534,3.321793607896,0.163136119534,0.112841184770,0.112841184770,0.050294934764,0.000000000000,YES
32,3,130,18,8,25,37;41;43,37,-,37,185,3,14600653207405717608525110425615099034202336000,2^8*3*5^3*7^3*11^2*13*23^2*29^2*31*37*41*43*47*59*61*67*71*73*113*127*131*137*139*149,185,5*37,37,37,37,5,5,5,-,0.163136119534,3.321793607896,0.163136119534,0.112841184770,0.112841184770,0.050294934764,0.000000000000,YES
32,3,133,18,1,18,37;41;43,41,-,41,1025,4,34840370327406184558901575130655498643561200000,2^7*3*5^5*7^2*11^2*13*23^2*29^2*31*37*41*43*47*59*61*67*71*73*127*131*137*139*149*151,1025,5^2*41,41,41,41,25,5^2,5,-,0.216638996612,3.348972061439,0.216638996612,0.116049127085,0.116049127085,0.100589869527,0.000000000000,YES
32,3,133,18,2,19,37;41;43,41,-,41,1025,4,34840370327406184558901575130655498643561200000,2^7*3*5^5*7^2*11^2*13*23^2*29^2*31*37*41*43*47*59*61*67*71*73*127*131*137*139*149*151,1025,5^2*41,41,41,41,25,5^2,5,-,0.216638996612,3.348972061439,0.216638996612,0.116049127085,0.116049127085,0.100589869527,0.000000000000,YES
32,3,133,18,4,21,37;41;43,41,-,41,1025,4,34840370327406184558901575130655498643561200000,2^7*3*5^5*7^2*11^2*13*23^2*29^2*31*37*41*43*47*59*61*67*71*73*127*131*137*139*149*151,1025,5^2*41,41,41,41,25,5^2,5,-,0.216638996612,3.348972061439,0.216638996612,0.116049127085,0.116049127085,0.100589869527,0.000000000000,YES
32,3,133,18,8,25,37;41;43,41,-,41,205,3,34840370327406184558901575130655498643561200000,2^7*3*5^5*7^2*11^2*13*23^2*29^2*31*37*41*43*47*59*61*67*71*73*127*131*137*139*149*151,205,5*41,41,41,41,5,5,5,-,0.166344061848,3.348972061439,0.166344061848,0.116049127085,0.116049127085,0.050294934764,0.050294934764,YES
32,3,153,21,1,21,41;43;47,41,-,41,205,3,1050611899810809432716473640624667021144962221152759000,2^3*3^5*5^3*7^2*13^2*17*19*23^2*29^2*31*37*41*43*47*53*67*71*73*79*83*137*139*149*151*157*163*167*173,205,5*41,41,41,41,5,5,5,-,0.166344061848,3.887155243057,0.166344061848,0.116049127085,0.116049127085,0.050294934764,0.000000000000,YES
32,3,153,21,2,22,41;43;47,41,-,41,205,3,1050611899810809432716473640624667021144962221152759000,2^3*3^5*5^3*7^2*13^2*17*19*23^2*29^2*31*37*41*43*47*53*67*71*73*79*83*137*139*149*151*157*163*167*173,205,5*41,41,41,41,5,5,5,-,0.166344061848,3.887155243057,0.166344061848,0.116049127085,0.116049127085,0.050294934764,0.000000000000,YES
32,3,153,21,4,24,41;43;47,41,-,41,205,3,1050611899810809432716473640624667021144962221152759000,2^3*3^5*5^3*7^2*13^2*17*19*23^2*29^2*31*37*41*43*47*53*67*71*73*79*83*137*139*149*151*157*163*167*173,205,5*41,41,41,41,5,5,5,-,0.166344061848,3.887155243057,0.166344061848,0.116049127085,0.116049127085,0.050294934764,0.000000000000,YES
32,3,153,21,8,28,41;43;47,41,-,41,41,2,1050611899810809432716473640624667021144962221152759000,2^3*3^5*5^3*7^2*13^2*17*19*23^2*29^2*31*37*41*43*47*53*67*71*73*79*83*137*139*149*151*157*163*167*173,41,41,41,41,41,1,1,-,-,0.116049127085,3.887155243057,0.116049127085,0.116049127085,0.116049127085,0.000000000000,0.050294934764,YES
32,3,186,26,1,26,47;53;59;61,59,-,59,295,3,2885882832393555214888293447588316552489090529232685612934473213440,2^9*3*5*7^3*11*13*17*19*23*29^2*31*37*41^2*43*47*53*59*61*67*71*83*89*97*101*103*163*167*173*179*181*191*193*197*199*211,295,5*59,59,59,59,5,5,5,-,0.177717979886,4.782201468704,0.177717979886,0.127423045122,0.127423045122,0.050294934764,0.000000000000,YES
32,3,186,26,2,27,47;53;59;61,59,-,59,295,3,2885882832393555214888293447588316552489090529232685612934473213440,2^9*3*5*7^3*11*13*17*19*23*29^2*31*37*41^2*43*47*53*59*61*67*71*83*89*97*101*103*163*167*173*179*181*191*193*197*199*211,295,5*59,59,59,59,5,5,5,-,0.177717979886,4.782201468704,0.177717979886,0.127423045122,0.127423045122,0.050294934764,0.000000000000,YES
32,3,186,26,4,29,47;53;59;61,59,-,59,295,3,2885882832393555214888293447588316552489090529232685612934473213440,2^9*3*5*7^3*11*13*17*19*23*29^2*31*37*41^2*43*47*53*59*61*67*71*83*89*97*101*103*163*167*173*179*181*191*193*197*199*211,295,5*59,59,59,59,5,5,5,-,0.177717979886,4.782201468704,0.177717979886,0.127423045122,0.127423045122,0.050294934764,0.000000000000,YES
32,3,186,26,8,33,47;53;59;61,59,-,59,59,2,2885882832393555214888293447588316552489090529232685612934473213440,2^9*3*5*7^3*11*13*17*19*23*29^2*31*37*41^2*43*47*53*59*61*67*71*83*89*97*101*103*163*167*173*179*181*191*193*197*199*211,59,59,59,59,59,1,1,-,-,0.127423045122,4.782201468704,0.127423045122,0.127423045122,0.127423045122,0.000000000000,0.050294934764,YES
32,3,187,26,1,26,47;53;59;61,61,-,61,61,2,3859868288326380099913092486149373388954158582848717007299857922976,2^5*3*7^3*11*13*17*19*23*29^2*31*37*41^2*43*47*53*59*61*67*71*83*89*97*101*103*107*163*167*173*179*181*191*193*197*199*211,61,61,61,61,61,1,1,-,-,0.128464808255,4.791289037447,0.128464808255,0.128464808255,0.128464808255,0.000000000000,0.000000000000,YES
32,3,187,26,2,27,47;53;59;61,61,-,61,61,2,3859868288326380099913092486149373388954158582848717007299857922976,2^5*3*7^3*11*13*17*19*23*29^2*31*37*41^2*43*47*53*59*61*67*71*83*89*97*101*103*107*163*167*173*179*181*191*193*197*199*211,61,61,61,61,61,1,1,-,-,0.128464808255,4.791289037447,0.128464808255,0.128464808255,0.128464808255,0.000000000000,0.000000000000,YES
32,3,187,26,4,29,47;53;59;61,61,-,61,61,2,3859868288326380099913092486149373388954158582848717007299857922976,2^5*3*7^3*11*13*17*19*23*29^2*31*37*41^2*43*47*53*59*61*67*71*83*89*97*101*103*107*163*167*173*179*181*191*193*197*199*211,61,61,61,61,61,1,1,-,-,0.128464808255,4.791289037447,0.128464808255,0.128464808255,0.128464808255,0.000000000000,0.000000000000,YES
32,3,187,26,8,33,47;53;59;61,61,-,61,61,2,3859868288326380099913092486149373388954158582848717007299857922976,2^5*3*7^3*11*13*17*19*23*29^2*31*37*41^2*43*47*53*59*61*67*71*83*89*97*101*103*107*163*167*173*179*181*191*193*197*199*211,61,61,61,61,61,1,1,-,-,0.128464808255,4.791289037447,0.128464808255,0.128464808255,0.128464808255,0.000000000000,0.000000000000,YES
32,3,226,31,1,31,59;61,59,-,59,295,3,61804615307437677729767476977049642045472710326983040230685760649612255286393000,2^3*3^5*5^3*7^3*11^3*13*17^2*19*23*37*41^2*43^2*47*53*59*61*67*71*73*79*83*101*103*107*109*113*127*197*199*211*223*227*229*233*239*241*251*257,295,5*59,59,59,59,5,5,5,-,0.177717979886,5.741425478018,0.177717979886,0.127423045122,0.127423045122,0.050294934764,0.000000000000,YES
32,3,226,31,2,32,59;61,59,-,59,295,3,61804615307437677729767476977049642045472710326983040230685760649612255286393000,2^3*3^5*5^3*7^3*11^3*13*17^2*19*23*37*41^2*43^2*47*53*59*61*67*71*73*79*83*101*103*107*109*113*127*197*199*211*223*227*229*233*239*241*251*257,295,5*59,59,59,59,5,5,5,-,0.177717979886,5.741425478018,0.177717979886,0.127423045122,0.127423045122,0.050294934764,0.000000000000,YES
32,3,226,31,4,34,59;61,59,-,59,295,3,61804615307437677729767476977049642045472710326983040230685760649612255286393000,2^3*3^5*5^3*7^3*11^3*13*17^2*19*23*37*41^2*43^2*47*53*59*61*67*71*73*79*83*101*103*107*109*113*127*197*199*211*223*227*229*233*239*241*251*257,295,5*59,59,59,59,5,5,5,-,0.177717979886,5.741425478018,0.177717979886,0.127423045122,0.127423045122,0.050294934764,0.000000000000,YES
32,3,226,31,8,38,59;61,59,-,59,295,3,61804615307437677729767476977049642045472710326983040230685760649612255286393000,2^3*3^5*5^3*7^3*11^3*13*17^2*19*23*37*41^2*43^2*47*53*59*61*67*71*73*79*83*101*103*107*109*113*127*197*199*211*223*227*229*233*239*241*251*257,295,5*59,59,59,59,5,5,5,-,0.177717979886,5.741425478018,0.177717979886,0.127423045122,0.127423045122,0.050294934764,0.000000000000,YES
32,3,239,33,1,33,61,61,-,61,2257,4,5658060245545698302220432128974583232980911513590990768904015026269984431766258299200,2^6*3^6*5^2*7^3*11*13^2*19^2*23*37^2*41*43^2*47*53^2*59*61*67*71*73*79*83*89*103*107*109*113*127*131*211*223*227*229*233*239*241*251*257*263*269*271,2257,37*61,61,61,61,37,37,37,-,0.241305993026,6.098444654130,0.241305993026,0.128464808255,0.128464808255,0.112841184770,0.000000000000,YES
32,3,239,33,2,34,61,61,-,61,2257,4,5658060245545698302220432128974583232980911513590990768904015026269984431766258299200,2^6*3^6*5^2*7^3*11*13^2*19^2*23*37^2*41*43^2*47*53^2*59*61*67*71*73*79*83*89*103*107*109*113*127*131*211*223*227*229*233*239*241*251*257*263*269*271,2257,37*61,61,61,61,37,37,37,-,0.241305993026,6.098444654130,0.241305993026,0.128464808255,0.128464808255,0.112841184770,0.000000000000,YES
32,3,239,33,4,36,61,61,-,61,2257,4,5658060245545698302220432128974583232980911513590990768904015026269984431766258299200,2^6*3^6*5^2*7^3*11*13^2*19^2*23*37^2*41*43^2*47*53^2*59*61*67*71*73*79*83*89*103*107*109*113*127*131*211*223*227*229*233*239*241*251*257*263*269*271,2257,37*61,61,61,61,37,37,37,-,0.241305993026,6.098444654130,0.241305993026,0.128464808255,0.128464808255,0.112841184770,0.000000000000,YES
32,3,239,33,8,40,61,61,-,61,61,2,5658060245545698302220432128974583232980911513590990768904015026269984431766258299200,2^6*3^6*5^2*7^3*11*13^2*19^2*23*37^2*41*43^2*47*53^2*59*61*67*71*73*79*83*89*103*107*109*113*127*131*211*223*227*229*233*239*241*251*257*263*269*271,61,61,61,61,61,1,1,-,-,0.128464808255,6.098444654130,0.128464808255,0.128464808255,0.128464808255,0.000000000000,0.112841184770,YES
64,1,75,24,1,24,67;71;73,73,-,73,73,2,12753736048324952148864625435205137434808512,2^6*3^6*7^2*11*13^2*17*19*29^2*31^2*37*41*43*47*53*59*61*67*71*73*79*83*89*97,73,73,73,73,73,1,1,-,-,0.067038428768,1.550849971216,0.067038428768,0.067038428768,0.067038428768,0.000000000000,0.000000000000,YES
64,1,75,24,2,25,67;71;73,73,-,73,73,2,12753736048324952148864625435205137434808512,2^6*3^6*7^2*11*13^2*17*19*29^2*31^2*37*41*43*47*53*59*61*67*71*73*79*83*89*97,73,73,73,73,73,1,1,-,-,0.067038428768,1.550849971216,0.067038428768,0.067038428768,0.067038428768,0.000000000000,0.000000000000,YES
64,1,75,24,4,27,67;71;73,73,-,73,73,2,12753736048324952148864625435205137434808512,2^6*3^6*7^2*11*13^2*17*19*29^2*31^2*37*41*43*47*53*59*61*67*71*73*79*83*89*97,73,73,73,73,73,1,1,-,-,0.067038428768,1.550849971216,0.067038428768,0.067038428768,0.067038428768,0.000000000000,0.000000000000,YES
64,1,75,24,8,31,67;71;73,73,-,73,73,2,12753736048324952148864625435205137434808512,2^6*3^6*7^2*11*13^2*17*19*29^2*31^2*37*41*43*47*53*59*61*67*71*73*79*83*89*97,73,73,73,73,73,1,1,-,-,0.067038428768,1.550849971216,0.067038428768,0.067038428768,0.067038428768,0.000000000000,0.000000000000,YES
64,1,122,40,1,40,67;71;73;79;83;89;97;101;103;107;109;113,97,-,97,1649,4,308968457387133679722616021860768444011177311742240118747519859552360800,2^5*3^4*5^2*7^4*11^2*17*23^2*29*31*43^2*47^2*53^2*59*61*67*71*73*79*83*89*97*101*103*107*109*113*127*131*137*139*149*151*157*163,1649,17*97,97,97,97,17,17,17,-,0.115748817540,2.572056415760,0.115748817540,0.071479859039,0.071479859039,0.044268958501,0.000000000000,YES
64,1,122,40,2,41,67;71;73;79;83;89;97;101;103;107;109;113,97,-,97,1649,4,308968457387133679722616021860768444011177311742240118747519859552360800,2^5*3^4*5^2*7^4*11^2*17*23^2*29*31*43^2*47^2*53^2*59*61*67*71*73*79*83*89*97*101*103*107*109*113*127*131*137*139*149*151*157*163,1649,17*97,97,97,97,17,17,17,-,0.115748817540,2.572056415760,0.115748817540,0.071479859039,0.071479859039,0.044268958501,0.000000000000,YES
64,1,122,40,4,43,67;71;73;79;83;89;97;101;103;107;109;113,97,-,97,1649,4,308968457387133679722616021860768444011177311742240118747519859552360800,2^5*3^4*5^2*7^4*11^2*17*23^2*29*31*43^2*47^2*53^2*59*61*67*71*73*79*83*89*97*101*103*107*109*113*127*131*137*139*149*151*157*163,1649,17*97,97,97,97,17,17,17,-,0.115748817540,2.572056415760,0.115748817540,0.071479859039,0.071479859039,0.044268958501,0.000000000000,YES
64,1,122,40,8,47,67;71;73;79;83;89;97;101;103;107;109;113,97,-,97,1649,4,308968457387133679722616021860768444011177311742240118747519859552360800,2^5*3^4*5^2*7^4*11^2*17*23^2*29*31*43^2*47^2*53^2*59*61*67*71*73*79*83*89*97*101*103*107*109*113*127*131*137*139*149*151*157*163,1649,17*97,97,97,97,17,17,17,-,0.115748817540,2.572056415760,0.115748817540,0.071479859039,0.071479859039,0.044268958501,0.000000000000,YES
64,1,143,47,1,47,73;79;83;89;97;101;103;107;109;113;127,73,-,73,34675,5,1161465215819508292383148962805072910600956374749542502011611695345610023855368005000,2^3*3^4*5^4*7^4*11^2*13^2*17^2*19*29*31*37*53^2*59^2*61^2*67*71*73*79*83*89*97*101*103*107*109*113*127*131*137*139*149*151*157*163*167*173*179*181*191,34675,5^2*19*73,73,73,73,475,5^2*19,5;19,-,0.163340222581,3.024481720885,0.163340222581,0.067038428768,0.067038428768,0.096301793813,0.000000000000,YES
64,1,143,47,2,48,73;79;83;89;97;101;103;107;109;113;127,73,-,73,34675,5,1161465215819508292383148962805072910600956374749542502011611695345610023855368005000,2^3*3^4*5^4*7^4*11^2*13^2*17^2*19*29*31*37*53^2*59^2*61^2*67*71*73*79*83*89*97*101*103*107*109*113*127*131*137*139*149*151*157*163*167*173*179*181*191,34675,5^2*19*73,73,73,73,475,5^2*19,5;19,-,0.163340222581,3.024481720885,0.163340222581,0.067038428768,0.067038428768,0.096301793813,0.000000000000,YES
64,1,143,47,4,50,73;79;83;89;97;101;103;107;109;113;127,73,-,73,6935,4,1161465215819508292383148962805072910600956374749542502011611695345610023855368005000,2^3*3^4*5^4*7^4*11^2*13^2*17^2*19*29*31*37*53^2*59^2*61^2*67*71*73*79*83*89*97*101*103*107*109*113*127*131*137*139*149*151*157*163*167*173*179*181*191,6935,5*19*73,73,73,73,95,5*19,5;19,-,0.138192755199,3.024481720885,0.138192755199,0.067038428768,0.067038428768,0.071154326431,0.025147467382,YES
64,1,143,47,8,54,73;79;83;89;97;101;103;107;109;113;127,73,-,73,6935,4,1161465215819508292383148962805072910600956374749542502011611695345610023855368005000,2^3*3^4*5^4*7^4*11^2*13^2*17^2*19*29*31*37*53^2*59^2*61^2*67*71*73*79*83*89*97*101*103*107*109*113*127*131*137*139*149*151*157*163*167*173*179*181*191,6935,5*19*73,73,73,73,95,5*19,5;19,-,0.138192755199,3.024481720885,0.138192755199,0.067038428768,0.067038428768,0.071154326431,0.025147467382,YES
64,1,168,55,1,55,89;97;101;103;107;109;113;127,97,-,97,485,3,560752926855978363591084920399734942969263507885637187696536638191439308339707615462382049677244480,2^6*3^2*5*11*13^2*17*19^2*23*29^2*31^2*37*41*43*59^2*61^2*67^2*71^2*73^2*79*83*89*97*101*103*107*109*113*127*131*137*139*149*151*157*163*167*173*179*181*191*193*197*199*211*223,485,5*97,97,97,97,5,5,5,-,0.096627326421,3.552772645631,0.096627326421,0.071479859039,0.071479859039,0.025147467382,0.000000000000,YES
64,1,168,55,2,56,89;97;101;103;107;109;113;127,97,-,97,485,3,560752926855978363591084920399734942969263507885637187696536638191439308339707615462382049677244480,2^6*3^2*5*11*13^2*17*19^2*23*29^2*31^2*37*41*43*59^2*61^2*67^2*71^2*73^2*79*83*89*97*101*103*107*109*113*127*131*137*139*149*151*157*163*167*173*179*181*191*193*197*199*211*223,485,5*97,97,97,97,5,5,5,-,0.096627326421,3.552772645631,0.096627326421,0.071479859039,0.071479859039,0.025147467382,0.000000000000,YES
64,1,168,55,4,58,89;97;101;103;107;109;113;127,97,-,97,485,3,560752926855978363591084920399734942969263507885637187696536638191439308339707615462382049677244480,2^6*3^2*5*11*13^2*17*19^2*23*29^2*31^2*37*41*43*59^2*61^2*67^2*71^2*73^2*79*83*89*97*101*103*107*109*113*127*131*137*139*149*151*157*163*167*173*179*181*191*193*197*199*211*223,485,5*97,97,97,97,5,5,5,-,0.096627326421,3.552772645631,0.096627326421,0.071479859039,0.071479859039,0.025147467382,0.000000000000,YES
64,1,168,55,8,62,89;97;101;103;107;109;113;127,97,-,97,485,3,560752926855978363591084920399734942969263507885637187696536638191439308339707615462382049677244480,2^6*3^2*5*11*13^2*17*19^2*23*29^2*31^2*37*41*43*59^2*61^2*67^2*71^2*73^2*79*83*89*97*101*103*107*109*113*127*131*137*139*149*151*157*163*167*173*179*181*191*193*197*199*211*223,485,5*97,97,97,97,5,5,5,-,0.096627326421,3.552772645631,0.096627326421,0.071479859039,0.071479859039,0.025147467382,0.000000000000,YES
64,2,146,28,1,28,67;71;73,-,73,73,155,3,3623086304317107972654362259530795968163275316691311085797040000,2^7*3^2*5^4*7^2*11^2*13*17^2*19*31^2*37*41^2*43^2*47*53*59*61*67*71*73*79*83*127*131*137*139*149*151*157*163*167*173,155,5*31,1,1,1,155,5*31,5;31,-,0.078803517452,2.286721673304,0.078803517452,0.000000000000,0.000000000000,0.078803517452,0.000000000000,YES
64,2,146,28,2,29,67;71;73,-,73,73,155,3,3623086304317107972654362259530795968163275316691311085797040000,2^7*3^2*5^4*7^2*11^2*13*17^2*19*31^2*37*41^2*43^2*47*53*59*61*67*71*73*79*83*127*131*137*139*149*151*157*163*167*173,155,5*31,1,1,1,155,5*31,5;31,-,0.078803517452,2.286721673304,0.078803517452,0.000000000000,0.000000000000,0.078803517452,0.000000000000,YES
64,2,146,28,4,31,67;71;73,-,73,73,5,1,3623086304317107972654362259530795968163275316691311085797040000,2^7*3^2*5^4*7^2*11^2*13*17^2*19*31^2*37*41^2*43^2*47*53*59*61*67*71*73*79*83*127*131*137*139*149*151*157*163*167*173,5,5,1,1,1,5,5,5,-,0.025147467382,2.286721673304,0.025147467382,0.000000000000,0.000000000000,0.025147467382,0.053656050070,YES
64,2,146,28,8,35,67;71;73,-,73,73,5,1,3623086304317107972654362259530795968163275316691311085797040000,2^7*3^2*5^4*7^2*11^2*13*17^2*19*31^2*37*41^2*43^2*47*53*59*61*67*71*73*79*83*127*131*137*139*149*151*157*163*167*173,5,5,1,1,1,5,5,5,-,0.025147467382,2.286721673304,0.025147467382,0.000000000000,0.000000000000,0.025147467382,0.053656050070,YES
64,2,147,29,1,29,67;71;73,-,73,73,1,1,125407093946762830626809659009892617778024836295075247716388211200,2^9*3*5^2*7^2*11^3*13*17^2*19*31^2*37*41^2*43^2*47*53*59^2*61*67*71*73*79*83*127*131*137*139*149*151*157*163*167*173,1,1,1,1,1,1,1,-,-,0.000000000000,2.342100407121,0.000000000000,0.000000000000,0.000000000000,0.000000000000,0.000000000000,YES
64,2,147,29,2,30,67;71;73,-,73,73,1,1,125407093946762830626809659009892617778024836295075247716388211200,2^9*3*5^2*7^2*11^3*13*17^2*19*31^2*37*41^2*43^2*47*53*59^2*61*67*71*73*79*83*127*131*137*139*149*151*157*163*167*173,1,1,1,1,1,1,1,-,-,0.000000000000,2.342100407121,0.000000000000,0.000000000000,0.000000000000,0.000000000000,0.000000000000,YES
64,2,147,29,4,32,67;71;73,-,73,73,1,1,125407093946762830626809659009892617778024836295075247716388211200,2^9*3*5^2*7^2*11^3*13*17^2*19*31^2*37*41^2*43^2*47*53*59^2*61*67*71*73*79*83*127*131*137*139*149*151*157*163*167*173,1,1,1,1,1,1,1,-,-,0.000000000000,2.342100407121,0.000000000000,0.000000000000,0.000000000000,0.000000000000,0.000000000000,YES
64,2,147,29,8,36,67;71;73,-,73,73,1,1,125407093946762830626809659009892617778024836295075247716388211200,2^9*3*5^2*7^2*11^3*13*17^2*19*31^2*37*41^2*43^2*47*53*59^2*61*67*71*73*79*83*127*131*137*139*149*151*157*163*167*173,1,1,1,1,1,1,1,-,-,0.000000000000,2.342100407121,0.000000000000,0.000000000000,0.000000000000,0.000000000000,0.000000000000,YES
64,2,148,29,1,29,67;71;73,73,73,73,4015,4,189173412902743930945526434777634626817698481868842322826416115200,2^9*3*5^2*7^2*11^3*13*17^2*19*31^2*37*41^2*43^2*47*53*59*61*67*71*73*79*83*89*127*131*137*139*149*151*157*163*167*173,4015,5*11*73,73,73,73,55,5*11,5;11,-,0.129653009787,2.348523827837,0.129653009787,0.067038428768,0.067038428768,0.062614581019,0.000000000000,YES
64,2,148,29,2,30,67;71;73,73,73,73,4015,4,189173412902743930945526434777634626817698481868842322826416115200,2^9*3*5^2*7^2*11^3*13*17^2*19*31^2*37*41^2*43^2*47*53*59*61*67*71*73*79*83*89*127*131*137*139*149*151*157*163*167*173,4015,5*11*73,73,73,73,55,5*11,5;11,-,0.129653009787,2.348523827837,0.129653009787,0.067038428768,0.067038428768,0.062614581019,0.000000000000,YES
64,2,148,29,4,32,67;71;73,73,73,73,4015,4,189173412902743930945526434777634626817698481868842322826416115200,2^9*3*5^2*7^2*11^3*13*17^2*19*31^2*37*41^2*43^2*47*53*59*61*67*71*73*79*83*89*127*131*137*139*149*151*157*163*167*173,4015,5*11*73,73,73,73,55,5*11,5;11,-,0.129653009787,2.348523827837,0.129653009787,0.067038428768,0.067038428768,0.062614581019,0.000000000000,YES
64,2,148,29,8,36,67;71;73,73,73,73,4015,4,189173412902743930945526434777634626817698481868842322826416115200,2^9*3*5^2*7^2*11^3*13*17^2*19*31^2*37*41^2*43^2*47*53*59*61*67*71*73*79*83*89*127*131*137*139*149*151*157*163*167*173,4015,5*11*73,73,73,73,55,5*11,5;11,-,0.129653009787,2.348523827837,0.129653009787,0.067038428768,0.067038428768,0.062614581019,0.000000000000,YES
64,2,149,29,1,29,67;71;73,-,73,73,17,2,284554965626816501170161611976442001683764943315317443579230963200,2^9*3*5^2*7*11^3*13*17*19*31^2*37*41^2*43^2*47*53*59*61*67*71*73*79*83*89*127*131*137*139*149*151*157*163*167*173*179,17,17,1,1,1,17,17,17,-,0.044268958501,2.354902926474,0.044268958501,0.000000000000,0.000000000000,0.044268958501,0.000000000000,YES
64,2,149,29,2,30,67;71;73,-,73,73,17,2,284554965626816501170161611976442001683764943315317443579230963200,2^9*3*5^2*7*11^3*13*17*19*31^2*37*41^2*43^2*47*53*59*61*67*71*73*79*83*89*127*131*137*139*149*151*157*163*167*173*179,17,17,1,1,1,17,17,17,-,0.044268958501,2.354902926474,0.044268958501,0.000000000000,0.000000000000,0.044268958501,0.000000000000,YES
64,2,149,29,4,32,67;71;73,-,73,73,17,2,284554965626816501170161611976442001683764943315317443579230963200,2^9*3*5^2*7*11^3*13*17*19*31^2*37*41^2*43^2*47*53*59*61*67*71*73*79*83*89*127*131*137*139*149*151*157*163*167*173*179,17,17,1,1,1,17,17,17,-,0.044268958501,2.354902926474,0.044268958501,0.000000000000,0.000000000000,0.044268958501,0.000000000000,YES
64,2,149,29,8,36,67;71;73,-,73,73,1,1,284554965626816501170161611976442001683764943315317443579230963200,2^9*3*5^2*7*11^3*13*17*19*31^2*37*41^2*43^2*47*53*59*61*67*71*73*79*83*89*127*131*137*139*149*151*157*163*167*173*179,1,1,1,1,1,1,1,-,-,0.000000000000,2.354902926474,0.000000000000,0.000000000000,0.000000000000,0.000000000000,0.044268958501,YES
64,2,150,29,1,29,67;71;73,-,73,73,5,1,426832448440224751755242417964663002525647414972976165368846444800,2^8*3^2*5^2*7*11^3*13*17*19*31^2*37*41^2*43^2*47*53*59*61*67*71*73*79*83*89*127*131*137*139*149*151*157*163*167*173*179,5,5,1,1,1,5,5,5,-,0.025147467382,2.361238318788,0.025147467382,0.000000000000,0.000000000000,0.025147467382,0.000000000000,YES
64,2,150,29,2,30,67;71;73,-,73,73,5,1,426832448440224751755242417964663002525647414972976165368846444800,2^8*3^2*5^2*7*11^3*13*17*19*31^2*37*41^2*43^2*47*53*59*61*67*71*73*79*83*89*127*131*137*139*149*151*157*163*167*173*179,5,5,1,1,1,5,5,5,-,0.025147467382,2.361238318788,0.025147467382,0.000000000000,0.000000000000,0.025147467382,0.000000000000,YES
64,2,150,29,4,32,67;71;73,-,73,73,5,1,426832448440224751755242417964663002525647414972976165368846444800,2^8*3^2*5^2*7*11^3*13*17*19*31^2*37*41^2*43^2*47*53*59*61*67*71*73*79*83*89*127*131*137*139*149*151*157*163*167*173*179,5,5,1,1,1,5,5,5,-,0.025147467382,2.361238318788,0.025147467382,0.000000000000,0.000000000000,0.025147467382,0.000000000000,YES
64,2,150,29,8,36,67;71;73,-,73,73,5,1,426832448440224751755242417964663002525647414972976165368846444800,2^8*3^2*5^2*7*11^3*13*17*19*31^2*37*41^2*43^2*47*53*59*61*67*71*73*79*83*89*127*131*137*139*149*151*157*163*167*173*179,5,5,1,1,1,5,5,5,-,0.025147467382,2.361238318788,0.025147467382,0.000000000000,0.000000000000,0.025147467382,0.000000000000,YES
64,2,151,29,1,29,67;71;73,-,73,73,25,2,638484902212237025352883286376892590554894067025691619270753772800,2^8*3^2*5^2*7*11*13*17*19*31^2*37*41^2*43^2*47*53*59*61*67*71*73*79*83*89*127*131*137*139*149*151*157*163*167*173*179*181,25,5^2,1,1,1,25,5^2,5,-,0.050294934764,2.367530607627,0.050294934764,0.000000000000,0.000000000000,0.050294934764,0.000000000000,YES
64,2,151,29,2,30,67;71;73,-,73,73,25,2,638484902212237025352883286376892590554894067025691619270753772800,2^8*3^2*5^2*7*11*13*17*19*31^2*37*41^2*43^2*47*53*59*61*67*71*73*79*83*89*127*131*137*139*149*151*157*163*167*173*179*181,25,5^2,1,1,1,25,5^2,5,-,0.050294934764,2.367530607627,0.050294934764,0.000000000000,0.000000000000,0.050294934764,0.000000000000,YES
64,2,151,29,4,32,67;71;73,-,73,73,25,2,638484902212237025352883286376892590554894067025691619270753772800,2^8*3^2*5^2*7*11*13*17*19*31^2*37*41^2*43^2*47*53*59*61*67*71*73*79*83*89*127*131*137*139*149*151*157*163*167*173*179*181,25,5^2,1,1,1,25,5^2,5,-,0.050294934764,2.367530607627,0.050294934764,0.000000000000,0.000000000000,0.050294934764,0.000000000000,YES
64,2,151,29,8,36,67;71;73,-,73,73,25,2,638484902212237025352883286376892590554894067025691619270753772800,2^8*3^2*5^2*7*11*13*17*19*31^2*37*41^2*43^2*47*53*59*61*67*71*73*79*83*89*127*131*137*139*149*151*157*163*167*173*179*181,25,5^2,1,1,1,25,5^2,5,-,0.050294934764,2.367530607627,0.050294934764,0.000000000000,0.000000000000,0.050294934764,0.000000000000,YES
64,2,152,30,1,30,67;71;73,-,73,73,5,1,22128385174901942108640094418385832071822374397874802363612617228800,2^9*3^3*5^2*7^2*11*13^2*17*19*37*41^2*43^2*47*53*59*61^2*67*71*73*79*83*89*127*131*137*139*149*151*157*163*167*173*179*181,5,5,1,1,1,5,5,5,-,0.025147467382,2.422929333110,0.025147467382,0.000000000000,0.000000000000,0.025147467382,0.000000000000,YES
64,2,152,30,2,31,67;71;73,-,73,73,5,1,22128385174901942108640094418385832071822374397874802363612617228800,2^9*3^3*5^2*7^2*11*13^2*17*19*37*41^2*43^2*47*53*59*61^2*67*71*73*79*83*89*127*131*137*139*149*151*157*163*167*173*179*181,5,5,1,1,1,5,5,5,-,0.025147467382,2.422929333110,0.025147467382,0.000000000000,0.000000000000,0.025147467382,0.000000000000,YES
64,2,152,30,4,33,67;71;73,-,73,73,5,1,22128385174901942108640094418385832071822374397874802363612617228800,2^9*3^3*5^2*7^2*11*13^2*17*19*37*41^2*43^2*47*53*59*61^2*67*71*73*79*83*89*127*131*137*139*149*151*157*163*167*173*179*181,5,5,1,1,1,5,5,5,-,0.025147467382,2.422929333110,0.025147467382,0.000000000000,0.000000000000,0.025147467382,0.000000000000,YES
64,2,152,30,8,37,67;71;73,-,73,73,5,1,22128385174901942108640094418385832071822374397874802363612617228800,2^9*3^3*5^2*7^2*11*13^2*17*19*37*41^2*43^2*47*53*59*61^2*67*71*73*79*83*89*127*131*137*139*149*151*157*163*167*173*179*181,5,5,1,1,1,5,5,5,-,0.025147467382,2.422929333110,0.025147467382,0.000000000000,0.000000000000,0.025147467382,0.000000000000,YES
64,2,153,30,1,30,67;71;73,-,73,73,1025,4,33373957968704568426145716171991746731273089255811177335284603033600,2^11*3^3*5^2*7^2*11*13^2*17*19*23*37*41^2*43^2*47*53*59*61*67*71*73*79*83*89*127*131*137*139*149*151*157*163*167*173*179*181,1025,5^2*41,1,1,1,1025,5^2*41,5;41,-,0.108319498306,2.429349875499,0.108319498306,0.000000000000,0.000000000000,0.108319498306,0.000000000000,YES
64,2,153,30,2,31,67;71;73,-,73,73,1025,4,33373957968704568426145716171991746731273089255811177335284603033600,2^11*3^3*5^2*7^2*11*13^2*17*19*23*37*41^2*43^2*47*53*59*61*67*71*73*79*83*89*127*131*137*139*149*151*157*163*167*173*179*181,1025,5^2*41,1,1,1,1025,5^2*41,5;41,-,0.108319498306,2.429349875499,0.108319498306,0.000000000000,0.000000000000,0.108319498306,0.000000000000,YES
64,2,153,30,4,33,67;71;73,-,73,73,1025,4,33373957968704568426145716171991746731273089255811177335284603033600,2^11*3^3*5^2*7^2*11*13^2*17*19*23*37*41^2*43^2*47*53*59*61*67*71*73*79*83*89*127*131*137*139*149*151*157*163*167*173*179*181,1025,5^2*41,1,1,1,1025,5^2*41,5;41,-,0.108319498306,2.429349875499,0.108319498306,0.000000000000,0.000000000000,0.108319498306,0.000000000000,YES
64,2,153,30,8,37,67;71;73,-,73,73,1025,4,33373957968704568426145716171991746731273089255811177335284603033600,2^11*3^3*5^2*7^2*11*13^2*17*19*23*37*41^2*43^2*47*53*59*61*67*71*73*79*83*89*127*131*137*139*149*151*157*163*167*173*179*181,1025,5^2*41,1,1,1,1025,5^2*41,5;41,-,0.108319498306,2.429349875499,0.108319498306,0.000000000000,0.000000000000,0.108319498306,0.000000000000,YES
64,2,154,30,1,30,67;71;73,-,73,73,5,1,50196603448864594787292337331857505246223752132724128512419931392000,2^11*3^2*5^3*7^2*11*13^2*17*19*23*37^2*41*43^2*47*53*59*61*67*71*73*79*83*89*127*131*137*139*149*151*157*163*167*173*179*181,5,5,1,1,1,5,5,5,-,0.025147467382,2.435727554713,0.025147467382,0.000000000000,0.000000000000,0.025147467382,0.000000000000,YES
64,2,154,30,2,31,67;71;73,-,73,73,5,1,50196603448864594787292337331857505246223752132724128512419931392000,2^11*3^2*5^3*7^2*11*13^2*17*19*23*37^2*41*43^2*47*53*59*61*67*71*73*79*83*89*127*131*137*139*149*151*157*163*167*173*179*181,5,5,1,1,1,5,5,5,-,0.025147467382,2.435727554713,0.025147467382,0.000000000000,0.000000000000,0.025147467382,0.000000000000,YES
64,2,154,30,4,33,67;71;73,-,73,73,5,1,50196603448864594787292337331857505246223752132724128512419931392000,2^11*3^2*5^3*7^2*11*13^2*17*19*23*37^2*41*43^2*47*53*59*61*67*71*73*79*83*89*127*131*137*139*149*151*157*163*167*173*179*181,5,5,1,1,1,5,5,5,-,0.025147467382,2.435727554713,0.025147467382,0.000000000000,0.000000000000,0.025147467382,0.000000000000,YES
64,2,154,30,8,37,67;71;73,-,73,73,5,1,50196603448864594787292337331857505246223752132724128512419931392000,2^11*3^2*5^3*7^2*11*13^2*17*19*23*37^2*41*43^2*47*53*59*61*67*71*73*79*83*89*127*131*137*139*149*151*157*163*167*173*179*181,5,5,1,1,1,5,5,5,-,0.025147467382,2.435727554713,0.025147467382,0.000000000000,0.000000000000,0.025147467382,0.000000000000,YES
64,2,155,30,1,30,67;71;73,-,73,73,25,2,75294905173296892180938505997786257869335628199086192768629897088000,2^10*3^3*5^3*7^2*11*13^2*17*19*23*37^2*41*43^2*47*53*59*61*67*71*73*79*83*89*127*131*137*139*149*151*157*163*167*173*179*181,25,5^2,1,1,1,25,5^2,5,-,0.050294934764,2.442062947027,0.050294934764,0.000000000000,0.000000000000,0.050294934764,0.000000000000,YES
64,2,155,30,2,31,67;71;73,-,73,73,25,2,75294905173296892180938505997786257869335628199086192768629897088000,2^10*3^3*5^3*7^2*11*13^2*17*19*23*37^2*41*43^2*47*53*59*61*67*71*73*79*83*89*127*131*137*139*149*151*157*163*167*173*179*181,25,5^2,1,1,1,25,5^2,5,-,0.050294934764,2.442062947027,0.050294934764,0.000000000000,0.000000000000,0.050294934764,0.000000000000,YES
64,2,155,30,4,33,67;71;73,-,73,73,25,2,75294905173296892180938505997786257869335628199086192768629897088000,2^10*3^3*5^3*7^2*11*13^2*17*19*23*37^2*41*43^2*47*53*59*61*67*71*73*79*83*89*127*131*137*139*149*151*157*163*167*173*179*181,25,5^2,1,1,1,25,5^2,5,-,0.050294934764,2.442062947027,0.050294934764,0.000000000000,0.000000000000,0.050294934764,0.000000000000,YES
64,2,155,30,8,37,67;71;73,-,73,73,25,2,75294905173296892180938505997786257869335628199086192768629897088000,2^10*3^3*5^3*7^2*11*13^2*17*19*23*37^2*41*43^2*47*53*59*61*67*71*73*79*83*89*127*131*137*139*149*151*157*163*167*173*179*181,25,5^2,1,1,1,25,5^2,5,-,0.050294934764,2.442062947027,0.050294934764,0.000000000000,0.000000000000,0.050294934764,0.000000000000,YES
64,2,156,30,1,30,67;71;73,-,73,73,17,2,112641178139252150702684004972688241772526099785832944381870326043648,2^10*3^3*7^2*11^2*13^2*17^2*19*23*37^2*41*43^2*47*53*59*61*67*71*73*79*83*89*127*131*137*139*149*151*157*163*167*173*179*181,17,17,1,1,1,17,17,17,-,0.044268958501,2.448356617020,0.044268958501,0.000000000000,0.000000000000,0.044268958501,0.000000000000,YES
64,2,156,30,2,31,67;71;73,-,73,73,17,2,112641178139252150702684004972688241772526099785832944381870326043648,2^10*3^3*7^2*11^2*13^2*17^2*19*23*37^2*41*43^2*47*53*59*61*67*71*73*79*83*89*127*131*137*139*149*151*157*163*167*173*179*181,17,17,1,1,1,17,17,17,-,0.044268958501,2.448356617020,0.044268958501,0.000000000000,0.000000000000,0.044268958501,0.000000000000,YES
64,2,156,30,4,33,67;71;73,-,73,73,17,2,112641178139252150702684004972688241772526099785832944381870326043648,2^10*3^3*7^2*11^2*13^2*17^2*19*23*37^2*41*43^2*47*53*59*61*67*71*73*79*83*89*127*131*137*139*149*151*157*163*167*173*179*181,17,17,1,1,1,17,17,17,-,0.044268958501,2.448356617020,0.044268958501,0.000000000000,0.000000000000,0.044268958501,0.000000000000,YES
64,2,156,30,8,37,67;71;73,-,73,73,1,1,112641178139252150702684004972688241772526099785832944381870326043648,2^10*3^3*7^2*11^2*13^2*17^2*19*23*37^2*41*43^2*47*53*59*61*67*71*73*79*83*89*127*131*137*139*149*151*157*163*167*173*179*181,1,1,1,1,1,1,1,-,-,0.000000000000,2.448356617020,0.000000000000,0.000000000000,0.000000000000,0.000000000000,0.044268958501,YES
64,2,157,31,1,31,67;71;73,-,73,73,1,1,3908560880511628338640398500673397076817770876552945488063101977522364,2^2*3^6*7^3*11^2*13^2*17^2*19*23*37^2*41*43^2*47^2*53*59*61*67*71*73*79*83*89*127*131*137*139*149*151*157*163*167*173*179*181,1,1,1,1,1,1,1,-,-,0.000000000000,2.503774072837,0.000000000000,0.000000000000,0.000000000000,0.000000000000,0.000000000000,YES
64,2,157,31,2,32,67;71;73,-,73,73,1,1,3908560880511628338640398500673397076817770876552945488063101977522364,2^2*3^6*7^3*11^2*13^2*17^2*19*23*37^2*41*43^2*47^2*53*59*61*67*71*73*79*83*89*127*131*137*139*149*151*157*163*167*173*179*181,1,1,1,1,1,1,1,-,-,0.000000000000,2.503774072837,0.000000000000,0.000000000000,0.000000000000,0.000000000000,0.000000000000,YES
64,2,157,31,4,34,67;71;73,-,73,73,1,1,3908560880511628338640398500673397076817770876552945488063101977522364,2^2*3^6*7^3*11^2*13^2*17^2*19*23*37^2*41*43^2*47^2*53*59*61*67*71*73*79*83*89*127*131*137*139*149*151*157*163*167*173*179*181,1,1,1,1,1,1,1,-,-,0.000000000000,2.503774072837,0.000000000000,0.000000000000,0.000000000000,0.000000000000,0.000000000000,YES
64,2,157,31,8,38,67;71;73,-,73,73,1,1,3908560880511628338640398500673397076817770876552945488063101977522364,2^2*3^6*7^3*11^2*13^2*17^2*19*23*37^2*41*43^2*47^2*53*59*61*67*71*73*79*83*89*127*131*137*139*149*151*157*163*167*173*179*181,1,1,1,1,1,1,1,-,-,0.000000000000,2.503774072837,0.000000000000,0.000000000000,0.000000000000,0.000000000000,0.000000000000,YES
64,2,158,31,1,31,67;71;73;79,-,73,73,5,1,5893861645215947494775204088317027338058543385278251132793566474041660,2^2*3^4*5*7^2*11^2*13^2*17^2*19^2*23*37^2*41*43^2*47^2*53*59*61*67*71*73*79*83*89*127*131*137*139*149*151*157*163*167*173*179*181,5,5,1,1,1,5,5,5,-,0.025147467382,2.510191919169,0.025147467382,0.000000000000,0.000000000000,0.025147467382,0.000000000000,YES
64,2,158,31,2,32,67;71;73;79,-,73,73,5,1,5893861645215947494775204088317027338058543385278251132793566474041660,2^2*3^4*5*7^2*11^2*13^2*17^2*19^2*23*37^2*41*43^2*47^2*53*59*61*67*71*73*79*83*89*127*131*137*139*149*151*157*163*167*173*179*181,5,5,1,1,1,5,5,5,-,0.025147467382,2.510191919169,0.025147467382,0.000000000000,0.000000000000,0.025147467382,0.000000000000,YES
64,2,158,31,4,34,67;71;73;79,-,73,73,5,1,5893861645215947494775204088317027338058543385278251132793566474041660,2^2*3^4*5*7^2*11^2*13^2*17^2*19^2*23*37^2*41*43^2*47^2*53*59*61*67*71*73*79*83*89*127*131*137*139*149*151*157*163*167*173*179*181,5,5,1,1,1,5,5,5,-,0.025147467382,2.510191919169,0.025147467382,0.000000000000,0.000000000000,0.025147467382,0.000000000000,YES
64,2,158,31,8,38,67;71;73;79,-,73,73,5,1,5893861645215947494775204088317027338058543385278251132793566474041660,2^2*3^4*5*7^2*11^2*13^2*17^2*19^2*23*37^2*41*43^2*47^2*53*59*61*67*71*73*79*83*89*127*131*137*139*149*151*157*163*167*173*179*181,5,5,1,1,1,5,5,5,-,0.025147467382,2.510191919169,0.025147467382,0.000000000000,0.000000000000,0.025147467382,0.000000000000,YES
64,2,159,31,1,31,67;71;73;79,-,73,73,55,2,8863996647529495838598928983216946626528990445575952491051741705054780,2^2*3^4*5*7^2*11^2*13^2*17^2*19^2*23*37^2*41*43^2*47^2*53*59*61*67*71*73*79*83*89*131*137*139*149*151*157*163*167*173*179*181*191,55,5*11,1,1,1,55,5*11,5;11,-,0.062614581019,2.516568268256,0.062614581019,0.000000000000,0.000000000000,0.062614581019,0.000000000000,YES
64,2,159,31,2,32,67;71;73;79,-,73,73,55,2,8863996647529495838598928983216946626528990445575952491051741705054780,2^2*3^4*5*7^2*11^2*13^2*17^2*19^2*23*37^2*41*43^2*47^2*53*59*61*67*71*73*79*83*89*131*137*139*149*151*157*163*167*173*179*181*191,55,5*11,1,1,1,55,5*11,5;11,-,0.062614581019,2.516568268256,0.062614581019,0.000000000000,0.000000000000,0.062614581019,0.000000000000,YES
64,2,159,31,4,34,67;71;73;79,-,73,73,5,1,8863996647529495838598928983216946626528990445575952491051741705054780,2^2*3^4*5*7^2*11^2*13^2*17^2*19^2*23*37^2*41*43^2*47^2*53*59*61*67*71*73*79*83*89*131*137*139*149*151*157*163*167*173*179*181*191,5,5,1,1,1,5,5,5,-,0.025147467382,2.516568268256,0.025147467382,0.000000000000,0.000000000000,0.025147467382,0.037467113637,YES
64,2,159,31,8,38,67;71;73;79,-,73,73,5,1,8863996647529495838598928983216946626528990445575952491051741705054780,2^2*3^4*5*7^2*11^2*13^2*17^2*19^2*23*37^2*41*43^2*47^2*53*59*61*67*71*73*79*83*89*131*137*139*149*151*157*163*167*173*179*181*191,5,5,1,1,1,5,5,5,-,0.025147467382,2.516568268256,0.025147467382,0.000000000000,0.000000000000,0.025147467382,0.037467113637,YES
64,2,160,31,1,31,67;71;73;79,-,73,73,19,2,13295994971294243757898393474825419939793485668363928736577612557582170,2*3^5*5*7^2*11^2*13^2*17^2*19^2*23*37^2*41*43^2*47^2*53*59*61*67*71*73*79*83*89*131*137*139*149*151*157*163*167*173*179*181*191,19,19,1,1,1,19,19,19,-,0.046006859049,2.522903660570,0.046006859049,0.000000000000,0.000000000000,0.046006859049,0.000000000000,YES
64,2,160,31,2,32,67;71;73;79,-,73,73,19,2,13295994971294243757898393474825419939793485668363928736577612557582170,2*3^5*5*7^2*11^2*13^2*17^2*19^2*23*37^2*41*43^2*47^2*53*59*61*67*71*73*79*83*89*131*137*139*149*151*157*163*167*173*179*181*191,19,19,1,1,1,19,19,19,-,0.046006859049,2.522903660570,0.046006859049,0.000000000000,0.000000000000,0.046006859049,0.000000000000,YES
64,2,160,31,4,34,67;71;73;79,-,73,73,19,2,13295994971294243757898393474825419939793485668363928736577612557582170,2*3^5*5*7^2*11^2*13^2*17^2*19^2*23*37^2*41*43^2*47^2*53*59*61*67*71*73*79*83*89*131*137*139*149*151*157*163*167*173*179*181*191,19,19,1,1,1,19,19,19,-,0.046006859049,2.522903660570,0.046006859049,0.000000000000,0.000000000000,0.046006859049,0.000000000000,YES
64,2,160,31,8,38,67;71;73;79,-,73,73,1,1,13295994971294243757898393474825419939793485668363928736577612557582170,2*3^5*5*7^2*11^2*13^2*17^2*19^2*23*37^2*41*43^2*47^2*53*59*61*67*71*73*79*83*89*131*137*139*149*151*157*163*167*173*179*181*191,1,1,1,1,1,1,1,-,-,0.000000000000,2.522903660570,0.000000000000,0.000000000000,0.000000000000,0.000000000000,0.046006859049,YES
64,2,161,31,1,31,67;71;73;79,-,73,73,905,3,19892457592711542986623177834428729057210408790653009660151001733436890,2*3^4*5*7^2*11^2*13^2*17^2*19^2*23*37^2*41*43*47^2*53*59*61*67*71*73*79*83*89*131*137*139*149*151*157*163*167*173*179*181*191*193,905,5*181,1,1,1,905,5*181,5;181,-,0.106373983495,2.529198625954,0.106373983495,0.000000000000,0.000000000000,0.106373983495,0.000000000000,YES
64,2,161,31,2,32,67;71;73;79,-,73,73,905,3,19892457592711542986623177834428729057210408790653009660151001733436890,2*3^4*5*7^2*11^2*13^2*17^2*19^2*23*37^2*41*43*47^2*53*59*61*67*71*73*79*83*89*131*137*139*149*151*157*163*167*173*179*181*191*193,905,5*181,1,1,1,905,5*181,5;181,-,0.106373983495,2.529198625954,0.106373983495,0.000000000000,0.000000000000,0.106373983495,0.000000000000,YES
64,2,161,31,4,34,67;71;73;79,-,73,73,905,3,19892457592711542986623177834428729057210408790653009660151001733436890,2*3^4*5*7^2*11^2*13^2*17^2*19^2*23*37^2*41*43*47^2*53*59*61*67*71*73*79*83*89*131*137*139*149*151*157*163*167*173*179*181*191*193,905,5*181,1,1,1,905,5*181,5;181,-,0.106373983495,2.529198625954,0.106373983495,0.000000000000,0.000000000000,0.106373983495,0.000000000000,YES
64,2,161,31,8,38,67;71;73;79,-,73,73,181,3,19892457592711542986623177834428729057210408790653009660151001733436890,2*3^4*5*7^2*11^2*13^2*17^2*19^2*23*37^2*41*43*47^2*53*59*61*67*71*73*79*83*89*131*137*139*149*151*157*163*167*173*179*181*191*193,181,181,1,1,1,181,181,181,-,0.081226516114,2.529198625954,0.081226516114,0.000000000000,0.000000000000,0.081226516114,0.025147467382,YES
64,2,162,32,1,32,67;71;73;79,-,73,73,3667,4,691030000672431286670298271328226648516317506474199591775493476194598300,2^2*3^3*5^2*7^2*13^3*17^2*19^2*23*37^2*41*43*47^2*53*59*61*67*71*73*79*83*89*97*131*137*139*149*151*157*163*167*173*179*181*191*193,3667,19*193,1,1,1,3667,19*193,19;193,-,0.128236393251,2.584633666496,0.128236393251,0.000000000000,0.000000000000,0.128236393251,0.000000000000,YES
64,2,162,32,2,33,67;71;73;79,-,73,73,3667,4,691030000672431286670298271328226648516317506474199591775493476194598300,2^2*3^3*5^2*7^2*13^3*17^2*19^2*23*37^2*41*43*47^2*53*59*61*67*71*73*79*83*89*97*131*137*139*149*151*157*163*167*173*179*181*191*193,3667,19*193,1,1,1,3667,19*193,19;193,-,0.128236393251,2.584633666496,0.128236393251,0.000000000000,0.000000000000,0.128236393251,0.000000000000,YES
64,2,162,32,4,35,67;71;73;79,-,73,73,3667,4,691030000672431286670298271328226648516317506474199591775493476194598300,2^2*3^3*5^2*7^2*13^3*17^2*19^2*23*37^2*41*43*47^2*53*59*61*67*71*73*79*83*89*97*131*137*139*149*151*157*163*167*173*179*181*191*193,3667,19*193,1,1,1,3667,19*193,19;193,-,0.128236393251,2.584633666496,0.128236393251,0.000000000000,0.000000000000,0.128236393251,0.000000000000,YES
64,2,162,32,8,39,67;71;73;79,-,73,73,193,3,691030000672431286670298271328226648516317506474199591775493476194598300,2^2*3^3*5^2*7^2*13^3*17^2*19^2*23*37^2*41*43*47^2*53*59*61*67*71*73*79*83*89*97*131*137*139*149*151*157*163*167*173*179*181*191*193,193,193,1,1,1,193,193,193,-,0.082229534202,2.584633666496,0.082229534202,0.000000000000,0.000000000000,0.082229534202,0.046006859049,YES
64,2,163,32,1,32,67;71;73;79,-,73,73,5,1,1041860616398434862979834316771787870070755625145716307599974779493394360,2^3*3^3*5*7^4*13^2*17^2*19^2*23*37^2*41*43*47^2*53*59*61*67*71*73*79*83*89*97*131*137*139*149*151*157*163*167*173*179*181*191*193,5,5,1,1,1,5,5,5,-,0.025147467382,2.591048982258,0.025147467382,0.000000000000,0.000000000000,0.025147467382,0.000000000000,YES
64,2,163,32,2,33,67;71;73;79,-,73,73,5,1,1041860616398434862979834316771787870070755625145716307599974779493394360,2^3*3^3*5*7^4*13^2*17^2*19^2*23*37^2*41*43*47^2*53*59*61*67*71*73*79*83*89*97*131*137*139*149*151*157*163*167*173*179*181*191*193,5,5,1,1,1,5,5,5,-,0.025147467382,2.591048982258,0.025147467382,0.000000000000,0.000000000000,0.025147467382,0.000000000000,YES
64,2,163,32,4,35,67;71;73;79,-,73,73,1,1,1041860616398434862979834316771787870070755625145716307599974779493394360,2^3*3^3*5*7^4*13^2*17^2*19^2*23*37^2*41*43*47^2*53*59*61*67*71*73*79*83*89*97*131*137*139*149*151*157*163*167*173*179*181*191*193,1,1,1,1,1,1,1,-,-,0.000000000000,2.591048982258,0.000000000000,0.000000000000,0.000000000000,0.000000000000,0.025147467382,YES
64,2,163,32,8,39,67;71;73;79,-,73,73,1,1,1041860616398434862979834316771787870070755625145716307599974779493394360,2^3*3^3*5*7^4*13^2*17^2*19^2*23*37^2*41*43*47^2*53*59*61*67*71*73*79*83*89*97*131*137*139*149*151*157*163*167*173*179*181*191*193,1,1,1,1,1,1,1,-,-,0.000000000000,2.591048982258,0.000000000000,0.000000000000,0.000000000000,0.000000000000,0.025147467382,YES
64,2,164,32,1,32,67;71;73;79,-,73,73,1,1,1566767491835814259595628705374368018350678306516840554177061309619837320,2^3*3^3*5*7^4*13^2*17^2*19^2*23*37^2*41*43*47^2*53*59*61*67*71*73*79*83*89*97*137*139*149*151*157*163*167*173*179*181*191*193*197,1,1,1,1,1,1,1,-,-,0.000000000000,2.597424082344,0.000000000000,0.000000000000,0.000000000000,0.000000000000,0.000000000000,YES
64,2,164,32,2,33,67;71;73;79,-,73,73,1,1,1566767491835814259595628705374368018350678306516840554177061309619837320,2^3*3^3*5*7^4*13^2*17^2*19^2*23*37^2*41*43*47^2*53*59*61*67*71*73*79*83*89*97*137*139*149*151*157*163*167*173*179*181*191*193*197,1,1,1,1,1,1,1,-,-,0.000000000000,2.597424082344,0.000000000000,0.000000000000,0.000000000000,0.000000000000,0.000000000000,YES
64,2,164,32,4,35,67;71;73;79,-,73,73,1,1,1566767491835814259595628705374368018350678306516840554177061309619837320,2^3*3^3*5*7^4*13^2*17^2*19^2*23*37^2*41*43*47^2*53*59*61*67*71*73*79*83*89*97*137*139*149*151*157*163*167*173*179*181*191*193*197,1,1,1,1,1,1,1,-,-,0.000000000000,2.597424082344,0.000000000000,0.000000000000,0.000000000000,0.000000000000,0.000000000000,YES
64,2,164,32,8,39,67;71;73;79,-,73,73,1,1,1566767491835814259595628705374368018350678306516840554177061309619837320,2^3*3^3*5*7^4*13^2*17^2*19^2*23*37^2*41*43*47^2*53*59*61*67*71*73*79*83*89*97*137*139*149*151*157*163*167*173*179*181*191*193*197,1,1,1,1,1,1,1,-,-,0.000000000000,2.597424082344,0.000000000000,0.000000000000,0.000000000000,0.000000000000,0.000000000000,YES
64,2,165,32,1,32,67;71;73;79,-,73,73,27935,5,2350151237753721389393443058061552027526017459775260831265591964429755980,2^2*3^4*5*7^4*13^2*17^2*19^2*23*37^2*41*43*47^2*53*59*61*67*71*73*79*83*89*97*137*139*149*151*157*163*167*173*179*181*191*193*197,27935,5*37*151,1,1,1,27935,5*37*151,5;37;151,-,0.159963057217,2.603759474659,0.159963057217,0.000000000000,0.000000000000,0.159963057217,0.000000000000,YES
64,2,165,32,2,33,67;71;73;79,-,73,73,27935,5,2350151237753721389393443058061552027526017459775260831265591964429755980,2^2*3^4*5*7^4*13^2*17^2*19^2*23*37^2*41*43*47^2*53*59*61*67*71*73*79*83*89*97*137*139*149*151*157*163*167*173*179*181*191*193*197,27935,5*37*151,1,1,1,27935,5*37*151,5;37;151,-,0.159963057217,2.603759474659,0.159963057217,0.000000000000,0.000000000000,0.159963057217,0.000000000000,YES
64,2,165,32,4,35,67;71;73;79,-,73,73,27935,5,2350151237753721389393443058061552027526017459775260831265591964429755980,2^2*3^4*5*7^4*13^2*17^2*19^2*23*37^2*41*43*47^2*53*59*61*67*71*73*79*83*89*97*137*139*149*151*157*163*167*173*179*181*191*193*197,27935,5*37*151,1,1,1,27935,5*37*151,5;37;151,-,0.159963057217,2.603759474659,0.159963057217,0.000000000000,0.000000000000,0.159963057217,0.000000000000,YES
64,2,165,32,8,39,67;71;73;79,-,73,73,755,3,2350151237753721389393443058061552027526017459775260831265591964429755980,2^2*3^4*5*7^4*13^2*17^2*19^2*23*37^2*41*43*47^2*53*59*61*67*71*73*79*83*89*97*137*139*149*151*157*163*167*173*179*181*191*193*197,755,5*151,1,1,1,755,5*151,5;151,-,0.103542464832,2.603759474659,0.103542464832,0.000000000000,0.000000000000,0.103542464832,0.056420592385,YES
64,2,166,32,1,32,67;71;73;79;83,-,73,73,85,2,3516391701601432755558610289881570326899830635302833875352276698658055940,2^2*3^4*5*7^3*13^2*17^2*19*23*37^2*41*43*47^2*53*59*61*67*71*73*79*83*89*97*137*139*149*151*157*163*167*173*179*181*191*193*197*199,85,5*17,1,1,1,85,5*17,5;17,-,0.069416425883,2.610055657416,0.069416425883,0.000000000000,0.000000000000,0.069416425883,0.000000000000,YES
64,2,166,32,2,33,67;71;73;79;83,-,73,73,85,2,3516391701601432755558610289881570326899830635302833875352276698658055940,2^2*3^4*5*7^3*13^2*17^2*19*23*37^2*41*43*47^2*53*59*61*67*71*73*79*83*89*97*137*139*149*151*157*163*167*173*179*181*191*193*197*199,85,5*17,1,1,1,85,5*17,5;17,-,0.069416425883,2.610055657416,0.069416425883,0.000000000000,0.000000000000,0.069416425883,0.000000000000,YES
64,2,166,32,4,35,67;71;73;79;83,-,73,73,5,1,3516391701601432755558610289881570326899830635302833875352276698658055940,2^2*3^4*5*7^3*13^2*17^2*19*23*37^2*41*43*47^2*53*59*61*67*71*73*79*83*89*97*137*139*149*151*157*163*167*173*179*181*191*193*197*199,5,5,1,1,1,5,5,5,-,0.025147467382,2.610055657416,0.025147467382,0.000000000000,0.000000000000,0.025147467382,0.044268958501,YES
64,2,166,32,8,39,67;71;73;79;83,-,73,73,5,1,3516391701601432755558610289881570326899830635302833875352276698658055940,2^2*3^4*5*7^3*13^2*17^2*19*23*37^2*41*43*47^2*53*59*61*67*71*73*79*83*89*97*137*139*149*151*157*163*167*173*179*181*191*193*197*199,5,5,1,1,1,5,5,5,-,0.025147467382,2.610055657416,0.025147467382,0.000000000000,0.000000000000,0.025147467382,0.044268958501,YES
64,2,167,33,1,33,67;71;73;79;83,-,73,73,10915,5,122282825609323180599875548142940421402571964999285399471593013223229973000,2^3*3^5*5^3*7^3*13^2*19*23*37^2*41*43*47^2*53*59*61*67^2*71*73*79*83*89*97*137*139*149*151*157*163*167*173*179*181*191*193*197*199,10915,5*37*59,1,1,1,10915,5*37*59,5;37;59,-,0.145279582328,2.665507239063,0.145279582328,0.000000000000,0.000000000000,0.145279582328,0.000000000000,YES
64,2,167,33,2,34,67;71;73;79;83,-,73,73,10915,5,122282825609323180599875548142940421402571964999285399471593013223229973000,2^3*3^5*5^3*7^3*13^2*19*23*37^2*41*43*47^2*53*59*61*67^2*71*73*79*83*89*97*137*139*149*151*157*163*167*173*179*181*191*193*197*199,10915,5*37*59,1,1,1,10915,5*37*59,5;37;59,-,0.145279582328,2.665507239063,0.145279582328,0.000000000000,0.000000000000,0.145279582328,0.000000000000,YES
64,2,167,33,4,36,67;71;73;79;83,-,73,73,10915,5,122282825609323180599875548142940421402571964999285399471593013223229973000,2^3*3^5*5^3*7^3*13^2*19*23*37^2*41*43*47^2*53*59*61*67^2*71*73*79*83*89*97*137*139*149*151*157*163*167*173*179*181*191*193*197*199,10915,5*37*59,1,1,1,10915,5*37*59,5;37;59,-,0.145279582328,2.665507239063,0.145279582328,0.000000000000,0.000000000000,0.145279582328,0.000000000000,YES
64,2,167,33,8,40,67;71;73;79;83,-,73,73,295,3,122282825609323180599875548142940421402571964999285399471593013223229973000,2^3*3^5*5^3*7^3*13^2*19*23*37^2*41*43*47^2*53*59*61*67^2*71*73*79*83*89*97*137*139*149*151*157*163*167*173*179*181*191*193*197*199,295,5*59,1,1,1,295,5*59,5;59,-,0.088858989943,2.665507239063,0.088858989943,0.000000000000,0.000000000000,0.088858989943,0.056420592385,YES
64,2,168,33,1,33,67;71;73;79;83,-,73,73,2425,4,184336796814054346874439259140850485994921917386982467860162602023078019000,2^3*3^5*5^3*7^3*13^2*19*23*37^2*41*43*47^2*53*59*61*67*71*73*79*83*89*97*101*137*139*149*151*157*163*167*173*179*181*191*193*197*199,2425,5^2*97,1,1,1,2425,5^2*97,5;97,-,0.121774793803,2.671920174961,0.121774793803,0.000000000000,0.000000000000,0.121774793803,0.000000000000,YES
64,2,168,33,2,34,67;71;73;79;83,-,73,73,2425,4,184336796814054346874439259140850485994921917386982467860162602023078019000,2^3*3^5*5^3*7^3*13^2*19*23*37^2*41*43*47^2*53*59*61*67*71*73*79*83*89*97*101*137*139*149*151*157*163*167*173*179*181*191*193*197*199,2425,5^2*97,1,1,1,2425,5^2*97,5;97,-,0.121774793803,2.671920174961,0.121774793803,0.000000000000,0.000000000000,0.121774793803,0.000000000000,YES
64,2,168,33,4,36,67;71;73;79;83,-,73,73,485,3,184336796814054346874439259140850485994921917386982467860162602023078019000,2^3*3^5*5^3*7^3*13^2*19*23*37^2*41*43*47^2*53*59*61*67*71*73*79*83*89*97*101*137*139*149*151*157*163*167*173*179*181*191*193*197*199,485,5*97,1,1,1,485,5*97,5;97,-,0.096627326421,2.671920174961,0.096627326421,0.000000000000,0.000000000000,0.096627326421,0.025147467382,YES
64,2,168,33,8,40,67;71;73;79;83,-,73,73,485,3,184336796814054346874439259140850485994921917386982467860162602023078019000,2^3*3^5*5^3*7^3*13^2*19*23*37^2*41*43*47^2*53*59*61*67*71*73*79*83*89*97*101*137*139*149*151*157*163*167*173*179*181*191*193*197*199,485,5*97,1,1,1,485,5*97,5;97,-,0.096627326421,2.671920174961,0.096627326421,0.000000000000,0.000000000000,0.096627326421,0.025147467382,YES
64,2,169,33,1,33,67;71;73;79;83,-,73,73,5,1,277187924098170610485267923004389990051623327626351414634170431190258058200,2^3*3^2*5^2*7^4*13^2*19*23*29*37^2*41*43*47^2*53*59*61*67*71*73*79*83*89*97*101*137*139*149*151*157*163*167*173*179*181*191*193*197*199,5,5,1,1,1,5,5,5,-,0.025147467382,2.678294099970,0.025147467382,0.000000000000,0.000000000000,0.025147467382,0.000000000000,YES
64,2,169,33,2,34,67;71;73;79;83,-,73,73,5,1,277187924098170610485267923004389990051623327626351414634170431190258058200,2^3*3^2*5^2*7^4*13^2*19*23*29*37^2*41*43*47^2*53*59*61*67*71*73*79*83*89*97*101*137*139*149*151*157*163*167*173*179*181*191*193*197*199,5,5,1,1,1,5,5,5,-,0.025147467382,2.678294099970,0.025147467382,0.000000000000,0.000000000000,0.025147467382,0.000000000000,YES
64,2,169,33,4,36,67;71;73;79;83,-,73,73,5,1,277187924098170610485267923004389990051623327626351414634170431190258058200,2^3*3^2*5^2*7^4*13^2*19*23*29*37^2*41*43*47^2*53*59*61*67*71*73*79*83*89*97*101*137*139*149*151*157*163*167*173*179*181*191*193*197*199,5,5,1,1,1,5,5,5,-,0.025147467382,2.678294099970,0.025147467382,0.000000000000,0.000000000000,0.025147467382,0.000000000000,YES
64,2,169,33,8,40,67;71;73;79;83,-,73,73,5,1,277187924098170610485267923004389990051623327626351414634170431190258058200,2^3*3^2*5^2*7^4*13^2*19*23*29*37^2*41*43*47^2*53*59*61*67*71*73*79*83*89*97*101*137*139*149*151*157*163*167*173*179*181*191*193*197*199,5,5,1,1,1,5,5,5,-,0.025147467382,2.678294099970,0.025147467382,0.000000000000,0.000000000000,0.025147467382,0.000000000000,YES
64,2,170,33,1,33,67;71;73;79;83,-,73,73,5,1,415781886147255915727901884506584985077434991439527121951255646785387087300,2^2*3^3*5^2*7^4*13^2*19*23*29*37^2*41*43*47^2*53*59*61*67*71*73*79*83*89*97*101*137*139*149*151*157*163*167*173*179*181*191*193*197*199,5,5,1,1,1,5,5,5,-,0.025147467382,2.684629492284,0.025147467382,0.000000000000,0.000000000000,0.025147467382,0.000000000000,YES
64,2,170,33,2,34,67;71;73;79;83,-,73,73,5,1,415781886147255915727901884506584985077434991439527121951255646785387087300,2^2*3^3*5^2*7^4*13^2*19*23*29*37^2*41*43*47^2*53*59*61*67*71*73*79*83*89*97*101*137*139*149*151*157*163*167*173*179*181*191*193*197*199,5,5,1,1,1,5,5,5,-,0.025147467382,2.684629492284,0.025147467382,0.000000000000,0.000000000000,0.025147467382,0.000000000000,YES
64,2,170,33,4,36,67;71;73;79;83,-,73,73,5,1,415781886147255915727901884506584985077434991439527121951255646785387087300,2^2*3^3*5^2*7^4*13^2*19*23*29*37^2*41*43*47^2*53*59*61*67*71*73*79*83*89*97*101*137*139*149*151*157*163*167*173*179*181*191*193*197*199,5,5,1,1,1,5,5,5,-,0.025147467382,2.684629492284,0.025147467382,0.000000000000,0.000000000000,0.025147467382,0.000000000000,YES
64,2,170,33,8,40,67;71;73;79;83,-,73,73,5,1,415781886147255915727901884506584985077434991439527121951255646785387087300,2^2*3^3*5^2*7^4*13^2*19*23*29*37^2*41*43*47^2*53*59*61*67*71*73*79*83*89*97*101*137*139*149*151*157*163*167*173*179*181*191*193*197*199,5,5,1,1,1,5,5,5,-,0.025147467382,2.684629492284,0.025147467382,0.000000000000,0.000000000000,0.025147467382,0.000000000000,YES
64,2,171,33,1,33,67;71;73;79;83,-,73,73,25,2,622155377081660311855619608203284101758205644124839854014652610153316444500,2^2*3^3*5^3*7^4*13^2*19*23*29*37^2*41^2*43*47^2*53*59*61*67*71*73*79*83*89*97*101*139*149*151*157*163*167*173*179*181*191*193*197*199,25,5^2,1,1,1,25,5^2,5,-,0.050294934764,2.690926821242,0.050294934764,0.000000000000,0.000000000000,0.050294934764,0.000000000000,YES
64,2,171,33,2,34,67;71;73;79;83,-,73,73,25,2,622155377081660311855619608203284101758205644124839854014652610153316444500,2^2*3^3*5^3*7^4*13^2*19*23*29*37^2*41^2*43*47^2*53*59*61*67*71*73*79*83*89*97*101*139*149*151*157*163*167*173*179*181*191*193*197*199,25,5^2,1,1,1,25,5^2,5,-,0.050294934764,2.690926821242,0.050294934764,0.000000000000,0.000000000000,0.050294934764,0.000000000000,YES
64,2,171,33,4,36,67;71;73;79;83,-,73,73,5,1,622155377081660311855619608203284101758205644124839854014652610153316444500,2^2*3^3*5^3*7^4*13^2*19*23*29*37^2*41^2*43*47^2*53*59*61*67*71*73*79*83*89*97*101*139*149*151*157*163*167*173*179*181*191*193*197*199,5,5,1,1,1,5,5,5,-,0.025147467382,2.690926821242,0.025147467382,0.000000000000,0.000000000000,0.025147467382,0.025147467382,YES
64,2,171,33,8,40,67;71;73;79;83,-,73,73,5,1,622155377081660311855619608203284101758205644124839854014652610153316444500,2^2*3^3*5^3*7^4*13^2*19*23*29*37^2*41^2*43*47^2*53*59*61*67*71*73*79*83*89*97*101*139*149*151*157*163*167*173*179*181*191*193*197*199,5,5,1,1,1,5,5,5,-,0.025147467382,2.690926821242,0.025147467382,0.000000000000,0.000000000000,0.025147467382,0.025147467382,YES
64,2,172,34,1,34,67;71;73;79;83,-,73,73,5,1,21657101705727476749508025577962808707896657205527690657055360491557322307240,2^3*3^5*5*7^2*13^2*19*23^2*29*37^2*41^2*43*47^2*53*59*61*67*71*73*79*83*89*97*101*103*139*149*151*157*163*167*173*179*181*191*193*197*199,5,5,1,1,1,5,5,5,-,0.025147467382,2.746393990603,0.025147467382,0.000000000000,0.000000000000,0.025147467382,0.000000000000,YES
64,2,172,34,2,35,67;71;73;79;83,-,73,73,5,1,21657101705727476749508025577962808707896657205527690657055360491557322307240,2^3*3^5*5*7^2*13^2*19*23^2*29*37^2*41^2*43*47^2*53*59*61*67*71*73*79*83*89*97*101*103*139*149*151*157*163*167*173*179*181*191*193*197*199,5,5,1,1,1,5,5,5,-,0.025147467382,2.746393990603,0.025147467382,0.000000000000,0.000000000000,0.025147467382,0.000000000000,YES
64,2,172,34,4,37,67;71;73;79;83,-,73,73,5,1,21657101705727476749508025577962808707896657205527690657055360491557322307240,2^3*3^5*5*7^2*13^2*19*23^2*29*37^2*41^2*43*47^2*53*59*61*67*71*73*79*83*89*97*101*103*139*149*151*157*163*167*173*179*181*191*193*197*199,5,5,1,1,1,5,5,5,-,0.025147467382,2.746393990603,0.025147467382,0.000000000000,0.000000000000,0.025147467382,0.000000000000,YES
64,2,172,34,8,41,67;71;73;79;83,-,73,73,5,1,21657101705727476749508025577962808707896657205527690657055360491557322307240,2^3*3^5*5*7^2*13^2*19*23^2*29*37^2*41^2*43*47^2*53*59*61*67*71*73*79*83*89*97*101*103*139*149*151*157*163*167*173*179*181*191*193*197*199,5,5,1,1,1,5,5,5,-,0.025147467382,2.746393990603,0.025147467382,0.000000000000,0.000000000000,0.025147467382,0.000000000000,YES
64,2,173,34,1,34,67;71;73;79;83,-,73,73,25,2,32642588078197935970272966088523653704655831150360577222228369436550166955840,2^6*3^4*5*7^2*13^3*19*23*29*37^2*41^2*43*47^2*53*59*61*67*71*73*79*83*89*97*101*103*139*149*151*157*163*167*173*179*181*191*193*197*199,5,5,1,1,1,5,5,5,-,0.050294934764,2.752804684267,0.025147467382,0.000000000000,0.000000000000,0.025147467382,0.000000000000,YES
64,2,173,34,2,35,67;71;73;79;83,-,73,73,5,1,32642588078197935970272966088523653704655831150360577222228369436550166955840,2^6*3^4*5*7^2*13^3*19*23*29*37^2*41^2*43*47^2*53*59*61*67*71*73*79*83*89*97*101*103*139*149*151*157*163*167*173*179*181*191*193*197*199,5,5,1,1,1,5,5,5,-,0.025147467382,2.752804684267,0.025147467382,0.000000000000,0.000000000000,0.025147467382,0.000000000000,YES
64,2,173,34,4,37,67;71;73;79;83,-,73,73,5,1,32642588078197935970272966088523653704655831150360577222228369436550166955840,2^6*3^4*5*7^2*13^3*19*23*29*37^2*41^2*43*47^2*53*59*61*67*71*73*79*83*89*97*101*103*139*149*151*157*163*167*173*179*181*191*193*197*199,5,5,1,1,1,5,5,5,-,0.025147467382,2.752804684267,0.025147467382,0.000000000000,0.000000000000,0.025147467382,0.000000000000,YES
64,2,173,34,8,41,67;71;73;79;83,-,73,73,5,1,32642588078197935970272966088523653704655831150360577222228369436550166955840,2^6*3^4*5*7^2*13^3*19*23*29*37^2*41^2*43*47^2*53*59*61*67*71*73*79*83*89*97*101*103*139*149*151*157*163*167*173*179*181*191*193*197*199,5,5,1,1,1,5,5,5,-,0.025147467382,2.752804684267,0.025147467382,0.000000000000,0.000000000000,0.025147467382,0.000000000000,YES
64,2,174,34,1,34,67;71;73;79;83,-,73,73,205,3,49081301498873155523647841097132687944410566262052954240616756922582625135040,2^6*3^4*5*7^2*11*13^3*19^2*23*29*37^2*41^2*43*47^2*53*59*61*67*71*73*79*83*89*97*101*103*149*151*157*163*167*173*179*181*191*193*197*199,205,5*41,1,1,1,205,5*41,5;41,-,0.083172030924,2.759177501749,0.083172030924,0.000000000000,0.000000000000,0.083172030924,0.000000000000,YES
64,2,174,34,2,35,67;71;73;79;83,-,73,73,205,3,49081301498873155523647841097132687944410566262052954240616756922582625135040,2^6*3^4*5*7^2*11*13^3*19^2*23*29*37^2*41^2*43*47^2*53*59*61*67*71*73*79*83*89*97*101*103*149*151*157*163*167*173*179*181*191*193*197*199,205,5*41,1,1,1,205,5*41,5;41,-,0.083172030924,2.759177501749,0.083172030924,0.000000000000,0.000000000000,0.083172030924,0.000000000000,YES
64,2,174,34,4,37,67;71;73;79;83,-,73,73,205,3,49081301498873155523647841097132687944410566262052954240616756922582625135040,2^6*3^4*5*7^2*11*13^3*19^2*23*29*37^2*41^2*43*47^2*53*59*61*67*71*73*79*83*89*97*101*103*149*151*157*163*167*173*179*181*191*193*197*199,205,5*41,1,1,1,205,5*41,5;41,-,0.083172030924,2.759177501749,0.083172030924,0.000000000000,0.000000000000,0.083172030924,0.000000000000,YES
64,2,174,34,8,41,67;71;73;79;83,-,73,73,5,1,49081301498873155523647841097132687944410566262052954240616756922582625135040,2^6*3^4*5*7^2*11*13^3*19^2*23*29*37^2*41^2*43*47^2*53*59*61*67*71*73*79*83*89*97*101*103*149*151*157*163*167*173*179*181*191*193*197*199,5,5,1,1,1,5,5,5,-,0.025147467382,2.759177501749,0.025147467382,0.000000000000,0.000000000000,0.025147467382,0.058024563542,YES
64,2,175,34,1,34,67;71;73;79;83,-,73,73,1,1,73621952248309733285471761645699031916615849393079431360925135383873937702560,2^5*3^5*5*7^2*11*13^3*19^2*23*29*37^2*41^2*43*47^2*53*59*61*67*71*73*79*83*89*97*101*103*149*151*157*163*167*173*179*181*191*193*197*199,1,1,1,1,1,1,1,-,-,0.000000000000,2.765512894063,0.000000000000,0.000000000000,0.000000000000,0.000000000000,0.000000000000,YES
64,2,175,34,2,35,67;71;73;79;83,-,73,73,1,1,73621952248309733285471761645699031916615849393079431360925135383873937702560,2^5*3^5*5*7^2*11*13^3*19^2*23*29*37^2*41^2*43*47^2*53*59*61*67*71*73*79*83*89*97*101*103*149*151*157*163*167*173*179*181*191*193*197*199,1,1,1,1,1,1,1,-,-,0.000000000000,2.765512894063,0.000000000000,0.000000000000,0.000000000000,0.000000000000,0.000000000000,YES
64,2,175,34,4,37,67;71;73;79;83,-,73,73,1,1,73621952248309733285471761645699031916615849393079431360925135383873937702560,2^5*3^5*5*7^2*11*13^3*19^2*23*29*37^2*41^2*43*47^2*53*59*61*67*71*73*79*83*89*97*101*103*149*151*157*163*167*173*179*181*191*193*197*199,1,1,1,1,1,1,1,-,-,0.000000000000,2.765512894063,0.000000000000,0.000000000000,0.000000000000,0.000000000000,0.000000000000,YES
64,2,175,34,8,41,67;71;73;79;83,-,73,73,1,1,73621952248309733285471761645699031916615849393079431360925135383873937702560,2^5*3^5*5*7^2*11*13^3*19^2*23*29*37^2*41^2*43*47^2*53*59*61*67*71*73*79*83*89*97*101*103*149*151*157*163*167*173*179*181*191*193*197*199,1,1,1,1,1,1,1,-,-,0.000000000000,2.765512894063,0.000000000000,0.000000000000,0.000000000000,0.000000000000,0.000000000000,YES
64,2,176,34,1,34,67;71;73;79;83,-,73,73,5,1,110171857619811019313720153952074437832666271077586950476278039475158871313760,2^5*3^4*5*7^2*11*13^3*19^2*23*29*37^2*41^2*43*47*53*59*61*67*71*73*79*83*89*97*101*103*149*151*157*163*167*173*179*181*191*193*197*199*211,5,5,1,1,1,5,5,5,-,0.025147467382,2.771811304112,0.025147467382,0.000000000000,0.000000000000,0.025147467382,0.000000000000,YES
64,2,176,34,2,35,67;71;73;79;83,-,73,73,5,1,110171857619811019313720153952074437832666271077586950476278039475158871313760,2^5*3^4*5*7^2*11*13^3*19^2*23*29*37^2*41^2*43*47*53*59*61*67*71*73*79*83*89*97*101*103*149*151*157*163*167*173*179*181*191*193*197*199*211,5,5,1,1,1,5,5,5,-,0.025147467382,2.771811304112,0.025147467382,0.000000000000,0.000000000000,0.025147467382,0.000000000000,YES
64,2,176,34,4,37,67;71;73;79;83,-,73,73,5,1,110171857619811019313720153952074437832666271077586950476278039475158871313760,2^5*3^4*5*7^2*11*13^3*19^2*23*29*37^2*41^2*43*47*53*59*61*67*71*73*79*83*89*97*101*103*149*151*157*163*167*173*179*181*191*193*197*199*211,5,5,1,1,1,5,5,5,-,0.025147467382,2.771811304112,0.025147467382,0.000000000000,0.000000000000,0.025147467382,0.000000000000,YES
64,2,176,34,8,41,67;71;73;79;83,-,73,73,5,1,110171857619811019313720153952074437832666271077586950476278039475158871313760,2^5*3^4*5*7^2*11*13^3*19^2*23*29*37^2*41^2*43*47*53*59*61*67*71*73*79*83*89*97*101*103*149*151*157*163*167*173*179*181*191*193*197*199*211,5,5,1,1,1,5,5,5,-,0.025147467382,2.771811304112,0.025147467382,0.000000000000,0.000000000000,0.025147467382,0.000000000000,YES
64,2,177,35,1,35,67;71;73;79;83,-,73,73,1,1,3838673150216193200717860549274593607077066463564441617057724653194655858830360,2^3*3*5*7^2*11*13^3*19^2*23*29*37^2*41^2*43*47*53^2*59*61*67*71^2*73*79*83*89*97*101*103*149*151*157*163*167*173*179*181*191*193*197*199*211,1,1,1,1,1,1,1,-,-,0.000000000000,2.827293187916,0.000000000000,0.000000000000,0.000000000000,0.000000000000,0.000000000000,YES
64,2,177,35,2,36,67;71;73;79;83,-,73,73,1,1,3838673150216193200717860549274593607077066463564441617057724653194655858830360,2^3*3*5*7^2*11*13^3*19^2*23*29*37^2*41^2*43*47*53^2*59*61*67*71^2*73*79*83*89*97*101*103*149*151*157*163*167*173*179*181*191*193*197*199*211,1,1,1,1,1,1,1,-,-,0.000000000000,2.827293187916,0.000000000000,0.000000000000,0.000000000000,0.000000000000,0.000000000000,YES
64,2,177,35,4,38,67;71;73;79;83,-,73,73,1,1,3838673150216193200717860549274593607077066463564441617057724653194655858830360,2^3*3*5*7^2*11*13^3*19^2*23*29*37^2*41^2*43*47*53^2*59*61*67*71^2*73*79*83*89*97*101*103*149*151*157*163*167*173*179*181*191*193*197*199*211,1,1,1,1,1,1,1,-,-,0.000000000000,2.827293187916,0.000000000000,0.000000000000,0.000000000000,0.000000000000,0.000000000000,YES
64,2,177,35,8,42,67;71;73;79;83,-,73,73,1,1,3838673150216193200717860549274593607077066463564441617057724653194655858830360,2^3*3*5*7^2*11*13^3*19^2*23*29*37^2*41^2*43*47*53^2*59*61*67*71^2*73*79*83*89*97*101*103*149*151*157*163*167*173*179*181*191*193*197*199*211,1,1,1,1,1,1,1,-,-,0.000000000000,2.827293187916,0.000000000000,0.000000000000,0.000000000000,0.000000000000,0.000000000000,YES
64,2,178,35,1,35,67;71;73;79;83;89,-,73,73,305,3,5785042634832854541926916602427908675454170585935144408805303350589129252040120,2^3*3*5*7^2*11*13^3*19^2*23*29*37^2*41^2*43*47*53^2*59*61*67*71*73*79*83*89*97*101*103*107*149*151*157*163*167*173*179*181*191*193*197*199*211,305,5*61,1,1,1,305,5*61,5;61,-,0.089379871509,2.833701765376,0.089379871509,0.000000000000,0.000000000000,0.089379871509,0.000000000000,YES
64,2,178,35,2,36,67;71;73;79;83;89,-,73,73,305,3,5785042634832854541926916602427908675454170585935144408805303350589129252040120,2^3*3*5*7^2*11*13^3*19^2*23*29*37^2*41^2*43*47*53^2*59*61*67*71*73*79*83*89*97*101*103*107*149*151*157*163*167*173*179*181*191*193*197*199*211,305,5*61,1,1,1,305,5*61,5;61,-,0.089379871509,2.833701765376,0.089379871509,0.000000000000,0.000000000000,0.089379871509,0.000000000000,YES
64,2,178,35,4,38,67;71;73;79;83;89,-,73,73,305,3,5785042634832854541926916602427908675454170585935144408805303350589129252040120,2^3*3*5*7^2*11*13^3*19^2*23*29*37^2*41^2*43*47*53^2*59*61*67*71*73*79*83*89*97*101*103*107*149*151*157*163*167*173*179*181*191*193*197*199*211,305,5*61,1,1,1,305,5*61,5;61,-,0.089379871509,2.833701765376,0.089379871509,0.000000000000,0.000000000000,0.089379871509,0.000000000000,YES
64,2,178,35,8,42,67;71;73;79;83;89,-,73,73,305,3,5785042634832854541926916602427908675454170585935144408805303350589129252040120,2^3*3*5*7^2*11*13^3*19^2*23*29*37^2*41^2*43*47*53^2*59*61*67*71*73*79*83*89*97*101*103*107*149*151*157*163*167*173*179*181*191*193*197*199*211,305,5*61,1,1,1,305,5*61,5;61,-,0.089379871509,2.833701765376,0.089379871509,0.000000000000,0.000000000000,0.089379871509,0.000000000000,YES
64,2,179,35,1,35,67;71;73;79;83;89,-,73,73,19,2,8697791374049396688911098388265736819738787943888503831420560981654984539780600,2^3*3*5^2*7^2*13^2*19^2*23*29*37^2*41^2*43^2*47*53^2*59*61*67*71*73*79*83*89*97*101*103*107*149*151*157*163*167*173*179*181*191*193*197*199*211,19,19,1,1,1,19,19,19,-,0.046006859049,2.840073537217,0.046006859049,0.000000000000,0.000000000000,0.046006859049,0.000000000000,YES
64,2,179,35,2,36,67;71;73;79;83;89,-,73,73,19,2,8697791374049396688911098388265736819738787943888503831420560981654984539780600,2^3*3*5^2*7^2*13^2*19^2*23*29*37^2*41^2*43^2*47*53^2*59*61*67*71*73*79*83*89*97*101*103*107*149*151*157*163*167*173*179*181*191*193*197*199*211,19,19,1,1,1,19,19,19,-,0.046006859049,2.840073537217,0.046006859049,0.000000000000,0.000000000000,0.046006859049,0.000000000000,YES
64,2,179,35,4,38,67;71;73;79;83;89,-,73,73,1,1,8697791374049396688911098388265736819738787943888503831420560981654984539780600,2^3*3*5^2*7^2*13^2*19^2*23*29*37^2*41^2*43^2*47*53^2*59*61*67*71*73*79*83*89*97*101*103*107*149*151*157*163*167*173*179*181*191*193*197*199*211,1,1,1,1,1,1,1,-,-,0.000000000000,2.840073537217,0.000000000000,0.000000000000,0.000000000000,0.000000000000,0.046006859049,YES
64,2,179,35,8,42,67;71;73;79;83;89,-,73,73,1,1,8697791374049396688911098388265736819738787943888503831420560981654984539780600,2^3*3*5^2*7^2*13^2*19^2*23*29*37^2*41^2*43^2*47*53^2*59*61*67*71*73*79*83*89*97*101*103*107*149*151*157*163*167*173*179*181*191*193*197*199*211,1,1,1,1,1,1,1,-,-,0.000000000000,2.840073537217,0.000000000000,0.000000000000,0.000000000000,0.000000000000,0.046006859049,YES
64,2,180,35,1,35,67;71;73;79;83;89,-,73,73,5,1,13046687061074095033366647582398605229608181915832755747130841472482476809670900,2^2*3^2*5^2*7^2*13^2*19^2*23*29*37^2*41^2*43^2*47*53^2*59*61*67*71*73*79*83*89*97*101*103*107*149*151*157*163*167*173*179*181*191*193*197*199*211,5,5,1,1,1,5,5,5,-,0.025147467382,2.846408929532,0.025147467382,0.000000000000,0.000000000000,0.025147467382,0.000000000000,YES
64,2,180,35,2,36,67;71;73;79;83;89,-,73,73,5,1,13046687061074095033366647582398605229608181915832755747130841472482476809670900,2^2*3^2*5^2*7^2*13^2*19^2*23*29*37^2*41^2*43^2*47*53^2*59*61*67*71*73*79*83*89*97*101*103*107*149*151*157*163*167*173*179*181*191*193*197*199*211,5,5,1,1,1,5,5,5,-,0.025147467382,2.846408929532,0.025147467382,0.000000000000,0.000000000000,0.025147467382,0.000000000000,YES
64,2,180,35,4,38,67;71;73;79;83;89,-,73,73,5,1,13046687061074095033366647582398605229608181915832755747130841472482476809670900,2^2*3^2*5^2*7^2*13^2*19^2*23*29*37^2*41^2*43^2*47*53^2*59*61*67*71*73*79*83*89*97*101*103*107*149*151*157*163*167*173*179*181*191*193*197*199*211,5,5,1,1,1,5,5,5,-,0.025147467382,2.846408929532,0.025147467382,0.000000000000,0.000000000000,0.025147467382,0.000000000000,YES
64,2,180,35,8,42,67;71;73;79;83;89,-,73,73,5,1,13046687061074095033366647582398605229608181915832755747130841472482476809670900,2^2*3^2*5^2*7^2*13^2*19^2*23*29*37^2*41^2*43^2*47*53^2*59*61*67*71*73*79*83*89*97*101*103*107*149*151*157*163*167*173*179*181*191*193*197*199*211,5,5,1,1,1,5,5,5,-,0.025147467382,2.846408929532,0.025147467382,0.000000000000,0.000000000000,0.025147467382,0.000000000000,YES
64,2,181,35,1,35,67;71;73;79;83;89,-,73,73,95,2,19525042015538473256831465692279291964310175694729020669844086893301361846197140,2^2*3^2*5*7^3*13^2*19^2*23*31*37^2*41^2*43^2*47*53^2*59*61*67*71*73*79*83*89*97*101*103*107*149*151*157*163*167*173*179*181*191*193*197*199*211,95,5*19,1,1,1,95,5*19,5;19,-,0.071154326431,2.852708360955,0.071154326431,0.000000000000,0.000000000000,0.071154326431,0.000000000000,YES
64,2,181,35,2,36,67;71;73;79;83;89,-,73,73,95,2,19525042015538473256831465692279291964310175694729020669844086893301361846197140,2^2*3^2*5*7^3*13^2*19^2*23*31*37^2*41^2*43^2*47*53^2*59*61*67*71*73*79*83*89*97*101*103*107*149*151*157*163*167*173*179*181*191*193*197*199*211,95,5*19,1,1,1,95,5*19,5;19,-,0.071154326431,2.852708360955,0.071154326431,0.000000000000,0.000000000000,0.071154326431,0.000000000000,YES
64,2,181,35,4,38,67;71;73;79;83;89,-,73,73,5,1,19525042015538473256831465692279291964310175694729020669844086893301361846197140,2^2*3^2*5*7^3*13^2*19^2*23*31*37^2*41^2*43^2*47*53^2*59*61*67*71*73*79*83*89*97*101*103*107*149*151*157*163*167*173*179*181*191*193*197*199*211,5,5,1,1,1,5,5,5,-,0.025147467382,2.852708360955,0.025147467382,0.000000000000,0.000000000000,0.025147467382,0.046006859049,YES
64,2,181,35,8,42,67;71;73;79;83;89,-,73,73,5,1,19525042015538473256831465692279291964310175694729020669844086893301361846197140,2^2*3^2*5*7^3*13^2*19^2*23*31*37^2*41^2*43^2*47*53^2*59*61*67*71*73*79*83*89*97*101*103*107*149*151*157*163*167*173*179*181*191*193*197*199*211,5,5,1,1,1,5,5,5,-,0.025147467382,2.852708360955,0.025147467382,0.000000000000,0.000000000000,0.025147467382,0.046006859049,YES
64,2,182,36,1,36,67;71;73;79;83;89,-,73,73,5,1,680909098543343893519099952579107346208982036535977286208689844017526382221434520,2^3*3^3*5*7^3*13^2*19^2*23*31*41^2*43^2*47*53^2*59*61*67*71*73^2*79*83*89*97*101*103*107*109*149*151*157*163*167*173*179*181*191*193*197*199*211,5,5,1,1,1,5,5,5,-,0.025147467382,2.908204157320,0.025147467382,0.000000000000,0.000000000000,0.025147467382,0.000000000000,YES
64,2,182,36,2,37,67;71;73;79;83;89,-,73,73,5,1,680909098543343893519099952579107346208982036535977286208689844017526382221434520,2^3*3^3*5*7^3*13^2*19^2*23*31*41^2*43^2*47*53^2*59*61*67*71*73^2*79*83*89*97*101*103*107*109*149*151*157*163*167*173*179*181*191*193*197*199*211,5,5,1,1,1,5,5,5,-,0.025147467382,2.908204157320,0.025147467382,0.000000000000,0.000000000000,0.025147467382,0.000000000000,YES
64,2,182,36,4,39,67;71;73;79;83;89,-,73,73,5,1,680909098543343893519099952579107346208982036535977286208689844017526382221434520,2^3*3^3*5*7^3*13^2*19^2*23*31*41^2*43^2*47*53^2*59*61*67*71*73^2*79*83*89*97*101*103*107*109*149*151*157*163*167*173*179*181*191*193*197*199*211,5,5,1,1,1,5,5,5,-,0.025147467382,2.908204157320,0.025147467382,0.000000000000,0.000000000000,0.025147467382,0.000000000000,YES
64,2,182,36,8,43,67;71;73;79;83;89,-,73,73,5,1,680909098543343893519099952579107346208982036535977286208689844017526382221434520,2^3*3^3*5*7^3*13^2*19^2*23*31*41^2*43^2*47*53^2*59*61*67*71*73^2*79*83*89*97*101*103*107*109*149*151*157*163*167*173*179*181*191*193*197*199*211,5,5,1,1,1,5,5,5,-,0.025147467382,2.908204157320,0.025147467382,0.000000000000,0.000000000000,0.025147467382,0.000000000000,YES
64,2,183,36,1,36,67;71;73;79;83;89,-,73,73,4075,4,1026027408763942853247958832653449425794356493410376732643231271807231534854216400,2^4*3^3*5^2*7^3*11*13^2*19^2*23*31*41^2*43^2*47*53^2*59*61*67*71*73*79*83*89*97*101*103*107*109*149*151*157*163*167*173*179*181*191*193*197*199*211,4075,5^2*163,1,1,1,4075,5^2*163,5;163,-,0.129884781651,2.914610734267,0.129884781651,0.000000000000,0.000000000000,0.129884781651,0.000000000000,YES
64,2,183,36,2,37,67;71;73;79;83;89,-,73,73,4075,4,1026027408763942853247958832653449425794356493410376732643231271807231534854216400,2^4*3^3*5^2*7^3*11*13^2*19^2*23*31*41^2*43^2*47*53^2*59*61*67*71*73*79*83*89*97*101*103*107*109*149*151*157*163*167*173*179*181*191*193*197*199*211,4075,5^2*163,1,1,1,4075,5^2*163,5;163,-,0.129884781651,2.914610734267,0.129884781651,0.000000000000,0.000000000000,0.129884781651,0.000000000000,YES
64,2,183,36,4,39,67;71;73;79;83;89,-,73,73,4075,4,1026027408763942853247958832653449425794356493410376732643231271807231534854216400,2^4*3^3*5^2*7^3*11*13^2*19^2*23*31*41^2*43^2*47*53^2*59*61*67*71*73*79*83*89*97*101*103*107*109*149*151*157*163*167*173*179*181*191*193*197*199*211,4075,5^2*163,1,1,1,4075,5^2*163,5;163,-,0.129884781651,2.914610734267,0.129884781651,0.000000000000,0.000000000000,0.129884781651,0.000000000000,YES
64,2,183,36,8,43,67;71;73;79;83;89,-,73,73,815,3,1026027408763942853247958832653449425794356493410376732643231271807231534854216400,2^4*3^3*5^2*7^3*11*13^2*19^2*23*31*41^2*43^2*47*53^2*59*61*67*71*73*79*83*89*97*101*103*107*109*149*151*157*163*167*173*179*181*191*193*197*199*211,815,5*163,1,1,1,815,5*163,5;163,-,0.104737314269,2.914610734267,0.104737314269,0.000000000000,0.000000000000,0.104737314269,0.025147467382,YES
64,2,184,36,1,36,67;71;73;79;83;89,-,73,73,5,1,1542531002291369867808155796030015803405120986691790870164313680744205232671985200,2^4*3^2*5^2*7*11*13^3*17*19^2*23*31*41^2*43^2*47*53^2*59*61*67*71*73*79*83*89*97*101*103*107*109*149*151*157*163*167*173*179*181*191*193*197*199*211,5,5,1,1,1,5,5,5,-,0.025147467382,2.920981517310,0.025147467382,0.000000000000,0.000000000000,0.025147467382,0.000000000000,YES
64,2,184,36,2,37,67;71;73;79;83;89,-,73,73,5,1,1542531002291369867808155796030015803405120986691790870164313680744205232671985200,2^4*3^2*5^2*7*11*13^3*17*19^2*23*31*41^2*43^2*47*53^2*59*61*67*71*73*79*83*89*97*101*103*107*109*149*151*157*163*167*173*179*181*191*193*197*199*211,5,5,1,1,1,5,5,5,-,0.025147467382,2.920981517310,0.025147467382,0.000000000000,0.000000000000,0.025147467382,0.000000000000,YES
64,2,184,36,4,39,67;71;73;79;83;89,-,73,73,5,1,1542531002291369867808155796030015803405120986691790870164313680744205232671985200,2^4*3^2*5^2*7*11*13^3*17*19^2*23*31*41^2*43^2*47*53^2*59*61*67*71*73*79*83*89*97*101*103*107*109*149*151*157*163*167*173*179*181*191*193*197*199*211,5,5,1,1,1,5,5,5,-,0.025147467382,2.920981517310,0.025147467382,0.000000000000,0.000000000000,0.025147467382,0.000000000000,YES
64,2,184,36,8,43,67;71;73;79;83;89,-,73,73,5,1,1542531002291369867808155796030015803405120986691790870164313680744205232671985200,2^4*3^2*5^2*7*11*13^3*17*19^2*23*31*41^2*43^2*47*53^2*59*61*67*71*73*79*83*89*97*101*103*107*109*149*151*157*163*167*173*179*181*191*193*197*199*211,5,5,1,1,1,5,5,5,-,0.025147467382,2.920981517310,0.025147467382,0.000000000000,0.000000000000,0.025147467382,0.000000000000,YES
64,2,185,36,1,36,67;71;73;79;83;89,-,73,73,1,1,2313796503437054801712233694045023705107681480037686305246470521116307849007977800,2^3*3^3*5^2*7*11*13^3*17*19^2*23*31*41^2*43^2*47*53^2*59*61*67*71*73*79*83*89*97*101*103*107*109*149*151*157*163*167*173*179*181*191*193*197*199*211,1,1,1,1,1,1,1,-,-,0.000000000000,2.927316909624,0.000000000000,0.000000000000,0.000000000000,0.000000000000,0.000000000000,YES
64,2,185,36,2,37,67;71;73;79;83;89,-,73,73,1,1,2313796503437054801712233694045023705107681480037686305246470521116307849007977800,2^3*3^3*5^2*7*11*13^3*17*19^2*23*31*41^2*43^2*47*53^2*59*61*67*71*73*79*83*89*97*101*103*107*109*149*151*157*163*167*173*179*181*191*193*197*199*211,1,1,1,1,1,1,1,-,-,0.000000000000,2.927316909624,0.000000000000,0.000000000000,0.000000000000,0.000000000000,0.000000000000,YES
64,2,185,36,4,39,67;71;73;79;83;89,-,73,73,1,1,2313796503437054801712233694045023705107681480037686305246470521116307849007977800,2^3*3^3*5^2*7*11*13^3*17*19^2*23*31*41^2*43^2*47*53^2*59*61*67*71*73*79*83*89*97*101*103*107*109*149*151*157*163*167*173*179*181*191*193*197*199*211,1,1,1,1,1,1,1,-,-,0.000000000000,2.927316909624,0.000000000000,0.000000000000,0.000000000000,0.000000000000,0.000000000000,YES
64,2,185,36,8,43,67;71;73;79;83;89,-,73,73,1,1,2313796503437054801712233694045023705107681480037686305246470521116307849007977800,2^3*3^3*5^2*7*11*13^3*17*19^2*23*31*41^2*43^2*47*53^2*59*61*67*71*73*79*83*89*97*101*103*107*109*149*151*157*163*167*173*179*181*191*193*197*199*211,1,1,1,1,1,1,1,-,-,0.000000000000,2.927316909624,0.000000000000,0.000000000000,0.000000000000,0.000000000000,0.000000000000,YES
64,2,186,36,1,36,67;71;73;79;83;89,-,73,73,1475,4,3462930337358813562294148414577451585496731342606738564227939102073400337777040600,2^3*3^3*5^2*7*11*13^3*17*19^2*23*31*41^2*43^2*47*53^2*59*61*67*71*73*79*83*89*97*101*103*107*109*151*157*163*167*173*179*181*191*193*197*199*211*223,1475,5^2*59,1,1,1,1475,5^2*59,5;59,-,0.114006457325,2.933617307523,0.114006457325,0.000000000000,0.000000000000,0.114006457325,0.000000000000,YES
64,2,186,36,2,37,67;71;73;79;83;89,-,73,73,1475,4,3462930337358813562294148414577451585496731342606738564227939102073400337777040600,2^3*3^3*5^2*7*11*13^3*17*19^2*23*31*41^2*43^2*47*53^2*59*61*67*71*73*79*83*89*97*101*103*107*109*151*157*163*167*173*179*181*191*193*197*199*211*223,1475,5^2*59,1,1,1,1475,5^2*59,5;59,-,0.114006457325,2.933617307523,0.114006457325,0.000000000000,0.000000000000,0.114006457325,0.000000000000,YES
64,2,186,36,4,39,67;71;73;79;83;89,-,73,73,1475,4,3462930337358813562294148414577451585496731342606738564227939102073400337777040600,2^3*3^3*5^2*7*11*13^3*17*19^2*23*31*41^2*43^2*47*53^2*59*61*67*71*73*79*83*89*97*101*103*107*109*151*157*163*167*173*179*181*191*193*197*199*211*223,1475,5^2*59,1,1,1,1475,5^2*59,5;59,-,0.114006457325,2.933617307523,0.114006457325,0.000000000000,0.000000000000,0.114006457325,0.000000000000,YES
64,2,186,36,8,43,67;71;73;79;83;89,-,73,73,295,3,3462930337358813562294148414577451585496731342606738564227939102073400337777040600,2^3*3^3*5^2*7*11*13^3*17*19^2*23*31*41^2*43^2*47*53^2*59*61*67*71*73*79*83*89*97*101*103*107*109*151*157*163*167*173*179*181*191*193*197*199*211*223,295,5*59,1,1,1,295,5*59,5;59,-,0.088858989943,2.933617307523,0.088858989943,0.000000000000,0.000000000000,0.088858989943,0.025147467382,YES
64,2,187,37,1,37,67;71;73;79;83;89,-,73,73,61,2,120866820639116484445723739677772548413459321099293368169728622399237795722965960000,2^6*3^5*5^4*7^2*11*13^3*17*23*31*41^2*43^2*47*53^2*59*61*67*71*73*79*83*89*97*101*103*107*109*151*157*163*167*173*179*181*191*193*197*199*211*223,61,61,1,1,1,61,61,61,-,0.064232404128,2.989126278376,0.064232404128,0.000000000000,0.000000000000,0.064232404128,0.000000000000,YES
64,2,187,37,2,38,67;71;73;79;83;89,-,73,73,61,2,120866820639116484445723739677772548413459321099293368169728622399237795722965960000,2^6*3^5*5^4*7^2*11*13^3*17*23*31*41^2*43^2*47*53^2*59*61*67*71*73*79*83*89*97*101*103*107*109*151*157*163*167*173*179*181*191*193*197*199*211*223,61,61,1,1,1,61,61,61,-,0.064232404128,2.989126278376,0.064232404128,0.000000000000,0.000000000000,0.064232404128,0.000000000000,YES
64,2,187,37,4,40,67;71;73;79;83;89,-,73,73,61,2,120866820639116484445723739677772548413459321099293368169728622399237795722965960000,2^6*3^5*5^4*7^2*11*13^3*17*23*31*41^2*43^2*47*53^2*59*61*67*71*73*79*83*89*97*101*103*107*109*151*157*163*167*173*179*181*191*193*197*199*211*223,61,61,1,1,1,61,61,61,-,0.064232404128,2.989126278376,0.064232404128,0.000000000000,0.000000000000,0.064232404128,0.000000000000,YES
64,2,187,37,8,44,67;71;73;79;83;89,-,73,73,61,2,120866820639116484445723739677772548413459321099293368169728622399237795722965960000,2^6*3^5*5^4*7^2*11*13^3*17*23*31*41^2*43^2*47*53^2*59*61*67*71*73*79*83*89*97*101*103*107*109*151*157*163*167*173*179*181*191*193*197*199*211*223,61,61,1,1,1,61,61,61,-,0.064232404128,2.989126278376,0.064232404128,0.000000000000,0.000000000000,0.064232404128,0.000000000000,YES
64,2,188,37,1,37,67;71;73;79;83;89,-,73,73,25,2,182106009762935503231557101114510639609612043789602008042391124414851612222602046400,2^6*3^4*5^2*7^2*11*13^3*17*23*31*41^2*43^2*47*53^2*59*61*67*71*73*79*83*89*97*101*103*107*109*113*151*157*163*167*173*179*181*191*193*197*199*211*223,25,5^2,1,1,1,25,5^2,5,-,0.050294934764,2.995530961270,0.050294934764,0.000000000000,0.000000000000,0.050294934764,0.000000000000,YES
64,2,188,37,2,38,67;71;73;79;83;89,-,73,73,25,2,182106009762935503231557101114510639609612043789602008042391124414851612222602046400,2^6*3^4*5^2*7^2*11*13^3*17*23*31*41^2*43^2*47*53^2*59*61*67*71*73*79*83*89*97*101*103*107*109*113*151*157*163*167*173*179*181*191*193*197*199*211*223,25,5^2,1,1,1,25,5^2,5,-,0.050294934764,2.995530961270,0.050294934764,0.000000000000,0.000000000000,0.050294934764,0.000000000000,YES
64,2,188,37,4,40,67;71;73;79;83;89,-,73,73,5,1,182106009762935503231557101114510639609612043789602008042391124414851612222602046400,2^6*3^4*5^2*7^2*11*13^3*17*23*31*41^2*43^2*47*53^2*59*61*67*71*73*79*83*89*97*101*103*107*109*113*151*157*163*167*173*179*181*191*193*197*199*211*223,5,5,1,1,1,5,5,5,-,0.025147467382,2.995530961270,0.025147467382,0.000000000000,0.000000000000,0.025147467382,0.025147467382,YES
64,2,188,37,8,44,67;71;73;79;83;89,-,73,73,5,1,182106009762935503231557101114510639609612043789602008042391124414851612222602046400,2^6*3^4*5^2*7^2*11*13^3*17*23*31*41^2*43^2*47*53^2*59*61*67*71*73*79*83*89*97*101*103*107*109*113*151*157*163*167*173*179*181*191*193*197*199*211*223,5,5,1,1,1,5,5,5,-,0.025147467382,2.995530961270,0.025147467382,0.000000000000,0.000000000000,0.025147467382,0.025147467382,YES
64,2,189,37,1,37,67;71;73;79;83;89,-,73,73,1,1,273762014676730855851413655317840497956171747948606992222667451934909377314772612800,2^6*3^4*5^2*7^2*11*13^3*17*23*31*41^2*43^2*47*53^2*59*61*67*71*73*79*83*89*97*101*103*107*109*113*157*163*167*173*179*181*191*193*197*199*211*223*227,1,1,1,1,1,1,1,-,-,0.000000000000,3.001900807842,0.000000000000,0.000000000000,0.000000000000,0.000000000000,0.000000000000,YES
64,2,189,37,2,38,67;71;73;79;83;89,-,73,73,1,1,273762014676730855851413655317840497956171747948606992222667451934909377314772612800,2^6*3^4*5^2*7^2*11*13^3*17*23*31*41^2*43^2*47*53^2*59*61*67*71*73*79*83*89*97*101*103*107*109*113*157*163*167*173*179*181*191*193*197*199*211*223*227,1,1,1,1,1,1,1,-,-,0.000000000000,3.001900807842,0.000000000000,0.000000000000,0.000000000000,0.000000000000,0.000000000000,YES
64,2,189,37,4,40,67;71;73;79;83;89,-,73,73,1,1,273762014676730855851413655317840497956171747948606992222667451934909377314772612800,2^6*3^4*5^2*7^2*11*13^3*17*23*31*41^2*43^2*47*53^2*59*61*67*71*73*79*83*89*97*101*103*107*109*113*157*163*167*173*179*181*191*193*197*199*211*223*227,1,1,1,1,1,1,1,-,-,0.000000000000,3.001900807842,0.000000000000,0.000000000000,0.000000000000,0.000000000000,0.000000000000,YES
64,2,189,37,8,44,67;71;73;79;83;89,-,73,73,1,1,273762014676730855851413655317840497956171747948606992222667451934909377314772612800,2^6*3^4*5^2*7^2*11*13^3*17*23*31*41^2*43^2*47*53^2*59*61*67*71*73*79*83*89*97*101*103*107*109*113*157*163*167*173*179*181*191*193*197*199*211*223*227,1,1,1,1,1,1,1,-,-,0.000000000000,3.001900807842,0.000000000000,0.000000000000,0.000000000000,0.000000000000,0.000000000000,YES
64,2,190,37,1,37,67;71;73;79;83;89,-,73,73,85,2,410643022015096283777120482976760746934257621922910488334001177902364065972158919200,2^5*3^5*5^2*7^2*11*13^3*17*23*31*41^2*43^2*47*53^2*59*61*67*71*73*79*83*89*97*101*103*107*109*113*157*163*167*173*179*181*191*193*197*199*211*223*227,85,5*17,1,1,1,85,5*17,5;17,-,0.069416425883,3.008236200157,0.069416425883,0.000000000000,0.000000000000,0.069416425883,0.000000000000,YES
64,2,190,37,2,38,67;71;73;79;83;89,-,73,73,85,2,410643022015096283777120482976760746934257621922910488334001177902364065972158919200,2^5*3^5*5^2*7^2*11*13^3*17*23*31*41^2*43^2*47*53^2*59*61*67*71*73*79*83*89*97*101*103*107*109*113*157*163*167*173*179*181*191*193*197*199*211*223*227,85,5*17,1,1,1,85,5*17,5;17,-,0.069416425883,3.008236200157,0.069416425883,0.000000000000,0.000000000000,0.069416425883,0.000000000000,YES
64,2,190,37,4,40,67;71;73;79;83;89,-,73,73,85,2,410643022015096283777120482976760746934257621922910488334001177902364065972158919200,2^5*3^5*5^2*7^2*11*13^3*17*23*31*41^2*43^2*47*53^2*59*61*67*71*73*79*83*89*97*101*103*107*109*113*157*163*167*173*179*181*191*193*197*199*211*223*227,85,5*17,1,1,1,85,5*17,5;17,-,0.069416425883,3.008236200157,0.069416425883,0.000000000000,0.000000000000,0.069416425883,0.000000000000,YES
64,2,190,37,8,44,67;71;73;79;83;89,-,73,73,85,2,410643022015096283777120482976760746934257621922910488334001177902364065972158919200,2^5*3^5*5^2*7^2*11*13^3*17*23*31*41^2*43^2*47*53^2*59*61*67*71*73*79*83*89*97*101*103*107*109*113*157*163*167*173*179*181*191*193*197*199*211*223*227,85,5*17,1,1,1,85,5*17,5;17,-,0.069416425883,3.008236200157,0.069416425883,0.000000000000,0.000000000000,0.069416425883,0.000000000000,YES
64,2,191,37,1,37,67;71;73;79;83;89,-,73,73,25,2,614622562362464372450722814390053666980032649806186286460694573461708307892969885600,2^5*3^3*5^2*7^2*11*13^3*23*31*41^2*43^2*47*53^2*59*61*67*71*73*79*83*89*97*101*103*107*109*113*157*163*167*173*179*181*191*193*197*199*211*223*227*229,25,5^2,1,1,1,25,5^2,5,-,0.050294934764,3.014537513940,0.050294934764,0.000000000000,0.000000000000,0.050294934764,0.000000000000,YES
64,2,191,37,2,38,67;71;73;79;83;89,-,73,73,25,2,614622562362464372450722814390053666980032649806186286460694573461708307892969885600,2^5*3^3*5^2*7^2*11*13^3*23*31*41^2*43^2*47*53^2*59*61*67*71*73*79*83*89*97*101*103*107*109*113*157*163*167*173*179*181*191*193*197*199*211*223*227*229,25,5^2,1,1,1,25,5^2,5,-,0.050294934764,3.014537513940,0.050294934764,0.000000000000,0.000000000000,0.050294934764,0.000000000000,YES
64,2,191,37,4,40,67;71;73;79;83;89,-,73,73,5,1,614622562362464372450722814390053666980032649806186286460694573461708307892969885600,2^5*3^3*5^2*7^2*11*13^3*23*31*41^2*43^2*47*53^2*59*61*67*71*73*79*83*89*97*101*103*107*109*113*157*163*167*173*179*181*191*193*197*199*211*223*227*229,5,5,1,1,1,5,5,5,-,0.025147467382,3.014537513940,0.025147467382,0.000000000000,0.000000000000,0.025147467382,0.025147467382,YES
64,2,191,37,8,44,67;71;73;79;83;89,-,73,73,5,1,614622562362464372450722814390053666980032649806186286460694573461708307892969885600,2^5*3^3*5^2*7^2*11*13^3*23*31*41^2*43^2*47*53^2*59*61*67*71*73*79*83*89*97*101*103*107*109*113*157*163*167*173*179*181*191*193*197*199*211*223*227*229,5,5,1,1,1,5,5,5,-,0.025147467382,3.014537513940,0.025147467382,0.000000000000,0.000000000000,0.025147467382,0.025147467382,YES
64,2,192,38,1,38,67;71;73;79;83;89,-,73,73,55,2,21469360117237167724067654916859665566501732205261457856447536284037187638628198568000,2^6*3^2*5^3*7^3*11^2*13*23^2*31*41^2*43^2*47*53^2*59*61*67*71*73*79*83*89*97*101*103*107*109*113*157*163*167*173*179*181*191*193*197*199*211*223*227*229,55,5*11,1,1,1,55,5*11,5;11,-,0.062614581019,3.070058978428,0.062614581019,0.000000000000,0.000000000000,0.062614581019,0.000000000000,YES
64,2,192,38,2,39,67;71;73;79;83;89,-,73,73,55,2,21469360117237167724067654916859665566501732205261457856447536284037187638628198568000,2^6*3^2*5^3*7^3*11^2*13*23^2*31*41^2*43^2*47*53^2*59*61*67*71*73*79*83*89*97*101*103*107*109*113*157*163*167*173*179*181*191*193*197*199*211*223*227*229,55,5*11,1,1,1,55,5*11,5;11,-,0.062614581019,3.070058978428,0.062614581019,0.000000000000,0.000000000000,0.062614581019,0.000000000000,YES
64,2,192,38,4,41,67;71;73;79;83;89,-,73,73,55,2,21469360117237167724067654916859665566501732205261457856447536284037187638628198568000,2^6*3^2*5^3*7^3*11^2*13*23^2*31*41^2*43^2*47*53^2*59*61*67*71*73*79*83*89*97*101*103*107*109*113*157*163*167*173*179*181*191*193*197*199*211*223*227*229,55,5*11,1,1,1,55,5*11,5;11,-,0.062614581019,3.070058978428,0.062614581019,0.000000000000,0.000000000000,0.062614581019,0.000000000000,YES
64,2,192,38,8,45,67;71;73;79;83;89,-,73,73,5,1,21469360117237167724067654916859665566501732205261457856447536284037187638628198568000,2^6*3^2*5^3*7^3*11^2*13*23^2*31*41^2*43^2*47*53^2*59*61*67*71*73*79*83*89*97*101*103*107*109*113*157*163*167*173*179*181*191*193*197*199*211*223*227*229,5,5,1,1,1,5,5,5,-,0.025147467382,3.070058978428,0.025147467382,0.000000000000,0.000000000000,0.025147467382,0.037467113637,YES
64,2,193,38,1,38,67;71;73;79;83;89,-,73,73,25,2,32343451605188460467426597017606768905379232932601676770752132583744334624426896544000,2^8*3^2*5^3*7^2*11*13*23^2*29*31*41^2*43^2*47*53^2*59*61*67*71*73*79*83*89*97*101*103*107*109*113*157*163*167*173*179*181*191*193*197*199*211*223*227*229,25,5^2,1,1,1,25,5^2,5,-,0.050294934764,3.076461865447,0.050294934764,0.000000000000,0.000000000000,0.050294934764,0.000000000000,YES
64,2,193,38,2,39,67;71;73;79;83;89,-,73,73,25,2,32343451605188460467426597017606768905379232932601676770752132583744334624426896544000,2^8*3^2*5^3*7^2*11*13*23^2*29*31*41^2*43^2*47*53^2*59*61*67*71*73*79*83*89*97*101*103*107*109*113*157*163*167*173*179*181*191*193*197*199*211*223*227*229,25,5^2,1,1,1,25,5^2,5,-,0.050294934764,3.076461865447,0.050294934764,0.000000000000,0.000000000000,0.050294934764,0.000000000000,YES
64,2,193,38,4,41,67;71;73;79;83;89,-,73,73,5,1,32343451605188460467426597017606768905379232932601676770752132583744334624426896544000,2^8*3^2*5^3*7^2*11*13*23^2*29*31*41^2*43^2*47*53^2*59*61*67*71*73*79*83*89*97*101*103*107*109*113*157*163*167*173*179*181*191*193*197*199*211*223*227*229,5,5,1,1,1,5,5,5,-,0.025147467382,3.076461865447,0.025147467382,0.000000000000,0.000000000000,0.025147467382,0.025147467382,YES
64,2,193,38,8,45,67;71;73;79;83;89,-,73,73,5,1,32343451605188460467426597017606768905379232932601676770752132583744334624426896544000,2^8*3^2*5^3*7^2*11*13*23^2*29*31*41^2*43^2*47*53^2*59*61*67*71*73*79*83*89*97*101*103*107*109*113*157*163*167*173*179*181*191*193*197*199*211*223*227*229,5,5,1,1,1,5,5,5,-,0.025147467382,3.076461865447,0.025147467382,0.000000000000,0.000000000000,0.025147467382,0.025147467382,YES
64,2,194,38,1,38,67;71;73;79;83;89;97,-,73,73,205,3,48619511122638137347809013581305659064215234021265746371517721883951161080590108998400,2^8*3^2*5^2*7^2*11*13*23^2*29*41^2*43^2*47*53^2*59*61*67*71*73*79*83*89*97*101*103*107*109*113*157*163*167*173*179*181*191*193*197*199*211*223*227*229*233,205,5*41,1,1,1,205,5*41,5;41,-,0.083172030924,3.082830823832,0.083172030924,0.000000000000,0.000000000000,0.083172030924,0.000000000000,YES
64,2,194,38,2,39,67;71;73;79;83;89;97,-,73,73,205,3,48619511122638137347809013581305659064215234021265746371517721883951161080590108998400,2^8*3^2*5^2*7^2*11*13*23^2*29*41^2*43^2*47*53^2*59*61*67*71*73*79*83*89*97*101*103*107*109*113*157*163*167*173*179*181*191*193*197*199*211*223*227*229*233,205,5*41,1,1,1,205,5*41,5;41,-,0.083172030924,3.082830823832,0.083172030924,0.000000000000,0.000000000000,0.083172030924,0.000000000000,YES
64,2,194,38,4,41,67;71;73;79;83;89;97,-,73,73,5,1,48619511122638137347809013581305659064215234021265746371517721883951161080590108998400,2^8*3^2*5^2*7^2*11*13*23^2*29*41^2*43^2*47*53^2*59*61*67*71*73*79*83*89*97*101*103*107*109*113*157*163*167*173*179*181*191*193*197*199*211*223*227*229*233,5,5,1,1,1,5,5,5,-,0.025147467382,3.082830823832,0.025147467382,0.000000000000,0.000000000000,0.025147467382,0.058024563542,YES
64,2,194,38,8,45,67;71;73;79;83;89;97,-,73,73,5,1,48619511122638137347809013581305659064215234021265746371517721883951161080590108998400,2^8*3^2*5^2*7^2*11*13*23^2*29*41^2*43^2*47*53^2*59*61*67*71*73*79*83*89*97*101*103*107*109*113*157*163*167*173*179*181*191*193*197*199*211*223*227*229*233,5,5,1,1,1,5,5,5,-,0.025147467382,3.082830823832,0.025147467382,0.000000000000,0.000000000000,0.025147467382,0.058024563542,YES
64,2,195,38,1,38,67;71;73;79;83;89;97,-,73,73,1,1,72929266683957206021713520371958488596322851031898619557276582825926741620885163497600,2^7*3^3*5^2*7^2*11*13*23^2*29*41^2*43^2*47*53^2*59*61*67*71*73*79*83*89*97*101*103*107*109*113*157*163*167*173*179*181*191*193*197*199*211*223*227*229*233,1,1,1,1,1,1,1,-,-,0.000000000000,3.089166216147,0.000000000000,0.000000000000,0.000000000000,0.000000000000,0.000000000000,YES
64,2,195,38,2,39,67;71;73;79;83;89;97,-,73,73,1,1,72929266683957206021713520371958488596322851031898619557276582825926741620885163497600,2^7*3^3*5^2*7^2*11*13*23^2*29*41^2*43^2*47*53^2*59*61*67*71*73*79*83*89*97*101*103*107*109*113*157*163*167*173*179*181*191*193*197*199*211*223*227*229*233,1,1,1,1,1,1,1,-,-,0.000000000000,3.089166216147,0.000000000000,0.000000000000,0.000000000000,0.000000000000,0.000000000000,YES
64,2,195,38,4,41,67;71;73;79;83;89;97,-,73,73,1,1,72929266683957206021713520371958488596322851031898619557276582825926741620885163497600,2^7*3^3*5^2*7^2*11*13*23^2*29*41^2*43^2*47*53^2*59*61*67*71*73*79*83*89*97*101*103*107*109*113*157*163*167*173*179*181*191*193*197*199*211*223*227*229*233,1,1,1,1,1,1,1,-,-,0.000000000000,3.089166216147,0.000000000000,0.000000000000,0.000000000000,0.000000000000,0.000000000000,YES
64,2,195,38,8,45,67;71;73;79;83;89;97,-,73,73,1,1,72929266683957206021713520371958488596322851031898619557276582825926741620885163497600,2^7*3^3*5^2*7^2*11*13*23^2*29*41^2*43^2*47*53^2*59*61*67*71*73*79*83*89*97*101*103*107*109*113*157*163*167*173*179*181*191*193*197*199*211*223*227*229*233,1,1,1,1,1,1,1,-,-,0.000000000000,3.089166216147,0.000000000000,0.000000000000,0.000000000000,0.000000000000,0.000000000000,YES
64,2,196,38,1,38,67;71;73;79;83;89;97,-,73,73,5,1,109161641214840403917851447690511113504050127340739971948789789580208817075847219248000,2^7*3^3*5^3*7^2*11*13*23^2*29*41^2*43^2*47^2*53^2*59*61*67*71*73*79*83*89*97*101*103*107*109*113*163*167*173*179*181*191*193*197*199*211*223*227*229*233,5,5,1,1,1,5,5,5,-,0.025147467382,3.095468399096,0.025147467382,0.000000000000,0.000000000000,0.025147467382,0.000000000000,YES
64,2,196,38,2,39,67;71;73;79;83;89;97,-,73,73,5,1,109161641214840403917851447690511113504050127340739971948789789580208817075847219248000,2^7*3^3*5^3*7^2*11*13*23^2*29*41^2*43^2*47^2*53^2*59*61*67*71*73*79*83*89*97*101*103*107*109*113*163*167*173*179*181*191*193*197*199*211*223*227*229*233,5,5,1,1,1,5,5,5,-,0.025147467382,3.095468399096,0.025147467382,0.000000000000,0.000000000000,0.025147467382,0.000000000000,YES
64,2,196,38,4,41,67;71;73;79;83;89;97,-,73,73,5,1,109161641214840403917851447690511113504050127340739971948789789580208817075847219248000,2^7*3^3*5^3*7^2*11*13*23^2*29*41^2*43^2*47^2*53^2*59*61*67*71*73*79*83*89*97*101*103*107*109*113*163*167*173*179*181*191*193*197*199*211*223*227*229*233,5,5,1,1,1,5,5,5,-,0.025147467382,3.095468399096,0.025147467382,0.000000000000,0.000000000000,0.025147467382,0.000000000000,YES
64,2,196,38,8,45,67;71;73;79;83;89;97,-,73,73,5,1,109161641214840403917851447690511113504050127340739971948789789580208817075847219248000,2^7*3^3*5^3*7^2*11*13*23^2*29*41^2*43^2*47^2*53^2*59*61*67*71*73*79*83*89*97*101*103*107*109*113*163*167*173*179*181*191*193*197*199*211*223*227*229*233,5,5,1,1,1,5,5,5,-,0.025147467382,3.095468399096,0.025147467382,0.000000000000,0.000000000000,0.025147467382,0.000000000000,YES
64,2,197,39,1,39,67;71;73;79;83;89;97,-,73,73,1,1,3816018072767783419958291982641042250317832326513917569399819069250149722928929166861960,2^3*3^4*5*7^2*11*13*23^2*29*41^2*43^2*47^2*53^2*59^2*61*67*71*73*79^2*83*89*97*101*103*107*109*113*163*167*173*179*181*191*193*197*199*211*223*227*229*233,1,1,1,1,1,1,1,-,-,0.000000000000,3.151001727814,0.000000000000,0.000000000000,0.000000000000,0.000000000000,0.000000000000,YES
64,2,197,39,2,40,67;71;73;79;83;89;97,-,73,73,1,1,3816018072767783419958291982641042250317832326513917569399819069250149722928929166861960,2^3*3^4*5*7^2*11*13*23^2*29*41^2*43^2*47^2*53^2*59^2*61*67*71*73*79^2*83*89*97*101*103*107*109*113*163*167*173*179*181*191*193*197*199*211*223*227*229*233,1,1,1,1,1,1,1,-,-,0.000000000000,3.151001727814,0.000000000000,0.000000000000,0.000000000000,0.000000000000,0.000000000000,YES
64,2,197,39,4,42,67;71;73;79;83;89;97,-,73,73,1,1,3816018072767783419958291982641042250317832326513917569399819069250149722928929166861960,2^3*3^4*5*7^2*11*13*23^2*29*41^2*43^2*47^2*53^2*59^2*61*67*71*73*79^2*83*89*97*101*103*107*109*113*163*167*173*179*181*191*193*197*199*211*223*227*229*233,1,1,1,1,1,1,1,-,-,0.000000000000,3.151001727814,0.000000000000,0.000000000000,0.000000000000,0.000000000000,0.000000000000,YES
64,2,197,39,8,46,67;71;73;79;83;89;97,-,73,73,1,1,3816018072767783419958291982641042250317832326513917569399819069250149722928929166861960,2^3*3^4*5*7^2*11*13*23^2*29*41^2*43^2*47^2*53^2*59^2*61*67*71*73*79^2*83*89*97*101*103*107*109*113*163*167*173*179*181*191*193*197*199*211*223*227*229*233,1,1,1,1,1,1,1,-,-,0.000000000000,3.151001727814,0.000000000000,0.000000000000,0.000000000000,0.000000000000,0.000000000000,YES
64,2,198,39,1,39,67;71;73;79;83;89;97,-,73,73,5,1,5748179122270458569304262606763088959339519580445015072893398344819845785171424947551560,2^3*3^4*5*7^3*11*13*17*23^2*29*41^2*43^2*47^2*53^2*59^2*61*67*71*73*79*83*89*97*101*103*107*109*113*163*167*173*179*181*191*193*197*199*211*223*227*229*233,5,5,1,1,1,5,5,5,-,0.025147467382,3.157402909699,0.025147467382,0.000000000000,0.000000000000,0.025147467382,0.000000000000,YES
64,2,198,39,2,40,67;71;73;79;83;89;97,-,73,73,5,1,5748179122270458569304262606763088959339519580445015072893398344819845785171424947551560,2^3*3^4*5*7^3*11*13*17*23^2*29*41^2*43^2*47^2*53^2*59^2*61*67*71*73*79*83*89*97*101*103*107*109*113*163*167*173*179*181*191*193*197*199*211*223*227*229*233,5,5,1,1,1,5,5,5,-,0.025147467382,3.157402909699,0.025147467382,0.000000000000,0.000000000000,0.025147467382,0.000000000000,YES
64,2,198,39,4,42,67;71;73;79;83;89;97,-,73,73,5,1,5748179122270458569304262606763088959339519580445015072893398344819845785171424947551560,2^3*3^4*5*7^3*11*13*17*23^2*29*41^2*43^2*47^2*53^2*59^2*61*67*71*73*79*83*89*97*101*103*107*109*113*163*167*173*179*181*191*193*197*199*211*223*227*229*233,5,5,1,1,1,5,5,5,-,0.025147467382,3.157402909699,0.025147467382,0.000000000000,0.000000000000,0.025147467382,0.000000000000,YES
64,2,198,39,8,46,67;71;73;79;83;89;97,-,73,73,5,1,5748179122270458569304262606763088959339519580445015072893398344819845785171424947551560,2^3*3^4*5*7^3*11*13*17*23^2*29*41^2*43^2*47^2*53^2*59^2*61*67*71*73*79*83*89*97*101*103*107*109*113*163*167*173*179*181*191*193*197*199*211*223*227*229*233,5,5,1,1,1,5,5,5,-,0.025147467382,3.157402909699,0.025147467382,0.000000000000,0.000000000000,0.025147467382,0.000000000000,YES
64,2,199,39,1,39,67;71;73;79;83;89;97,-,73,73,1,1,8640344718381381119897602283121875857120409935385903159883787449131717878339437499778760,2^3*3^3*5*7^3*11*13*17*23^2*29*41^2*43^2*47^2*53*59^2*61*67*71*73*79*83*89*97*101*103*107*109*113*163*167*173*179*181*191*193*197*199*211*223*227*229*233*239,1,1,1,1,1,1,1,-,-,0.000000000000,3.163771024538,0.000000000000,0.000000000000,0.000000000000,0.000000000000,0.000000000000,YES
64,2,199,39,2,40,67;71;73;79;83;89;97,-,73,73,1,1,8640344718381381119897602283121875857120409935385903159883787449131717878339437499778760,2^3*3^3*5*7^3*11*13*17*23^2*29*41^2*43^2*47^2*53*59^2*61*67*71*73*79*83*89*97*101*103*107*109*113*163*167*173*179*181*191*193*197*199*211*223*227*229*233*239,1,1,1,1,1,1,1,-,-,0.000000000000,3.163771024538,0.000000000000,0.000000000000,0.000000000000,0.000000000000,0.000000000000,YES
64,2,199,39,4,42,67;71;73;79;83;89;97,-,73,73,1,1,8640344718381381119897602283121875857120409935385903159883787449131717878339437499778760,2^3*3^3*5*7^3*11*13*17*23^2*29*41^2*43^2*47^2*53*59^2*61*67*71*73*79*83*89*97*101*103*107*109*113*163*167*173*179*181*191*193*197*199*211*223*227*229*233*239,1,1,1,1,1,1,1,-,-,0.000000000000,3.163771024538,0.000000000000,0.000000000000,0.000000000000,0.000000000000,0.000000000000,YES
64,2,199,39,8,46,67;71;73;79;83;89;97,-,73,73,1,1,8640344718381381119897602283121875857120409935385903159883787449131717878339437499778760,2^3*3^3*5*7^3*11*13*17*23^2*29*41^2*43^2*47^2*53*59^2*61*67*71*73*79*83*89*97*101*103*107*109*113*163*167*173*179*181*191*193*197*199*211*223*227*229*233*239,1,1,1,1,1,1,1,-,-,0.000000000000,3.163771024538,0.000000000000,0.000000000000,0.000000000000,0.000000000000,0.000000000000,YES
64,2,200,39,1,39,67;71;73;79;83;89;97,-,73,73,15385,5,12960517077572071679846403424682813785680614903078854739825681173697576817509156249668140,2^2*3^4*5*7^3*11*13*17*23^2*29*41^2*43^2*47^2*53*59^2*61*67*71*73*79*83*89*97*101*103*107*109*113*163*167*173*179*181*191*193*197*199*211*223*227*229*233*239,15385,5*17*181,1,1,1,15385,5*17*181,5;17;181,-,0.150642941996,3.170106416853,0.150642941996,0.000000000000,0.000000000000,0.150642941996,0.000000000000,YES
64,2,200,39,2,40,67;71;73;79;83;89;97,-,73,73,15385,5,12960517077572071679846403424682813785680614903078854739825681173697576817509156249668140,2^2*3^4*5*7^3*11*13*17*23^2*29*41^2*43^2*47^2*53*59^2*61*67*71*73*79*83*89*97*101*103*107*109*113*163*167*173*179*181*191*193*197*199*211*223*227*229*233*239,15385,5*17*181,1,1,1,15385,5*17*181,5;17;181,-,0.150642941996,3.170106416853,0.150642941996,0.000000000000,0.000000000000,0.150642941996,0.000000000000,YES
64,2,200,39,4,42,67;71;73;79;83;89;97,-,73,73,15385,5,12960517077572071679846403424682813785680614903078854739825681173697576817509156249668140,2^2*3^4*5*7^3*11*13*17*23^2*29*41^2*43^2*47^2*53*59^2*61*67*71*73*79*83*89*97*101*103*107*109*113*163*167*173*179*181*191*193*197*199*211*223*227*229*233*239,15385,5*17*181,1,1,1,15385,5*17*181,5;17;181,-,0.150642941996,3.170106416853,0.150642941996,0.000000000000,0.000000000000,0.150642941996,0.000000000000,YES
64,2,200,39,8,46,67;71;73;79;83;89;97,-,73,73,15385,5,12960517077572071679846403424682813785680614903078854739825681173697576817509156249668140,2^2*3^4*5*7^3*11*13*17*23^2*29*41^2*43^2*47^2*53*59^2*61*67*71*73*79*83*89*97*101*103*107*109*113*163*167*173*179*181*191*193*197*199*211*223*227*229*233*239,15385,5*17*181,1,1,1,15385,5*17*181,5;17;181,-,0.150642941996,3.170106416853,0.150642941996,0.000000000000,0.000000000000,0.150642941996,0.000000000000,YES
64,2,201,39,1,39,71;73;79;83;89;97,-,73,73,25,2,19400525563322169408962628728873031815832473240012447157130367471187055981488861218447340,2^2*3^4*5*7^2*11*13*17*23*29*41^2*43^2*47^2*53*59^2*61*67*71*73*79*83*89*97*101*103*107*109*113*163*167*173*179*181*191*193*197*199*211*223*227*229*233*239*241,5,5,1,1,1,5,5,5,-,0.050294934764,3.176409425736,0.025147467382,0.000000000000,0.000000000000,0.025147467382,0.000000000000,YES
64,2,201,39,2,40,71;73;79;83;89;97,-,73,73,5,1,19400525563322169408962628728873031815832473240012447157130367471187055981488861218447340,2^2*3^4*5*7^2*11*13*17*23*29*41^2*43^2*47^2*53*59^2*61*67*71*73*79*83*89*97*101*103*107*109*113*163*167*173*179*181*191*193*197*199*211*223*227*229*233*239*241,5,5,1,1,1,5,5,5,-,0.025147467382,3.176409425736,0.025147467382,0.000000000000,0.000000000000,0.025147467382,0.000000000000,YES
64,2,201,39,4,42,71;73;79;83;89;97,-,73,73,5,1,19400525563322169408962628728873031815832473240012447157130367471187055981488861218447340,2^2*3^4*5*7^2*11*13*17*23*29*41^2*43^2*47^2*53*59^2*61*67*71*73*79*83*89*97*101*103*107*109*113*163*167*173*179*181*191*193*197*199*211*223*227*229*233*239*241,5,5,1,1,1,5,5,5,-,0.025147467382,3.176409425736,0.025147467382,0.000000000000,0.000000000000,0.025147467382,0.000000000000,YES
64,2,201,39,8,46,71;73;79;83;89;97,-,73,73,5,1,19400525563322169408962628728873031815832473240012447157130367471187055981488861218447340,2^2*3^4*5*7^2*11*13*17*23*29*41^2*43^2*47^2*53*59^2*61*67*71*73*79*83*89*97*101*103*107*109*113*163*167*173*179*181*191*193*197*199*211*223*227*229*233*239*241,5,5,1,1,1,5,5,5,-,0.025147467382,3.176409425736,0.025147467382,0.000000000000,0.000000000000,0.025147467382,0.000000000000,YES
64,2,202,40,1,40,71;73;79;83;89;97;101,-,73,73,5,1,678683703912387563511871710309403634123643320257092187699112664789188586583839365146944840,2^3*3^9*5*7^2*11^3*13*17*23*29*43^2*47^2*53*59^2*61*67*71*73*79*83*89*97*101*103*107*109*113*163*167*173*179*181*191*193*197*199*211*223*227*229*233*239*241,5,5,1,1,1,5,5,5,-,0.025147467382,3.231954035674,0.025147467382,0.000000000000,0.000000000000,0.025147467382,0.000000000000,YES
64,2,202,40,2,41,71;73;79;83;89;97;101,-,73,73,5,1,678683703912387563511871710309403634123643320257092187699112664789188586583839365146944840,2^3*3^9*5*7^2*11^3*13*17*23*29*43^2*47^2*53*59^2*61*67*71*73*79*83*89*97*101*103*107*109*113*163*167*173*179*181*191*193*197*199*211*223*227*229*233*239*241,5,5,1,1,1,5,5,5,-,0.025147467382,3.231954035674,0.025147467382,0.000000000000,0.000000000000,0.025147467382,0.000000000000,YES
64,2,202,40,4,43,71;73;79;83;89;97;101,-,73,73,5,1,678683703912387563511871710309403634123643320257092187699112664789188586583839365146944840,2^3*3^9*5*7^2*11^3*13*17*23*29*43^2*47^2*53*59^2*61*67*71*73*79*83*89*97*101*103*107*109*113*163*167*173*179*181*191*193*197*199*211*223*227*229*233*239*241,5,5,1,1,1,5,5,5,-,0.025147467382,3.231954035674,0.025147467382,0.000000000000,0.000000000000,0.025147467382,0.000000000000,YES
64,2,202,40,8,47,71;73;79;83;89;97;101,-,73,73,5,1,678683703912387563511871710309403634123643320257092187699112664789188586583839365146944840,2^3*3^9*5*7^2*11^3*13*17*23*29*43^2*47^2*53*59^2*61*67*71*73*79*83*89*97*101*103*107*109*113*163*167*173*179*181*191*193*197*199*211*223*227*229*233*239*241,5,5,1,1,1,5,5,5,-,0.025147467382,3.231954035674,0.025147467382,0.000000000000,0.000000000000,0.025147467382,0.000000000000,YES
64,2,203,40,1,40,71;73;79;83;89;97;101,-,73,73,55,2,1022214961448287441338868501947496831643018334214385764188786976596061821768251883307744080,2^4*3^5*5*7^2*11^3*13*17*23*29*43^2*47^2*53*59^2*61^2*67*71*73*79*83*89*97*101*103*107*109*113*163*167*173*179*181*191*193*197*199*211*223*227*229*233*239*241,55,5*11,1,1,1,55,5*11,5;11,-,0.062614581019,3.238353596457,0.062614581019,0.000000000000,0.000000000000,0.062614581019,0.000000000000,YES
64,2,203,40,2,41,71;73;79;83;89;97;101,-,73,73,55,2,1022214961448287441338868501947496831643018334214385764188786976596061821768251883307744080,2^4*3^5*5*7^2*11^3*13*17*23*29*43^2*47^2*53*59^2*61^2*67*71*73*79*83*89*97*101*103*107*109*113*163*167*173*179*181*191*193*197*199*211*223*227*229*233*239*241,55,5*11,1,1,1,55,5*11,5;11,-,0.062614581019,3.238353596457,0.062614581019,0.000000000000,0.000000000000,0.062614581019,0.000000000000,YES
64,2,203,40,4,43,71;73;79;83;89;97;101,-,73,73,55,2,1022214961448287441338868501947496831643018334214385764188786976596061821768251883307744080,2^4*3^5*5*7^2*11^3*13*17*23*29*43^2*47^2*53*59^2*61^2*67*71*73*79*83*89*97*101*103*107*109*113*163*167*173*179*181*191*193*197*199*211*223*227*229*233*239*241,55,5*11,1,1,1,55,5*11,5;11,-,0.062614581019,3.238353596457,0.062614581019,0.000000000000,0.000000000000,0.062614581019,0.000000000000,YES
64,2,203,40,8,47,71;73;79;83;89;97;101,-,73,73,55,2,1022214961448287441338868501947496831643018334214385764188786976596061821768251883307744080,2^4*3^5*5*7^2*11^3*13*17*23*29*43^2*47^2*53*59^2*61^2*67*71*73*79*83*89*97*101*103*107*109*113*163*167*173*179*181*191*193*197*199*211*223*227*229*233*239*241,55,5*11,1,1,1,55,5*11,5;11,-,0.062614581019,3.238353596457,0.062614581019,0.000000000000,0.000000000000,0.062614581019,0.000000000000,YES
64,2,204,40,1,40,71;73;79;83;89;97;101,-,73,73,5,1,1536458070888530203239403576546851065966499950199536884823636866662792308792771235646609200,2^4*3^5*5^2*7^4*11^3*13*17*23*29*43^2*47^2*53*59^2*61^2*67*71*73*79*83*89*97*101*103*107*109*113*167*173*179*181*191*193*197*199*211*223*227*229*233*239*241,5,5,1,1,1,5,5,5,-,0.025147467382,3.244720909109,0.025147467382,0.000000000000,0.000000000000,0.025147467382,0.000000000000,YES
64,2,204,40,2,41,71;73;79;83;89;97;101,-,73,73,5,1,1536458070888530203239403576546851065966499950199536884823636866662792308792771235646609200,2^4*3^5*5^2*7^4*11^3*13*17*23*29*43^2*47^2*53*59^2*61^2*67*71*73*79*83*89*97*101*103*107*109*113*167*173*179*181*191*193*197*199*211*223*227*229*233*239*241,5,5,1,1,1,5,5,5,-,0.025147467382,3.244720909109,0.025147467382,0.000000000000,0.000000000000,0.025147467382,0.000000000000,YES
64,2,204,40,4,43,71;73;79;83;89;97;101,-,73,73,5,1,1536458070888530203239403576546851065966499950199536884823636866662792308792771235646609200,2^4*3^5*5^2*7^4*11^3*13*17*23*29*43^2*47^2*53*59^2*61^2*67*71*73*79*83*89*97*101*103*107*109*113*167*173*179*181*191*193*197*199*211*223*227*229*233*239*241,5,5,1,1,1,5,5,5,-,0.025147467382,3.244720909109,0.025147467382,0.000000000000,0.000000000000,0.025147467382,0.000000000000,YES
64,2,204,40,8,47,71;73;79;83;89;97;101,-,73,73,5,1,1536458070888530203239403576546851065966499950199536884823636866662792308792771235646609200,2^4*3^5*5^2*7^4*11^3*13*17*23*29*43^2*47^2*53*59^2*61^2*67*71*73*79*83*89*97*101*103*107*109*113*167*173*179*181*191*193*197*199*211*223*227*229*233*239*241,5,5,1,1,1,5,5,5,-,0.025147467382,3.244720909109,0.025147467382,0.000000000000,0.000000000000,0.025147467382,0.000000000000,YES
64,2,205,40,1,40,71;73;79;83;89;97;101,-,73,73,25,2,2304687106332795304859105364820276598949749925299305327235455299994188463189156853469913800,2^3*3^6*5^2*7^4*11^3*13*17*23*29*43^2*47^2*53*59^2*61^2*67*71*73*79*83*89*97*101*103*107*109*113*167*173*179*181*191*193*197*199*211*223*227*229*233*239*241,25,5^2,1,1,1,25,5^2,5,-,0.050294934764,3.251056301423,0.050294934764,0.000000000000,0.000000000000,0.050294934764,0.000000000000,YES
64,2,205,40,2,41,71;73;79;83;89;97;101,-,73,73,25,2,2304687106332795304859105364820276598949749925299305327235455299994188463189156853469913800,2^3*3^6*5^2*7^4*11^3*13*17*23*29*43^2*47^2*53*59^2*61^2*67*71*73*79*83*89*97*101*103*107*109*113*167*173*179*181*191*193*197*199*211*223*227*229*233*239*241,25,5^2,1,1,1,25,5^2,5,-,0.050294934764,3.251056301423,0.050294934764,0.000000000000,0.000000000000,0.050294934764,0.000000000000,YES
64,2,205,40,4,43,71;73;79;83;89;97;101,-,73,73,25,2,2304687106332795304859105364820276598949749925299305327235455299994188463189156853469913800,2^3*3^6*5^2*7^4*11^3*13*17*23*29*43^2*47^2*53*59^2*61^2*67*71*73*79*83*89*97*101*103*107*109*113*167*173*179*181*191*193*197*199*211*223*227*229*233*239*241,25,5^2,1,1,1,25,5^2,5,-,0.050294934764,3.251056301423,0.050294934764,0.000000000000,0.000000000000,0.050294934764,0.000000000000,YES
64,2,205,40,8,47,71;73;79;83;89;97;101,-,73,73,25,2,2304687106332795304859105364820276598949749925299305327235455299994188463189156853469913800,2^3*3^6*5^2*7^4*11^3*13*17*23*29*43^2*47^2*53*59^2*61^2*67*71*73*79*83*89*97*101*103*107*109*113*167*173*179*181*191*193*197*199*211*223*227*229*233*239*241,25,5^2,1,1,1,25,5^2,5,-,0.050294934764,3.251056301423,0.050294934764,0.000000000000,0.000000000000,0.050294934764,0.000000000000,YES
64,2,206,40,1,40,71;73;79;83;89;97;101;103,-,73,73,5,1,3450046759176972365455751667337020120852049888175323732285802782415542729743768138224658840,2^3*3^5*5*7^4*11^2*13^2*17*19*23*29*43^2*47^2*53*59^2*61^2*67*71*73*79*83*89*97*101*103*107*109*113*167*173*179*181*191*193*197*199*211*223*227*229*233*239*241,5,5,1,1,1,5,5,5,-,0.025147467382,3.257360096153,0.025147467382,0.000000000000,0.000000000000,0.025147467382,0.000000000000,YES
64,2,206,40,2,41,71;73;79;83;89;97;101;103,-,73,73,5,1,3450046759176972365455751667337020120852049888175323732285802782415542729743768138224658840,2^3*3^5*5*7^4*11^2*13^2*17*19*23*29*43^2*47^2*53*59^2*61^2*67*71*73*79*83*89*97*101*103*107*109*113*167*173*179*181*191*193*197*199*211*223*227*229*233*239*241,5,5,1,1,1,5,5,5,-,0.025147467382,3.257360096153,0.025147467382,0.000000000000,0.000000000000,0.025147467382,0.000000000000,YES
64,2,206,40,4,43,71;73;79;83;89;97;101;103,-,73,73,5,1,3450046759176972365455751667337020120852049888175323732285802782415542729743768138224658840,2^3*3^5*5*7^4*11^2*13^2*17*19*23*29*43^2*47^2*53*59^2*61^2*67*71*73*79*83*89*97*101*103*107*109*113*167*173*179*181*191*193*197*199*211*223*227*229*233*239*241,5,5,1,1,1,5,5,5,-,0.025147467382,3.257360096153,0.025147467382,0.000000000000,0.000000000000,0.025147467382,0.000000000000,YES
64,2,206,40,8,47,71;73;79;83;89;97;101;103,-,73,73,5,1,3450046759176972365455751667337020120852049888175323732285802782415542729743768138224658840,2^3*3^5*5*7^4*11^2*13^2*17*19*23*29*43^2*47^2*53*59^2*61^2*67*71*73*79*83*89*97*101*103*107*109*113*167*173*179*181*191*193*197*199*211*223*227*229*233*239*241,5,5,1,1,1,5,5,5,-,0.025147467382,3.257360096153,0.025147467382,0.000000000000,0.000000000000,0.025147467382,0.000000000000,YES
64,2,207,41,1,41,71;73;79;83;89;97;101;103,-,73,73,85,2,120775106277038774099559850885144935659215297445919836233624089240206686307900890063293159120,2^4*3^4*5*7^2*11^2*13^2*17*19*23*29*31*43^2*47^2*53*59^2*61^2*67*71*73*79*83^2*89*97*101*103*107*109*113*167*173*179*181*191*193*197*199*211*223*227*229*233*239*241,85,5*17,1,1,1,85,5*17,5;17,-,0.069416425883,3.312915446248,0.069416425883,0.000000000000,0.000000000000,0.069416425883,0.000000000000,YES
64,2,207,41,2,42,71;73;79;83;89;97;101;103,-,73,73,85,2,120775106277038774099559850885144935659215297445919836233624089240206686307900890063293159120,2^4*3^4*5*7^2*11^2*13^2*17*19*23*29*31*43^2*47^2*53*59^2*61^2*67*71*73*79*83^2*89*97*101*103*107*109*113*167*173*179*181*191*193*197*199*211*223*227*229*233*239*241,85,5*17,1,1,1,85,5*17,5;17,-,0.069416425883,3.312915446248,0.069416425883,0.000000000000,0.000000000000,0.069416425883,0.000000000000,YES
64,2,207,41,4,44,71;73;79;83;89;97;101;103,-,73,73,85,2,120775106277038774099559850885144935659215297445919836233624089240206686307900890063293159120,2^4*3^4*5*7^2*11^2*13^2*17*19*23*29*31*43^2*47^2*53*59^2*61^2*67*71*73*79*83^2*89*97*101*103*107*109*113*167*173*179*181*191*193*197*199*211*223*227*229*233*239*241,85,5*17,1,1,1,85,5*17,5;17,-,0.069416425883,3.312915446248,0.069416425883,0.000000000000,0.000000000000,0.069416425883,0.000000000000,YES
64,2,207,41,8,48,71;73;79;83;89;97;101;103,-,73,73,85,2,120775106277038774099559850885144935659215297445919836233624089240206686307900890063293159120,2^4*3^4*5*7^2*11^2*13^2*17*19*23*29*31*43^2*47^2*53*59^2*61^2*67*71*73*79*83^2*89*97*101*103*107*109*113*167*173*179*181*191*193*197*199*211*223*227*229*233*239*241,85,5*17,1,1,1,85,5*17,5;17,-,0.069416425883,3.312915446248,0.069416425883,0.000000000000,0.000000000000,0.069416425883,0.000000000000,YES
64,2,208,41,1,41,71;73;79;83;89;97;101;103,-,73,73,3875,4,181890220296745141716204594706543577800023038322168428062686881385853443234790497083272830000,2^4*3^4*5^4*7^2*11^2*13^2*17*19*23*29*31*43^2*47^2*53*59^2*61^2*67*71*73*79*83*89*97*101*103*107*109*113*167*173*179*181*191*193*197*199*211*223*227*229*233*239*241,3875,5^3*31,1,1,1,3875,5^3*31,5;31,-,0.129098452215,3.319313463896,0.129098452215,0.000000000000,0.000000000000,0.129098452215,0.000000000000,YES
64,2,208,41,2,42,71;73;79;83;89;97;101;103,-,73,73,3875,4,181890220296745141716204594706543577800023038322168428062686881385853443234790497083272830000,2^4*3^4*5^4*7^2*11^2*13^2*17*19*23*29*31*43^2*47^2*53*59^2*61^2*67*71*73*79*83*89*97*101*103*107*109*113*167*173*179*181*191*193*197*199*211*223*227*229*233*239*241,3875,5^3*31,1,1,1,3875,5^3*31,5;31,-,0.129098452215,3.319313463896,0.129098452215,0.000000000000,0.000000000000,0.129098452215,0.000000000000,YES
64,2,208,41,4,44,71;73;79;83;89;97;101;103,-,73,73,3875,4,181890220296745141716204594706543577800023038322168428062686881385853443234790497083272830000,2^4*3^4*5^4*7^2*11^2*13^2*17*19*23*29*31*43^2*47^2*53*59^2*61^2*67*71*73*79*83*89*97*101*103*107*109*113*167*173*179*181*191*193*197*199*211*223*227*229*233*239*241,3875,5^3*31,1,1,1,3875,5^3*31,5;31,-,0.129098452215,3.319313463896,0.129098452215,0.000000000000,0.000000000000,0.129098452215,0.000000000000,YES
64,2,208,41,8,48,71;73;79;83;89;97;101;103,-,73,73,775,3,181890220296745141716204594706543577800023038322168428062686881385853443234790497083272830000,2^4*3^4*5^4*7^2*11^2*13^2*17*19*23*29*31*43^2*47^2*53*59^2*61^2*67*71*73*79*83*89*97*101*103*107*109*113*167*173*179*181*191*193*197*199*211*223*227*229*233*239*241,775,5^2*31,1,1,1,775,5^2*31,5;31,-,0.103950984834,3.319313463896,0.103950984834,0.000000000000,0.000000000000,0.103950984834,0.025147467382,YES
64,2,209,41,1,41,71;73;79;83;89;97;101;103,-,73,73,25,2,273379911943012159106391336954146335495843009693798056549307827711671941628337812981445990000,2^4*3^4*5^4*7^2*11^2*13^2*17*19*23*29*31*43^2*47^2*53*59^2*61^2*67*71*73*79*83*89*97*101*103*107*109*113*173*179*181*191*193*197*199*211*223*227*229*233*239*241*251,25,5^2,1,1,1,25,5^2,5,-,0.050294934764,3.325680012751,0.050294934764,0.000000000000,0.000000000000,0.050294934764,0.000000000000,YES
64,2,209,41,2,42,71;73;79;83;89;97;101;103,-,73,73,25,2,273379911943012159106391336954146335495843009693798056549307827711671941628337812981445990000,2^4*3^4*5^4*7^2*11^2*13^2*17*19*23*29*31*43^2*47^2*53*59^2*61^2*67*71*73*79*83*89*97*101*103*107*109*113*173*179*181*191*193*197*199*211*223*227*229*233*239*241*251,25,5^2,1,1,1,25,5^2,5,-,0.050294934764,3.325680012751,0.050294934764,0.000000000000,0.000000000000,0.050294934764,0.000000000000,YES
64,2,209,41,4,44,71;73;79;83;89;97;101;103,-,73,73,25,2,273379911943012159106391336954146335495843009693798056549307827711671941628337812981445990000,2^4*3^4*5^4*7^2*11^2*13^2*17*19*23*29*31*43^2*47^2*53*59^2*61^2*67*71*73*79*83*89*97*101*103*107*109*113*173*179*181*191*193*197*199*211*223*227*229*233*239*241*251,25,5^2,1,1,1,25,5^2,5,-,0.050294934764,3.325680012751,0.050294934764,0.000000000000,0.000000000000,0.050294934764,0.000000000000,YES
64,2,209,41,8,48,71;73;79;83;89;97;101;103,-,73,73,25,2,273379911943012159106391336954146335495843009693798056549307827711671941628337812981445990000,2^4*3^4*5^4*7^2*11^2*13^2*17*19*23*29*31*43^2*47^2*53*59^2*61^2*67*71*73*79*83*89*97*101*103*107*109*113*173*179*181*191*193*197*199*211*223*227*229*233*239*241*251,25,5^2,1,1,1,25,5^2,5,-,0.050294934764,3.325680012751,0.050294934764,0.000000000000,0.000000000000,0.050294934764,0.000000000000,YES
64,2,210,41,1,41,71;73;79;83;89;97;101;103,-,73,73,5,1,410069867914518238659587005431219503243764514540697084823961741567507912442506719472168985000,2^3*3^5*5^4*7^2*11^2*13^2*17*19*23*29*31*43^2*47^2*53*59^2*61^2*67*71*73*79*83*89*97*101*103*107*109*113*173*179*181*191*193*197*199*211*223*227*229*233*239*241*251,5,5,1,1,1,5,5,5,-,0.025147467382,3.332015405065,0.025147467382,0.000000000000,0.000000000000,0.025147467382,0.000000000000,YES
64,2,210,41,2,42,71;73;79;83;89;97;101;103,-,73,73,5,1,410069867914518238659587005431219503243764514540697084823961741567507912442506719472168985000,2^3*3^5*5^4*7^2*11^2*13^2*17*19*23*29*31*43^2*47^2*53*59^2*61^2*67*71*73*79*83*89*97*101*103*107*109*113*173*179*181*191*193*197*199*211*223*227*229*233*239*241*251,5,5,1,1,1,5,5,5,-,0.025147467382,3.332015405065,0.025147467382,0.000000000000,0.000000000000,0.025147467382,0.000000000000,YES
64,2,210,41,4,44,71;73;79;83;89;97;101;103,-,73,73,5,1,410069867914518238659587005431219503243764514540697084823961741567507912442506719472168985000,2^3*3^5*5^4*7^2*11^2*13^2*17*19*23*29*31*43^2*47^2*53*59^2*61^2*67*71*73*79*83*89*97*101*103*107*109*113*173*179*181*191*193*197*199*211*223*227*229*233*239*241*251,5,5,1,1,1,5,5,5,-,0.025147467382,3.332015405065,0.025147467382,0.000000000000,0.000000000000,0.025147467382,0.000000000000,YES
64,2,210,41,8,48,71;73;79;83;89;97;101;103,-,73,73,5,1,410069867914518238659587005431219503243764514540697084823961741567507912442506719472168985000,2^3*3^5*5^4*7^2*11^2*13^2*17*19*23*29*31*43^2*47^2*53*59^2*61^2*67*71*73*79*83*89*97*101*103*107*109*113*173*179*181*191*193*197*199*211*223*227*229*233*239*241*251,5,5,1,1,1,5,5,5,-,0.025147467382,3.332015405065,0.025147467382,0.000000000000,0.000000000000,0.025147467382,0.000000000000,YES
64,2,211,41,1,41,71;73;79;83;89;97;101;103,-,73,73,125,3,613891577410491801070269303988748723790961077981043564854806630867334330461267455777862445000,2^3*3^5*5^4*7^2*11^3*17*19*23^2*29*31*43^2*47^2*53*59^2*61^2*67*71*73*79*83*89*97*101*103*107*109*113*173*179*181*191*193*197*199*211*223*227*229*233*239*241*251,125,5^3,1,1,1,125,5^3,5,-,0.075442402145,3.338319948406,0.075442402145,0.000000000000,0.000000000000,0.075442402145,0.000000000000,YES
64,2,211,41,2,42,71;73;79;83;89;97;101;103,-,73,73,125,3,613891577410491801070269303988748723790961077981043564854806630867334330461267455777862445000,2^3*3^5*5^4*7^2*11^3*17*19*23^2*29*31*43^2*47^2*53*59^2*61^2*67*71*73*79*83*89*97*101*103*107*109*113*173*179*181*191*193*197*199*211*223*227*229*233*239*241*251,125,5^3,1,1,1,125,5^3,5,-,0.075442402145,3.338319948406,0.075442402145,0.000000000000,0.000000000000,0.075442402145,0.000000000000,YES
64,2,211,41,4,44,71;73;79;83;89;97;101;103,-,73,73,125,3,613891577410491801070269303988748723790961077981043564854806630867334330461267455777862445000,2^3*3^5*5^4*7^2*11^3*17*19*23^2*29*31*43^2*47^2*53*59^2*61^2*67*71*73*79*83*89*97*101*103*107*109*113*173*179*181*191*193*197*199*211*223*227*229*233*239*241*251,125,5^3,1,1,1,125,5^3,5,-,0.075442402145,3.338319948406,0.075442402145,0.000000000000,0.000000000000,0.075442402145,0.000000000000,YES
64,2,211,41,8,48,71;73;79;83;89;97;101;103,-,73,73,25,2,613891577410491801070269303988748723790961077981043564854806630867334330461267455777862445000,2^3*3^5*5^4*7^2*11^3*17*19*23^2*29*31*43^2*47^2*53*59^2*61^2*67*71*73*79*83*89*97*101*103*107*109*113*173*179*181*191*193*197*199*211*223*227*229*233*239*241*251,25,5^2,1,1,1,25,5^2,5,-,0.050294934764,3.338319948406,0.050294934764,0.000000000000,0.000000000000,0.050294934764,0.025147467382,YES
64,2,212,42,1,42,71;73;79;83;89;97;101;103,-,73,73,5,1,21504465910696351517210028566441998290935937815485230771036141417672928385060190973895159850000,2^4*3^6*5^5*7^2*11^3*17^2*19*23^2*29*31*47^2*53*59^2*61^2*67*71*73*79*83*89*97*101*103*107*109*113*127*173*179*181*191*193*197*199*211*223*227*229*233*239*241*251,5,5,1,1,1,5,5,5,-,0.025147467382,3.393885535606,0.025147467382,0.000000000000,0.000000000000,0.025147467382,0.000000000000,YES
64,2,212,42,2,43,71;73;79;83;89;97;101;103,-,73,73,5,1,21504465910696351517210028566441998290935937815485230771036141417672928385060190973895159850000,2^4*3^6*5^5*7^2*11^3*17^2*19*23^2*29*31*47^2*53*59^2*61^2*67*71*73*79*83*89*97*101*103*107*109*113*127*173*179*181*191*193*197*199*211*223*227*229*233*239*241*251,5,5,1,1,1,5,5,5,-,0.025147467382,3.393885535606,0.025147467382,0.000000000000,0.000000000000,0.025147467382,0.000000000000,YES
64,2,212,42,4,45,71;73;79;83;89;97;101;103,-,73,73,5,1,21504465910696351517210028566441998290935937815485230771036141417672928385060190973895159850000,2^4*3^6*5^5*7^2*11^3*17^2*19*23^2*29*31*47^2*53*59^2*61^2*67*71*73*79*83*89*97*101*103*107*109*113*127*173*179*181*191*193*197*199*211*223*227*229*233*239*241*251,5,5,1,1,1,5,5,5,-,0.025147467382,3.393885535606,0.025147467382,0.000000000000,0.000000000000,0.025147467382,0.000000000000,YES
64,2,212,42,8,49,71;73;79;83;89;97;101;103,-,73,73,5,1,21504465910696351517210028566441998290935937815485230771036141417672928385060190973895159850000,2^4*3^6*5^5*7^2*11^3*17^2*19*23^2*29*31*47^2*53*59^2*61^2*67*71*73*79*83*89*97*101*103*107*109*113*127*173*179*181*191*193*197*199*211*223*227*229*233*239*241*251,5,5,1,1,1,5,5,5,-,0.025147467382,3.393885535606,0.025147467382,0.000000000000,0.000000000000,0.025147467382,0.000000000000,YES
64,2,213,42,1,42,73;79;83;89;97;101;103,-,73,73,125,3,32383195724342741108269219488289126838115294592730700455207365899554527450443581701865652480000,2^11*3^6*5^4*7^2*11^3*17*19*23^2*29*31*47^2*53*59^2*61^2*67*71*73*79*83*89*97*101*103*107*109*113*127*173*179*181*191*193*197*199*211*223*227*229*233*239*241*251,125,5^3,1,1,1,125,5^3,5,-,0.075442402145,3.400282082597,0.075442402145,0.000000000000,0.000000000000,0.075442402145,0.000000000000,YES
64,2,213,42,2,43,73;79;83;89;97;101;103,-,73,73,125,3,32383195724342741108269219488289126838115294592730700455207365899554527450443581701865652480000,2^11*3^6*5^4*7^2*11^3*17*19*23^2*29*31*47^2*53*59^2*61^2*67*71*73*79*83*89*97*101*103*107*109*113*127*173*179*181*191*193*197*199*211*223*227*229*233*239*241*251,125,5^3,1,1,1,125,5^3,5,-,0.075442402145,3.400282082597,0.075442402145,0.000000000000,0.000000000000,0.075442402145,0.000000000000,YES
64,2,213,42,4,45,73;79;83;89;97;101;103,-,73,73,25,2,32383195724342741108269219488289126838115294592730700455207365899554527450443581701865652480000,2^11*3^6*5^4*7^2*11^3*17*19*23^2*29*31*47^2*53*59^2*61^2*67*71*73*79*83*89*97*101*103*107*109*113*127*173*179*181*191*193*197*199*211*223*227*229*233*239*241*251,25,5^2,1,1,1,25,5^2,5,-,0.050294934764,3.400282082597,0.050294934764,0.000000000000,0.000000000000,0.050294934764,0.025147467382,YES
64,2,213,42,8,49,73;79;83;89;97;101;103,-,73,73,25,2,32383195724342741108269219488289126838115294592730700455207365899554527450443581701865652480000,2^11*3^6*5^4*7^2*11^3*17*19*23^2*29*31*47^2*53*59^2*61^2*67*71*73*79*83*89*97*101*103*107*109*113*127*173*179*181*191*193*197*199*211*223*227*229*233*239*241*251,25,5^2,1,1,1,25,5^2,5,-,0.050294934764,3.400282082597,0.050294934764,0.000000000000,0.000000000000,0.050294934764,0.025147467382,YES
64,2,214,42,1,42,73;79;83;89;97;101;103;107,-,73,73,55,2,48669481293310435466813973149066114604652811171530935771861362784710605583415207587014460160000,2^11*3^4*5^4*7^2*11^3*17*23^2*29*31*47^2*53*59^2*61^2*67*71*73*79*83*89*97*101*103*107*109*113*127*173*179*181*191*193*197*199*211*223*227*229*233*239*241*251*257,55,5*11,1,1,1,55,5*11,5;11,-,0.062614581019,3.406647903353,0.062614581019,0.000000000000,0.000000000000,0.062614581019,0.000000000000,YES
64,2,214,42,2,43,73;79;83;89;97;101;103;107,-,73,73,55,2,48669481293310435466813973149066114604652811171530935771861362784710605583415207587014460160000,2^11*3^4*5^4*7^2*11^3*17*23^2*29*31*47^2*53*59^2*61^2*67*71*73*79*83*89*97*101*103*107*109*113*127*173*179*181*191*193*197*199*211*223*227*229*233*239*241*251*257,55,5*11,1,1,1,55,5*11,5;11,-,0.062614581019,3.406647903353,0.062614581019,0.000000000000,0.000000000000,0.062614581019,0.000000000000,YES
64,2,214,42,4,45,73;79;83;89;97;101;103;107,-,73,73,55,2,48669481293310435466813973149066114604652811171530935771861362784710605583415207587014460160000,2^11*3^4*5^4*7^2*11^3*17*23^2*29*31*47^2*53*59^2*61^2*67*71*73*79*83*89*97*101*103*107*109*113*127*173*179*181*191*193*197*199*211*223*227*229*233*239*241*251*257,55,5*11,1,1,1,55,5*11,5;11,-,0.062614581019,3.406647903353,0.062614581019,0.000000000000,0.000000000000,0.062614581019,0.000000000000,YES
64,2,214,42,8,49,73;79;83;89;97;101;103;107,-,73,73,55,2,48669481293310435466813973149066114604652811171530935771861362784710605583415207587014460160000,2^11*3^4*5^4*7^2*11^3*17*23^2*29*31*47^2*53*59^2*61^2*67*71*73*79*83*89*97*101*103*107*109*113*127*173*179*181*191*193*197*199*211*223*227*229*233*239*241*251*257,55,5*11,1,1,1,55,5*11,5;11,-,0.062614581019,3.406647903353,0.062614581019,0.000000000000,0.000000000000,0.062614581019,0.000000000000,YES
64,2,215,42,1,42,73;79;83;89;97;101;103;107,-,73,73,4475,4,73004221939965653200220959723599171906979216757296403657792044177065908375122811380521690240000,2^10*3^5*5^4*7^2*11^3*17*23^2*29*31*47^2*53*59^2*61^2*67*71*73*79*83*89*97*101*103*107*109*113*127*173*179*181*191*193*197*199*211*223*227*229*233*239*241*251*257,4475,5^2*179,1,1,1,4475,5^2*179,5;179,-,0.131347837980,3.412983295667,0.131347837980,0.000000000000,0.000000000000,0.131347837980,0.000000000000,YES
64,2,215,42,2,43,73;79;83;89;97;101;103;107,-,73,73,4475,4,73004221939965653200220959723599171906979216757296403657792044177065908375122811380521690240000,2^10*3^5*5^4*7^2*11^3*17*23^2*29*31*47^2*53*59^2*61^2*67*71*73*79*83*89*97*101*103*107*109*113*127*173*179*181*191*193*197*199*211*223*227*229*233*239*241*251*257,4475,5^2*179,1,1,1,4475,5^2*179,5;179,-,0.131347837980,3.412983295667,0.131347837980,0.000000000000,0.000000000000,0.131347837980,0.000000000000,YES
64,2,215,42,4,45,73;79;83;89;97;101;103;107,-,73,73,4475,4,73004221939965653200220959723599171906979216757296403657792044177065908375122811380521690240000,2^10*3^5*5^4*7^2*11^3*17*23^2*29*31*47^2*53*59^2*61^2*67*71*73*79*83*89*97*101*103*107*109*113*127*173*179*181*191*193*197*199*211*223*227*229*233*239*241*251*257,4475,5^2*179,1,1,1,4475,5^2*179,5;179,-,0.131347837980,3.412983295667,0.131347837980,0.000000000000,0.000000000000,0.131347837980,0.000000000000,YES
64,2,215,42,8,49,73;79;83;89;97;101;103;107,-,73,73,4475,4,73004221939965653200220959723599171906979216757296403657792044177065908375122811380521690240000,2^10*3^5*5^4*7^2*11^3*17*23^2*29*31*47^2*53*59^2*61^2*67*71*73*79*83*89*97*101*103*107*109*113*127*173*179*181*191*193*197*199*211*223*227*229*233*239*241*251*257,4475,5^2*179,1,1,1,4475,5^2*179,5;179,-,0.131347837980,3.412983295667,0.131347837980,0.000000000000,0.000000000000,0.131347837980,0.000000000000,YES
64,2,216,42,1,42,73;79;83;89;97;101;103;107,73,73,73,9125,4,109295338048850313172585136233596448115072931445894615880740690415376128723449758078353281920000,2^10*3^5*5^4*7^3*11^3*17*23^2*29*31*37*47^2*53*59^2*61^2*67*71*73*79*83*89*97*101*103*107*109*113*127*179*181*191*193*197*199*211*223*227*229*233*239*241*251*257,9125,5^3*73,73,73,73,125,5^3,5,-,0.142480830913,3.419288552967,0.142480830913,0.067038428768,0.067038428768,0.075442402145,0.000000000000,YES
64,2,216,42,2,43,73;79;83;89;97;101;103;107,73,73,73,9125,4,109295338048850313172585136233596448115072931445894615880740690415376128723449758078353281920000,2^10*3^5*5^4*7^3*11^3*17*23^2*29*31*37*47^2*53*59^2*61^2*67*71*73*79*83*89*97*101*103*107*109*113*127*179*181*191*193*197*199*211*223*227*229*233*239*241*251*257,9125,5^3*73,73,73,73,125,5^3,5,-,0.142480830913,3.419288552967,0.142480830913,0.067038428768,0.067038428768,0.075442402145,0.000000000000,YES
64,2,216,42,4,45,73;79;83;89;97;101;103;107,73,73,73,1825,4,109295338048850313172585136233596448115072931445894615880740690415376128723449758078353281920000,2^10*3^5*5^4*7^3*11^3*17*23^2*29*31*37*47^2*53*59^2*61^2*67*71*73*79*83*89*97*101*103*107*109*113*127*179*181*191*193*197*199*211*223*227*229*233*239*241*251*257,1825,5^2*73,73,73,73,25,5^2,5,-,0.117333363532,3.419288552967,0.117333363532,0.067038428768,0.067038428768,0.050294934764,0.025147467382,YES
64,2,216,42,8,49,73;79;83;89;97;101;103;107,73,73,73,1825,4,109295338048850313172585136233596448115072931445894615880740690415376128723449758078353281920000,2^10*3^5*5^4*7^3*11^3*17*23^2*29*31*37*47^2*53*59^2*61^2*67*71*73*79*83*89*97*101*103*107*109*113*127*179*181*191*193*197*199*211*223*227*229*233*239*241*251*257,1825,5^2*73,73,73,73,25,5^2,5,-,0.117333363532,3.419288552967,0.117333363532,0.067038428768,0.067038428768,0.050294934764,0.025147467382,YES
64,2,217,43,1,43,73;79;83;89;97;101;103;107,-,73,73,425,3,3830982252063523890439890157444139963372339425577690409951995481191851288829184185535668239200000,2^8*3^7*5^5*7^3*11*13*17*23^2*29^2*31*37*47^2*53*59^2*61^2*67*71*73*79*83*89*97*101*103*107*109*113*127*179*181*191*193*197*199*211*223*227*229*233*239*241*251*257,425,5^2*17,1,1,1,425,5^2*17,5;17,-,0.094563893264,3.474863908757,0.094563893264,0.000000000000,0.000000000000,0.094563893264,0.000000000000,YES
64,2,217,43,2,44,73;79;83;89;97;101;103;107,-,73,73,425,3,3830982252063523890439890157444139963372339425577690409951995481191851288829184185535668239200000,2^8*3^7*5^5*7^3*11*13*17*23^2*29^2*31*37*47^2*53*59^2*61^2*67*71*73*79*83*89*97*101*103*107*109*113*127*179*181*191*193*197*199*211*223*227*229*233*239*241*251*257,425,5^2*17,1,1,1,425,5^2*17,5;17,-,0.094563893264,3.474863908757,0.094563893264,0.000000000000,0.000000000000,0.094563893264,0.000000000000,YES
64,2,217,43,4,46,73;79;83;89;97;101;103;107,-,73,73,425,3,3830982252063523890439890157444139963372339425577690409951995481191851288829184185535668239200000,2^8*3^7*5^5*7^3*11*13*17*23^2*29^2*31*37*47^2*53*59^2*61^2*67*71*73*79*83*89*97*101*103*107*109*113*127*179*181*191*193*197*199*211*223*227*229*233*239*241*251*257,425,5^2*17,1,1,1,425,5^2*17,5;17,-,0.094563893264,3.474863908757,0.094563893264,0.000000000000,0.000000000000,0.094563893264,0.000000000000,YES
64,2,217,43,8,50,73;79;83;89;97;101;103;107,-,73,73,85,2,3830982252063523890439890157444139963372339425577690409951995481191851288829184185535668239200000,2^8*3^7*5^5*7^3*11*13*17*23^2*29^2*31*37*47^2*53*59^2*61^2*67*71*73*79*83*89*97*101*103*107*109*113*127*179*181*191*193*197*199*211*223*227*229*233*239*241*251*257,85,5*17,1,1,1,85,5*17,5;17,-,0.069416425883,3.474863908757,0.069416425883,0.000000000000,0.000000000000,0.069416425883,0.025147467382,YES
64,2,218,43,1,43,73;79;83;89;97;101;103;107;109,-,73,73,125,3,5768490517474961260317535754312440634503177755754913146019671356737155388926702624197385509600000,2^8*3^6*5^5*7^3*11*13*17*23^2*29*31*37*47^2*53*59^2*61^2*67*71*73*79*83*89*97*101*103*107*109*113*127*131*179*181*191*193*197*199*211*223*227*229*233*239*241*251*257,125,5^3,1,1,1,125,5^3,5,-,0.075442402145,3.481259052578,0.075442402145,0.000000000000,0.000000000000,0.075442402145,0.000000000000,YES
64,2,218,43,2,44,73;79;83;89;97;101;103;107;109,-,73,73,125,3,5768490517474961260317535754312440634503177755754913146019671356737155388926702624197385509600000,2^8*3^6*5^5*7^3*11*13*17*23^2*29*31*37*47^2*53*59^2*61^2*67*71*73*79*83*89*97*101*103*107*109*113*127*131*179*181*191*193*197*199*211*223*227*229*233*239*241*251*257,125,5^3,1,1,1,125,5^3,5,-,0.075442402145,3.481259052578,0.075442402145,0.000000000000,0.000000000000,0.075442402145,0.000000000000,YES
64,2,218,43,4,46,73;79;83;89;97;101;103;107;109,-,73,73,25,2,5768490517474961260317535754312440634503177755754913146019671356737155388926702624197385509600000,2^8*3^6*5^5*7^3*11*13*17*23^2*29*31*37*47^2*53*59^2*61^2*67*71*73*79*83*89*97*101*103*107*109*113*127*131*179*181*191*193*197*199*211*223*227*229*233*239*241*251*257,25,5^2,1,1,1,25,5^2,5,-,0.050294934764,3.481259052578,0.050294934764,0.000000000000,0.000000000000,0.050294934764,0.025147467382,YES
64,2,218,43,8,50,73;79;83;89;97;101;103;107;109,-,73,73,5,1,5768490517474961260317535754312440634503177755754913146019671356737155388926702624197385509600000,2^8*3^6*5^5*7^3*11*13*17*23^2*29*31*37*47^2*53*59^2*61^2*67*71*73*79*83*89*97*101*103*107*109*113*127*131*179*181*191*193*197*199*211*223*227*229*233*239*241*251*257,5,5,1,1,1,5,5,5,-,0.025147467382,3.481259052578,0.025147467382,0.000000000000,0.000000000000,0.025147467382,0.050294934764,YES
64,2,219,43,1,43,79;83;89;97;101;103;107;109,97,-,97,2425,4,8669217177690941779791496590766696496424775712934526613732420381839267813072701658079499365856000,2^8*3^6*5^3*7^2*11*13*17*23^2*29*31*37*47^2*53*59^2*61^2*67*71*73*79*83*89*97*101*103*107*109*113*127*131*179*181*191*193*197*199*211*223*227*229*233*239*241*251*257*263,2425,5^2*97,97,97,97,25,5^2,5,-,0.121774793803,3.487624178488,0.121774793803,0.071479859039,0.071479859039,0.050294934764,0.000000000000,YES
64,2,219,43,2,44,79;83;89;97;101;103;107;109,97,-,97,2425,4,8669217177690941779791496590766696496424775712934526613732420381839267813072701658079499365856000,2^8*3^6*5^3*7^2*11*13*17*23^2*29*31*37*47^2*53*59^2*61^2*67*71*73*79*83*89*97*101*103*107*109*113*127*131*179*181*191*193*197*199*211*223*227*229*233*239*241*251*257*263,2425,5^2*97,97,97,97,25,5^2,5,-,0.121774793803,3.487624178488,0.121774793803,0.071479859039,0.071479859039,0.050294934764,0.000000000000,YES
64,2,219,43,4,46,79;83;89;97;101;103;107;109,97,-,97,2425,4,8669217177690941779791496590766696496424775712934526613732420381839267813072701658079499365856000,2^8*3^6*5^3*7^2*11*13*17*23^2*29*31*37*47^2*53*59^2*61^2*67*71*73*79*83*89*97*101*103*107*109*113*127*131*179*181*191*193*197*199*211*223*227*229*233*239*241*251*257*263,2425,5^2*97,97,97,97,25,5^2,5,-,0.121774793803,3.487624178488,0.121774793803,0.071479859039,0.071479859039,0.050294934764,0.000000000000,YES
64,2,219,43,8,50,79;83;89;97;101;103;107;109,97,-,97,485,3,8669217177690941779791496590766696496424775712934526613732420381839267813072701658079499365856000,2^8*3^6*5^3*7^2*11*13*17*23^2*29*31*37*47^2*53*59^2*61^2*67*71*73*79*83*89*97*101*103*107*109*113*127*131*179*181*191*193*197*199*211*223*227*229*233*239*241*251*257*263,485,5*97,97,97,97,5,5,5,-,0.096627326421,3.487624178488,0.096627326421,0.071479859039,0.071479859039,0.025147467382,0.025147467382,YES
64,2,265,52,1,52,89;97;101;103;107;109;113;127,97,-,97,485,3,2396330735077675973828418588008376765230173640099500756138067500923526577971899462563310247708110502625625899758401600,2^6*3^8*5^2*7*11^2*17*19*29*31^2*37*43*59^2*61^2*67*71^2*73^2*79^2*83*89*97*101*103*107*109*113*127*131*137*139*149*151*157*223*227*229*233*239*241*251*257*263*269*271*277*281*283*293*307*311*313*317,485,5*97,97,97,97,5,5,5,-,0.096627326421,4.223068665428,0.096627326421,0.071479859039,0.071479859039,0.025147467382,0.000000000000,YES
64,2,265,52,2,53,89;97;101;103;107;109;113;127,97,-,97,485,3,2396330735077675973828418588008376765230173640099500756138067500923526577971899462563310247708110502625625899758401600,2^6*3^8*5^2*7*11^2*17*19*29*31^2*37*43*59^2*61^2*67*71^2*73^2*79^2*83*89*97*101*103*107*109*113*127*131*137*139*149*151*157*223*227*229*233*239*241*251*257*263*269*271*277*281*283*293*307*311*313*317,485,5*97,97,97,97,5,5,5,-,0.096627326421,4.223068665428,0.096627326421,0.071479859039,0.071479859039,0.025147467382,0.000000000000,YES
64,2,265,52,4,55,89;97;101;103;107;109;113;127,97,-,97,485,3,2396330735077675973828418588008376765230173640099500756138067500923526577971899462563310247708110502625625899758401600,2^6*3^8*5^2*7*11^2*17*19*29*31^2*37*43*59^2*61^2*67*71^2*73^2*79^2*83*89*97*101*103*107*109*113*127*131*137*139*149*151*157*223*227*229*233*239*241*251*257*263*269*271*277*281*283*293*307*311*313*317,485,5*97,97,97,97,5,5,5,-,0.096627326421,4.223068665428,0.096627326421,0.071479859039,0.071479859039,0.025147467382,0.000000000000,YES
64,2,265,52,8,59,89;97;101;103;107;109;113;127,97,-,97,485,3,2396330735077675973828418588008376765230173640099500756138067500923526577971899462563310247708110502625625899758401600,2^6*3^8*5^2*7*11^2*17*19*29*31^2*37*43*59^2*61^2*67*71^2*73^2*79^2*83*89*97*101*103*107*109*113*127*131*137*139*149*151*157*223*227*229*233*239*241*251*257*263*269*271*277*281*283*293*307*311*313*317,485,5*97,97,97,97,5,5,5,-,0.096627326421,4.223068665428,0.096627326421,0.071479859039,0.071479859039,0.025147467382,0.000000000000,YES
64,3,221,31,1,31,67;71;73,73,-,73,1825,4,14665654576992978640369272599801679865584831561969791850287335492653728366682750,2*3^4*5^3*7^3*11^3*13*17*19^2*23*37*41^2*43*47*53*59*61*67*71*73*79*83*97*101*103*107*109*113*191*193*197*199*211*223*227*229*233*239*241*251,1825,5^2*73,73,73,73,25,5^2,5,-,0.117333363532,2.848236649848,0.117333363532,0.067038428768,0.067038428768,0.050294934764,0.000000000000,YES
64,3,221,31,2,32,67;71;73,73,-,73,1825,4,14665654576992978640369272599801679865584831561969791850287335492653728366682750,2*3^4*5^3*7^3*11^3*13*17*19^2*23*37*41^2*43*47*53*59*61*67*71*73*79*83*97*101*103*107*109*113*191*193*197*199*211*223*227*229*233*239*241*251,1825,5^2*73,73,73,73,25,5^2,5,-,0.117333363532,2.848236649848,0.117333363532,0.067038428768,0.067038428768,0.050294934764,0.000000000000,YES
64,3,221,31,4,34,67;71;73,73,-,73,1825,4,14665654576992978640369272599801679865584831561969791850287335492653728366682750,2*3^4*5^3*7^3*11^3*13*17*19^2*23*37*41^2*43*47*53*59*61*67*71*73*79*83*97*101*103*107*109*113*191*193*197*199*211*223*227*229*233*239*241*251,1825,5^2*73,73,73,73,25,5^2,5,-,0.117333363532,2.848236649848,0.117333363532,0.067038428768,0.067038428768,0.050294934764,0.000000000000,YES
64,3,221,31,8,38,67;71;73,73,-,73,1825,4,14665654576992978640369272599801679865584831561969791850287335492653728366682750,2*3^4*5^3*7^3*11^3*13*17*19^2*23*37*41^2*43*47*53*59*61*67*71*73*79*83*97*101*103*107*109*113*191*193*197*199*211*223*227*229*233*239*241*251,1825,5^2*73,73,73,73,25,5^2,5,-,0.117333363532,2.848236649848,0.117333363532,0.067038428768,0.067038428768,0.050294934764,0.000000000000,YES
64,3,289,40,1,40,73;79;83;89,73,-,73,365,3,4859289980740129569676712358039552832297128816512435408603921129157186002393483198649492946268146320000,2^7*3^5*5^4*7^3*11^2*17^2*23^2*29*43^2*47^2*53^2*59*61*67*71*73*79*83*89*97*101*103*107*109*127*131*137*139*149*151*157*163*251*257*263*269*271*277*281*283*293*307*311*313*317,365,5*73,73,73,73,5,5,5,-,0.092185896150,3.694446434658,0.092185896150,0.067038428768,0.067038428768,0.025147467382,0.000000000000,YES
64,3,289,40,2,41,73;79;83;89,73,-,73,365,3,4859289980740129569676712358039552832297128816512435408603921129157186002393483198649492946268146320000,2^7*3^5*5^4*7^3*11^2*17^2*23^2*29*43^2*47^2*53^2*59*61*67*71*73*79*83*89*97*101*103*107*109*127*131*137*139*149*151*157*163*251*257*263*269*271*277*281*283*293*307*311*313*317,365,5*73,73,73,73,5,5,5,-,0.092185896150,3.694446434658,0.092185896150,0.067038428768,0.067038428768,0.025147467382,0.000000000000,YES
64,3,289,40,4,43,73;79;83;89,73,-,73,365,3,4859289980740129569676712358039552832297128816512435408603921129157186002393483198649492946268146320000,2^7*3^5*5^4*7^3*11^2*17^2*23^2*29*43^2*47^2*53^2*59*61*67*71*73*79*83*89*97*101*103*107*109*127*131*137*139*149*151*157*163*251*257*263*269*271*277*281*283*293*307*311*313*317,365,5*73,73,73,73,5,5,5,-,0.092185896150,3.694446434658,0.092185896150,0.067038428768,0.067038428768,0.025147467382,0.000000000000,YES
64,3,289,40,8,47,73;79;83;89,73,-,73,365,3,4859289980740129569676712358039552832297128816512435408603921129157186002393483198649492946268146320000,2^7*3^5*5^4*7^3*11^2*17^2*23^2*29*43^2*47^2*53^2*59*61*67*71*73*79*83*89*97*101*103*107*109*127*131*137*139*149*151*157*163*251*257*263*269*271*277*281*283*293*307*311*313*317,365,5*73,73,73,73,5,5,5,-,0.092185896150,3.694446434658,0.092185896150,0.067038428768,0.067038428768,0.025147467382,0.000000000000,YES
64,3,316,44,1,44,83;89;97;101;103,97,-,97,366175,6,55658388614586796560871817919305405632267110448787892826186574461761546970718664042490552064898994180989009964800,2^8*3^2*5^2*7^4*13^2*17^3*19^2*23^2*29*31*47^2*53*59^2*61*67*71^2*73*79*83*89*97*101*103*107*109*113*137*139*149*151*157*163*167*173*179*277*281*283*293*307*311*313*317*331*337*347*349*353*359,366175,5^2*97*151,97,97,97,3775,5^2*151,5;151,-,0.200169791253,4.056346533242,0.200169791253,0.071479859039,0.071479859039,0.128689932214,0.000000000000,YES
64,3,316,44,2,45,83;89;97;101;103,97,-,97,73235,5,55658388614586796560871817919305405632267110448787892826186574461761546970718664042490552064898994180989009964800,2^8*3^2*5^2*7^4*13^2*17^3*19^2*23^2*29*31*47^2*53*59^2*61*67*71^2*73*79*83*89*97*101*103*107*109*113*137*139*149*151*157*163*167*173*179*277*281*283*293*307*311*313*317*331*337*347*349*353*359,73235,5*97*151,97,97,97,755,5*151,5;151,-,0.175022323871,4.056346533242,0.175022323871,0.071479859039,0.071479859039,0.103542464832,0.025147467382,YES
64,3,316,44,4,47,83;89;97;101;103,97,-,97,73235,5,55658388614586796560871817919305405632267110448787892826186574461761546970718664042490552064898994180989009964800,2^8*3^2*5^2*7^4*13^2*17^3*19^2*23^2*29*31*47^2*53*59^2*61*67*71^2*73*79*83*89*97*101*103*107*109*113*137*139*149*151*157*163*167*173*179*277*281*283*293*307*311*313*317*331*337*347*349*353*359,73235,5*97*151,97,97,97,755,5*151,5;151,-,0.175022323871,4.056346533242,0.175022323871,0.071479859039,0.071479859039,0.103542464832,0.025147467382,YES
64,3,316,44,8,51,83;89;97;101;103,97,-,97,14647,5,55658388614586796560871817919305405632267110448787892826186574461761546970718664042490552064898994180989009964800,2^8*3^2*5^2*7^4*13^2*17^3*19^2*23^2*29*31*47^2*53*59^2*61*67*71^2*73*79*83*89*97*101*103*107*109*113*137*139*149*151*157*163*167*173*179*277*281*283*293*307*311*313*317*331*337*347*349*353*359,14647,97*151,97,97,97,151,151,151,-,0.149874856489,4.056346533242,0.149874856489,0.071479859039,0.071479859039,0.078394997450,0.050294934764,YES
64,3,362,51,1,51,97;101;103;107;109;113,97,-,97,7081,4,15808229391604552480221515727737555745426492482498432533254592444598935118056977384109747315973802943993829287862592149860698897120,2^5*3^7*5*7^2*11^2*13*19^2*23*29^2*31*37*41*53^2*59^2*61*67^2*71*73*79^2*83*89*97*101*103*107*109*113*127*131*137*157*163*167*173*179*181*191*193*197*199*311*313*317*331*337*347*349*353*359*367*373*379*383*389*397*401*409,7081,73*97,97,97,97,73,73,73,-,0.138518287807,4.684281369504,0.138518287807,0.071479859039,0.071479859039,0.067038428768,0.000000000000,YES
64,3,362,51,2,52,97;101;103;107;109;113,97,-,97,7081,4,15808229391604552480221515727737555745426492482498432533254592444598935118056977384109747315973802943993829287862592149860698897120,2^5*3^7*5*7^2*11^2*13*19^2*23*29^2*31*37*41*53^2*59^2*61*67^2*71*73*79^2*83*89*97*101*103*107*109*113*127*131*137*157*163*167*173*179*181*191*193*197*199*311*313*317*331*337*347*349*353*359*367*373*379*383*389*397*401*409,7081,73*97,97,97,97,73,73,73,-,0.138518287807,4.684281369504,0.138518287807,0.071479859039,0.071479859039,0.067038428768,0.000000000000,YES
64,3,362,51,4,54,97;101;103;107;109;113,97,-,97,7081,4,15808229391604552480221515727737555745426492482498432533254592444598935118056977384109747315973802943993829287862592149860698897120,2^5*3^7*5*7^2*11^2*13*19^2*23*29^2*31*37*41*53^2*59^2*61*67^2*71*73*79^2*83*89*97*101*103*107*109*113*127*131*137*157*163*167*173*179*181*191*193*197*199*311*313*317*331*337*347*349*353*359*367*373*379*383*389*397*401*409,7081,73*97,97,97,97,73,73,73,-,0.138518287807,4.684281369504,0.138518287807,0.071479859039,0.071479859039,0.067038428768,0.000000000000,YES
64,3,362,51,8,58,97;101;103;107;109;113,97,-,97,7081,4,15808229391604552480221515727737555745426492482498432533254592444598935118056977384109747315973802943993829287862592149860698897120,2^5*3^7*5*7^2*11^2*13*19^2*23*29^2*31*37*41*53^2*59^2*61*67^2*71*73*79^2*83*89*97*101*103*107*109*113*127*131*137*157*163*167*173*179*181*191*193*197*199*311*313*317*331*337*347*349*353*359*367*373*379*383*389*397*401*409,7081,73*97,97,97,97,73,73,73,-,0.138518287807,4.684281369504,0.138518287807,0.071479859039,0.071479859039,0.067038428768,0.000000000000,YES
128,1,165,54,1,54,131;137;139;149;151;157;163,151,-,151,27935,5,8920526239374369195369814694588239256699117143484356779296810753040367220711620041850283605847040,2^10*3^2*5*7^2*11*13*19^2*23*29^2*31^2*37*41*43*59^2*61^2*67^2*71^2*73^2*79*83*89*97*101*103*107*109*113*127*131*137*139*149*151*157*163*167*173*179*181*191*193*197*199*211,27935,5*37*151,151,151,151,185,5*37,5;37,-,0.079981528609,1.744035342717,0.079981528609,0.039197498725,0.039197498725,0.040784029883,0.000000000000,YES
128,1,165,54,2,55,131;137;139;149;151;157;163,151,-,151,27935,5,8920526239374369195369814694588239256699117143484356779296810753040367220711620041850283605847040,2^10*3^2*5*7^2*11*13*19^2*23*29^2*31^2*37*41*43*59^2*61^2*67^2*71^2*73^2*79*83*89*97*101*103*107*109*113*127*131*137*139*149*151*157*163*167*173*179*181*191*193*197*199*211,27935,5*37*151,151,151,151,185,5*37,5;37,-,0.079981528609,1.744035342717,0.079981528609,0.039197498725,0.039197498725,0.040784029883,0.000000000000,YES
128,1,165,54,4,57,131;137;139;149;151;157;163,151,-,151,27935,5,8920526239374369195369814694588239256699117143484356779296810753040367220711620041850283605847040,2^10*3^2*5*7^2*11*13*19^2*23*29^2*31^2*37*41*43*59^2*61^2*67^2*71^2*73^2*79*83*89*97*101*103*107*109*113*127*131*137*139*149*151*157*163*167*173*179*181*191*193*197*199*211,27935,5*37*151,151,151,151,185,5*37,5;37,-,0.079981528609,1.744035342717,0.079981528609,0.039197498725,0.039197498725,0.040784029883,0.000000000000,YES
128,1,165,54,8,61,131;137;139;149;151;157;163,151,-,151,27935,5,8920526239374369195369814694588239256699117143484356779296810753040367220711620041850283605847040,2^10*3^2*5*7^2*11*13*19^2*23*29^2*31^2*37*41*43*59^2*61^2*67^2*71^2*73^2*79*83*89*97*101*103*107*109*113*127*131*137*139*149*151*157*163*167*173*179*181*191*193*197*199*211,27935,5*37*151,151,151,151,185,5*37,5;37,-,0.079981528609,1.744035342717,0.079981528609,0.039197498725,0.039197498725,0.040784029883,0.000000000000,YES
128,1,183,60,1,60,131;137;139;149;151;157;163;167;173;179;181,163,-,163,762025,6,552902809977243754987075981260664657797656357866049703023175792850336227672057175345276222287285268780723200,2^10*3^7*5^2*7*11^2*13^2*17*23*31^2*37*41*43*47*67^2*71^2*73^2*79^2*83*89*97*101*103*107*109*113*127*131*137*139*149*151*157*163*167*173*179*181*191*193*197*199*211*223*227*229*233*239*241,762025,5^2*11*17*163,163,163,163,4675,5^2*11*17,5;11;17,-,0.105810426895,1.938176695312,0.105810426895,0.039794923444,0.039794923444,0.066015503451,0.000000000000,YES
128,1,183,60,2,61,131;137;139;149;151;157;163;167;173;179;181,163,-,163,762025,6,552902809977243754987075981260664657797656357866049703023175792850336227672057175345276222287285268780723200,2^10*3^7*5^2*7*11^2*13^2*17*23*31^2*37*41*43*47*67^2*71^2*73^2*79^2*83*89*97*101*103*107*109*113*127*131*137*139*149*151*157*163*167*173*179*181*191*193*197*199*211*223*227*229*233*239*241,762025,5^2*11*17*163,163,163,163,4675,5^2*11*17,5;11;17,-,0.105810426895,1.938176695312,0.105810426895,0.039794923444,0.039794923444,0.066015503451,0.000000000000,YES
128,1,183,60,4,63,131;137;139;149;151;157;163;167;173;179;181,163,-,163,762025,6,552902809977243754987075981260664657797656357866049703023175792850336227672057175345276222287285268780723200,2^10*3^7*5^2*7*11^2*13^2*17*23*31^2*37*41*43*47*67^2*71^2*73^2*79^2*83*89*97*101*103*107*109*113*127*131*137*139*149*151*157*163*167*173*179*181*191*193*197*199*211*223*227*229*233*239*241,762025,5^2*11*17*163,163,163,163,4675,5^2*11*17,5;11;17,-,0.105810426895,1.938176695312,0.105810426895,0.039794923444,0.039794923444,0.066015503451,0.000000000000,YES
128,1,183,60,8,67,131;137;139;149;151;157;163;167;173;179;181,163,-,163,762025,6,552902809977243754987075981260664657797656357866049703023175792850336227672057175345276222287285268780723200,2^10*3^7*5^2*7*11^2*13^2*17*23*31^2*37*41*43*47*67^2*71^2*73^2*79^2*83*89*97*101*103*107*109*113*127*131*137*139*149*151*157*163*167*173*179*181*191*193*197*199*211*223*227*229*233*239*241,762025,5^2*11*17*163,163,163,163,4675,5^2*11*17,5;11;17,-,0.105810426895,1.938176695312,0.105810426895,0.039794923444,0.039794923444,0.066015503451,0.000000000000,YES
128,1,200,66,1,66,131;137;139;149;151;157;163;167;173;179;181;191;193;197;199,139;181,-,139;181,40631785,8,17301080232376680377248784102035079476905017867362133514883863548345495430037715481264965039284116658995173494921692000,2^5*3^6*5^3*7^2*11*13*17^2*19*23^2*29*37^2*41*43*47*53*71^2*73^2*79^2*83^2*89^2*97*101*103*107*109*113*127*131*137*139*149*151*157*163*167*173*179*181*191*193*197*199*211*223*227*229*233*239*241*251*257*263,40631785,5*17*19*139*181,25159,139*181,25159,1615,5*17*19,5;17;19,-,0.136875478125,2.126978318914,0.136875478125,0.079163835659,0.079163835659,0.057711642466,0.000000000000,YES
128,1,200,66,2,67,131;137;139;149;151;157;163;167;173;179;181;191;193;197;199,139;181,-,139;181,40631785,8,17301080232376680377248784102035079476905017867362133514883863548345495430037715481264965039284116658995173494921692000,2^5*3^6*5^3*7^2*11*13*17^2*19*23^2*29*37^2*41*43*47*53*71^2*73^2*79^2*83^2*89^2*97*101*103*107*109*113*127*131*137*139*149*151*157*163*167*173*179*181*191*193*197*199*211*223*227*229*233*239*241*251*257*263,40631785,5*17*19*139*181,25159,139*181,25159,1615,5*17*19,5;17;19,-,0.136875478125,2.126978318914,0.136875478125,0.079163835659,0.079163835659,0.057711642466,0.000000000000,YES
128,1,200,66,4,69,131;137;139;149;151;157;163;167;173;179;181;191;193;197;199,139;181,-,139;181,2390105,7,17301080232376680377248784102035079476905017867362133514883863548345495430037715481264965039284116658995173494921692000,2^5*3^6*5^3*7^2*11*13*17^2*19*23^2*29*37^2*41*43*47*53*71^2*73^2*79^2*83^2*89^2*97*101*103*107*109*113*127*131*137*139*149*151*157*163*167*173*179*181*191*193*197*199*211*223*227*229*233*239*241*251*257*263,2390105,5*19*139*181,25159,139*181,25159,95,5*19,5;19,-,0.114740998875,2.126978318914,0.114740998875,0.079163835659,0.079163835659,0.035577163216,0.022134479250,YES
128,1,200,66,8,73,131;137;139;149;151;157;163;167;173;179;181;191;193;197;199,139;181,-,139;181,2390105,7,17301080232376680377248784102035079476905017867362133514883863548345495430037715481264965039284116658995173494921692000,2^5*3^6*5^3*7^2*11*13*17^2*19*23^2*29*37^2*41*43*47*53*71^2*73^2*79^2*83^2*89^2*97*101*103*107*109*113*127*131*137*139*149*151*157*163*167*173*179*181*191*193*197*199*211*223*227*229*233*239*241*251*257*263,2390105,5*19*139*181,25159,139*181,25159,95,5*19,5;19,-,0.114740998875,2.126978318914,0.114740998875,0.079163835659,0.079163835659,0.035577163216,0.022134479250,YES
128,1,215,71,1,71,131;137;139;149;151;157;163;167;173;179;181;191;193;197;199;211,179,-,179,183475,6,17290191198664559706613943287776228275316781692249949307390601832659777936693555506004585672859993297404792773992003529479605000,2^3*3^4*5^4*7^2*11^2*13^2*19^2*29*31*37^2*41^2*43*47*53*73^2*79^2*83^2*89^2*97*101*103*107*109*113*127*131*137*139*149*151*157*163*167*173*179*181*191*193*197*199*211*223*227*229*233*239*241*251*257*263*269*271*277*281*283,183475,5^2*41*179,179,179,179,1025,5^2*41,5;41,-,0.094686200761,2.288873914650,0.094686200761,0.040526451608,0.040526451608,0.054159749153,0.000000000000,YES
128,1,215,71,2,72,131;137;139;149;151;157;163;167;173;179;181;191;193;197;199;211,179,-,179,183475,6,17290191198664559706613943287776228275316781692249949307390601832659777936693555506004585672859993297404792773992003529479605000,2^3*3^4*5^4*7^2*11^2*13^2*19^2*29*31*37^2*41^2*43*47*53*73^2*79^2*83^2*89^2*97*101*103*107*109*113*127*131*137*139*149*151*157*163*167*173*179*181*191*193*197*199*211*223*227*229*233*239*241*251*257*263*269*271*277*281*283,183475,5^2*41*179,179,179,179,1025,5^2*41,5;41,-,0.094686200761,2.288873914650,0.094686200761,0.040526451608,0.040526451608,0.054159749153,0.000000000000,YES
128,1,215,71,4,74,131;137;139;149;151;157;163;167;173;179;181;191;193;197;199;211,179,-,179,183475,6,17290191198664559706613943287776228275316781692249949307390601832659777936693555506004585672859993297404792773992003529479605000,2^3*3^4*5^4*7^2*11^2*13^2*19^2*29*31*37^2*41^2*43*47*53*73^2*79^2*83^2*89^2*97*101*103*107*109*113*127*131*137*139*149*151*157*163*167*173*179*181*191*193*197*199*211*223*227*229*233*239*241*251*257*263*269*271*277*281*283,183475,5^2*41*179,179,179,179,1025,5^2*41,5;41,-,0.094686200761,2.288873914650,0.094686200761,0.040526451608,0.040526451608,0.054159749153,0.000000000000,YES
128,1,215,71,8,78,131;137;139;149;151;157;163;167;173;179;181;191;193;197;199;211,179,-,179,36695,5,17290191198664559706613943287776228275316781692249949307390601832659777936693555506004585672859993297404792773992003529479605000,2^3*3^4*5^4*7^2*11^2*13^2*19^2*29*31*37^2*41^2*43*47*53*73^2*79^2*83^2*89^2*97*101*103*107*109*113*127*131*137*139*149*151*157*163*167*173*179*181*191*193*197*199*211*223*227*229*233*239*241*251*257*263*269*271*277*281*283,36695,5*41*179,179,179,179,205,5*41,5;41,-,0.082112467070,2.288873914650,0.082112467070,0.040526451608,0.040526451608,0.041586015462,0.012573733691,YES
128,1,216,71,1,71,131;137;139;149;151;157;163;167;173;179;181;191;193;197;199;211,139,-,139,1268375,7,34580382397329119413227886575552456550633563384499898614781203665319555873387111012009171345719986594809585547984007058959210000,2^4*3^4*5^4*7^2*11^2*13^2*19^2*29*31*37^2*41^2*43*47*53*73^2*79^2*83^2*89^2*97*101*103*107*109*113*127*131*137*139*149*151*157*163*167*173*179*181*191*193*197*199*211*223*227*229*233*239*241*251*257*263*269*271*277*281*283,1268375,5^3*73*139,139,139,139,9125,5^3*73,5;73,-,0.109790993059,2.294289126998,0.109790993059,0.038550577603,0.038550577603,0.071240415457,0.000000000000,YES
128,1,216,71,2,72,131;137;139;149;151;157;163;167;173;179;181;191;193;197;199;211,139,-,139,1268375,7,34580382397329119413227886575552456550633563384499898614781203665319555873387111012009171345719986594809585547984007058959210000,2^4*3^4*5^4*7^2*11^2*13^2*19^2*29*31*37^2*41^2*43*47*53*73^2*79^2*83^2*89^2*97*101*103*107*109*113*127*131*137*139*149*151*157*163*167*173*179*181*191*193*197*199*211*223*227*229*233*239*241*251*257*263*269*271*277*281*283,1268375,5^3*73*139,139,139,139,9125,5^3*73,5;73,-,0.109790993059,2.294289126998,0.109790993059,0.038550577603,0.038550577603,0.071240415457,0.000000000000,YES
128,1,216,71,4,74,131;137;139;149;151;157;163;167;173;179;181;191;193;197;199;211,139,-,139,17375,5,34580382397329119413227886575552456550633563384499898614781203665319555873387111012009171345719986594809585547984007058959210000,2^4*3^4*5^4*7^2*11^2*13^2*19^2*29*31*37^2*41^2*43*47*53*73^2*79^2*83^2*89^2*97*101*103*107*109*113*127*131*137*139*149*151*157*163*167*173*179*181*191*193*197*199*211*223*227*229*233*239*241*251*257*263*269*271*277*281*283,17375,5^3*139,139,139,139,125,5^3,5,-,0.076271778675,2.294289126998,0.076271778675,0.038550577603,0.038550577603,0.037721201073,0.033519214384,YES
128,1,216,71,8,78,131;137;139;149;151;157;163;167;173;179;181;191;193;197;199;211,139,-,139,695,3,34580382397329119413227886575552456550633563384499898614781203665319555873387111012009171345719986594809585547984007058959210000,2^4*3^4*5^4*7^2*11^2*13^2*19^2*29*31*37^2*41^2*43*47*53*73^2*79^2*83^2*89^2*97*101*103*107*109*113*127*131*137*139*149*151*157*163*167*173*179*181*191*193*197*199*211*223*227*229*233*239*241*251*257*263*269*271*277*281*283,695,5*139,139,139,139,5,5,5,-,0.051124311293,2.294289126998,0.051124311293,0.038550577603,0.038550577603,0.012573733691,0.058666681766,YES
128,1,223,74,1,74,131;137;139;149;151;157;163;167;173;179;181;191;193;197;199;211;223,193,-,193,82025,5,2168559132950588414626854328473879841444210690970895390856388155349410423550977276085518195577996100391317416359515795147981069210240,2^7*3^6*5*7^2*11^3*13^2*17^2*19^2*29*31*41^2*43*47*53*59*79^2*83^2*89^2*97^2*101*103*107*109*113*127*131*137*139*149^2*151*157*163*167*173*179*181*191*193*197*199*211*223*227*229*233*239*241*251*257*263*269*271*277*281*283*293,16405,5*17*193,193,193,193,85,5*17,5;17,-,0.088396713733,2.380588243970,0.075822980042,0.041114767101,0.041114767101,0.034708212941,0.000000000000,YES
128,1,223,74,2,75,131;137;139;149;151;157;163;167;173;179;181;191;193;197;199;211;223,193,-,193,16405,5,2168559132950588414626854328473879841444210690970895390856388155349410423550977276085518195577996100391317416359515795147981069210240,2^7*3^6*5*7^2*11^3*13^2*17^2*19^2*29*31*41^2*43*47*53*59*79^2*83^2*89^2*97^2*101*103*107*109*113*127*131*137*139*149^2*151*157*163*167*173*179*181*191*193*197*199*211*223*227*229*233*239*241*251*257*263*269*271*277*281*283*293,16405,5*17*193,193,193,193,85,5*17,5;17,-,0.075822980042,2.380588243970,0.075822980042,0.041114767101,0.041114767101,0.034708212941,0.000000000000,YES
128,1,223,74,4,77,131;137;139;149;151;157;163;167;173;179;181;191;193;197;199;211;223,193,-,193,16405,5,2168559132950588414626854328473879841444210690970895390856388155349410423550977276085518195577996100391317416359515795147981069210240,2^7*3^6*5*7^2*11^3*13^2*17^2*19^2*29*31*41^2*43*47*53*59*79^2*83^2*89^2*97^2*101*103*107*109*113*127*131*137*139*149^2*151*157*163*167*173*179*181*191*193*197*199*211*223*227*229*233*239*241*251*257*263*269*271*277*281*283*293,16405,5*17*193,193,193,193,85,5*17,5;17,-,0.075822980042,2.380588243970,0.075822980042,0.041114767101,0.041114767101,0.034708212941,0.000000000000,YES
128,1,223,74,8,81,131;137;139;149;151;157;163;167;173;179;181;191;193;197;199;211;223,193,-,193,16405,5,2168559132950588414626854328473879841444210690970895390856388155349410423550977276085518195577996100391317416359515795147981069210240,2^7*3^6*5*7^2*11^3*13^2*17^2*19^2*29*31*41^2*43*47*53*59*79^2*83^2*89^2*97^2*101*103*107*109*113*127*131*137*139*149^2*151*157*163*167*173*179*181*191*193*197*199*211*223*227*229*233*239*241*251*257*263*269*271*277*281*283*293,16405,5*17*193,193,193,193,85,5*17,5;17,-,0.075822980042,2.380588243970,0.075822980042,0.041114767101,0.041114767101,0.034708212941,0.000000000000,YES
128,1,228,75,1,75,131;137;139;149;151;157;163;167;173;179;181;191;193;197;199;211;223;227,181,-,181,15385,5,549703010672677146243513409810752901992895089580926891440166906902594874220350019267298400057620457015865766001848322151364720659421760,2^6*3^7*5*7^3*11^3*13^3*17^2*23*29*31*41^2*43^2*47*53*59*79^2*83^2*89^2*97^2*101^2*103*107*109*113*127*131*137*139*149*151*157*163*167*173*179*181*191*193*197*199*211*223*227*229*233*239*241*251*257*263*269*271*277*281*283*293,15385,5*17*181,181,181,181,85,5*17,5;17,-,0.075321470998,2.423832893961,0.075321470998,0.040613258057,0.040613258057,0.034708212941,0.000000000000,YES
128,1,228,75,2,76,131;137;139;149;151;157;163;167;173;179;181;191;193;197;199;211;223;227,181,-,181,15385,5,549703010672677146243513409810752901992895089580926891440166906902594874220350019267298400057620457015865766001848322151364720659421760,2^6*3^7*5*7^3*11^3*13^3*17^2*23*29*31*41^2*43^2*47*53*59*79^2*83^2*89^2*97^2*101^2*103*107*109*113*127*131*137*139*149*151*157*163*167*173*179*181*191*193*197*199*211*223*227*229*233*239*241*251*257*263*269*271*277*281*283*293,15385,5*17*181,181,181,181,85,5*17,5;17,-,0.075321470998,2.423832893961,0.075321470998,0.040613258057,0.040613258057,0.034708212941,0.000000000000,YES
128,1,228,75,4,78,131;137;139;149;151;157;163;167;173;179;181;191;193;197;199;211;223;227,181,-,181,15385,5,549703010672677146243513409810752901992895089580926891440166906902594874220350019267298400057620457015865766001848322151364720659421760,2^6*3^7*5*7^3*11^3*13^3*17^2*23*29*31*41^2*43^2*47*53*59*79^2*83^2*89^2*97^2*101^2*103*107*109*113*127*131*137*139*149*151*157*163*167*173*179*181*191*193*197*199*211*223*227*229*233*239*241*251*257*263*269*271*277*281*283*293,15385,5*17*181,181,181,181,85,5*17,5;17,-,0.075321470998,2.423832893961,0.075321470998,0.040613258057,0.040613258057,0.034708212941,0.000000000000,YES
128,1,228,75,8,82,131;137;139;149;151;157;163;167;173;179;181;191;193;197;199;211;223;227,181,-,181,15385,5,549703010672677146243513409810752901992895089580926891440166906902594874220350019267298400057620457015865766001848322151364720659421760,2^6*3^7*5*7^3*11^3*13^3*17^2*23*29*31*41^2*43^2*47*53*59*79^2*83^2*89^2*97^2*101^2*103*107*109*113*127*131*137*139*149*151*157*163*167*173*179*181*191*193*197*199*211*223*227*229*233*239*241*251*257*263*269*271*277*281*283*293,15385,5*17*181,181,181,181,85,5*17,5;17,-,0.075321470998,2.423832893961,0.075321470998,0.040613258057,0.040613258057,0.034708212941,0.000000000000,YES
128,1,241,80,1,80,131;137;139;149;151;157;163;167;173;179;181;191;193;197;199;211;223;227;229;233;239;241,197,-,197,16745,5,138043529500624451094219537128603713381535128995375751351686604456008543557083622057490788039173520133292189002536476808230090246801061180869920,2^5*3*5*7^3*11^2*13*17^2*23^2*29^2*31*41^2*43^2*47*53*59*61*83^2*89^2*97^2*101^2*103^2*107^2*109*113*127*131*137*139*149*151*157*163*167*173*179*181*191*193*197*199*211*223*227*229*233*239*241*251*257*263*269*271*277*281*283*293*307*311*313*317,16745,5*17*197,197,197,197,85,5*17,5;17,-,0.075983242072,2.574938024834,0.075983242072,0.041275029131,0.041275029131,0.034708212941,0.000000000000,YES
128,1,241,80,2,81,131;137;139;149;151;157;163;167;173;179;181;191;193;197;199;211;223;227;229;233;239;241,197,-,197,16745,5,138043529500624451094219537128603713381535128995375751351686604456008543557083622057490788039173520133292189002536476808230090246801061180869920,2^5*3*5*7^3*11^2*13*17^2*23^2*29^2*31*41^2*43^2*47*53*59*61*83^2*89^2*97^2*101^2*103^2*107^2*109*113*127*131*137*139*149*151*157*163*167*173*179*181*191*193*197*199*211*223*227*229*233*239*241*251*257*263*269*271*277*281*283*293*307*311*313*317,16745,5*17*197,197,197,197,85,5*17,5;17,-,0.075983242072,2.574938024834,0.075983242072,0.041275029131,0.041275029131,0.034708212941,0.000000000000,YES
128,1,241,80,4,83,131;137;139;149;151;157;163;167;173;179;181;191;193;197;199;211;223;227;229;233;239;241,197,-,197,16745,5,138043529500624451094219537128603713381535128995375751351686604456008543557083622057490788039173520133292189002536476808230090246801061180869920,2^5*3*5*7^3*11^2*13*17^2*23^2*29^2*31*41^2*43^2*47*53*59*61*83^2*89^2*97^2*101^2*103^2*107^2*109*113*127*131*137*139*149*151*157*163*167*173*179*181*191*193*197*199*211*223*227*229*233*239*241*251*257*263*269*271*277*281*283*293*307*311*313*317,16745,5*17*197,197,197,197,85,5*17,5;17,-,0.075983242072,2.574938024834,0.075983242072,0.041275029131,0.041275029131,0.034708212941,0.000000000000,YES
128,1,241,80,8,87,131;137;139;149;151;157;163;167;173;179;181;191;193;197;199;211;223;227;229;233;239;241,197,-,197,16745,5,138043529500624451094219537128603713381535128995375751351686604456008543557083622057490788039173520133292189002536476808230090246801061180869920,2^5*3*5*7^3*11^2*13*17^2*23^2*29^2*31*41^2*43^2*47*53*59*61*83^2*89^2*97^2*101^2*103^2*107^2*109*113*127*131*137*139*149*151*157*163*167*173*179*181*191*193*197*199*211*223*227*229*233*239*241*251*257*263*269*271*277*281*283*293*307*311*313*317,16745,5*17*197,197,197,197,85,5*17,5;17,-,0.075983242072,2.574938024834,0.075983242072,0.041275029131,0.041275029131,0.034708212941,0.000000000000,YES
128,1,257,85,1,85,131;137;139;149;151;157;163;167;173;179;181;191;193;197;199;211;223;227;229;233;239;241;251,193,-,193,18335,5,280115787236504838938520746003385979622507376208761418909857205685949619108805113094227093997218309875189707264373347504605365106916989934230042242076800,2^7*3^3*5^2*7^4*11^3*13^2*17*19*23*29^2*31^2*37*47^2*53*59*61*67*89^2*97^2*101^2*103^2*107^2*109^2*113^2*127*131*137*139*149*151*157*163*167*173*179*181*191*193*197*199*211*223*227*229*233*239*241*251*257*263*269*271*277*281*283*293*307*311*313*317*331*337,18335,5*19*193,193,193,193,95,5*19,5;19,-,0.076691930316,2.742366929630,0.076691930316,0.041114767101,0.041114767101,0.035577163216,0.000000000000,YES
128,1,257,85,2,86,131;137;139;149;151;157;163;167;173;179;181;191;193;197;199;211;223;227;229;233;239;241;251,193,-,193,18335,5,280115787236504838938520746003385979622507376208761418909857205685949619108805113094227093997218309875189707264373347504605365106916989934230042242076800,2^7*3^3*5^2*7^4*11^3*13^2*17*19*23*29^2*31^2*37*47^2*53*59*61*67*89^2*97^2*101^2*103^2*107^2*109^2*113^2*127*131*137*139*149*151*157*163*167*173*179*181*191*193*197*199*211*223*227*229*233*239*241*251*257*263*269*271*277*281*283*293*307*311*313*317*331*337,18335,5*19*193,193,193,193,95,5*19,5;19,-,0.076691930316,2.742366929630,0.076691930316,0.041114767101,0.041114767101,0.035577163216,0.000000000000,YES
128,1,257,85,4,88,131;137;139;149;151;157;163;167;173;179;181;191;193;197;199;211;223;227;229;233;239;241;251,193,-,193,18335,5,280115787236504838938520746003385979622507376208761418909857205685949619108805113094227093997218309875189707264373347504605365106916989934230042242076800,2^7*3^3*5^2*7^4*11^3*13^2*17*19*23*29^2*31^2*37*47^2*53*59*61*67*89^2*97^2*101^2*103^2*107^2*109^2*113^2*127*131*137*139*149*151*157*163*167*173*179*181*191*193*197*199*211*223*227*229*233*239*241*251*257*263*269*271*277*281*283*293*307*311*313*317*331*337,18335,5*19*193,193,193,193,95,5*19,5;19,-,0.076691930316,2.742366929630,0.076691930316,0.041114767101,0.041114767101,0.035577163216,0.000000000000,YES
128,1,257,85,8,92,131;137;139;149;151;157;163;167;173;179;181;191;193;197;199;211;223;227;229;233;239;241;251,193,-,193,18335,5,280115787236504838938520746003385979622507376208761418909857205685949619108805113094227093997218309875189707264373347504605365106916989934230042242076800,2^7*3^3*5^2*7^4*11^3*13^2*17*19*23*29^2*31^2*37*47^2*53*59*61*67*89^2*97^2*101^2*103^2*107^2*109^2*113^2*127*131*137*139*149*151*157*163*167*173*179*181*191*193*197*199*211*223*227*229*233*239*241*251*257*263*269*271*277*281*283*293*307*311*313*317*331*337,18335,5*19*193,193,193,193,95,5*19,5;19,-,0.076691930316,2.742366929630,0.076691930316,0.041114767101,0.041114767101,0.035577163216,0.000000000000,YES
128,1,272,90,1,90,137;139;149;151;157;163;167;173;179;181;191;193;197;199;211;223;227;229;233;239;241;251,191;233,-,191;233,44503,5,284280152580733719624233660444431537857579747691089737606984164932759410328449908509112623908120482257923281966054447835010697601718393957851988966443997727987200,2^9*3^3*5^2*7^3*11^3*13*17^2*19^3*23^2*31^2*37*47^2*53*59*61*67*71*97^2*101^2*103^2*107^2*109^2*113^2*127*131*137*139*149*151*157*163*167*173*179*181*191*193*197*199*211*223*227*229*233*239*241*251*257*263*269*271*277*281*283*293*307*311*313*317*331*337*347*349*353*359,44503,191*233,44503,191*233,44503,1,1,-,-,0.083619624075,2.904382734303,0.083619624075,0.083619624075,0.083619624075,0.000000000000,0.000000000000,YES
128,1,272,90,2,91,137;139;149;151;157;163;167;173;179;181;191;193;197;199;211;223;227;229;233;239;241;251,191;233,-,191;233,44503,5,284280152580733719624233660444431537857579747691089737606984164932759410328449908509112623908120482257923281966054447835010697601718393957851988966443997727987200,2^9*3^3*5^2*7^3*11^3*13*17^2*19^3*23^2*31^2*37*47^2*53*59*61*67*71*97^2*101^2*103^2*107^2*109^2*113^2*127*131*137*139*149*151*157*163*167*173*179*181*191*193*197*199*211*223*227*229*233*239*241*251*257*263*269*271*277*281*283*293*307*311*313*317*331*337*347*349*353*359,44503,191*233,44503,191*233,44503,1,1,-,-,0.083619624075,2.904382734303,0.083619624075,0.083619624075,0.083619624075,0.000000000000,0.000000000000,YES
128,1,272,90,4,93,137;139;149;151;157;163;167;173;179;181;191;193;197;199;211;223;227;229;233;239;241;251,191;233,-,191;233,44503,5,284280152580733719624233660444431537857579747691089737606984164932759410328449908509112623908120482257923281966054447835010697601718393957851988966443997727987200,2^9*3^3*5^2*7^3*11^3*13*17^2*19^3*23^2*31^2*37*47^2*53*59*61*67*71*97^2*101^2*103^2*107^2*109^2*113^2*127*131*137*139*149*151*157*163*167*173*179*181*191*193*197*199*211*223*227*229*233*239*241*251*257*263*269*271*277*281*283*293*307*311*313*317*331*337*347*349*353*359,44503,191*233,44503,191*233,44503,1,1,-,-,0.083619624075,2.904382734303,0.083619624075,0.083619624075,0.083619624075,0.000000000000,0.000000000000,YES
128,1,272,90,8,97,137;139;149;151;157;163;167;173;179;181;191;193;197;199;211;223;227;229;233;239;241;251,191;233,-,191;233,44503,5,284280152580733719624233660444431537857579747691089737606984164932759410328449908509112623908120482257923281966054447835010697601718393957851988966443997727987200,2^9*3^3*5^2*7^3*11^3*13*17^2*19^3*23^2*31^2*37*47^2*53*59*61*67*71*97^2*101^2*103^2*107^2*109^2*113^2*127*131*137*139*149*151*157*163*167*173*179*181*191*193*197*199*211*223*227*229*233*239*241*251*257*263*269*271*277*281*283*293*307*311*313*317*331*337*347*349*353*359,44503,191*233,44503,191*233,44503,1,1,-,-,0.083619624075,2.904382734303,0.083619624075,0.083619624075,0.083619624075,0.000000000000,0.000000000000,YES
128,1,287,95,1,95,149;151;157;163;167;173;179;181;191;193;197;199;211;223;227;229;233;239;241;251,151,-,151,755,3,289376443450580228404658887582830437877718787164419969026254149231647488533693210929887433462343706627417819959358001469300997709678571244186050690438606092404256008005000,2^3*3^3*5^4*7^4*11^3*13^2*17^2*19*29*37*41*53^2*59*61*67*71*73*97^2*101^2*103^2*107^2*109^2*113^2*127^2*131*137*139*149*151*157*163*167*173*179*181*191*193*197*199*211*223*227*229*233*239*241*251*257*263*269*271*277*281*283*293*307*311*313*317*331*337*347*349*353*359*367*373*379*383,755,5*151,151,151,151,5,5,5,-,0.051771232416,3.066422062781,0.051771232416,0.039197498725,0.039197498725,0.012573733691,0.000000000000,YES
128,1,287,95,2,96,149;151;157;163;167;173;179;181;191;193;197;199;211;223;227;229;233;239;241;251,151,-,151,755,3,289376443450580228404658887582830437877718787164419969026254149231647488533693210929887433462343706627417819959358001469300997709678571244186050690438606092404256008005000,2^3*3^3*5^4*7^4*11^3*13^2*17^2*19*29*37*41*53^2*59*61*67*71*73*97^2*101^2*103^2*107^2*109^2*113^2*127^2*131*137*139*149*151*157*163*167*173*179*181*191*193*197*199*211*223*227*229*233*239*241*251*257*263*269*271*277*281*283*293*307*311*313*317*331*337*347*349*353*359*367*373*379*383,755,5*151,151,151,151,5,5,5,-,0.051771232416,3.066422062781,0.051771232416,0.039197498725,0.039197498725,0.012573733691,0.000000000000,YES
128,1,287,95,4,98,149;151;157;163;167;173;179;181;191;193;197;199;211;223;227;229;233;239;241;251,151,-,151,755,3,289376443450580228404658887582830437877718787164419969026254149231647488533693210929887433462343706627417819959358001469300997709678571244186050690438606092404256008005000,2^3*3^3*5^4*7^4*11^3*13^2*17^2*19*29*37*41*53^2*59*61*67*71*73*97^2*101^2*103^2*107^2*109^2*113^2*127^2*131*137*139*149*151*157*163*167*173*179*181*191*193*197*199*211*223*227*229*233*239*241*251*257*263*269*271*277*281*283*293*307*311*313*317*331*337*347*349*353*359*367*373*379*383,755,5*151,151,151,151,5,5,5,-,0.051771232416,3.066422062781,0.051771232416,0.039197498725,0.039197498725,0.012573733691,0.000000000000,YES
128,1,287,95,8,102,149;151;157;163;167;173;179;181;191;193;197;199;211;223;227;229;233;239;241;251,151,-,151,755,3,289376443450580228404658887582830437877718787164419969026254149231647488533693210929887433462343706627417819959358001469300997709678571244186050690438606092404256008005000,2^3*3^3*5^4*7^4*11^3*13^2*17^2*19*29*37*41*53^2*59*61*67*71*73*97^2*101^2*103^2*107^2*109^2*113^2*127^2*131*137*139*149*151*157*163*167*173*179*181*191*193*197*199*211*223*227*229*233*239*241*251*257*263*269*271*277*281*283*293*307*311*313*317*331*337*347*349*353*359*367*373*379*383,755,5*151,151,151,151,5,5,5,-,0.051771232416,3.066422062781,0.051771232416,0.039197498725,0.039197498725,0.012573733691,0.000000000000,YES
128,1,300,99,1,99,151;157;163;167;173;179;181;191;193;197;199;211;223;227;229;233;239;241;251,191;227,-,191;227,29092547,8,9322195967394048822882695452146104427191349437401862656724449034290022666250170548849870734841364312949162486460257757573330157521569299288659697478613017444473637042063522638400,2^6*3^3*5^2*7^2*11^2*13^2*17^3*19^2*23*29*37*41*43*53^2*59*61*67*71*73*79*101^2*103^2*107^2*109^2*113^2*127^2*131^2*137*139*149*151*157*163*167*173*179*181*191*193*197*199*211*223*227*229*233*239*241*251*257*263*269*271*277*281*283*293*307*311*313*317*331*337*347*349*353*359*367*373*379*383*389*397,29092547,11*61*191*227,43357,191*227,43357,671,11*61,11;61,-,0.134265567051,3.201484059998,0.134265567051,0.083415808168,0.083415808168,0.050849758883,0.000000000000,YES
128,1,300,99,2,100,151;157;163;167;173;179;181;191;193;197;199;211;223;227;229;233;239;241;251,191;227,-,191;227,29092547,8,9322195967394048822882695452146104427191349437401862656724449034290022666250170548849870734841364312949162486460257757573330157521569299288659697478613017444473637042063522638400,2^6*3^3*5^2*7^2*11^2*13^2*17^3*19^2*23*29*37*41*43*53^2*59*61*67*71*73*79*101^2*103^2*107^2*109^2*113^2*127^2*131^2*137*139*149*151*157*163*167*173*179*181*191*193*197*199*211*223*227*229*233*239*241*251*257*263*269*271*277*281*283*293*307*311*313*317*331*337*347*349*353*359*367*373*379*383*389*397,29092547,11*61*191*227,43357,191*227,43357,671,11*61,11;61,-,0.134265567051,3.201484059998,0.134265567051,0.083415808168,0.083415808168,0.050849758883,0.000000000000,YES
128,1,300,99,4,102,151;157;163;167;173;179;181;191;193;197;199;211;223;227;229;233;239;241;251,191;227,-,191;227,29092547,8,9322195967394048822882695452146104427191349437401862656724449034290022666250170548849870734841364312949162486460257757573330157521569299288659697478613017444473637042063522638400,2^6*3^3*5^2*7^2*11^2*13^2*17^3*19^2*23*29*37*41*43*53^2*59*61*67*71*73*79*101^2*103^2*107^2*109^2*113^2*127^2*131^2*137*139*149*151*157*163*167*173*179*181*191*193*197*199*211*223*227*229*233*239*241*251*257*263*269*271*277*281*283*293*307*311*313*317*331*337*347*349*353*359*367*373*379*383*389*397,29092547,11*61*191*227,43357,191*227,43357,671,11*61,11;61,-,0.134265567051,3.201484059998,0.134265567051,0.083415808168,0.083415808168,0.050849758883,0.000000000000,YES
128,1,300,99,8,106,151;157;163;167;173;179;181;191;193;197;199;211;223;227;229;233;239;241;251,191;227,-,191;227,29092547,8,9322195967394048822882695452146104427191349437401862656724449034290022666250170548849870734841364312949162486460257757573330157521569299288659697478613017444473637042063522638400,2^6*3^3*5^2*7^2*11^2*13^2*17^3*19^2*23*29*37*41*43*53^2*59*61*67*71*73*79*101^2*103^2*107^2*109^2*113^2*127^2*131^2*137*139*149*151*157*163*167*173*179*181*191*193*197*199*211*223*227*229*233*239*241*251*257*263*269*271*277*281*283*293*307*311*313*317*331*337*347*349*353*359*367*373*379*383*389*397,29092547,11*61*191*227,43357,191*227,43357,671,11*61,11;61,-,0.134265567051,3.201484059998,0.134265567051,0.083415808168,0.083415808168,0.050849758883,0.000000000000,YES
128,1,305,101,1,101,157;163;167;173;179;181;191;193;197;199;211;223;227;229;233;239;241;251,163,-,163,8965,4,18718195347248651138614728761716659181784334003465214624050802014075223855647975274650096635169732787073295955148700927945733949797800381200833948142894481526658040548932445653584000,2^7*3^5*5^3*7^2*11^3*13^3*17*19^2*23*29*31*37^2*41*43*53^2*59*61*67*71*73*79*103^2*107^2*109^2*113^2*127^2*131^2*137*139*149*151*157*163*167*173*179*181*191*193*197*199*211*223*227*229*233*239*241*251*257*263*269*271*277*281*283*293*307*311*313*317*331*337*347*349*353*359*367*373*379*383*389*397*401,8965,5*11*163,163,163,163,55,5*11,5;11,-,0.071102213953,3.260896975023,0.071102213953,0.039794923444,0.039794923444,0.031307290510,0.000000000000,YES
128,1,305,101,2,102,157;163;167;173;179;181;191;193;197;199;211;223;227;229;233;239;241;251,163,-,163,8965,4,18718195347248651138614728761716659181784334003465214624050802014075223855647975274650096635169732787073295955148700927945733949797800381200833948142894481526658040548932445653584000,2^7*3^5*5^3*7^2*11^3*13^3*17*19^2*23*29*31*37^2*41*43*53^2*59*61*67*71*73*79*103^2*107^2*109^2*113^2*127^2*131^2*137*139*149*151*157*163*167*173*179*181*191*193*197*199*211*223*227*229*233*239*241*251*257*263*269*271*277*281*283*293*307*311*313*317*331*337*347*349*353*359*367*373*379*383*389*397*401,8965,5*11*163,163,163,163,55,5*11,5;11,-,0.071102213953,3.260896975023,0.071102213953,0.039794923444,0.039794923444,0.031307290510,0.000000000000,YES
128,1,305,101,4,104,157;163;167;173;179;181;191;193;197;199;211;223;227;229;233;239;241;251,163,-,163,8965,4,18718195347248651138614728761716659181784334003465214624050802014075223855647975274650096635169732787073295955148700927945733949797800381200833948142894481526658040548932445653584000,2^7*3^5*5^3*7^2*11^3*13^3*17*19^2*23*29*31*37^2*41*43*53^2*59*61*67*71*73*79*103^2*107^2*109^2*113^2*127^2*131^2*137*139*149*151*157*163*167*173*179*181*191*193*197*199*211*223*227*229*233*239*241*251*257*263*269*271*277*281*283*293*307*311*313*317*331*337*347*349*353*359*367*373*379*383*389*397*401,8965,5*11*163,163,163,163,55,5*11,5;11,-,0.071102213953,3.260896975023,0.071102213953,0.039794923444,0.039794923444,0.031307290510,0.000000000000,YES
128,1,305,101,8,108,157;163;167;173;179;181;191;193;197;199;211;223;227;229;233;239;241;251,163,-,163,8965,4,18718195347248651138614728761716659181784334003465214624050802014075223855647975274650096635169732787073295955148700927945733949797800381200833948142894481526658040548932445653584000,2^7*3^5*5^3*7^2*11^3*13^3*17*19^2*23*29*31*37^2*41*43*53^2*59*61*67*71*73*79*103^2*107^2*109^2*113^2*127^2*131^2*137*139*149*151*157*163*167*173*179*181*191*193*197*199*211*223*227*229*233*239*241*251*257*263*269*271*277*281*283*293*307*311*313*317*331*337*347*349*353*359*367*373*379*383*389*397*401,8965,5*11*163,163,163,163,55,5*11,5;11,-,0.071102213953,3.260896975023,0.071102213953,0.039794923444,0.039794923444,0.031307290510,0.000000000000,YES
128,1,311,103,1,103,157;163;167;173;179;181;191;193;197;199;211;223;227;229;233;239;241;251,211,-,211,5275,4,75197968522186044027220215717730874747248942692224658181784345352627932666357995279333476380977139217726942855758645598378638052466063087842590496118831829687198447448561174642592980000,2^5*3^6*5^4*7^3*11^3*13*17*19^2*23*29*31*37^2*41*43*53^2*59^2*61*67*71*73*79*83*107^2*109^2*113^2*127^2*131^2*137^2*139*149*151*157*163*167*173*179*181*191*193*197*199*211*223*227*229*233*239*241*251*257*263*269*271*277*281*283*293*307*311*313*317*331*337*347*349*353*359*367*373*379*383*389*397*401*409,5275,5^2*211,211,211,211,25,5^2,5,-,0.066958859050,3.325728095579,0.066958859050,0.041811391668,0.041811391668,0.025147467382,0.000000000000,YES
128,1,311,103,2,104,157;163;167;173;179;181;191;193;197;199;211;223;227;229;233;239;241;251,211,-,211,5275,4,75197968522186044027220215717730874747248942692224658181784345352627932666357995279333476380977139217726942855758645598378638052466063087842590496118831829687198447448561174642592980000,2^5*3^6*5^4*7^3*11^3*13*17*19^2*23*29*31*37^2*41*43*53^2*59^2*61*67*71*73*79*83*107^2*109^2*113^2*127^2*131^2*137^2*139*149*151*157*163*167*173*179*181*191*193*197*199*211*223*227*229*233*239*241*251*257*263*269*271*277*281*283*293*307*311*313*317*331*337*347*349*353*359*367*373*379*383*389*397*401*409,5275,5^2*211,211,211,211,25,5^2,5,-,0.066958859050,3.325728095579,0.066958859050,0.041811391668,0.041811391668,0.025147467382,0.000000000000,YES
128,1,311,103,4,106,157;163;167;173;179;181;191;193;197;199;211;223;227;229;233;239;241;251,211,-,211,1055,4,75197968522186044027220215717730874747248942692224658181784345352627932666357995279333476380977139217726942855758645598378638052466063087842590496118831829687198447448561174642592980000,2^5*3^6*5^4*7^3*11^3*13*17*19^2*23*29*31*37^2*41*43*53^2*59^2*61*67*71*73*79*83*107^2*109^2*113^2*127^2*131^2*137^2*139*149*151*157*163*167*173*179*181*191*193*197*199*211*223*227*229*233*239*241*251*257*263*269*271*277*281*283*293*307*311*313*317*331*337*347*349*353*359*367*373*379*383*389*397*401*409,1055,5*211,211,211,211,5,5,5,-,0.054385125359,3.325728095579,0.054385125359,0.041811391668,0.041811391668,0.012573733691,0.012573733691,YES
128,1,311,103,8,110,157;163;167;173;179;181;191;193;197;199;211;223;227;229;233;239;241;251,211,-,211,1055,4,75197968522186044027220215717730874747248942692224658181784345352627932666357995279333476380977139217726942855758645598378638052466063087842590496118831829687198447448561174642592980000,2^5*3^6*5^4*7^3*11^3*13*17*19^2*23*29*31*37^2*41*43*53^2*59^2*61*67*71*73*79*83*107^2*109^2*113^2*127^2*131^2*137^2*139*149*151*157*163*167*173*179*181*191*193*197*199*211*223*227*229*233*239*241*251*257*263*269*271*277*281*283*293*307*311*313*317*331*337*347*349*353*359*367*373*379*383*389*397*401*409,1055,5*211,211,211,211,5,5,5,-,0.054385125359,3.325728095579,0.054385125359,0.041811391668,0.041811391668,0.012573733691,0.012573733691,YES
128,1,314,104,1,104,163;167;173;179;181;191;193;197;199;211;223;227;229;233;239;241;251,181,-,181,3439,4,4766916881306816207008797369922572926426694608258891229567675709042071756649094969320991562345022655977833881754818262089981234082912631618003061860633343774489387513307919861071300950400,2^7*3^5*5^2*7*11^3*13*17*19^2*23*29*31*37^2*41*43*53^2*59^2*61*67*71*73*79*83*107^2*109^2*113^2*127^2*131^2*137^2*139^2*149*151*157*163*167*173*179*181*191*193*197*199*211*223*227*229*233*239*241*251*257*263*269*271*277*281*283*293*307*311*313*317*331*337*347*349*353*359*367*373*379*383*389*397*401*409*419,3439,19*181,181,181,181,19,19,19,-,0.063616687582,3.358144742474,0.063616687582,0.040613258057,0.040613258057,0.023003429525,0.000000000000,YES
128,1,314,104,2,105,163;167;173;179;181;191;193;197;199;211;223;227;229;233;239;241;251,181,-,181,3439,4,4766916881306816207008797369922572926426694608258891229567675709042071756649094969320991562345022655977833881754818262089981234082912631618003061860633343774489387513307919861071300950400,2^7*3^5*5^2*7*11^3*13*17*19^2*23*29*31*37^2*41*43*53^2*59^2*61*67*71*73*79*83*107^2*109^2*113^2*127^2*131^2*137^2*139^2*149*151*157*163*167*173*179*181*191*193*197*199*211*223*227*229*233*239*241*251*257*263*269*271*277*281*283*293*307*311*313*317*331*337*347*349*353*359*367*373*379*383*389*397*401*409*419,3439,19*181,181,181,181,19,19,19,-,0.063616687582,3.358144742474,0.063616687582,0.040613258057,0.040613258057,0.023003429525,0.000000000000,YES
128,1,314,104,4,107,163;167;173;179;181;191;193;197;199;211;223;227;229;233;239;241;251,181,-,181,3439,4,4766916881306816207008797369922572926426694608258891229567675709042071756649094969320991562345022655977833881754818262089981234082912631618003061860633343774489387513307919861071300950400,2^7*3^5*5^2*7*11^3*13*17*19^2*23*29*31*37^2*41*43*53^2*59^2*61*67*71*73*79*83*107^2*109^2*113^2*127^2*131^2*137^2*139^2*149*151*157*163*167*173*179*181*191*193*197*199*211*223*227*229*233*239*241*251*257*263*269*271*277*281*283*293*307*311*313*317*331*337*347*349*353*359*367*373*379*383*389*397*401*409*419,3439,19*181,181,181,181,19,19,19,-,0.063616687582,3.358144742474,0.063616687582,0.040613258057,0.040613258057,0.023003429525,0.000000000000,YES
128,1,314,104,8,111,163;167;173;179;181;191;193;197;199;211;223;227;229;233;239;241;251,181,-,181,3439,4,4766916881306816207008797369922572926426694608258891229567675709042071756649094969320991562345022655977833881754818262089981234082912631618003061860633343774489387513307919861071300950400,2^7*3^5*5^2*7*11^3*13*17*19^2*23*29*31*37^2*41*43*53^2*59^2*61*67*71*73*79*83*107^2*109^2*113^2*127^2*131^2*137^2*139^2*149*151*157*163*167*173*179*181*191*193*197*199*211*223*227*229*233*239*241*251*257*263*269*271*277*281*283*293*307*311*313*317*331*337*347*349*353*359*367*373*379*383*389*397*401*409*419,3439,19*181,181,181,181,19,19,19,-,0.063616687582,3.358144742474,0.063616687582,0.040613258057,0.040613258057,0.023003429525,0.000000000000,YES
128,1,321,106,1,106,163;167;173;179;181;191;193;197;199;211;223;227;229;233;239;241;251,179;193;211,-,179;193;211,36447085,8,38321944722308122924531288672001447773990488820913512636276536328918366762344689629790540619036198472203176532560311465460991787621186232719443515532174717008055910509058656308716629183360000,2^10*3^7*5^4*7^2*11^3*13*17^2*19^2*23*29*31*37^2*41*43*47*59^2*61^2*67*71*73*79*83*109^2*113^2*127^2*131^2*137^2*139^2*149*151*157*163*167*173*179*181*191*193*197*199*211*223*227*229*233*239*241*251*257*263*269*271*277*281*283*293*307*311*313*317*331*337*347*349*353*359*367*373*379*383*389*397*401*409*419*421,36447085,5*179*193*211,7289417,179*193*211,7289417,5,5,5,-,0.136026344068,3.428395353728,0.136026344068,0.123452610377,0.123452610377,0.012573733691,0.000000000000,YES
128,1,321,106,2,107,163;167;173;179;181;191;193;197;199;211;223;227;229;233;239;241;251,179;193;211,-,179;193;211,36447085,8,38321944722308122924531288672001447773990488820913512636276536328918366762344689629790540619036198472203176532560311465460991787621186232719443515532174717008055910509058656308716629183360000,2^10*3^7*5^4*7^2*11^3*13*17^2*19^2*23*29*31*37^2*41*43*47*59^2*61^2*67*71*73*79*83*109^2*113^2*127^2*131^2*137^2*139^2*149*151*157*163*167*173*179*181*191*193*197*199*211*223*227*229*233*239*241*251*257*263*269*271*277*281*283*293*307*311*313*317*331*337*347*349*353*359*367*373*379*383*389*397*401*409*419*421,36447085,5*179*193*211,7289417,179*193*211,7289417,5,5,5,-,0.136026344068,3.428395353728,0.136026344068,0.123452610377,0.123452610377,0.012573733691,0.000000000000,YES
128,1,321,106,4,109,163;167;173;179;181;191;193;197;199;211;223;227;229;233;239;241;251,179;193;211,-,179;193;211,36447085,8,38321944722308122924531288672001447773990488820913512636276536328918366762344689629790540619036198472203176532560311465460991787621186232719443515532174717008055910509058656308716629183360000,2^10*3^7*5^4*7^2*11^3*13*17^2*19^2*23*29*31*37^2*41*43*47*59^2*61^2*67*71*73*79*83*109^2*113^2*127^2*131^2*137^2*139^2*149*151*157*163*167*173*179*181*191*193*197*199*211*223*227*229*233*239*241*251*257*263*269*271*277*281*283*293*307*311*313*317*331*337*347*349*353*359*367*373*379*383*389*397*401*409*419*421,36447085,5*179*193*211,7289417,179*193*211,7289417,5,5,5,-,0.136026344068,3.428395353728,0.136026344068,0.123452610377,0.123452610377,0.012573733691,0.000000000000,YES
128,1,321,106,8,113,163;167;173;179;181;191;193;197;199;211;223;227;229;233;239;241;251,179;193;211,-,179;193;211,36447085,8,38321944722308122924531288672001447773990488820913512636276536328918366762344689629790540619036198472203176532560311465460991787621186232719443515532174717008055910509058656308716629183360000,2^10*3^7*5^4*7^2*11^3*13*17^2*19^2*23*29*31*37^2*41*43*47*59^2*61^2*67*71*73*79*83*109^2*113^2*127^2*131^2*137^2*139^2*149*151*157*163*167*173*179*181*191*193*197*199*211*223*227*229*233*239*241*251*257*263*269*271*277*281*283*293*307*311*313*317*331*337*347*349*353*359*367*373*379*383*389*397*401*409*419*421,36447085,5*179*193*211,7289417,179*193*211,7289417,5,5,5,-,0.136026344068,3.428395353728,0.136026344068,0.123452610377,0.123452610377,0.012573733691,0.000000000000,YES
128,1,330,109,1,109,167;173;179;181;191;193;197;199;211;223;227;229;233;239;241;251,241,-,241,6025,4,9772356678209237820467012714947044796186518733595072128205065997143003944380532773390802203872675021349823721096131184359586012392848217956980437313604235956436744265118871903973314073295584896000,2^10*3^3*5^3*7^2*11^2*13^2*17^2*19^3*23^2*29^2*31*37^2*41*43*47*59^2*61^2*67*71*73*79*83*113^2*127^2*131^2*137^2*139^2*149*151*157*163*167*173*179*181*191*193*197*199*211*223*227*229*233*239*241*251*257*263*269*271*277*281*283*293*307*311*313*317*331*337*347*349*353*359*367*373*379*383*389*397*401*409*419*421*431*433*439,6025,5^2*241,241,241,241,25,5^2,5,-,0.067997443425,3.525653521770,0.067997443425,0.042849976043,0.042849976043,0.025147467382,0.000000000000,YES
128,1,330,109,2,110,167;173;179;181;191;193;197;199;211;223;227;229;233;239;241;251,241,-,241,6025,4,9772356678209237820467012714947044796186518733595072128205065997143003944380532773390802203872675021349823721096131184359586012392848217956980437313604235956436744265118871903973314073295584896000,2^10*3^3*5^3*7^2*11^2*13^2*17^2*19^3*23^2*29^2*31*37^2*41*43*47*59^2*61^2*67*71*73*79*83*113^2*127^2*131^2*137^2*139^2*149*151*157*163*167*173*179*181*191*193*197*199*211*223*227*229*233*239*241*251*257*263*269*271*277*281*283*293*307*311*313*317*331*337*347*349*353*359*367*373*379*383*389*397*401*409*419*421*431*433*439,6025,5^2*241,241,241,241,25,5^2,5,-,0.067997443425,3.525653521770,0.067997443425,0.042849976043,0.042849976043,0.025147467382,0.000000000000,YES
128,1,330,109,4,112,167;173;179;181;191;193;197;199;211;223;227;229;233;239;241;251,241,-,241,6025,4,9772356678209237820467012714947044796186518733595072128205065997143003944380532773390802203872675021349823721096131184359586012392848217956980437313604235956436744265118871903973314073295584896000,2^10*3^3*5^3*7^2*11^2*13^2*17^2*19^3*23^2*29^2*31*37^2*41*43*47*59^2*61^2*67*71*73*79*83*113^2*127^2*131^2*137^2*139^2*149*151*157*163*167*173*179*181*191*193*197*199*211*223*227*229*233*239*241*251*257*263*269*271*277*281*283*293*307*311*313*317*331*337*347*349*353*359*367*373*379*383*389*397*401*409*419*421*431*433*439,6025,5^2*241,241,241,241,25,5^2,5,-,0.067997443425,3.525653521770,0.067997443425,0.042849976043,0.042849976043,0.025147467382,0.000000000000,YES
128,1,330,109,8,116,167;173;179;181;191;193;197;199;211;223;227;229;233;239;241;251,241,-,241,6025,4,9772356678209237820467012714947044796186518733595072128205065997143003944380532773390802203872675021349823721096131184359586012392848217956980437313604235956436744265118871903973314073295584896000,2^10*3^3*5^3*7^2*11^2*13^2*17^2*19^3*23^2*29^2*31*37^2*41*43*47*59^2*61^2*67*71*73*79*83*113^2*127^2*131^2*137^2*139^2*149*151*157*163*167*173*179*181*191*193*197*199*211*223*227*229*233*239*241*251*257*263*269*271*277*281*283*293*307*311*313*317*331*337*347*349*353*359*367*373*379*383*389*397*401*409*419*421*431*433*439,6025,5^2*241,241,241,241,25,5^2,5,-,0.067997443425,3.525653521770,0.067997443425,0.042849976043,0.042849976043,0.025147467382,0.000000000000,YES
128,1,342,113,1,113,173;179;181;191;193;197;199;211;223;227;229;233;239;241;251,181,-,181,76925,5,158209666070823054392524336753847961075671926761941424306891186037521705216734876911243555615277890228688133879541128950138483517806439533488167795224190721533905496601648238616573796617175930699255200000,2^8*3^3*5^5*7^3*11^3*13^3*17^2*19*23^2*29^2*31*41^2*43*47*59^2*61^2*67*71*73*79*83*89*127^2*131^2*137^2*139^2*149^2*151^2*157*163*167*173*179*181*191*193*197*199*211*223*227*229*233*239*241*251*257*263*269*271*277*281*283*293*307*311*313*317*331*337*347*349*353*359*367*373*379*383*389*397*401*409*419*421*431*433*439*443*449,76925,5^2*17*181,181,181,181,425,5^2*17,5;17,-,0.087895204689,3.655340037856,0.087895204689,0.040613258057,0.040613258057,0.047281946632,0.000000000000,YES
128,1,342,113,2,114,173;179;181;191;193;197;199;211;223;227;229;233;239;241;251,181,-,181,76925,5,158209666070823054392524336753847961075671926761941424306891186037521705216734876911243555615277890228688133879541128950138483517806439533488167795224190721533905496601648238616573796617175930699255200000,2^8*3^3*5^5*7^3*11^3*13^3*17^2*19*23^2*29^2*31*41^2*43*47*59^2*61^2*67*71*73*79*83*89*127^2*131^2*137^2*139^2*149^2*151^2*157*163*167*173*179*181*191*193*197*199*211*223*227*229*233*239*241*251*257*263*269*271*277*281*283*293*307*311*313*317*331*337*347*349*353*359*367*373*379*383*389*397*401*409*419*421*431*433*439*443*449,76925,5^2*17*181,181,181,181,425,5^2*17,5;17,-,0.087895204689,3.655340037856,0.087895204689,0.040613258057,0.040613258057,0.047281946632,0.000000000000,YES
128,1,342,113,4,116,173;179;181;191;193;197;199;211;223;227;229;233;239;241;251,181,-,181,76925,5,158209666070823054392524336753847961075671926761941424306891186037521705216734876911243555615277890228688133879541128950138483517806439533488167795224190721533905496601648238616573796617175930699255200000,2^8*3^3*5^5*7^3*11^3*13^3*17^2*19*23^2*29^2*31*41^2*43*47*59^2*61^2*67*71*73*79*83*89*127^2*131^2*137^2*139^2*149^2*151^2*157*163*167*173*179*181*191*193*197*199*211*223*227*229*233*239*241*251*257*263*269*271*277*281*283*293*307*311*313*317*331*337*347*349*353*359*367*373*379*383*389*397*401*409*419*421*431*433*439*443*449,76925,5^2*17*181,181,181,181,425,5^2*17,5;17,-,0.087895204689,3.655340037856,0.087895204689,0.040613258057,0.040613258057,0.047281946632,0.000000000000,YES
128,1,342,113,8,120,173;179;181;191;193;197;199;211;223;227;229;233;239;241;251,181,-,181,76925,5,158209666070823054392524336753847961075671926761941424306891186037521705216734876911243555615277890228688133879541128950138483517806439533488167795224190721533905496601648238616573796617175930699255200000,2^8*3^3*5^5*7^3*11^3*13^3*17^2*19*23^2*29^2*31*41^2*43*47*59^2*61^2*67*71*73*79*83*89*127^2*131^2*137^2*139^2*149^2*151^2*157*163*167*173*179*181*191*193*197*199*211*223*227*229*233*239*241*251*257*263*269*271*277*281*283*293*307*311*313*317*331*337*347*349*353*359*367*373*379*383*389*397*401*409*419*421*431*433*439*443*449,76925,5^2*17*181,181,181,181,425,5^2*17,5;17,-,0.087895204689,3.655340037856,0.087895204689,0.040613258057,0.040613258057,0.047281946632,0.000000000000,YES
128,1,349,116,1,116,179;181;191;193;197;199;211;223;227;229;233;239;241;251,197,-,197,519095,6,10081363761381223568588527850284618535642280116007194926927928940056304924651097268081740517488240973176745997305715792375494348787442609281061335721543986261988468549591723050530769790664779427301815542080000,2^9*3^3*5^4*7^3*11^3*13*17^3*19*31^2*41^2*43*47*59^2*61^2*67*71*73*79*83*89*127^2*131^2*137^2*139^2*149^2*151^2*157*163*167*173*179*181*191*193*197*199*211*223*227*229*233^2*239*241*251*257*263*269*271*277*281*283*293*307*311*313*317*331*337*347*349*353*359*367*373*379*383*389*397*401*409*419*421*431*433*439*443*449*457*461*463,519095,5*17*31*197,197,197,197,2635,5*17*31,5;17;31,-,0.102811267107,3.741764084352,0.102811267107,0.041275029131,0.041275029131,0.061536237976,0.000000000000,YES
128,1,349,116,2,117,179;181;191;193;197;199;211;223;227;229;233;239;241;251,197,-,197,519095,6,10081363761381223568588527850284618535642280116007194926927928940056304924651097268081740517488240973176745997305715792375494348787442609281061335721543986261988468549591723050530769790664779427301815542080000,2^9*3^3*5^4*7^3*11^3*13*17^3*19*31^2*41^2*43*47*59^2*61^2*67*71*73*79*83*89*127^2*131^2*137^2*139^2*149^2*151^2*157*163*167*173*179*181*191*193*197*199*211*223*227*229*233^2*239*241*251*257*263*269*271*277*281*283*293*307*311*313*317*331*337*347*349*353*359*367*373*379*383*389*397*401*409*419*421*431*433*439*443*449*457*461*463,519095,5*17*31*197,197,197,197,2635,5*17*31,5;17;31,-,0.102811267107,3.741764084352,0.102811267107,0.041275029131,0.041275029131,0.061536237976,0.000000000000,YES
128,1,349,116,4,119,179;181;191;193;197;199;211;223;227;229;233;239;241;251,197,-,197,519095,6,10081363761381223568588527850284618535642280116007194926927928940056304924651097268081740517488240973176745997305715792375494348787442609281061335721543986261988468549591723050530769790664779427301815542080000,2^9*3^3*5^4*7^3*11^3*13*17^3*19*31^2*41^2*43*47*59^2*61^2*67*71*73*79*83*89*127^2*131^2*137^2*139^2*149^2*151^2*157*163*167*173*179*181*191*193*197*199*211*223*227*229*233^2*239*241*251*257*263*269*271*277*281*283*293*307*311*313*317*331*337*347*349*353*359*367*373*379*383*389*397*401*409*419*421*431*433*439*443*449*457*461*463,519095,5*17*31*197,197,197,197,2635,5*17*31,5;17;31,-,0.102811267107,3.741764084352,0.102811267107,0.041275029131,0.041275029131,0.061536237976,0.000000000000,YES
128,1,349,116,8,123,179;181;191;193;197;199;211;223;227;229;233;239;241;251,197,-,197,519095,6,10081363761381223568588527850284618535642280116007194926927928940056304924651097268081740517488240973176745997305715792375494348787442609281061335721543986261988468549591723050530769790664779427301815542080000,2^9*3^3*5^4*7^3*11^3*13*17^3*19*31^2*41^2*43*47*59^2*61^2*67*71*73*79*83*89*127^2*131^2*137^2*139^2*149^2*151^2*157*163*167*173*179*181*191*193*197*199*211*223*227*229*233^2*239*241*251*257*263*269*271*277*281*283*293*307*311*313*317*331*337*347*349*353*359*367*373*379*383*389*397*401*409*419*421*431*433*439*443*449*457*461*463,519095,5*17*31*197,197,197,197,2635,5*17*31,5;17;31,-,0.102811267107,3.741764084352,0.102811267107,0.041275029131,0.041275029131,0.061536237976,0.000000000000,YES
128,1,355,118,1,118,179;181;191;193;197;199;211;223;227;229;233;239;241;251,193,-,193,2280295,7,40601822370606739601540085743742611722844516449588718881438847313855201891600919391669869392636437875894589577850654525978417972745838986624650940513405664680550515128176886967817152101963525580752331416715520000,2^11*3^5*5^4*7^2*11^4*13*17*19*31^2*41^2*43^2*47*61^2*67^2*71*73*79^2*83*89*127^2*131^2*137^2*139^2*149^2*151^2*157^2*163*167*173*179*181*191*193*197*199*211*223*227*229*233*239*241*251*257*263*269*271*277*281*283*293*307*311*313*317*331*337*347*349*353*359*367*373*379*383*389*397*401*409*419*421*431*433*439*443*449*457*461*463*467,2280295,5*17*139*193,193,193,193,11815,5*17*139,5;17;139,-,0.114373557645,3.806614706878,0.114373557645,0.041114767101,0.041114767101,0.073258790544,0.000000000000,YES
128,1,355,118,2,119,179;181;191;193;197;199;211;223;227;229;233;239;241;251,193,-,193,2280295,7,40601822370606739601540085743742611722844516449588718881438847313855201891600919391669869392636437875894589577850654525978417972745838986624650940513405664680550515128176886967817152101963525580752331416715520000,2^11*3^5*5^4*7^2*11^4*13*17*19*31^2*41^2*43^2*47*61^2*67^2*71*73*79^2*83*89*127^2*131^2*137^2*139^2*149^2*151^2*157^2*163*167*173*179*181*191*193*197*199*211*223*227*229*233*239*241*251*257*263*269*271*277*281*283*293*307*311*313*317*331*337*347*349*353*359*367*373*379*383*389*397*401*409*419*421*431*433*439*443*449*457*461*463*467,2280295,5*17*139*193,193,193,193,11815,5*17*139,5;17;139,-,0.114373557645,3.806614706878,0.114373557645,0.041114767101,0.041114767101,0.073258790544,0.000000000000,YES
128,1,355,118,4,121,179;181;191;193;197;199;211;223;227;229;233;239;241;251,193,-,193,2280295,7,40601822370606739601540085743742611722844516449588718881438847313855201891600919391669869392636437875894589577850654525978417972745838986624650940513405664680550515128176886967817152101963525580752331416715520000,2^11*3^5*5^4*7^2*11^4*13*17*19*31^2*41^2*43^2*47*61^2*67^2*71*73*79^2*83*89*127^2*131^2*137^2*139^2*149^2*151^2*157^2*163*167*173*179*181*191*193*197*199*211*223*227*229*233*239*241*251*257*263*269*271*277*281*283*293*307*311*313*317*331*337*347*349*353*359*367*373*379*383*389*397*401*409*419*421*431*433*439*443*449*457*461*463*467,2280295,5*17*139*193,193,193,193,11815,5*17*139,5;17;139,-,0.114373557645,3.806614706878,0.114373557645,0.041114767101,0.041114767101,0.073258790544,0.000000000000,YES
128,1,355,118,8,125,179;181;191;193;197;199;211;223;227;229;233;239;241;251,193,-,193,456059,6,40601822370606739601540085743742611722844516449588718881438847313855201891600919391669869392636437875894589577850654525978417972745838986624650940513405664680550515128176886967817152101963525580752331416715520000,2^11*3^5*5^4*7^2*11^4*13*17*19*31^2*41^2*43^2*47*61^2*67^2*71*73*79^2*83*89*127^2*131^2*137^2*139^2*149^2*151^2*157^2*163*167*173*179*181*191*193*197*199*211*223*227*229*233*239*241*251*257*263*269*271*277*281*283*293*307*311*313*317*331*337*347*349*353*359*367*373*379*383*389*397*401*409*419*421*431*433*439*443*449*457*461*463*467,456059,17*139*193,193,193,193,2363,17*139,17;139,-,0.101799823954,3.806614706878,0.101799823954,0.041114767101,0.041114767101,0.060685056853,0.012573733691,YES
128,1,365,121,1,121,191;193;197;199;211;223;227;229;233;239;241;251,251,-,251,1255,4,20808207489629741160361041398694447278579825725487580344068798629131308697468854795942744087191054990078296980563096661055249325123876167643823949014862910215990482312817741552246190751708304968310972156630754427200000,2^9*3^5*5^5*7^3*13^2*17*19^2*23*31^2*37*41^2*43^2*47*53*67^2*71*73*79*83*89*97*127^2*131^2*137^2*139^2*149^2*151^2*157^2*163*167*173*179*181*191*193*197*199*211*223*227*229*233*239*241*251*257*263*269*271*277*281*283*293*307*311*313*317*331*337*347*349*353*359*367*373*379*383*389*397*401*409*419*421*431*433*439*443*449*457*461*463*467*479*487,1255,5*251,251,251,251,5,5,5,-,0.055741334778,3.909325996769,0.055741334778,0.043167601087,0.043167601087,0.012573733691,0.000000000000,YES
128,1,365,121,2,122,191;193;197;199;211;223;227;229;233;239;241;251,251,-,251,1255,4,20808207489629741160361041398694447278579825725487580344068798629131308697468854795942744087191054990078296980563096661055249325123876167643823949014862910215990482312817741552246190751708304968310972156630754427200000,2^9*3^5*5^5*7^3*13^2*17*19^2*23*31^2*37*41^2*43^2*47*53*67^2*71*73*79*83*89*97*127^2*131^2*137^2*139^2*149^2*151^2*157^2*163*167*173*179*181*191*193*197*199*211*223*227*229*233*239*241*251*257*263*269*271*277*281*283*293*307*311*313*317*331*337*347*349*353*359*367*373*379*383*389*397*401*409*419*421*431*433*439*443*449*457*461*463*467*479*487,1255,5*251,251,251,251,5,5,5,-,0.055741334778,3.909325996769,0.055741334778,0.043167601087,0.043167601087,0.012573733691,0.000000000000,YES
128,1,365,121,4,124,191;193;197;199;211;223;227;229;233;239;241;251,251,-,251,1255,4,20808207489629741160361041398694447278579825725487580344068798629131308697468854795942744087191054990078296980563096661055249325123876167643823949014862910215990482312817741552246190751708304968310972156630754427200000,2^9*3^5*5^5*7^3*13^2*17*19^2*23*31^2*37*41^2*43^2*47*53*67^2*71*73*79*83*89*97*127^2*131^2*137^2*139^2*149^2*151^2*157^2*163*167*173*179*181*191*193*197*199*211*223*227*229*233*239*241*251*257*263*269*271*277*281*283*293*307*311*313*317*331*337*347*349*353*359*367*373*379*383*389*397*401*409*419*421*431*433*439*443*449*457*461*463*467*479*487,1255,5*251,251,251,251,5,5,5,-,0.055741334778,3.909325996769,0.055741334778,0.043167601087,0.043167601087,0.012573733691,0.000000000000,YES
128,1,365,121,8,128,191;193;197;199;211;223;227;229;233;239;241;251,251,-,251,251,3,20808207489629741160361041398694447278579825725487580344068798629131308697468854795942744087191054990078296980563096661055249325123876167643823949014862910215990482312817741552246190751708304968310972156630754427200000,2^9*3^5*5^5*7^3*13^2*17*19^2*23*31^2*37*41^2*43^2*47*53*67^2*71*73*79*83*89*97*127^2*131^2*137^2*139^2*149^2*151^2*157^2*163*167*173*179*181*191*193*197*199*211*223*227*229*233*239*241*251*257*263*269*271*277*281*283*293*307*311*313*317*331*337*347*349*353*359*367*373*379*383*389*397*401*409*419*421*431*433*439*443*449*457*461*463*467*479*487,251,251,251,251,251,1,1,-,-,0.043167601087,3.909325996769,0.043167601087,0.043167601087,0.043167601087,0.000000000000,0.012573733691,YES
128,1,380,126,1,126,191;193;197;199;211;223;227;229;233;239;241;251,227,-,227,227,3,21464309763267333098608985001647816524040877066588762568582264365662366973483008941242084846768070844769739349026441511618833473150582073602359611091742737346798270200988148875862390666078799024433587899790336456194463321579520,2^13*3^4*5*7^2*11*13^4*17^2*19^2*23*29*37*43^2*47*53*67^2*71^2*73*79*83*89*97*101*131^2*137^2*139^2*149^2*151^2*157^2*163^2*167^2*173*179*181*191*193*197*199*211*223*227*229*233*239*241*251*257*263*269*271*277*281*283*293*307*311*313*317*331*337*347*349*353*359*367*373*379*383*389*397*401*409*419*421*431*433*439*443*449*457*461*463*467*479*487*491*499*503,227,227,227,227,227,1,1,-,-,0.042382422012,4.071469042722,0.042382422012,0.042382422012,0.042382422012,0.000000000000,0.000000000000,YES
128,1,380,126,2,127,191;193;197;199;211;223;227;229;233;239;241;251,227,-,227,227,3,21464309763267333098608985001647816524040877066588762568582264365662366973483008941242084846768070844769739349026441511618833473150582073602359611091742737346798270200988148875862390666078799024433587899790336456194463321579520,2^13*3^4*5*7^2*11*13^4*17^2*19^2*23*29*37*43^2*47*53*67^2*71^2*73*79*83*89*97*101*131^2*137^2*139^2*149^2*151^2*157^2*163^2*167^2*173*179*181*191*193*197*199*211*223*227*229*233*239*241*251*257*263*269*271*277*281*283*293*307*311*313*317*331*337*347*349*353*359*367*373*379*383*389*397*401*409*419*421*431*433*439*443*449*457*461*463*467*479*487*491*499*503,227,227,227,227,227,1,1,-,-,0.042382422012,4.071469042722,0.042382422012,0.042382422012,0.042382422012,0.000000000000,0.000000000000,YES
128,1,380,126,4,129,191;193;197;199;211;223;227;229;233;239;241;251,227,-,227,227,3,21464309763267333098608985001647816524040877066588762568582264365662366973483008941242084846768070844769739349026441511618833473150582073602359611091742737346798270200988148875862390666078799024433587899790336456194463321579520,2^13*3^4*5*7^2*11*13^4*17^2*19^2*23*29*37*43^2*47*53*67^2*71^2*73*79*83*89*97*101*131^2*137^2*139^2*149^2*151^2*157^2*163^2*167^2*173*179*181*191*193*197*199*211*223*227*229*233*239*241*251*257*263*269*271*277*281*283*293*307*311*313*317*331*337*347*349*353*359*367*373*379*383*389*397*401*409*419*421*431*433*439*443*449*457*461*463*467*479*487*491*499*503,227,227,227,227,227,1,1,-,-,0.042382422012,4.071469042722,0.042382422012,0.042382422012,0.042382422012,0.000000000000,0.000000000000,YES
128,1,380,126,8,133,191;193;197;199;211;223;227;229;233;239;241;251,227,-,227,227,3,21464309763267333098608985001647816524040877066588762568582264365662366973483008941242084846768070844769739349026441511618833473150582073602359611091742737346798270200988148875862390666078799024433587899790336456194463321579520,2^13*3^4*5*7^2*11*13^4*17^2*19^2*23*29*37*43^2*47*53*67^2*71^2*73*79*83*89*97*101*131^2*137^2*139^2*149^2*151^2*157^2*163^2*167^2*173*179*181*191*193*197*199*211*223*227*229*233*239*241*251*257*263*269*271*277*281*283*293*307*311*313*317*331*337*347*349*353*359*367*373*379*383*389*397*401*409*419*421*431*433*439*443*449*457*461*463*467*479*487*491*499*503,227,227,227,227,227,1,1,-,-,0.042382422012,4.071469042722,0.042382422012,0.042382422012,0.042382422012,0.000000000000,0.000000000000,YES
128,1,387,128,1,128,197;199;211;223;227;229;233;239;241;251,251,-,251,157879,6,173113454277103160652993608492760279891780021305866446127536515539142601692619450041895017317907228045334106894494264210590190466057472745715144154259359268258808761401808303653536716835996114206132680964453781099954250680161850800,2^4*3^5*5^2*7^3*11*13^4*17^2*19^3*23*29*37*47*53*67^2*71^2*73^2*79*83*89*97*101*103*131^2*137^2*139^2*149^2*151^2*157^2*163^2*167^2*173*179*181*191*193*197*199*211*223*227*229*233*239*241*251*257*263*269*271*277*281*283*293*307*311*313*317*331*337*347*349*353*359*367*373*379*383*389*397*401*409*419*421*431*433*439*443*449*457*461*463*467*479*487*491*499*503*509,157879,17*37*251,251,251,251,629,17*37,17;37,-,0.093512376530,4.141744909275,0.093512376530,0.043167601087,0.043167601087,0.050344775443,0.000000000000,YES
128,1,387,128,2,129,197;199;211;223;227;229;233;239;241;251,251,-,251,157879,6,173113454277103160652993608492760279891780021305866446127536515539142601692619450041895017317907228045334106894494264210590190466057472745715144154259359268258808761401808303653536716835996114206132680964453781099954250680161850800,2^4*3^5*5^2*7^3*11*13^4*17^2*19^3*23*29*37*47*53*67^2*71^2*73^2*79*83*89*97*101*103*131^2*137^2*139^2*149^2*151^2*157^2*163^2*167^2*173*179*181*191*193*197*199*211*223*227*229*233*239*241*251*257*263*269*271*277*281*283*293*307*311*313*317*331*337*347*349*353*359*367*373*379*383*389*397*401*409*419*421*431*433*439*443*449*457*461*463*467*479*487*491*499*503*509,157879,17*37*251,251,251,251,629,17*37,17;37,-,0.093512376530,4.141744909275,0.093512376530,0.043167601087,0.043167601087,0.050344775443,0.000000000000,YES
128,1,387,128,4,131,197;199;211;223;227;229;233;239;241;251,251,-,251,157879,6,173113454277103160652993608492760279891780021305866446127536515539142601692619450041895017317907228045334106894494264210590190466057472745715144154259359268258808761401808303653536716835996114206132680964453781099954250680161850800,2^4*3^5*5^2*7^3*11*13^4*17^2*19^3*23*29*37*47*53*67^2*71^2*73^2*79*83*89*97*101*103*131^2*137^2*139^2*149^2*151^2*157^2*163^2*167^2*173*179*181*191*193*197*199*211*223*227*229*233*239*241*251*257*263*269*271*277*281*283*293*307*311*313*317*331*337*347*349*353*359*367*373*379*383*389*397*401*409*419*421*431*433*439*443*449*457*461*463*467*479*487*491*499*503*509,157879,17*37*251,251,251,251,629,17*37,17;37,-,0.093512376530,4.141744909275,0.093512376530,0.043167601087,0.043167601087,0.050344775443,0.000000000000,YES
128,1,387,128,8,135,197;199;211;223;227;229;233;239;241;251,251,-,251,157879,6,173113454277103160652993608492760279891780021305866446127536515539142601692619450041895017317907228045334106894494264210590190466057472745715144154259359268258808761401808303653536716835996114206132680964453781099954250680161850800,2^4*3^5*5^2*7^3*11*13^4*17^2*19^3*23*29*37*47*53*67^2*71^2*73^2*79*83*89*97*101*103*131^2*137^2*139^2*149^2*151^2*157^2*163^2*167^2*173*179*181*191*193*197*199*211*223*227*229*233*239*241*251*257*263*269*271*277*281*283*293*307*311*313*317*331*337*347*349*353*359*367*373*379*383*389*397*401*409*419*421*431*433*439*443*449*457*461*463*467*479*487*491*499*503*509,157879,17*37*251,251,251,251,629,17*37,17;37,-,0.093512376530,4.141744909275,0.093512376530,0.043167601087,0.043167601087,0.050344775443,0.000000000000,YES
128,1,392,130,1,130,197;199;211;223;227;229;233;239;241;251,241,-,241,241,3,349131332917179826208594150523458068541961930838820213097050852056862040671720999434616320566389616352081281925210493193112882625135615847259577095789584097873411037714727140898432374319365026829584260381560727993471387448741019904864,2^5*3^6*7^3*11^2*13^2*17^2*19^3*23*29*37*47^2*53*67^2*71^2*73^2*79*83*89*97*101*103*137^2*139^2*149^2*151^2*157^2*163^2*167^2*173^2*179*181*191*193*197*199*211*223*227*229*233*239*241*251*257*263*269*271*277*281*283*293*307*311*313*317*331*337*347*349*353*359*367*373*379*383*389*397*401*409*419*421*431*433*439*443*449*457*461*463*467*479*487*491*499*503*509*521*523,241,241,241,241,241,1,1,-,-,0.042849976043,4.201192223790,0.042849976043,0.042849976043,0.042849976043,0.000000000000,0.000000000000,YES
128,1,392,130,2,131,197;199;211;223;227;229;233;239;241;251,241,-,241,241,3,349131332917179826208594150523458068541961930838820213097050852056862040671720999434616320566389616352081281925210493193112882625135615847259577095789584097873411037714727140898432374319365026829584260381560727993471387448741019904864,2^5*3^6*7^3*11^2*13^2*17^2*19^3*23*29*37*47^2*53*67^2*71^2*73^2*79*83*89*97*101*103*137^2*139^2*149^2*151^2*157^2*163^2*167^2*173^2*179*181*191*193*197*199*211*223*227*229*233*239*241*251*257*263*269*271*277*281*283*293*307*311*313*317*331*337*347*349*353*359*367*373*379*383*389*397*401*409*419*421*431*433*439*443*449*457*461*463*467*479*487*491*499*503*509*521*523,241,241,241,241,241,1,1,-,-,0.042849976043,4.201192223790,0.042849976043,0.042849976043,0.042849976043,0.000000000000,0.000000000000,YES
128,1,392,130,4,133,197;199;211;223;227;229;233;239;241;251,241,-,241,241,3,349131332917179826208594150523458068541961930838820213097050852056862040671720999434616320566389616352081281925210493193112882625135615847259577095789584097873411037714727140898432374319365026829584260381560727993471387448741019904864,2^5*3^6*7^3*11^2*13^2*17^2*19^3*23*29*37*47^2*53*67^2*71^2*73^2*79*83*89*97*101*103*137^2*139^2*149^2*151^2*157^2*163^2*167^2*173^2*179*181*191*193*197*199*211*223*227*229*233*239*241*251*257*263*269*271*277*281*283*293*307*311*313*317*331*337*347*349*353*359*367*373*379*383*389*397*401*409*419*421*431*433*439*443*449*457*461*463*467*479*487*491*499*503*509*521*523,241,241,241,241,241,1,1,-,-,0.042849976043,4.201192223790,0.042849976043,0.042849976043,0.042849976043,0.000000000000,0.000000000000,YES
128,1,392,130,8,137,197;199;211;223;227;229;233;239;241;251,241,-,241,241,3,349131332917179826208594150523458068541961930838820213097050852056862040671720999434616320566389616352081281925210493193112882625135615847259577095789584097873411037714727140898432374319365026829584260381560727993471387448741019904864,2^5*3^6*7^3*11^2*13^2*17^2*19^3*23*29*37*47^2*53*67^2*71^2*73^2*79*83*89*97*101*103*137^2*139^2*149^2*151^2*157^2*163^2*167^2*173^2*179*181*191*193*197*199*211*223*227*229*233*239*241*251*257*263*269*271*277*281*283*293*307*311*313*317*331*337*347*349*353*359*367*373*379*383*389*397*401*409*419*421*431*433*439*443*449*457*461*463*467*479*487*491*499*503*509*521*523,241,241,241,241,241,1,1,-,-,0.042849976043,4.201192223790,0.042849976043,0.042849976043,0.042849976043,0.000000000000,0.000000000000,YES
128,1,426,141,1,141,223;227;229;233;239;241;251,233,-,233,818995,6,47536766744472429331127408879426844879546758486668407077550418487477437633820954627563931424305235454583100605301509957382396559828796985823587226236986568440943969083980276139692351400373352923000727551089844826832551781385768694670588174375298962745600,2^8*3^7*5^2*7^4*11^2*13^4*17^2*19^2*23*29^2*31*37^2*41*43*53*59*61*73^2*79^2*83*89*97*101*103*107*109*113*149^2*151^2*157^2*163^2*167^2*173^2*179^2*181^2*191*193*197*199*211*223*227*229*233*239*241*251*257*263*269*271*277*281*283*293*307*311*313*317*331*337*347*349*353*359*367*373*379*383*389*397*401*409*419*421*431*433*439*443*449*457*461*463*467*479*487*491*499*503*509*521*523*541*547*557*563,818995,5*19*37*233,233,233,233,3515,5*19*37,5;19;37,-,0.106373697327,4.563382397522,0.106373697327,0.042586237918,0.042586237918,0.063787459408,0.000000000000,YES
128,1,426,141,2,142,223;227;229;233;239;241;251,233,-,233,818995,6,47536766744472429331127408879426844879546758486668407077550418487477437633820954627563931424305235454583100605301509957382396559828796985823587226236986568440943969083980276139692351400373352923000727551089844826832551781385768694670588174375298962745600,2^8*3^7*5^2*7^4*11^2*13^4*17^2*19^2*23*29^2*31*37^2*41*43*53*59*61*73^2*79^2*83*89*97*101*103*107*109*113*149^2*151^2*157^2*163^2*167^2*173^2*179^2*181^2*191*193*197*199*211*223*227*229*233*239*241*251*257*263*269*271*277*281*283*293*307*311*313*317*331*337*347*349*353*359*367*373*379*383*389*397*401*409*419*421*431*433*439*443*449*457*461*463*467*479*487*491*499*503*509*521*523*541*547*557*563,818995,5*19*37*233,233,233,233,3515,5*19*37,5;19;37,-,0.106373697327,4.563382397522,0.106373697327,0.042586237918,0.042586237918,0.063787459408,0.000000000000,YES
128,1,426,141,4,144,223;227;229;233;239;241;251,233,-,233,818995,6,47536766744472429331127408879426844879546758486668407077550418487477437633820954627563931424305235454583100605301509957382396559828796985823587226236986568440943969083980276139692351400373352923000727551089844826832551781385768694670588174375298962745600,2^8*3^7*5^2*7^4*11^2*13^4*17^2*19^2*23*29^2*31*37^2*41*43*53*59*61*73^2*79^2*83*89*97*101*103*107*109*113*149^2*151^2*157^2*163^2*167^2*173^2*179^2*181^2*191*193*197*199*211*223*227*229*233*239*241*251*257*263*269*271*277*281*283*293*307*311*313*317*331*337*347*349*353*359*367*373*379*383*389*397*401*409*419*421*431*433*439*443*449*457*461*463*467*479*487*491*499*503*509*521*523*541*547*557*563,818995,5*19*37*233,233,233,233,3515,5*19*37,5;19;37,-,0.106373697327,4.563382397522,0.106373697327,0.042586237918,0.042586237918,0.063787459408,0.000000000000,YES
128,1,426,141,8,148,223;227;229;233;239;241;251,233,-,233,22135,5,47536766744472429331127408879426844879546758486668407077550418487477437633820954627563931424305235454583100605301509957382396559828796985823587226236986568440943969083980276139692351400373352923000727551089844826832551781385768694670588174375298962745600,2^8*3^7*5^2*7^4*11^2*13^4*17^2*19^2*23*29^2*31*37^2*41*43*53*59*61*73^2*79^2*83*89*97*101*103*107*109*113*149^2*151^2*157^2*163^2*167^2*173^2*179^2*181^2*191*193*197*199*211*223*227*229*233*239*241*251*257*263*269*271*277*281*283*293*307*311*313*317*331*337*347*349*353*359*367*373*379*383*389*397*401*409*419*421*431*433*439*443*449*457*461*463*467*479*487*491*499*503*509*521*523*541*547*557*563,22135,5*19*233,233,233,233,95,5*19,5;19,-,0.078163401134,4.563382397522,0.078163401134,0.042586237918,0.042586237918,0.035577163216,0.028210296193,YES
128,2,316,62,1,62,131;137;139;149;151;157,151,-,151,1830875,7,122152382331123425165089949161622582232710418334302377480005759662257605186449971618482894800294092427308624002087421034510931581597159936000,2^12*3^2*5^3*7*11^2*13^3*17^3*19*23*29*37^2*41*43*47*53*67^2*71^2*73^2*79*83*89^2*97*101*103*107*109*113*127*131*137*139*149*151*157*163*167*173*179*181*257*263*269*271*277*281*283*293*307*311*313*317*331*337*347*349*353*359*367*373*379,1830875,5^3*97*151,151,151,151,12125,5^3*97,5;97,-,0.112658629317,2.520015719797,0.112658629317,0.039197498725,0.039197498725,0.073461130592,0.000000000000,YES
128,2,316,62,2,63,131;137;139;149;151;157,151,-,151,1830875,7,122152382331123425165089949161622582232710418334302377480005759662257605186449971618482894800294092427308624002087421034510931581597159936000,2^12*3^2*5^3*7*11^2*13^3*17^3*19*23*29*37^2*41*43*47*53*67^2*71^2*73^2*79*83*89^2*97*101*103*107*109*113*127*131*137*139*149*151*157*163*167*173*179*181*257*263*269*271*277*281*283*293*307*311*313*317*331*337*347*349*353*359*367*373*379,1830875,5^3*97*151,151,151,151,12125,5^3*97,5;97,-,0.112658629317,2.520015719797,0.112658629317,0.039197498725,0.039197498725,0.073461130592,0.000000000000,YES
128,2,316,62,4,65,131;137;139;149;151;157,151,-,151,366175,6,122152382331123425165089949161622582232710418334302377480005759662257605186449971618482894800294092427308624002087421034510931581597159936000,2^12*3^2*5^3*7*11^2*13^3*17^3*19*23*29*37^2*41*43*47*53*67^2*71^2*73^2*79*83*89^2*97*101*103*107*109*113*127*131*137*139*149*151*157*163*167*173*179*181*257*263*269*271*277*281*283*293*307*311*313*317*331*337*347*349*353*359*367*373*379,366175,5^2*97*151,151,151,151,2425,5^2*97,5;97,-,0.100084895626,2.520015719797,0.100084895626,0.039197498725,0.039197498725,0.060887396901,0.012573733691,YES
128,2,316,62,8,69,131;137;139;149;151;157,151,-,151,366175,6,122152382331123425165089949161622582232710418334302377480005759662257605186449971618482894800294092427308624002087421034510931581597159936000,2^12*3^2*5^3*7*11^2*13^3*17^3*19*23*29*37^2*41*43*47*53*67^2*71^2*73^2*79*83*89^2*97*101*103*107*109*113*127*131*137*139*149*151*157*163*167*173*179*181*257*263*269*271*277*281*283*293*307*311*313*317*331*337*347*349*353*359*367*373*379,366175,5^2*97*151,151,151,151,2425,5^2*97,5;97,-,0.100084895626,2.520015719797,0.100084895626,0.039197498725,0.039197498725,0.060887396901,0.012573733691,YES
128,2,339,67,1,67,131;137;139;149;151;157;163;167,139,-,139,695,3,10128597503563432663101181251103545400130391495706667506080984588315789301942972715677006399444126423301426863314327820373981012652038088884134297335000,2^3*3^5*5^4*7^4*11^2*13^2*17*19^2*23^2*29*31*37^2*41*43*47*71^2*73^2*79^2*83*89*97^2*101^2*103*107*109*113*127*131*137*139*149*151*157*163*167*173*179*181*191*193*197*199*277*281*283*293*307*311*313*317*331*337*347*349*353*359*367*373*379*383*389*397*401,695,5*139,139,139,139,5,5,5,-,0.051124311293,2.716430678187,0.051124311293,0.038550577603,0.038550577603,0.012573733691,0.000000000000,YES
128,2,339,67,2,68,131;137;139;149;151;157;163;167,139,-,139,695,3,10128597503563432663101181251103545400130391495706667506080984588315789301942972715677006399444126423301426863314327820373981012652038088884134297335000,2^3*3^5*5^4*7^4*11^2*13^2*17*19^2*23^2*29*31*37^2*41*43*47*71^2*73^2*79^2*83*89*97^2*101^2*103*107*109*113*127*131*137*139*149*151*157*163*167*173*179*181*191*193*197*199*277*281*283*293*307*311*313*317*331*337*347*349*353*359*367*373*379*383*389*397*401,695,5*139,139,139,139,5,5,5,-,0.051124311293,2.716430678187,0.051124311293,0.038550577603,0.038550577603,0.012573733691,0.000000000000,YES
128,2,339,67,4,70,131;137;139;149;151;157;163;167,139,-,139,695,3,10128597503563432663101181251103545400130391495706667506080984588315789301942972715677006399444126423301426863314327820373981012652038088884134297335000,2^3*3^5*5^4*7^4*11^2*13^2*17*19^2*23^2*29*31*37^2*41*43*47*71^2*73^2*79^2*83*89*97^2*101^2*103*107*109*113*127*131*137*139*149*151*157*163*167*173*179*181*191*193*197*199*277*281*283*293*307*311*313*317*331*337*347*349*353*359*367*373*379*383*389*397*401,695,5*139,139,139,139,5,5,5,-,0.051124311293,2.716430678187,0.051124311293,0.038550577603,0.038550577603,0.012573733691,0.000000000000,YES
128,2,339,67,8,74,131;137;139;149;151;157;163;167,139,-,139,695,3,10128597503563432663101181251103545400130391495706667506080984588315789301942972715677006399444126423301426863314327820373981012652038088884134297335000,2^3*3^5*5^4*7^4*11^2*13^2*17*19^2*23^2*29*31*37^2*41*43*47*71^2*73^2*79^2*83*89*97^2*101^2*103*107*109*113*127*131*137*139*149*151*157*163*167*173*179*181*191*193*197*199*277*281*283*293*307*311*313*317*331*337*347*349*353*359*367*373*379*383*389*397*401,695,5*139,139,139,139,5,5,5,-,0.051124311293,2.716430678187,0.051124311293,0.038550577603,0.038550577603,0.012573733691,0.000000000000,YES
128,2,346,68,1,68,131;137;139;149;151;157;163;167;173,163,-,163,762025,6,4088390101169014638874973036382840236689470276649311178401400069691413412565863500847875238682505567758606780807596903822758118755832217633289169351235000,2^3*3^5*5^4*7^4*11*13*17*19^2*29*31*37^2*41^2*43*47*59*71^2*73^2*79^2*83^2*89*97^2*101^2*103^2*107*109*113*127*131*137*139*149*151*157*163*167*173*179*181*191*193*197*199*281*283*293*307*311*313*317*331*337*347*349*353*359*367*373*379*383*389*397*401*409,762025,5^2*11*17*163,163,163,163,4675,5^2*11*17,5;11;17,-,0.105810426895,2.763309925800,0.105810426895,0.039794923444,0.039794923444,0.066015503451,0.000000000000,YES
128,2,346,68,2,69,131;137;139;149;151;157;163;167;173,163,-,163,762025,6,4088390101169014638874973036382840236689470276649311178401400069691413412565863500847875238682505567758606780807596903822758118755832217633289169351235000,2^3*3^5*5^4*7^4*11*13*17*19^2*29*31*37^2*41^2*43*47*59*71^2*73^2*79^2*83^2*89*97^2*101^2*103^2*107*109*113*127*131*137*139*149*151*157*163*167*173*179*181*191*193*197*199*281*283*293*307*311*313*317*331*337*347*349*353*359*367*373*379*383*389*397*401*409,762025,5^2*11*17*163,163,163,163,4675,5^2*11*17,5;11;17,-,0.105810426895,2.763309925800,0.105810426895,0.039794923444,0.039794923444,0.066015503451,0.000000000000,YES
128,2,346,68,4,71,131;137;139;149;151;157;163;167;173,163,-,163,762025,6,4088390101169014638874973036382840236689470276649311178401400069691413412565863500847875238682505567758606780807596903822758118755832217633289169351235000,2^3*3^5*5^4*7^4*11*13*17*19^2*29*31*37^2*41^2*43*47*59*71^2*73^2*79^2*83^2*89*97^2*101^2*103^2*107*109*113*127*131*137*139*149*151*157*163*167*173*179*181*191*193*197*199*281*283*293*307*311*313*317*331*337*347*349*353*359*367*373*379*383*389*397*401*409,762025,5^2*11*17*163,163,163,163,4675,5^2*11*17,5;11;17,-,0.105810426895,2.763309925800,0.105810426895,0.039794923444,0.039794923444,0.066015503451,0.000000000000,YES
128,2,346,68,8,75,131;137;139;149;151;157;163;167;173,163,-,163,152405,6,4088390101169014638874973036382840236689470276649311178401400069691413412565863500847875238682505567758606780807596903822758118755832217633289169351235000,2^3*3^5*5^4*7^4*11*13*17*19^2*29*31*37^2*41^2*43*47*59*71^2*73^2*79^2*83^2*89*97^2*101^2*103^2*107*109*113*127*131*137*139*149*151*157*163*167*173*179*181*191*193*197*199*281*283*293*307*311*313*317*331*337*347*349*353*359*367*373*379*383*389*397*401*409,152405,5*11*17*163,163,163,163,935,5*11*17,5;11;17,-,0.093236693204,2.763309925800,0.093236693204,0.039794923444,0.039794923444,0.053441769760,0.012573733691,YES
128,2,355,70,1,70,131;137;139;149;151;157;163;167;173,139,-,139,2280295,7,88092837090077444357909306365687928086830274867481153906030034658243203993802362297175374820256758381045314293257633779886069910445413328121244665113539760000,2^7*3^7*5^4*7^2*11^2*13^2*17^2*19^3*29*37^2*41^2*43*47*53*59*73^2*79^2*83^2*89*97^2*101^2*103^2*107*109*113*127*131*137*139*149*151*157*163*167*173*179*181*191*193*197*199*211*293*307*311*313*317*331*337*347*349*353*359*367*373*379*383*389*397*401*409*419*421,2280295,5*17*139*193,139,139,139,16405,5*17*193,5;17;193,-,0.114373557645,2.841263013534,0.114373557645,0.038550577603,0.038550577603,0.075822980042,0.000000000000,YES
128,2,355,70,2,71,131;137;139;149;151;157;163;167;173,139,-,139,2280295,7,88092837090077444357909306365687928086830274867481153906030034658243203993802362297175374820256758381045314293257633779886069910445413328121244665113539760000,2^7*3^7*5^4*7^2*11^2*13^2*17^2*19^3*29*37^2*41^2*43*47*53*59*73^2*79^2*83^2*89*97^2*101^2*103^2*107*109*113*127*131*137*139*149*151*157*163*167*173*179*181*191*193*197*199*211*293*307*311*313*317*331*337*347*349*353*359*367*373*379*383*389*397*401*409*419*421,2280295,5*17*139*193,139,139,139,16405,5*17*193,5;17;193,-,0.114373557645,2.841263013534,0.114373557645,0.038550577603,0.038550577603,0.075822980042,0.000000000000,YES
128,2,355,70,4,73,131;137;139;149;151;157;163;167;173,139,-,139,2280295,7,88092837090077444357909306365687928086830274867481153906030034658243203993802362297175374820256758381045314293257633779886069910445413328121244665113539760000,2^7*3^7*5^4*7^2*11^2*13^2*17^2*19^3*29*37^2*41^2*43*47*53*59*73^2*79^2*83^2*89*97^2*101^2*103^2*107*109*113*127*131*137*139*149*151*157*163*167*173*179*181*191*193*197*199*211*293*307*311*313*317*331*337*347*349*353*359*367*373*379*383*389*397*401*409*419*421,2280295,5*17*139*193,139,139,139,16405,5*17*193,5;17;193,-,0.114373557645,2.841263013534,0.114373557645,0.038550577603,0.038550577603,0.075822980042,0.000000000000,YES
128,2,355,70,8,77,131;137;139;149;151;157;163;167;173,139,-,139,2280295,7,88092837090077444357909306365687928086830274867481153906030034658243203993802362297175374820256758381045314293257633779886069910445413328121244665113539760000,2^7*3^7*5^4*7^2*11^2*13^2*17^2*19^3*29*37^2*41^2*43*47*53*59*73^2*79^2*83^2*89*97^2*101^2*103^2*107*109*113*127*131*137*139*149*151*157*163*167*173*179*181*191*193*197*199*211*293*307*311*313*317*331*337*347*349*353*359*367*373*379*383*389*397*401*409*419*421,2280295,5*17*139*193,139,139,139,16405,5*17*193,5;17;193,-,0.114373557645,2.841263013534,0.114373557645,0.038550577603,0.038550577603,0.075822980042,0.000000000000,YES
128,2,381,75,1,75,131;137;139;149;151;157;163;167;173;179;181,181,-,181,905,3,24797577877994357098619811603035445677096866900968917619362714398778380831272193206705039071244354403743986121287639137864824102649486281513216521779399593799482951862560,2^5*3^5*5*7^4*11^3*13^3*17*19*29*31*41^2*43*47*53*79^2*83^2*89^2*97*101*103^2*107^2*109^2*113^2*127*131*137*139*149*151*157*163*167*173*179*181*191*193*197*199*211*223*227*307*311*313*317*331*337*347*349*353*359*367*373*379*383*389*397*401*409*419*421*431*433*439*443*449*457,905,5*181,181,181,181,5,5,5,-,0.053186991748,3.047226887541,0.053186991748,0.040613258057,0.040613258057,0.012573733691,0.000000000000,YES
128,2,381,75,2,76,131;137;139;149;151;157;163;167;173;179;181,181,-,181,905,3,24797577877994357098619811603035445677096866900968917619362714398778380831272193206705039071244354403743986121287639137864824102649486281513216521779399593799482951862560,2^5*3^5*5*7^4*11^3*13^3*17*19*29*31*41^2*43*47*53*79^2*83^2*89^2*97*101*103^2*107^2*109^2*113^2*127*131*137*139*149*151*157*163*167*173*179*181*191*193*197*199*211*223*227*307*311*313*317*331*337*347*349*353*359*367*373*379*383*389*397*401*409*419*421*431*433*439*443*449*457,905,5*181,181,181,181,5,5,5,-,0.053186991748,3.047226887541,0.053186991748,0.040613258057,0.040613258057,0.012573733691,0.000000000000,YES
128,2,381,75,4,78,131;137;139;149;151;157;163;167;173;179;181,181,-,181,905,3,24797577877994357098619811603035445677096866900968917619362714398778380831272193206705039071244354403743986121287639137864824102649486281513216521779399593799482951862560,2^5*3^5*5*7^4*11^3*13^3*17*19*29*31*41^2*43*47*53*79^2*83^2*89^2*97*101*103^2*107^2*109^2*113^2*127*131*137*139*149*151*157*163*167*173*179*181*191*193*197*199*211*223*227*307*311*313*317*331*337*347*349*353*359*367*373*379*383*389*397*401*409*419*421*431*433*439*443*449*457,905,5*181,181,181,181,5,5,5,-,0.053186991748,3.047226887541,0.053186991748,0.040613258057,0.040613258057,0.012573733691,0.000000000000,YES
128,2,381,75,8,82,131;137;139;149;151;157;163;167;173;179;181,181,-,181,905,3,24797577877994357098619811603035445677096866900968917619362714398778380831272193206705039071244354403743986121287639137864824102649486281513216521779399593799482951862560,2^5*3^5*5*7^4*11^3*13^3*17*19*29*31*41^2*43*47*53*79^2*83^2*89^2*97*101*103^2*107^2*109^2*113^2*127*131*137*139*149*151*157*163*167*173*179*181*191*193*197*199*211*223*227*307*311*313*317*331*337*347*349*353*359*367*373*379*383*389*397*401*409*419*421*431*433*439*443*449*457,905,5*181,181,181,181,5,5,5,-,0.053186991748,3.047226887541,0.053186991748,0.040613258057,0.040613258057,0.012573733691,0.000000000000,YES
128,2,394,78,1,78,137;139;149;151;157;163;167;173;179;181;191;193;197,179,-,179,471665,6,64258181143776889710171478320713864672925973632693289400677655650890426119990172626605934064483157483930519225891264651986752719403525276208029813232267844214446250028537830400,2^10*3^5*5^2*7^2*11^2*13*17*19*23*29^2*31*41^2*43^2*47^2*53*59*67*83^2*89^2*97*101*103*107^2*109^2*113^2*127*131*137*139*149*151*157*163*167*173*179*181*191*193*197*199*211*223*227*229*233*317*331*337*347*349*353*359*367*373*379*383*389*397*401*409*419*421*431*433*439*443*449*457*461*463*467,471665,5*17*31*179,179,179,179,2635,5*17*31,5;17;31,-,0.102062689585,3.162599337731,0.102062689585,0.040526451608,0.040526451608,0.061536237976,0.000000000000,YES
128,2,394,78,2,79,137;139;149;151;157;163;167;173;179;181;191;193;197,179,-,179,471665,6,64258181143776889710171478320713864672925973632693289400677655650890426119990172626605934064483157483930519225891264651986752719403525276208029813232267844214446250028537830400,2^10*3^5*5^2*7^2*11^2*13*17*19*23*29^2*31*41^2*43^2*47^2*53*59*67*83^2*89^2*97*101*103*107^2*109^2*113^2*127*131*137*139*149*151*157*163*167*173*179*181*191*193*197*199*211*223*227*229*233*317*331*337*347*349*353*359*367*373*379*383*389*397*401*409*419*421*431*433*439*443*449*457*461*463*467,471665,5*17*31*179,179,179,179,2635,5*17*31,5;17;31,-,0.102062689585,3.162599337731,0.102062689585,0.040526451608,0.040526451608,0.061536237976,0.000000000000,YES
128,2,394,78,4,81,137;139;149;151;157;163;167;173;179;181;191;193;197,179,-,179,471665,6,64258181143776889710171478320713864672925973632693289400677655650890426119990172626605934064483157483930519225891264651986752719403525276208029813232267844214446250028537830400,2^10*3^5*5^2*7^2*11^2*13*17*19*23*29^2*31*41^2*43^2*47^2*53*59*67*83^2*89^2*97*101*103*107^2*109^2*113^2*127*131*137*139*149*151*157*163*167*173*179*181*191*193*197*199*211*223*227*229*233*317*331*337*347*349*353*359*367*373*379*383*389*397*401*409*419*421*431*433*439*443*449*457*461*463*467,471665,5*17*31*179,179,179,179,2635,5*17*31,5;17;31,-,0.102062689585,3.162599337731,0.102062689585,0.040526451608,0.040526451608,0.061536237976,0.000000000000,YES
128,2,394,78,8,85,137;139;149;151;157;163;167;173;179;181;191;193;197,179,-,179,27745,5,64258181143776889710171478320713864672925973632693289400677655650890426119990172626605934064483157483930519225891264651986752719403525276208029813232267844214446250028537830400,2^10*3^5*5^2*7^2*11^2*13*17*19*23*29^2*31*41^2*43^2*47^2*53*59*67*83^2*89^2*97*101*103*107^2*109^2*113^2*127*131*137*139*149*151*157*163*167*173*179*181*191*193*197*199*211*223*227*229*233*317*331*337*347*349*353*359*367*373*379*383*389*397*401*409*419*421*431*433*439*443*449*457*461*463*467,27745,5*31*179,179,179,179,155,5*31,5;31,-,0.079928210334,3.162599337731,0.079928210334,0.040526451608,0.040526451608,0.039401758726,0.022134479250,YES
128,2,409,81,1,81,137;139;149;151;157;163;167;173;179;181;191;193;197;199,181,-,181,39806425,8,374782406295585395496750008689334141026522834400159668163111760257219246013525923843290573623612693006022507347240702865651027799515431593051916785165274541571542969709590571399091600,2^4*3*5^2*7^5*11^3*13*17*19*23*29*31*37*43^2*47^2*53*59*61*67*83^2*89^2*97^2*101*103*107*109*113^2*127*131*137*139*149*151*157*163*167*173*179*181*191*193*197*199*211*223*227*229*233*239*241*331*337*347*349*353*359*367*373*379*383*389*397*401*409*419*421*431*433*439*443*449*457*461*463*467*479*487*491,39806425,5^2*19*181*463,181,181,181,219925,5^2*19*463,5;19;463,-,0.136715147573,3.284309862083,0.136715147573,0.040613258057,0.040613258057,0.096101889517,0.000000000000,YES
128,2,409,81,2,82,137;139;149;151;157;163;167;173;179;181;191;193;197;199,181,-,181,39806425,8,374782406295585395496750008689334141026522834400159668163111760257219246013525923843290573623612693006022507347240702865651027799515431593051916785165274541571542969709590571399091600,2^4*3*5^2*7^5*11^3*13*17*19*23*29*31*37*43^2*47^2*53*59*61*67*83^2*89^2*97^2*101*103*107*109*113^2*127*131*137*139*149*151*157*163*167*173*179*181*191*193*197*199*211*223*227*229*233*239*241*331*337*347*349*353*359*367*373*379*383*389*397*401*409*419*421*431*433*439*443*449*457*461*463*467*479*487*491,39806425,5^2*19*181*463,181,181,181,219925,5^2*19*463,5;19;463,-,0.136715147573,3.284309862083,0.136715147573,0.040613258057,0.040613258057,0.096101889517,0.000000000000,YES
128,2,409,81,4,84,137;139;149;151;157;163;167;173;179;181;191;193;197;199,181,-,181,39806425,8,374782406295585395496750008689334141026522834400159668163111760257219246013525923843290573623612693006022507347240702865651027799515431593051916785165274541571542969709590571399091600,2^4*3*5^2*7^5*11^3*13*17*19*23*29*31*37*43^2*47^2*53*59*61*67*83^2*89^2*97^2*101*103*107*109*113^2*127*131*137*139*149*151*157*163*167*173*179*181*191*193*197*199*211*223*227*229*233*239*241*331*337*347*349*353*359*367*373*379*383*389*397*401*409*419*421*431*433*439*443*449*457*461*463*467*479*487*491,39806425,5^2*19*181*463,181,181,181,219925,5^2*19*463,5;19;463,-,0.136715147573,3.284309862083,0.136715147573,0.040613258057,0.040613258057,0.096101889517,0.000000000000,YES
128,2,409,81,8,88,137;139;149;151;157;163;167;173;179;181;191;193;197;199,181,-,181,39806425,8,374782406295585395496750008689334141026522834400159668163111760257219246013525923843290573623612693006022507347240702865651027799515431593051916785165274541571542969709590571399091600,2^4*3*5^2*7^5*11^3*13*17*19*23*29*31*37*43^2*47^2*53*59*61*67*83^2*89^2*97^2*101*103*107*109*113^2*127*131*137*139*149*151*157*163*167*173*179*181*191*193*197*199*211*223*227*229*233*239*241*331*337*347*349*353*359*367*373*379*383*389*397*401*409*419*421*431*433*439*443*449*457*461*463*467*479*487*491,39806425,5^2*19*181*463,181,181,181,219925,5^2*19*463,5;19;463,-,0.136715147573,3.284309862083,0.136715147573,0.040613258057,0.040613258057,0.096101889517,0.000000000000,YES
128,2,416,82,1,82,139;149;151;157;163;167;173;179;181;191;193;197;199,193,-,193,4825,4,151684478054846019077381414298252452821471384528919214189347488411311592484735954760132133718947489696534005746931431043489562855736269440986662001694804251995595875561260840215881156800,2^6*3^2*5^2*7^5*11^3*13^2*17^2*19^2*23*29^2*31^2*43^2*47*53*59*61*67*71*89^2*97^2*101*103*107*109*113^2*127*131*137*139*149*151*157*163*167*173*179*181*191*193*197*199*211*223*227*229*233*239*241*337*347*349*353*359*367*373*379*383*389*397*401*409*419*421*431*433*439*443*449*457*461*463*467*479*487*491*499,4825,5^2*193,193,193,193,25,5^2,5,-,0.066262234483,3.331209957649,0.066262234483,0.041114767101,0.041114767101,0.025147467382,0.000000000000,YES
128,2,416,82,2,83,139;149;151;157;163;167;173;179;181;191;193;197;199,193,-,193,4825,4,151684478054846019077381414298252452821471384528919214189347488411311592484735954760132133718947489696534005746931431043489562855736269440986662001694804251995595875561260840215881156800,2^6*3^2*5^2*7^5*11^3*13^2*17^2*19^2*23*29^2*31^2*43^2*47*53*59*61*67*71*89^2*97^2*101*103*107*109*113^2*127*131*137*139*149*151*157*163*167*173*179*181*191*193*197*199*211*223*227*229*233*239*241*337*347*349*353*359*367*373*379*383*389*397*401*409*419*421*431*433*439*443*449*457*461*463*467*479*487*491*499,4825,5^2*193,193,193,193,25,5^2,5,-,0.066262234483,3.331209957649,0.066262234483,0.041114767101,0.041114767101,0.025147467382,0.000000000000,YES
128,2,416,82,4,85,139;149;151;157;163;167;173;179;181;191;193;197;199,193,-,193,4825,4,151684478054846019077381414298252452821471384528919214189347488411311592484735954760132133718947489696534005746931431043489562855736269440986662001694804251995595875561260840215881156800,2^6*3^2*5^2*7^5*11^3*13^2*17^2*19^2*23*29^2*31^2*43^2*47*53*59*61*67*71*89^2*97^2*101*103*107*109*113^2*127*131*137*139*149*151*157*163*167*173*179*181*191*193*197*199*211*223*227*229*233*239*241*337*347*349*353*359*367*373*379*383*389*397*401*409*419*421*431*433*439*443*449*457*461*463*467*479*487*491*499,4825,5^2*193,193,193,193,25,5^2,5,-,0.066262234483,3.331209957649,0.066262234483,0.041114767101,0.041114767101,0.025147467382,0.000000000000,YES
128,2,416,82,8,89,139;149;151;157;163;167;173;179;181;191;193;197;199,193,-,193,4825,4,151684478054846019077381414298252452821471384528919214189347488411311592484735954760132133718947489696534005746931431043489562855736269440986662001694804251995595875561260840215881156800,2^6*3^2*5^2*7^5*11^3*13^2*17^2*19^2*23*29^2*31^2*43^2*47*53*59*61*67*71*89^2*97^2*101*103*107*109*113^2*127*131*137*139*149*151*157*163*167*173*179*181*191*193*197*199*211*223*227*229*233*239*241*337*347*349*353*359*367*373*379*383*389*397*401*409*419*421*431*433*439*443*449*457*461*463*467*479*487*491*499,4825,5^2*193,193,193,193,25,5^2,5,-,0.066262234483,3.331209957649,0.066262234483,0.041114767101,0.041114767101,0.025147467382,0.000000000000,YES
128,2,438,87,1,87,149;151;157;163;167;173;179;181;191;193;197;199;211,151;197,-,151;197,743675,6,8524615325277995019409494701972059183558343574126140143775863709451769824284692854523900188637767441196784559538337763347621339256320559353966073016705843231000705878060039300432745693104945120000,2^8*3^5*5^4*7^2*11^2*13^3*19^2*23*31*37*47^2*53*59*61*71*73*89^2*97^2*101^2*103^2*107*109*113*127^2*131^2*137*139*149*151*157*163*167*173*179*181*191*193*197*199*211*223*227*229*233*239*241*251*257*263*353*359*367*373*379*383*389*397*401*409*419*421*431*433*439*443*449*457*461*463*467*479*487*491*499*503*509*521*523,743675,5^2*151*197,29747,151*197,29747,25,5^2,5,-,0.105619995238,3.524586336194,0.105619995238,0.080472527856,0.080472527856,0.025147467382,0.000000000000,YES
128,2,438,87,2,88,149;151;157;163;167;173;179;181;191;193;197;199;211,151;197,-,151;197,743675,6,8524615325277995019409494701972059183558343574126140143775863709451769824284692854523900188637767441196784559538337763347621339256320559353966073016705843231000705878060039300432745693104945120000,2^8*3^5*5^4*7^2*11^2*13^3*19^2*23*31*37*47^2*53*59*61*71*73*89^2*97^2*101^2*103^2*107*109*113*127^2*131^2*137*139*149*151*157*163*167*173*179*181*191*193*197*199*211*223*227*229*233*239*241*251*257*263*353*359*367*373*379*383*389*397*401*409*419*421*431*433*439*443*449*457*461*463*467*479*487*491*499*503*509*521*523,743675,5^2*151*197,29747,151*197,29747,25,5^2,5,-,0.105619995238,3.524586336194,0.105619995238,0.080472527856,0.080472527856,0.025147467382,0.000000000000,YES
128,2,438,87,4,90,149;151;157;163;167;173;179;181;191;193;197;199;211,151;197,-,151;197,743675,6,8524615325277995019409494701972059183558343574126140143775863709451769824284692854523900188637767441196784559538337763347621339256320559353966073016705843231000705878060039300432745693104945120000,2^8*3^5*5^4*7^2*11^2*13^3*19^2*23*31*37*47^2*53*59*61*71*73*89^2*97^2*101^2*103^2*107*109*113*127^2*131^2*137*139*149*151*157*163*167*173*179*181*191*193*197*199*211*223*227*229*233*239*241*251*257*263*353*359*367*373*379*383*389*397*401*409*419*421*431*433*439*443*449*457*461*463*467*479*487*491*499*503*509*521*523,743675,5^2*151*197,29747,151*197,29747,25,5^2,5,-,0.105619995238,3.524586336194,0.105619995238,0.080472527856,0.080472527856,0.025147467382,0.000000000000,YES
128,2,438,87,8,94,149;151;157;163;167;173;179;181;191;193;197;199;211,151;197,-,151;197,743675,6,8524615325277995019409494701972059183558343574126140143775863709451769824284692854523900188637767441196784559538337763347621339256320559353966073016705843231000705878060039300432745693104945120000,2^8*3^5*5^4*7^2*11^2*13^3*19^2*23*31*37*47^2*53*59*61*71*73*89^2*97^2*101^2*103^2*107*109*113*127^2*131^2*137*139*149*151*157*163*167*173*179*181*191*193*197*199*211*223*227*229*233*239*241*251*257*263*353*359*367*373*379*383*389*397*401*409*419*421*431*433*439*443*449*457*461*463*467*479*487*491*499*503*509*521*523,743675,5^2*151*197,29747,151*197,29747,25,5^2,5,-,0.105619995238,3.524586336194,0.105619995238,0.080472527856,0.080472527856,0.025147467382,0.000000000000,YES
128,2,450,89,1,89,151;157;163;167;173;179;181;191;193;197;199;211;223,193,-,193,965,3,623539290890389088409714405067158597349280745363337259855447619376242635632107894659825752533951617313414008692188918548195140387863902427921297753607124845290507597117461613205509755212675099441632000,2^8*3^2*5^3*7^4*11^3*13^3*19^3*23^3*31^2*37*41*47^2*53^2*59*61*67*73*97^2*101^2*103^2*107^2*109*113*127^2*131^2*137*139*149*151*157*163*167*173*179*181*191*193*197*199*211*223*227*229*233*239*241*251*257*263*269*367*373*379*383*389*397*401*409*419*421*431*433*439*443*449*457*461*463*467*479*487*491*499*503*509*521*523,965,5*193,193,193,193,5,5,5,-,0.053688500792,3.612087970255,0.053688500792,0.041114767101,0.041114767101,0.012573733691,0.000000000000,YES
128,2,450,89,2,90,151;157;163;167;173;179;181;191;193;197;199;211;223,193,-,193,965,3,623539290890389088409714405067158597349280745363337259855447619376242635632107894659825752533951617313414008692188918548195140387863902427921297753607124845290507597117461613205509755212675099441632000,2^8*3^2*5^3*7^4*11^3*13^3*19^3*23^3*31^2*37*41*47^2*53^2*59*61*67*73*97^2*101^2*103^2*107^2*109*113*127^2*131^2*137*139*149*151*157*163*167*173*179*181*191*193*197*199*211*223*227*229*233*239*241*251*257*263*269*367*373*379*383*389*397*401*409*419*421*431*433*439*443*449*457*461*463*467*479*487*491*499*503*509*521*523,965,5*193,193,193,193,5,5,5,-,0.053688500792,3.612087970255,0.053688500792,0.041114767101,0.041114767101,0.012573733691,0.000000000000,YES
128,2,450,89,4,92,151;157;163;167;173;179;181;191;193;197;199;211;223,193,-,193,965,3,623539290890389088409714405067158597349280745363337259855447619376242635632107894659825752533951617313414008692188918548195140387863902427921297753607124845290507597117461613205509755212675099441632000,2^8*3^2*5^3*7^4*11^3*13^3*19^3*23^3*31^2*37*41*47^2*53^2*59*61*67*73*97^2*101^2*103^2*107^2*109*113*127^2*131^2*137*139*149*151*157*163*167*173*179*181*191*193*197*199*211*223*227*229*233*239*241*251*257*263*269*367*373*379*383*389*397*401*409*419*421*431*433*439*443*449*457*461*463*467*479*487*491*499*503*509*521*523,965,5*193,193,193,193,5,5,5,-,0.053688500792,3.612087970255,0.053688500792,0.041114767101,0.041114767101,0.012573733691,0.000000000000,YES
128,2,450,89,8,96,151;157;163;167;173;179;181;191;193;197;199;211;223,193,-,193,965,3,623539290890389088409714405067158597349280745363337259855447619376242635632107894659825752533951617313414008692188918548195140387863902427921297753607124845290507597117461613205509755212675099441632000,2^8*3^2*5^3*7^4*11^3*13^3*19^3*23^3*31^2*37*41*47^2*53^2*59*61*67*73*97^2*101^2*103^2*107^2*109*113*127^2*131^2*137*139*149*151*157*163*167*173*179*181*191*193*197*199*211*223*227*229*233*239*241*251*257*263*269*367*373*379*383*389*397*401*409*419*421*431*433*439*443*449*457*461*463*467*479*487*491*499*503*509*521*523,965,5*193,193,193,193,5,5,5,-,0.053688500792,3.612087970255,0.053688500792,0.041114767101,0.041114767101,0.012573733691,0.000000000000,YES
128,2,463,92,1,92,157;163;167;173;179;181;191;193;197;199;211;223;227;229,191,-,191,883375,6,1622110651848306635428883724202390776523198885506109337784777199692894963750553317170927821701223140838244881678234912223613601279129052249887263636109706134671794782094840347786813418211518301778931500800000,2^11*3^2*5^5*7^3*11^2*13*17*19^2*23*29*37*47^2*53^2*59*61*67*79*97^2*101^2*103^2*107^2*109^2*113*127^2*131^2*137^2*139^2*149*151*157*163*167*173*179*181*191*193*197*199*211*223*227*229*233*239*241*251*257*263*269*271*277*373*379*383*389*397*401*409*419*421*431*433*439*443*449*457*461*463*467*479*487*491*499*503*509*521*523*541*547,883375,5^3*37*191,191,191,191,4625,5^3*37,5;37,-,0.106964883422,3.727490956426,0.106964883422,0.041033386157,0.041033386157,0.065931497265,0.000000000000,YES
128,2,463,92,2,93,157;163;167;173;179;181;191;193;197;199;211;223;227;229,191,-,191,883375,6,1622110651848306635428883724202390776523198885506109337784777199692894963750553317170927821701223140838244881678234912223613601279129052249887263636109706134671794782094840347786813418211518301778931500800000,2^11*3^2*5^5*7^3*11^2*13*17*19^2*23*29*37*47^2*53^2*59*61*67*79*97^2*101^2*103^2*107^2*109^2*113*127^2*131^2*137^2*139^2*149*151*157*163*167*173*179*181*191*193*197*199*211*223*227*229*233*239*241*251*257*263*269*271*277*373*379*383*389*397*401*409*419*421*431*433*439*443*449*457*461*463*467*479*487*491*499*503*509*521*523*541*547,883375,5^3*37*191,191,191,191,4625,5^3*37,5;37,-,0.106964883422,3.727490956426,0.106964883422,0.041033386157,0.041033386157,0.065931497265,0.000000000000,YES
128,2,463,92,4,95,157;163;167;173;179;181;191;193;197;199;211;223;227;229,191,-,191,176675,6,1622110651848306635428883724202390776523198885506109337784777199692894963750553317170927821701223140838244881678234912223613601279129052249887263636109706134671794782094840347786813418211518301778931500800000,2^11*3^2*5^5*7^3*11^2*13*17*19^2*23*29*37*47^2*53^2*59*61*67*79*97^2*101^2*103^2*107^2*109^2*113*127^2*131^2*137^2*139^2*149*151*157*163*167*173*179*181*191*193*197*199*211*223*227*229*233*239*241*251*257*263*269*271*277*373*379*383*389*397*401*409*419*421*431*433*439*443*449*457*461*463*467*479*487*491*499*503*509*521*523*541*547,176675,5^2*37*191,191,191,191,925,5^2*37,5;37,-,0.094391149731,3.727490956426,0.094391149731,0.041033386157,0.041033386157,0.053357763574,0.012573733691,YES
128,2,463,92,8,99,157;163;167;173;179;181;191;193;197;199;211;223;227;229,191,-,191,176675,6,1622110651848306635428883724202390776523198885506109337784777199692894963750553317170927821701223140838244881678234912223613601279129052249887263636109706134671794782094840347786813418211518301778931500800000,2^11*3^2*5^5*7^3*11^2*13*17*19^2*23*29*37*47^2*53^2*59*61*67*79*97^2*101^2*103^2*107^2*109^2*113*127^2*131^2*137^2*139^2*149*151*157*163*167*173*179*181*191*193*197*199*211*223*227*229*233*239*241*251*257*263*269*271*277*373*379*383*389*397*401*409*419*421*431*433*439*443*449*457*461*463*467*479*487*491*499*503*509*521*523*541*547,176675,5^2*37*191,191,191,191,925,5^2*37,5;37,-,0.094391149731,3.727490956426,0.094391149731,0.041033386157,0.041033386157,0.053357763574,0.012573733691,YES
128,2,468,93,1,93,157;163;167;173;179;181;191;193;197;199;211;223;227;229;233,163,-,163,20375,5,292493279074639069021414876846732897459466051301917895761730129666630689781372423624612452814158632313055042766743591031636829873037379389939058223610688248850873057779983049468279036598421507824355148096000000,2^12*3^4*5^6*7^3*11^2*13^2*17*19^2*23*29*37*43*53*59*61*67*79*97^2*101^2*103^2*107^2*109^2*113*127^2*131^2*137^2*139^2*149*151*157*163*167*173*179*181*191*193*197*199*211*223*227*229*233*239*241*251*257*263*269*271*277*281*379*383*389*397*401*409*419*421*431*433*439*443*449*457*461*463*467*479*487*491*499*503*509*521*523*541*547*557,20375,5^3*163,163,163,163,125,5^3,5,-,0.077516124516,3.768074655771,0.077516124516,0.039794923444,0.039794923444,0.037721201073,0.000000000000,YES
128,2,468,93,2,94,157;163;167;173;179;181;191;193;197;199;211;223;227;229;233,163,-,163,20375,5,292493279074639069021414876846732897459466051301917895761730129666630689781372423624612452814158632313055042766743591031636829873037379389939058223610688248850873057779983049468279036598421507824355148096000000,2^12*3^4*5^6*7^3*11^2*13^2*17*19^2*23*29*37*43*53*59*61*67*79*97^2*101^2*103^2*107^2*109^2*113*127^2*131^2*137^2*139^2*149*151*157*163*167*173*179*181*191*193*197*199*211*223*227*229*233*239*241*251*257*263*269*271*277*281*379*383*389*397*401*409*419*421*431*433*439*443*449*457*461*463*467*479*487*491*499*503*509*521*523*541*547*557,20375,5^3*163,163,163,163,125,5^3,5,-,0.077516124516,3.768074655771,0.077516124516,0.039794923444,0.039794923444,0.037721201073,0.000000000000,YES
128,2,468,93,4,96,157;163;167;173;179;181;191;193;197;199;211;223;227;229;233,163,-,163,4075,4,292493279074639069021414876846732897459466051301917895761730129666630689781372423624612452814158632313055042766743591031636829873037379389939058223610688248850873057779983049468279036598421507824355148096000000,2^12*3^4*5^6*7^3*11^2*13^2*17*19^2*23*29*37*43*53*59*61*67*79*97^2*101^2*103^2*107^2*109^2*113*127^2*131^2*137^2*139^2*149*151*157*163*167*173*179*181*191*193*197*199*211*223*227*229*233*239*241*251*257*263*269*271*277*281*379*383*389*397*401*409*419*421*431*433*439*443*449*457*461*463*467*479*487*491*499*503*509*521*523*541*547*557,4075,5^2*163,163,163,163,25,5^2,5,-,0.064942390826,3.768074655771,0.064942390826,0.039794923444,0.039794923444,0.025147467382,0.012573733691,YES
128,2,468,93,8,100,157;163;167;173;179;181;191;193;197;199;211;223;227;229;233,163,-,163,815,3,292493279074639069021414876846732897459466051301917895761730129666630689781372423624612452814158632313055042766743591031636829873037379389939058223610688248850873057779983049468279036598421507824355148096000000,2^12*3^4*5^6*7^3*11^2*13^2*17*19^2*23*29*37*43*53*59*61*67*79*97^2*101^2*103^2*107^2*109^2*113*127^2*131^2*137^2*139^2*149*151*157*163*167*173*179*181*191*193*197*199*211*223*227*229*233*239*241*251*257*263*269*271*277*281*379*383*389*397*401*409*419*421*431*433*439*443*449*457*461*463*467*479*487*491*499*503*509*521*523*541*547*557,815,5*163,163,163,163,5,5,5,-,0.052368657135,3.768074655771,0.052368657135,0.039794923444,0.039794923444,0.012573733691,0.025147467382,YES
128,2,491,97,1,97,167;173;179;181;191;193;197;199;211;223;227;229;233;239;241,191,-,191,4775,4,1044748332369978937486537745948311760702917711991525536924473053117905597537582963155620363253852570491686254013885754491869866048325343320875259420556229671190724051574630950180621338564001117355198164513465387424620000,2^5*3^6*5^4*11^3*13^2*17^2*19*23*29*31*37*41*53^2*59*61*67*71*73*79*83*101^2*103^2*107^2*109^2*113^2*127*131*137^2*139^2*149*151*157*163*167*173*179*181*191*193*197*199*211*223*227*229*233*239*241*251*257*263*269*271*277*281*283*293*397*401*409*419*421*431*433*439*443*449*457*461*463*467*479*487*491*499*503*509*521*523*541*547*557*563*569*571*577*587,4775,5^2*191,191,191,191,25,5^2,5,-,0.066180853538,3.939921182749,0.066180853538,0.041033386157,0.041033386157,0.025147467382,0.000000000000,YES
128,2,491,97,2,98,167;173;179;181;191;193;197;199;211;223;227;229;233;239;241,191,-,191,4775,4,1044748332369978937486537745948311760702917711991525536924473053117905597537582963155620363253852570491686254013885754491869866048325343320875259420556229671190724051574630950180621338564001117355198164513465387424620000,2^5*3^6*5^4*11^3*13^2*17^2*19*23*29*31*37*41*53^2*59*61*67*71*73*79*83*101^2*103^2*107^2*109^2*113^2*127*131*137^2*139^2*149*151*157*163*167*173*179*181*191*193*197*199*211*223*227*229*233*239*241*251*257*263*269*271*277*281*283*293*397*401*409*419*421*431*433*439*443*449*457*461*463*467*479*487*491*499*503*509*521*523*541*547*557*563*569*571*577*587,4775,5^2*191,191,191,191,25,5^2,5,-,0.066180853538,3.939921182749,0.066180853538,0.041033386157,0.041033386157,0.025147467382,0.000000000000,YES
128,2,491,97,4,100,167;173;179;181;191;193;197;199;211;223;227;229;233;239;241,191,-,191,955,3,1044748332369978937486537745948311760702917711991525536924473053117905597537582963155620363253852570491686254013885754491869866048325343320875259420556229671190724051574630950180621338564001117355198164513465387424620000,2^5*3^6*5^4*11^3*13^2*17^2*19*23*29*31*37*41*53^2*59*61*67*71*73*79*83*101^2*103^2*107^2*109^2*113^2*127*131*137^2*139^2*149*151*157*163*167*173*179*181*191*193*197*199*211*223*227*229*233*239*241*251*257*263*269*271*277*281*283*293*397*401*409*419*421*431*433*439*443*449*457*461*463*467*479*487*491*499*503*509*521*523*541*547*557*563*569*571*577*587,955,5*191,191,191,191,5,5,5,-,0.053607119848,3.939921182749,0.053607119848,0.041033386157,0.041033386157,0.012573733691,0.012573733691,YES
128,2,491,97,8,104,167;173;179;181;191;193;197;199;211;223;227;229;233;239;241,191,-,191,955,3,1044748332369978937486537745948311760702917711991525536924473053117905597537582963155620363253852570491686254013885754491869866048325343320875259420556229671190724051574630950180621338564001117355198164513465387424620000,2^5*3^6*5^4*11^3*13^2*17^2*19*23*29*31*37*41*53^2*59*61*67*71*73*79*83*101^2*103^2*107^2*109^2*113^2*127*131*137^2*139^2*149*151*157*163*167*173*179*181*191*193*197*199*211*223*227*229*233*239*241*251*257*263*269*271*277*281*283*293*397*401*409*419*421*431*433*439*443*449*457*461*463*467*479*487*491*499*503*509*521*523*541*547*557*563*569*571*577*587,955,5*191,191,191,191,5,5,5,-,0.053607119848,3.939921182749,0.053607119848,0.041033386157,0.041033386157,0.012573733691,0.012573733691,YES
128,2,495,98,1,98,167;173;179;181;191;193;197;199;211;223;227;229;233;239;241,181,-,181,181,3,125763649519010846246226160927783017019760814925741432417052637514304196042705941800630053540608755048791918992902686056799143297370675696936789757165582627445469182831336581743498762499706585992261744973584563691091040000,2^8*3^4*5^4*11*13^2*17^2*19*23*29*31*37^2*41*53^2*59^2*61*67*71*73*83*101^2*103^2*107^2*109^2*113^2*127*131*137^2*139^2*149*151*157*163*167*173*179*181*191*193*197*199*211*223*227*229*233*239*241*251*257*263*269*271*277*281*283*293*397*401*409*419*421*431*433*439*443*449*457*461*463*467*479*487*491*499*503*509*521*523*541*547*557*563*569*571*577*587*593,181,181,181,181,181,1,1,-,-,0.040613258057,3.977347966513,0.040613258057,0.040613258057,0.040613258057,0.000000000000,0.000000000000,YES
128,2,495,98,2,99,167;173;179;181;191;193;197;199;211;223;227;229;233;239;241,181,-,181,181,3,125763649519010846246226160927783017019760814925741432417052637514304196042705941800630053540608755048791918992902686056799143297370675696936789757165582627445469182831336581743498762499706585992261744973584563691091040000,2^8*3^4*5^4*11*13^2*17^2*19*23*29*31*37^2*41*53^2*59^2*61*67*71*73*83*101^2*103^2*107^2*109^2*113^2*127*131*137^2*139^2*149*151*157*163*167*173*179*181*191*193*197*199*211*223*227*229*233*239*241*251*257*263*269*271*277*281*283*293*397*401*409*419*421*431*433*439*443*449*457*461*463*467*479*487*491*499*503*509*521*523*541*547*557*563*569*571*577*587*593,181,181,181,181,181,1,1,-,-,0.040613258057,3.977347966513,0.040613258057,0.040613258057,0.040613258057,0.000000000000,0.000000000000,YES
128,2,495,98,4,101,167;173;179;181;191;193;197;199;211;223;227;229;233;239;241,181,-,181,181,3,125763649519010846246226160927783017019760814925741432417052637514304196042705941800630053540608755048791918992902686056799143297370675696936789757165582627445469182831336581743498762499706585992261744973584563691091040000,2^8*3^4*5^4*11*13^2*17^2*19*23*29*31*37^2*41*53^2*59^2*61*67*71*73*83*101^2*103^2*107^2*109^2*113^2*127*131*137^2*139^2*149*151*157*163*167*173*179*181*191*193*197*199*211*223*227*229*233*239*241*251*257*263*269*271*277*281*283*293*397*401*409*419*421*431*433*439*443*449*457*461*463*467*479*487*491*499*503*509*521*523*541*547*557*563*569*571*577*587*593,181,181,181,181,181,1,1,-,-,0.040613258057,3.977347966513,0.040613258057,0.040613258057,0.040613258057,0.000000000000,0.000000000000,YES
128,2,495,98,8,105,167;173;179;181;191;193;197;199;211;223;227;229;233;239;241,181,-,181,181,3,125763649519010846246226160927783017019760814925741432417052637514304196042705941800630053540608755048791918992902686056799143297370675696936789757165582627445469182831336581743498762499706585992261744973584563691091040000,2^8*3^4*5^4*11*13^2*17^2*19*23*29*31*37^2*41*53^2*59^2*61*67*71*73*83*101^2*103^2*107^2*109^2*113^2*127*131*137^2*139^2*149*151*157*163*167*173*179*181*191*193*197*199*211*223*227*229*233*239*241*251*257*263*269*271*277*281*283*293*397*401*409*419*421*431*433*439*443*449*457*461*463*467*479*487*491*499*503*509*521*523*541*547*557*563*569*571*577*587*593,181,181,181,181,181,1,1,-,-,0.040613258057,3.977347966513,0.040613258057,0.040613258057,0.040613258057,0.000000000000,0.000000000000,YES
128,2,500,99,1,99,167;173;179;181;191;193;197;199;211;223;227;229;233;239;241,179,-,179,19743163,8,22691618797247864721910529918551750726689079258226385863369270997558525626615948512477907175198560928027838471891849177981081105763545878747153704028020786767530864045124929676637303961664212436699289129884614873062162826720,2^5*3^5*5*11*13^3*17^3*23^2*29*31*37^2*41*53^2*59^2*61*67*71*73*83*101^2*103^2*107^2*109^2*113^2*127*131*137^2*139^2*149^2*151*157*163*167*173*179*181*191*193*197*199*211*223*227*229*233*239*241*251*257*263*269*271*277*281*283*293*401*409*419*421*431*433*439*443*449*457*461*463*467*479*487*491*499*503*509*521*523*541*547*557*563*569*571*577*587*593*599,19743163,11*37*179*271,179,179,179,110297,11*37*271,11;37;271,-,0.131236857908,4.017936611602,0.131236857908,0.040526451608,0.040526451608,0.090710406299,0.000000000000,YES
128,2,500,99,2,100,167;173;179;181;191;193;197;199;211;223;227;229;233;239;241,179,-,179,19743163,8,22691618797247864721910529918551750726689079258226385863369270997558525626615948512477907175198560928027838471891849177981081105763545878747153704028020786767530864045124929676637303961664212436699289129884614873062162826720,2^5*3^5*5*11*13^3*17^3*23^2*29*31*37^2*41*53^2*59^2*61*67*71*73*83*101^2*103^2*107^2*109^2*113^2*127*131*137^2*139^2*149^2*151*157*163*167*173*179*181*191*193*197*199*211*223*227*229*233*239*241*251*257*263*269*271*277*281*283*293*401*409*419*421*431*433*439*443*449*457*461*463*467*479*487*491*499*503*509*521*523*541*547*557*563*569*571*577*587*593*599,19743163,11*37*179*271,179,179,179,110297,11*37*271,11;37;271,-,0.131236857908,4.017936611602,0.131236857908,0.040526451608,0.040526451608,0.090710406299,0.000000000000,YES
128,2,500,99,4,102,167;173;179;181;191;193;197;199;211;223;227;229;233;239;241,179,-,179,19743163,8,22691618797247864721910529918551750726689079258226385863369270997558525626615948512477907175198560928027838471891849177981081105763545878747153704028020786767530864045124929676637303961664212436699289129884614873062162826720,2^5*3^5*5*11*13^3*17^3*23^2*29*31*37^2*41*53^2*59^2*61*67*71*73*83*101^2*103^2*107^2*109^2*113^2*127*131*137^2*139^2*149^2*151*157*163*167*173*179*181*191*193*197*199*211*223*227*229*233*239*241*251*257*263*269*271*277*281*283*293*401*409*419*421*431*433*439*443*449*457*461*463*467*479*487*491*499*503*509*521*523*541*547*557*563*569*571*577*587*593*599,19743163,11*37*179*271,179,179,179,110297,11*37*271,11;37;271,-,0.131236857908,4.017936611602,0.131236857908,0.040526451608,0.040526451608,0.090710406299,0.000000000000,YES
128,2,500,99,8,106,167;173;179;181;191;193;197;199;211;223;227;229;233;239;241,179,-,179,19743163,8,22691618797247864721910529918551750726689079258226385863369270997558525626615948512477907175198560928027838471891849177981081105763545878747153704028020786767530864045124929676637303961664212436699289129884614873062162826720,2^5*3^5*5*11*13^3*17^3*23^2*29*31*37^2*41*53^2*59^2*61*67*71*73*83*101^2*103^2*107^2*109^2*113^2*127*131*137^2*139^2*149^2*151*157*163*167*173*179*181*191*193*197*199*211*223*227*229*233*239*241*251*257*263*269*271*277*281*283*293*401*409*419*421*431*433*439*443*449*457*461*463*467*479*487*491*499*503*509*521*523*541*547*557*563*569*571*577*587*593*599,19743163,11*37*179*271,179,179,179,110297,11*37*271,11;37;271,-,0.131236857908,4.017936611602,0.131236857908,0.040526451608,0.040526451608,0.090710406299,0.000000000000,YES
128,2,505,100,1,100,173;179;181;191;193;197;199;211;223;227;229;233;239;241;251,233,-,233,1165,4,4094671893625524293234830489039394606953927169231038097354850019389993514504042148127551874188995129327984526987806850272450092372587956732007919621996282127599003696754139713066346617347674560013738802152796250685988111633600,2^6*3^7*5^2*7*11^3*13^2*17^3*23^2*29*37^2*41*43*53^2*59^2*61*67*71*73*83*103^2*107^2*109^2*113^2*127*131*137^2*139^2*149^2*151^2*157*163*167*173*179*181*191*193*197*199*211*223*227*229*233*239*241*251*257*263*269*271*277*281*283*293*409*419*421*431*433*439*443*449*457*461*463*467*479*487*491*499*503*509*521*523*541*547*557*563*569*571*577*587*593*599*601,1165,5*233,233,233,233,5,5,5,-,0.055159971609,4.058526035266,0.055159971609,0.042586237918,0.042586237918,0.012573733691,0.000000000000,YES
128,2,505,100,2,101,173;179;181;191;193;197;199;211;223;227;229;233;239;241;251,233,-,233,1165,4,4094671893625524293234830489039394606953927169231038097354850019389993514504042148127551874188995129327984526987806850272450092372587956732007919621996282127599003696754139713066346617347674560013738802152796250685988111633600,2^6*3^7*5^2*7*11^3*13^2*17^3*23^2*29*37^2*41*43*53^2*59^2*61*67*71*73*83*103^2*107^2*109^2*113^2*127*131*137^2*139^2*149^2*151^2*157*163*167*173*179*181*191*193*197*199*211*223*227*229*233*239*241*251*257*263*269*271*277*281*283*293*409*419*421*431*433*439*443*449*457*461*463*467*479*487*491*499*503*509*521*523*541*547*557*563*569*571*577*587*593*599*601,1165,5*233,233,233,233,5,5,5,-,0.055159971609,4.058526035266,0.055159971609,0.042586237918,0.042586237918,0.012573733691,0.000000000000,YES
128,2,505,100,4,103,173;179;181;191;193;197;199;211;223;227;229;233;239;241;251,233,-,233,1165,4,4094671893625524293234830489039394606953927169231038097354850019389993514504042148127551874188995129327984526987806850272450092372587956732007919621996282127599003696754139713066346617347674560013738802152796250685988111633600,2^6*3^7*5^2*7*11^3*13^2*17^3*23^2*29*37^2*41*43*53^2*59^2*61*67*71*73*83*103^2*107^2*109^2*113^2*127*131*137^2*139^2*149^2*151^2*157*163*167*173*179*181*191*193*197*199*211*223*227*229*233*239*241*251*257*263*269*271*277*281*283*293*409*419*421*431*433*439*443*449*457*461*463*467*479*487*491*499*503*509*521*523*541*547*557*563*569*571*577*587*593*599*601,1165,5*233,233,233,233,5,5,5,-,0.055159971609,4.058526035266,0.055159971609,0.042586237918,0.042586237918,0.012573733691,0.000000000000,YES
128,2,505,100,8,107,173;179;181;191;193;197;199;211;223;227;229;233;239;241;251,233,-,233,1165,4,4094671893625524293234830489039394606953927169231038097354850019389993514504042148127551874188995129327984526987806850272450092372587956732007919621996282127599003696754139713066346617347674560013738802152796250685988111633600,2^6*3^7*5^2*7*11^3*13^2*17^3*23^2*29*37^2*41*43*53^2*59^2*61*67*71*73*83*103^2*107^2*109^2*113^2*127*131*137^2*139^2*149^2*151^2*157*163*167*173*179*181*191*193*197*199*211*223*227*229*233*239*241*251*257*263*269*271*277*281*283*293*409*419*421*431*433*439*443*449*457*461*463*467*479*487*491*499*503*509*521*523*541*547*557*563*569*571*577*587*593*599*601,1165,5*233,233,233,233,5,5,5,-,0.055159971609,4.058526035266,0.055159971609,0.042586237918,0.042586237918,0.012573733691,0.000000000000,YES
128,2,514,102,1,102,173;179;181;191;193;197;199;211;223;227;229;233;239;241;251,193,-,193,3281,4,88912243086974036815961129391587884252634793555721222778508853006512824747694469789795749811985202305681287587968020944130063555052396099032497641113307935927087855755441702635422812623361141286778443392296594772731590482044774400,2^11*3^3*5^2*7^2*11^3*13^3*17*19*23^2*29*37*41*43*47*53^2*59^2*61^2*67*71*73*83*107^2*109^2*113^2*127*131*137*139^2*149^2*151^2*157*163*167*173*179*181*191*193*197*199*211*223*227*229*233*239*241*251*257*263*269*271*277*281*283*293*307*419*421*431*433*439*443*449*457*461*463*467*479*487*491*499*503*509*521*523*541*547*557*563*569*571*577*587*593*599*601*607*613*617,3281,17*193,193,193,193,17,17,17,-,0.063249246351,4.136539461353,0.063249246351,0.041114767101,0.041114767101,0.022134479250,0.000000000000,YES
128,2,514,102,2,103,173;179;181;191;193;197;199;211;223;227;229;233;239;241;251,193,-,193,3281,4,88912243086974036815961129391587884252634793555721222778508853006512824747694469789795749811985202305681287587968020944130063555052396099032497641113307935927087855755441702635422812623361141286778443392296594772731590482044774400,2^11*3^3*5^2*7^2*11^3*13^3*17*19*23^2*29*37*41*43*47*53^2*59^2*61^2*67*71*73*83*107^2*109^2*113^2*127*131*137*139^2*149^2*151^2*157*163*167*173*179*181*191*193*197*199*211*223*227*229*233*239*241*251*257*263*269*271*277*281*283*293*307*419*421*431*433*439*443*449*457*461*463*467*479*487*491*499*503*509*521*523*541*547*557*563*569*571*577*587*593*599*601*607*613*617,3281,17*193,193,193,193,17,17,17,-,0.063249246351,4.136539461353,0.063249246351,0.041114767101,0.041114767101,0.022134479250,0.000000000000,YES
128,2,514,102,4,105,173;179;181;191;193;197;199;211;223;227;229;233;239;241;251,193,-,193,3281,4,88912243086974036815961129391587884252634793555721222778508853006512824747694469789795749811985202305681287587968020944130063555052396099032497641113307935927087855755441702635422812623361141286778443392296594772731590482044774400,2^11*3^3*5^2*7^2*11^3*13^3*17*19*23^2*29*37*41*43*47*53^2*59^2*61^2*67*71*73*83*107^2*109^2*113^2*127*131*137*139^2*149^2*151^2*157*163*167*173*179*181*191*193*197*199*211*223*227*229*233*239*241*251*257*263*269*271*277*281*283*293*307*419*421*431*433*439*443*449*457*461*463*467*479*487*491*499*503*509*521*523*541*547*557*563*569*571*577*587*593*599*601*607*613*617,3281,17*193,193,193,193,17,17,17,-,0.063249246351,4.136539461353,0.063249246351,0.041114767101,0.041114767101,0.022134479250,0.000000000000,YES
128,2,514,102,8,109,173;179;181;191;193;197;199;211;223;227;229;233;239;241;251,193,-,193,3281,4,88912243086974036815961129391587884252634793555721222778508853006512824747694469789795749811985202305681287587968020944130063555052396099032497641113307935927087855755441702635422812623361141286778443392296594772731590482044774400,2^11*3^3*5^2*7^2*11^3*13^3*17*19*23^2*29*37*41*43*47*53^2*59^2*61^2*67*71*73*83*107^2*109^2*113^2*127*131*137*139^2*149^2*151^2*157*163*167*173*179*181*191*193*197*199*211*223*227*229*233*239*241*251*257*263*269*271*277*281*283*293*307*419*421*431*433*439*443*449*457*461*463*467*479*487*491*499*503*509*521*523*541*547*557*563*569*571*577*587*593*599*601*607*613*617,3281,17*193,193,193,193,17,17,17,-,0.063249246351,4.136539461353,0.063249246351,0.041114767101,0.041114767101,0.022134479250,0.000000000000,YES
128,2,522,104,1,104,179;181;191;193;197;199;211;223;227;229;233;239;241;251,211,-,211,1617737,7,1284513062757470734722401153046790630755663019468702855726920499069438488990042951546264779789797088926759463716041925368225849034614295323595944555716284821582992642915807177393142431870018657979104766419087688150223094273095033560000,2^6*3^4*5^4*11^4*13*17*19^2*23^2*29*31*37*41*43*47*53^2*59*61^2*67*71*73*89*107^2*109^2*113^2*127*131*137*139*149^2*151^2*157*163*167*173*179*181*191*193*197*199*211*223*227*229*233*239*241*251*257*263*269*271*277*281*283*293*307*311*313*419*421*431*433*439*443*449*457*461*463*467*479*487*491*499*503*509*521*523*541*547*557*563*569*571*577*587*593*599*601*607*613*617*619,1617737,11*17*41*211,211,211,211,7667,11*17*41,11;17;41,-,0.111691709508,4.211369464591,0.111691709508,0.041811391668,0.041811391668,0.069880317840,0.000000000000,YES
128,2,522,104,2,105,179;181;191;193;197;199;211;223;227;229;233;239;241;251,211,-,211,1617737,7,1284513062757470734722401153046790630755663019468702855726920499069438488990042951546264779789797088926759463716041925368225849034614295323595944555716284821582992642915807177393142431870018657979104766419087688150223094273095033560000,2^6*3^4*5^4*11^4*13*17*19^2*23^2*29*31*37*41*43*47*53^2*59*61^2*67*71*73*89*107^2*109^2*113^2*127*131*137*139*149^2*151^2*157*163*167*173*179*181*191*193*197*199*211*223*227*229*233*239*241*251*257*263*269*271*277*281*283*293*307*311*313*419*421*431*433*439*443*449*457*461*463*467*479*487*491*499*503*509*521*523*541*547*557*563*569*571*577*587*593*599*601*607*613*617*619,1617737,11*17*41*211,211,211,211,7667,11*17*41,11;17;41,-,0.111691709508,4.211369464591,0.111691709508,0.041811391668,0.041811391668,0.069880317840,0.000000000000,YES
128,2,522,104,4,107,179;181;191;193;197;199;211;223;227;229;233;239;241;251,211,-,211,1617737,7,1284513062757470734722401153046790630755663019468702855726920499069438488990042951546264779789797088926759463716041925368225849034614295323595944555716284821582992642915807177393142431870018657979104766419087688150223094273095033560000,2^6*3^4*5^4*11^4*13*17*19^2*23^2*29*31*37*41*43*47*53^2*59*61^2*67*71*73*89*107^2*109^2*113^2*127*131*137*139*149^2*151^2*157*163*167*173*179*181*191*193*197*199*211*223*227*229*233*239*241*251*257*263*269*271*277*281*283*293*307*311*313*419*421*431*433*439*443*449*457*461*463*467*479*487*491*499*503*509*521*523*541*547*557*563*569*571*577*587*593*599*601*607*613*617*619,1617737,11*17*41*211,211,211,211,7667,11*17*41,11;17;41,-,0.111691709508,4.211369464591,0.111691709508,0.041811391668,0.041811391668,0.069880317840,0.000000000000,YES
128,2,522,104,8,111,179;181;191;193;197;199;211;223;227;229;233;239;241;251,211,-,211,1617737,7,1284513062757470734722401153046790630755663019468702855726920499069438488990042951546264779789797088926759463716041925368225849034614295323595944555716284821582992642915807177393142431870018657979104766419087688150223094273095033560000,2^6*3^4*5^4*11^4*13*17*19^2*23^2*29*31*37*41*43*47*53^2*59*61^2*67*71*73*89*107^2*109^2*113^2*127*131*137*139*149^2*151^2*157*163*167*173*179*181*191*193*197*199*211*223*227*229*233*239*241*251*257*263*269*271*277*281*283*293*307*311*313*419*421*431*433*439*443*449*457*461*463*467*479*487*491*499*503*509*521*523*541*547*557*563*569*571*577*587*593*599*601*607*613*617*619,1617737,11*17*41*211,211,211,211,7667,11*17*41,11;17;41,-,0.111691709508,4.211369464591,0.111691709508,0.041811391668,0.041811391668,0.069880317840,0.000000000000,YES
128,2,523,104,1,104,179;181;191;193;197;199;211;223;227;229;233;239;241;251,181,-,181,292315,6,1929842591893999094271932832807139990704680325900347831092119792860304715516141085098215984947350650349294122520751983567573763621382242734971897562176619301325644449165375376561946045967396452657602376342552794637177280391157131760000,2^7*3^4*5^4*11^3*13*17*19*23^2*29*31*37*41*43*47*53^2*59*61^2*67*71*73*89*107^2*109^2*113^2*127*131*137*139*149^2*151^2*157^2*163*167*173*179*181*191*193*197*199*211*223*227*229*233*239*241*251*257*263*269*271*277*281*283*293*307*311*313*419*421*431*433*439*443*449*457*461*463*467*479*487*491*499*503*509*521*523*541*547*557*563*569*571*577*587*593*599*601*607*613*617*619,292315,5*17*19*181,181,181,181,1615,5*17*19,5;17;19,-,0.098324900523,4.214549610950,0.098324900523,0.040613258057,0.040613258057,0.057711642466,0.000000000000,YES
128,2,523,104,2,105,179;181;191;193;197;199;211;223;227;229;233;239;241;251,181,-,181,292315,6,1929842591893999094271932832807139990704680325900347831092119792860304715516141085098215984947350650349294122520751983567573763621382242734971897562176619301325644449165375376561946045967396452657602376342552794637177280391157131760000,2^7*3^4*5^4*11^3*13*17*19*23^2*29*31*37*41*43*47*53^2*59*61^2*67*71*73*89*107^2*109^2*113^2*127*131*137*139*149^2*151^2*157^2*163*167*173*179*181*191*193*197*199*211*223*227*229*233*239*241*251*257*263*269*271*277*281*283*293*307*311*313*419*421*431*433*439*443*449*457*461*463*467*479*487*491*499*503*509*521*523*541*547*557*563*569*571*577*587*593*599*601*607*613*617*619,292315,5*17*19*181,181,181,181,1615,5*17*19,5;17;19,-,0.098324900523,4.214549610950,0.098324900523,0.040613258057,0.040613258057,0.057711642466,0.000000000000,YES
128,2,523,104,4,107,179;181;191;193;197;199;211;223;227;229;233;239;241;251,181,-,181,292315,6,1929842591893999094271932832807139990704680325900347831092119792860304715516141085098215984947350650349294122520751983567573763621382242734971897562176619301325644449165375376561946045967396452657602376342552794637177280391157131760000,2^7*3^4*5^4*11^3*13*17*19*23^2*29*31*37*41*43*47*53^2*59*61^2*67*71*73*89*107^2*109^2*113^2*127*131*137*139*149^2*151^2*157^2*163*167*173*179*181*191*193*197*199*211*223*227*229*233*239*241*251*257*263*269*271*277*281*283*293*307*311*313*419*421*431*433*439*443*449*457*461*463*467*479*487*491*499*503*509*521*523*541*547*557*563*569*571*577*587*593*599*601*607*613*617*619,292315,5*17*19*181,181,181,181,1615,5*17*19,5;17;19,-,0.098324900523,4.214549610950,0.098324900523,0.040613258057,0.040613258057,0.057711642466,0.000000000000,YES
128,2,523,104,8,111,179;181;191;193;197;199;211;223;227;229;233;239;241;251,181,-,181,292315,6,1929842591893999094271932832807139990704680325900347831092119792860304715516141085098215984947350650349294122520751983567573763621382242734971897562176619301325644449165375376561946045967396452657602376342552794637177280391157131760000,2^7*3^4*5^4*11^3*13*17*19*23^2*29*31*37*41*43*47*53^2*59*61^2*67*71*73*89*107^2*109^2*113^2*127*131*137*139*149^2*151^2*157^2*163*167*173*179*181*191*193*197*199*211*223*227*229*233*239*241*251*257*263*269*271*277*281*283*293*307*311*313*419*421*431*433*439*443*449*457*461*463*467*479*487*491*499*503*509*521*523*541*547*557*563*569*571*577*587*593*599*601*607*613*617*619,292315,5*17*19*181,181,181,181,1615,5*17*19,5;17;19,-,0.098324900523,4.214549610950,0.098324900523,0.040613258057,0.040613258057,0.057711642466,0.000000000000,YES
128,2,527,105,1,105,179;181;191;193;197;199;211;223;227;229;233;239;241;251,227,-,227,348445,6,231902852048332535377830981586827347180510151990999382763031151612611366044799935221314028151936034166395993261750748383117075848370167296114168743555361184610690590114746364363734672367799001537566140666103785232420823420512780739440000,2^7*3^6*5^4*11^3*13*17^2*19*23^2*29*31*37^2*41*43*47*59*61^2*67*71*73*79*89*107^2*109^2*113^2*127*131*137*139*149^2*151^2*157^2*163*167*173*179*181*191*193*197*199*211^2*223*227*229*233*239*241*251*257*263*269*271*277*281*283*293*307*311*313*431*433*439*443*449*457*461*463*467*479*487*491*499*503*509*521*523*541*547*557*563*569*571*577*587*593*599*601*607*613*617*619*631,348445,5*227*307,227,227,227,1535,5*307,5;307,-,0.099697153730,4.251962736745,0.099697153730,0.042382422012,0.042382422012,0.057314731719,0.000000000000,YES
128,2,527,105,2,106,179;181;191;193;197;199;211;223;227;229;233;239;241;251,227,-,227,348445,6,231902852048332535377830981586827347180510151990999382763031151612611366044799935221314028151936034166395993261750748383117075848370167296114168743555361184610690590114746364363734672367799001537566140666103785232420823420512780739440000,2^7*3^6*5^4*11^3*13*17^2*19*23^2*29*31*37^2*41*43*47*59*61^2*67*71*73*79*89*107^2*109^2*113^2*127*131*137*139*149^2*151^2*157^2*163*167*173*179*181*191*193*197*199*211^2*223*227*229*233*239*241*251*257*263*269*271*277*281*283*293*307*311*313*431*433*439*443*449*457*461*463*467*479*487*491*499*503*509*521*523*541*547*557*563*569*571*577*587*593*599*601*607*613*617*619*631,348445,5*227*307,227,227,227,1535,5*307,5;307,-,0.099697153730,4.251962736745,0.099697153730,0.042382422012,0.042382422012,0.057314731719,0.000000000000,YES
128,2,527,105,4,108,179;181;191;193;197;199;211;223;227;229;233;239;241;251,227,-,227,348445,6,231902852048332535377830981586827347180510151990999382763031151612611366044799935221314028151936034166395993261750748383117075848370167296114168743555361184610690590114746364363734672367799001537566140666103785232420823420512780739440000,2^7*3^6*5^4*11^3*13*17^2*19*23^2*29*31*37^2*41*43*47*59*61^2*67*71*73*79*89*107^2*109^2*113^2*127*131*137*139*149^2*151^2*157^2*163*167*173*179*181*191*193*197*199*211^2*223*227*229*233*239*241*251*257*263*269*271*277*281*283*293*307*311*313*431*433*439*443*449*457*461*463*467*479*487*491*499*503*509*521*523*541*547*557*563*569*571*577*587*593*599*601*607*613*617*619*631,348445,5*227*307,227,227,227,1535,5*307,5;307,-,0.099697153730,4.251962736745,0.099697153730,0.042382422012,0.042382422012,0.057314731719,0.000000000000,YES
128,2,527,105,8,112,179;181;191;193;197;199;211;223;227;229;233;239;241;251,227,-,227,348445,6,231902852048332535377830981586827347180510151990999382763031151612611366044799935221314028151936034166395993261750748383117075848370167296114168743555361184610690590114746364363734672367799001537566140666103785232420823420512780739440000,2^7*3^6*5^4*11^3*13*17^2*19*23^2*29*31*37^2*41*43*47*59*61^2*67*71*73*79*89*107^2*109^2*113^2*127*131*137*139*149^2*151^2*157^2*163*167*173*179*181*191*193*197*199*211^2*223*227*229*233*239*241*251*257*263*269*271*277*281*283*293*307*311*313*431*433*439*443*449*457*461*463*467*479*487*491*499*503*509*521*523*541*547*557*563*569*571*577*587*593*599*601*607*613*617*619*631,348445,5*227*307,227,227,227,1535,5*307,5;307,-,0.099697153730,4.251962736745,0.099697153730,0.042382422012,0.042382422012,0.057314731719,0.000000000000,YES
128,2,532,106,1,106,179;181;191;193;197;199;211;223;227;229;233;239;241;251,211,-,211,5275,4,41870871222757853112093163840104135047196622825575777276725279366800910027272479831068220716652130216844750810091224833928580373351937205944347232017011053457729647135296010528721968127755761843988791253830883861419273431448302506991408000,2^7*3^7*5^3*7^2*11^4*13^2*17*19*23^2*29^2*31*37^2*41*43*59*61^2*67*71^2*73*79*89*109^2*113^2*127^2*131*137*139*149^2*151^2*157^2*163*167*173*179*181*191*193*197*199*211*223*227*229*233*239*241*251*257*263*269*271*277*281*283*293*307*311*313*317*431*433*439*443*449*457*461*463*467*479*487*491*499*503*509*521*523*541*547*557*563*569*571*577*587*593*599*601*607*613*617*619*631,5275,5^2*211,211,211,211,25,5^2,5,-,0.066958859050,4.292556698650,0.066958859050,0.041811391668,0.041811391668,0.025147467382,0.000000000000,YES
128,2,532,106,2,107,179;181;191;193;197;199;211;223;227;229;233;239;241;251,211,-,211,5275,4,41870871222757853112093163840104135047196622825575777276725279366800910027272479831068220716652130216844750810091224833928580373351937205944347232017011053457729647135296010528721968127755761843988791253830883861419273431448302506991408000,2^7*3^7*5^3*7^2*11^4*13^2*17*19*23^2*29^2*31*37^2*41*43*59*61^2*67*71^2*73*79*89*109^2*113^2*127^2*131*137*139*149^2*151^2*157^2*163*167*173*179*181*191*193*197*199*211*223*227*229*233*239*241*251*257*263*269*271*277*281*283*293*307*311*313*317*431*433*439*443*449*457*461*463*467*479*487*491*499*503*509*521*523*541*547*557*563*569*571*577*587*593*599*601*607*613*617*619*631,5275,5^2*211,211,211,211,25,5^2,5,-,0.066958859050,4.292556698650,0.066958859050,0.041811391668,0.041811391668,0.025147467382,0.000000000000,YES
128,2,532,106,4,109,179;181;191;193;197;199;211;223;227;229;233;239;241;251,211,-,211,5275,4,41870871222757853112093163840104135047196622825575777276725279366800910027272479831068220716652130216844750810091224833928580373351937205944347232017011053457729647135296010528721968127755761843988791253830883861419273431448302506991408000,2^7*3^7*5^3*7^2*11^4*13^2*17*19*23^2*29^2*31*37^2*41*43*59*61^2*67*71^2*73*79*89*109^2*113^2*127^2*131*137*139*149^2*151^2*157^2*163*167*173*179*181*191*193*197*199*211*223*227*229*233*239*241*251*257*263*269*271*277*281*283*293*307*311*313*317*431*433*439*443*449*457*461*463*467*479*487*491*499*503*509*521*523*541*547*557*563*569*571*577*587*593*599*601*607*613*617*619*631,5275,5^2*211,211,211,211,25,5^2,5,-,0.066958859050,4.292556698650,0.066958859050,0.041811391668,0.041811391668,0.025147467382,0.000000000000,YES
128,2,532,106,8,113,179;181;191;193;197;199;211;223;227;229;233;239;241;251,211,-,211,5275,4,41870871222757853112093163840104135047196622825575777276725279366800910027272479831068220716652130216844750810091224833928580373351937205944347232017011053457729647135296010528721968127755761843988791253830883861419273431448302506991408000,2^7*3^7*5^3*7^2*11^4*13^2*17*19*23^2*29^2*31*37^2*41*43*59*61^2*67*71^2*73*79*89*109^2*113^2*127^2*131*137*139*149^2*151^2*157^2*163*167*173*179*181*191*193*197*199*211*223*227*229*233*239*241*251*257*263*269*271*277*281*283*293*307*311*313*317*431*433*439*443*449*457*461*463*467*479*487*491*499*503*509*521*523*541*547*557*563*569*571*577*587*593*599*601*607*613*617*619*631,5275,5^2*211,211,211,211,25,5^2,5,-,0.066958859050,4.292556698650,0.066958859050,0.041811391668,0.041811391668,0.025147467382,0.000000000000,YES
128,2,546,108,1,108,191;193;197;199;211;223;227;229;233;239;241;251,197,-,197,54175,5,6922595123009630934875404918549291568264995003755295896735418815555394651465966307172278300141643649063251193643110761225890404728838450239513741082555210446913266817994237884097918336640071269698750506893498546475219992391722326376654608000000,2^10*3^3*5^6*7^2*11^4*13^2*17^2*19*23^2*29*31*37^2*41*43*59^2*61*67*71*73*79*89*113^2*127^2*131^2*137*139*149^2*151^2*157^2*163^2*167*173*179*181*191*193*197*199*211*223*227*229*233*239*241*251*257*263*269*271*277*281*283*293*307*311*313*317*439*443*449*457*461*463*467*479*487*491*499*503*509*521*523*541*547*557*563*569*571*577*587*593*599*601*607*613*617*619*631*641*643*647*653,54175,5^2*11*197,197,197,197,275,5^2*11,5;11,-,0.085156053331,4.386429439958,0.085156053331,0.041275029131,0.041275029131,0.043881024201,0.000000000000,YES
128,2,546,108,2,109,191;193;197;199;211;223;227;229;233;239;241;251,197,-,197,54175,5,6922595123009630934875404918549291568264995003755295896735418815555394651465966307172278300141643649063251193643110761225890404728838450239513741082555210446913266817994237884097918336640071269698750506893498546475219992391722326376654608000000,2^10*3^3*5^6*7^2*11^4*13^2*17^2*19*23^2*29*31*37^2*41*43*59^2*61*67*71*73*79*89*113^2*127^2*131^2*137*139*149^2*151^2*157^2*163^2*167*173*179*181*191*193*197*199*211*223*227*229*233*239*241*251*257*263*269*271*277*281*283*293*307*311*313*317*439*443*449*457*461*463*467*479*487*491*499*503*509*521*523*541*547*557*563*569*571*577*587*593*599*601*607*613*617*619*631*641*643*647*653,54175,5^2*11*197,197,197,197,275,5^2*11,5;11,-,0.085156053331,4.386429439958,0.085156053331,0.041275029131,0.041275029131,0.043881024201,0.000000000000,YES
128,2,546,108,4,111,191;193;197;199;211;223;227;229;233;239;241;251,197,-,197,54175,5,6922595123009630934875404918549291568264995003755295896735418815555394651465966307172278300141643649063251193643110761225890404728838450239513741082555210446913266817994237884097918336640071269698750506893498546475219992391722326376654608000000,2^10*3^3*5^6*7^2*11^4*13^2*17^2*19*23^2*29*31*37^2*41*43*59^2*61*67*71*73*79*89*113^2*127^2*131^2*137*139*149^2*151^2*157^2*163^2*167*173*179*181*191*193*197*199*211*223*227*229*233*239*241*251*257*263*269*271*277*281*283*293*307*311*313*317*439*443*449*457*461*463*467*479*487*491*499*503*509*521*523*541*547*557*563*569*571*577*587*593*599*601*607*613*617*619*631*641*643*647*653,54175,5^2*11*197,197,197,197,275,5^2*11,5;11,-,0.085156053331,4.386429439958,0.085156053331,0.041275029131,0.041275029131,0.043881024201,0.000000000000,YES
128,2,546,108,8,115,191;193;197;199;211;223;227;229;233;239;241;251,197,-,197,54175,5,6922595123009630934875404918549291568264995003755295896735418815555394651465966307172278300141643649063251193643110761225890404728838450239513741082555210446913266817994237884097918336640071269698750506893498546475219992391722326376654608000000,2^10*3^3*5^6*7^2*11^4*13^2*17^2*19*23^2*29*31*37^2*41*43*59^2*61*67*71*73*79*89*113^2*127^2*131^2*137*139*149^2*151^2*157^2*163^2*167*173*179*181*191*193*197*199*211*223*227*229*233*239*241*251*257*263*269*271*277*281*283*293*307*311*313*317*439*443*449*457*461*463*467*479*487*491*499*503*509*521*523*541*547*557*563*569*571*577*587*593*599*601*607*613*617*619*631*641*643*647*653,54175,5^2*11*197,197,197,197,275,5^2*11,5;11,-,0.085156053331,4.386429439958,0.085156053331,0.041275029131,0.041275029131,0.043881024201,0.000000000000,YES
128,2,548,109,1,109,191;193;197;199;211;223;227;229;233;239;241;251,193,-,193,53075,5,370428637147544773608731254001896438866749821906731317756287197631841527749915052631194163268538041053411684037230761222516505134759544549874251319521007208139159230841352495148152676137274398771437139520607214122595342058996135380474819202560000,2^12*3^4*5^4*7^3*11^2*13^2*17^2*19*23^2*29*31*37^2*41^2*43*47*59^2*61*67*71*73*79*89*113^2*127^2*131^2*137*139*149^2*151^2*157^2*163^2*167*173*179*181*191*193*197*199*211*223*227*229*233*239*241*251*257*263*269*271*277*281*283*293*307*311*313*317*439*443*449*457*461*463*467*479*487*491*499*503*509*521*523*541*547*557*563*569*571*577*587*593*599*601*607*613*617*619*631*641*643*647*653,53075,5^2*11*193,193,193,193,275,5^2*11,5;11,-,0.084995791301,4.417522175089,0.084995791301,0.041114767101,0.041114767101,0.043881024201,0.000000000000,YES
128,2,548,109,2,110,191;193;197;199;211;223;227;229;233;239;241;251,193,-,193,53075,5,370428637147544773608731254001896438866749821906731317756287197631841527749915052631194163268538041053411684037230761222516505134759544549874251319521007208139159230841352495148152676137274398771437139520607214122595342058996135380474819202560000,2^12*3^4*5^4*7^3*11^2*13^2*17^2*19*23^2*29*31*37^2*41^2*43*47*59^2*61*67*71*73*79*89*113^2*127^2*131^2*137*139*149^2*151^2*157^2*163^2*167*173*179*181*191*193*197*199*211*223*227*229*233*239*241*251*257*263*269*271*277*281*283*293*307*311*313*317*439*443*449*457*461*463*467*479*487*491*499*503*509*521*523*541*547*557*563*569*571*577*587*593*599*601*607*613*617*619*631*641*643*647*653,53075,5^2*11*193,193,193,193,275,5^2*11,5;11,-,0.084995791301,4.417522175089,0.084995791301,0.041114767101,0.041114767101,0.043881024201,0.000000000000,YES
128,2,548,109,4,112,191;193;197;199;211;223;227;229;233;239;241;251,193,-,193,53075,5,370428637147544773608731254001896438866749821906731317756287197631841527749915052631194163268538041053411684037230761222516505134759544549874251319521007208139159230841352495148152676137274398771437139520607214122595342058996135380474819202560000,2^12*3^4*5^4*7^3*11^2*13^2*17^2*19*23^2*29*31*37^2*41^2*43*47*59^2*61*67*71*73*79*89*113^2*127^2*131^2*137*139*149^2*151^2*157^2*163^2*167*173*179*181*191*193*197*199*211*223*227*229*233*239*241*251*257*263*269*271*277*281*283*293*307*311*313*317*439*443*449*457*461*463*467*479*487*491*499*503*509*521*523*541*547*557*563*569*571*577*587*593*599*601*607*613*617*619*631*641*643*647*653,53075,5^2*11*193,193,193,193,275,5^2*11,5;11,-,0.084995791301,4.417522175089,0.084995791301,0.041114767101,0.041114767101,0.043881024201,0.000000000000,YES
128,2,548,109,8,116,191;193;197;199;211;223;227;229;233;239;241;251,193,-,193,53075,5,370428637147544773608731254001896438866749821906731317756287197631841527749915052631194163268538041053411684037230761222516505134759544549874251319521007208139159230841352495148152676137274398771437139520607214122595342058996135380474819202560000,2^12*3^4*5^4*7^3*11^2*13^2*17^2*19*23^2*29*31*37^2*41^2*43*47*59^2*61*67*71*73*79*89*113^2*127^2*131^2*137*139*149^2*151^2*157^2*163^2*167*173*179*181*191*193*197*199*211*223*227*229*233*239*241*251*257*263*269*271*277*281*283*293*307*311*313*317*439*443*449*457*461*463*467*479*487*491*499*503*509*521*523*541*547*557*563*569*571*577*587*593*599*601*607*613*617*619*631*641*643*647*653,53075,5^2*11*193,193,193,193,275,5^2*11,5;11,-,0.084995791301,4.417522175089,0.084995791301,0.041114767101,0.041114767101,0.043881024201,0.000000000000,YES
128,2,571,113,1,113,191;193;197;199;211;223;227;229;233;239;241;251,241,-,241,1205,4,1330984845759607415676689568442300147190712537028130168630242172969431516822211513581076293588885467576444743640997139213040759356677311318891662799867528215774575353791077936662835449311981279981017126780988738365608666947317288591109758555780457682000000,2^7*3^5*5^6*11^3*13^3*17^3*23^3*29^2*31^2*41*43*47*59^2*61^2*67^2*71*73*79*83*97*127^2*131^2*137^2*139*149*151*157^2*163^2*167^2*173*179*181*191*193*197*199*211*223*227*229*233*239*241*251*257*263*269*271*277*281*283*293*307*311*313*317*331*337*461*463*467*479*487*491*499*503*509*521*523*541*547*557*563*569*571*577*587*593*599*601*607*613*617*619*631*641*643*647*653*659*661*673*677*683,1205,5*241,241,241,241,5,5,5,-,0.055423709734,4.589414983338,0.055423709734,0.042849976043,0.042849976043,0.012573733691,0.000000000000,YES
128,2,571,113,2,114,191;193;197;199;211;223;227;229;233;239;241;251,241,-,241,1205,4,1330984845759607415676689568442300147190712537028130168630242172969431516822211513581076293588885467576444743640997139213040759356677311318891662799867528215774575353791077936662835449311981279981017126780988738365608666947317288591109758555780457682000000,2^7*3^5*5^6*11^3*13^3*17^3*23^3*29^2*31^2*41*43*47*59^2*61^2*67^2*71*73*79*83*97*127^2*131^2*137^2*139*149*151*157^2*163^2*167^2*173*179*181*191*193*197*199*211*223*227*229*233*239*241*251*257*263*269*271*277*281*283*293*307*311*313*317*331*337*461*463*467*479*487*491*499*503*509*521*523*541*547*557*563*569*571*577*587*593*599*601*607*613*617*619*631*641*643*647*653*659*661*673*677*683,1205,5*241,241,241,241,5,5,5,-,0.055423709734,4.589414983338,0.055423709734,0.042849976043,0.042849976043,0.012573733691,0.000000000000,YES
128,2,571,113,4,116,191;193;197;199;211;223;227;229;233;239;241;251,241,-,241,1205,4,1330984845759607415676689568442300147190712537028130168630242172969431516822211513581076293588885467576444743640997139213040759356677311318891662799867528215774575353791077936662835449311981279981017126780988738365608666947317288591109758555780457682000000,2^7*3^5*5^6*11^3*13^3*17^3*23^3*29^2*31^2*41*43*47*59^2*61^2*67^2*71*73*79*83*97*127^2*131^2*137^2*139*149*151*157^2*163^2*167^2*173*179*181*191*193*197*199*211*223*227*229*233*239*241*251*257*263*269*271*277*281*283*293*307*311*313*317*331*337*461*463*467*479*487*491*499*503*509*521*523*541*547*557*563*569*571*577*587*593*599*601*607*613*617*619*631*641*643*647*653*659*661*673*677*683,1205,5*241,241,241,241,5,5,5,-,0.055423709734,4.589414983338,0.055423709734,0.042849976043,0.042849976043,0.012573733691,0.000000000000,YES
128,2,571,113,8,120,191;193;197;199;211;223;227;229;233;239;241;251,241,-,241,1205,4,1330984845759607415676689568442300147190712537028130168630242172969431516822211513581076293588885467576444743640997139213040759356677311318891662799867528215774575353791077936662835449311981279981017126780988738365608666947317288591109758555780457682000000,2^7*3^5*5^6*11^3*13^3*17^3*23^3*29^2*31^2*41*43*47*59^2*61^2*67^2*71*73*79*83*97*127^2*131^2*137^2*139*149*151*157^2*163^2*167^2*173*179*181*191*193*197*199*211*223*227*229*233*239*241*251*257*263*269*271*277*281*283*293*307*311*313*317*331*337*461*463*467*479*487*491*499*503*509*521*523*541*547*557*563*569*571*577*587*593*599*601*607*613*617*619*631*641*643*647*653*659*661*673*677*683,1205,5*241,241,241,241,5,5,5,-,0.055423709734,4.589414983338,0.055423709734,0.042849976043,0.042849976043,0.012573733691,0.000000000000,YES
128,2,607,121,1,121,211;223;227;229;233;239;241;251,227,-,227,1135,4,298649065207569724194765254021743457002954468608776289504800386633577326937691717599172567632045206308939139967161397774587556297421289201949724521720678298588600014480688371935715155097027694369575750394742192037282119262933021899753892792113180026794032724832034377600000,2^10*3^11*5^5*7^3*13^3*17*19^2*23*29*31^2*41^2*43*47*67*71^2*73*79*83*89*101*103*127^2*131^2*137^2*139^2*149*151*157*163^2*167^2*173^2*179^2*181^2*191*193*197*199*211*223*227*229*233*239*241*251*257*263*269*271*277*281*283*293*307*311*313*317*331*337*347*349*353*359*487*491*499*503*509*521*523*541*547*557*563*569*571*577*587*593*599*601*607*613*617*619*631*641*643*647*653*659*661*673*677*683*691*701*709*719*727,1135,5*227,227,227,227,5,5,5,-,0.054956155702,4.901540971074,0.054956155702,0.042382422012,0.042382422012,0.012573733691,0.000000000000,YES
128,2,607,121,2,122,211;223;227;229;233;239;241;251,227,-,227,1135,4,298649065207569724194765254021743457002954468608776289504800386633577326937691717599172567632045206308939139967161397774587556297421289201949724521720678298588600014480688371935715155097027694369575750394742192037282119262933021899753892792113180026794032724832034377600000,2^10*3^11*5^5*7^3*13^3*17*19^2*23*29*31^2*41^2*43*47*67*71^2*73*79*83*89*101*103*127^2*131^2*137^2*139^2*149*151*157*163^2*167^2*173^2*179^2*181^2*191*193*197*199*211*223*227*229*233*239*241*251*257*263*269*271*277*281*283*293*307*311*313*317*331*337*347*349*353*359*487*491*499*503*509*521*523*541*547*557*563*569*571*577*587*593*599*601*607*613*617*619*631*641*643*647*653*659*661*673*677*683*691*701*709*719*727,1135,5*227,227,227,227,5,5,5,-,0.054956155702,4.901540971074,0.054956155702,0.042382422012,0.042382422012,0.012573733691,0.000000000000,YES
128,2,607,121,4,124,211;223;227;229;233;239;241;251,227,-,227,1135,4,298649065207569724194765254021743457002954468608776289504800386633577326937691717599172567632045206308939139967161397774587556297421289201949724521720678298588600014480688371935715155097027694369575750394742192037282119262933021899753892792113180026794032724832034377600000,2^10*3^11*5^5*7^3*13^3*17*19^2*23*29*31^2*41^2*43*47*67*71^2*73*79*83*89*101*103*127^2*131^2*137^2*139^2*149*151*157*163^2*167^2*173^2*179^2*181^2*191*193*197*199*211*223*227*229*233*239*241*251*257*263*269*271*277*281*283*293*307*311*313*317*331*337*347*349*353*359*487*491*499*503*509*521*523*541*547*557*563*569*571*577*587*593*599*601*607*613*617*619*631*641*643*647*653*659*661*673*677*683*691*701*709*719*727,1135,5*227,227,227,227,5,5,5,-,0.054956155702,4.901540971074,0.054956155702,0.042382422012,0.042382422012,0.012573733691,0.000000000000,YES
128,2,607,121,8,128,211;223;227;229;233;239;241;251,227,-,227,1135,4,298649065207569724194765254021743457002954468608776289504800386633577326937691717599172567632045206308939139967161397774587556297421289201949724521720678298588600014480688371935715155097027694369575750394742192037282119262933021899753892792113180026794032724832034377600000,2^10*3^11*5^5*7^3*13^3*17*19^2*23*29*31^2*41^2*43*47*67*71^2*73*79*83*89*101*103*127^2*131^2*137^2*139^2*149*151*157*163^2*167^2*173^2*179^2*181^2*191*193*197*199*211*223*227*229*233*239*241*251*257*263*269*271*277*281*283*293*307*311*313*317*331*337*347*349*353*359*487*491*499*503*509*521*523*541*547*557*563*569*571*577*587*593*599*601*607*613*617*619*631*641*643*647*653*659*661*673*677*683*691*701*709*719*727,1135,5*227,227,227,227,5,5,5,-,0.054956155702,4.901540971074,0.054956155702,0.042382422012,0.042382422012,0.012573733691,0.000000000000,YES
128,2,616,122,1,122,211;223;227;229;233;239;241;251,251,-,251,2265275,7,273685774984300442666908069789824335680478487214412686879207200919305724650628211583538793920522005157257309360851421951729510751098284060116479228199170456734682930216217363241663249816747221397307071101092771737112512556569090012922965334024524223423692111249739537792000000,2^13*3^6*5^6*7^3*11*13^3*17*19^2*23^2*31^2*43^2*47*67^2*71^2*73^2*79*83*89*101*103*127^2*131^2*137^2*139^2*149*151*157*163*167^2*173^2*179^2*181^2*191*193*197*199*211*223*227*229*233*239*241*251*257*263*269*271*277*281*283*293*307*311*313*317*331*337*347*349*353*359*367*499*503*509*521*523*541*547*557*563*569*571*577*587*593*599*601*607*613*617*619*631*641*643*647*653*659*661*673*677*683*691*701*709*719*727*733*739,2265275,5^2*19^2*251,251,251,251,9025,5^2*19^2,5;19,-,0.114321927518,4.954825867414,0.114321927518,0.043167601087,0.043167601087,0.071154326431,0.000000000000,YES
128,2,616,122,2,123,211;223;227;229;233;239;241;251,251,-,251,2265275,7,273685774984300442666908069789824335680478487214412686879207200919305724650628211583538793920522005157257309360851421951729510751098284060116479228199170456734682930216217363241663249816747221397307071101092771737112512556569090012922965334024524223423692111249739537792000000,2^13*3^6*5^6*7^3*11*13^3*17*19^2*23^2*31^2*43^2*47*67^2*71^2*73^2*79*83*89*101*103*127^2*131^2*137^2*139^2*149*151*157*163*167^2*173^2*179^2*181^2*191*193*197*199*211*223*227*229*233*239*241*251*257*263*269*271*277*281*283*293*307*311*313*317*331*337*347*349*353*359*367*499*503*509*521*523*541*547*557*563*569*571*577*587*593*599*601*607*613*617*619*631*641*643*647*653*659*661*673*677*683*691*701*709*719*727*733*739,2265275,5^2*19^2*251,251,251,251,9025,5^2*19^2,5;19,-,0.114321927518,4.954825867414,0.114321927518,0.043167601087,0.043167601087,0.071154326431,0.000000000000,YES
128,2,616,122,4,125,211;223;227;229;233;239;241;251,251,-,251,453055,6,273685774984300442666908069789824335680478487214412686879207200919305724650628211583538793920522005157257309360851421951729510751098284060116479228199170456734682930216217363241663249816747221397307071101092771737112512556569090012922965334024524223423692111249739537792000000,2^13*3^6*5^6*7^3*11*13^3*17*19^2*23^2*31^2*43^2*47*67^2*71^2*73^2*79*83*89*101*103*127^2*131^2*137^2*139^2*149*151*157*163*167^2*173^2*179^2*181^2*191*193*197*199*211*223*227*229*233*239*241*251*257*263*269*271*277*281*283*293*307*311*313*317*331*337*347*349*353*359*367*499*503*509*521*523*541*547*557*563*569*571*577*587*593*599*601*607*613*617*619*631*641*643*647*653*659*661*673*677*683*691*701*709*719*727*733*739,453055,5*19^2*251,251,251,251,1805,5*19^2,5;19,-,0.101748193827,4.954825867414,0.101748193827,0.043167601087,0.043167601087,0.058580592740,0.012573733691,YES
128,2,616,122,8,129,211;223;227;229;233;239;241;251,251,-,251,453055,6,273685774984300442666908069789824335680478487214412686879207200919305724650628211583538793920522005157257309360851421951729510751098284060116479228199170456734682930216217363241663249816747221397307071101092771737112512556569090012922965334024524223423692111249739537792000000,2^13*3^6*5^6*7^3*11*13^3*17*19^2*23^2*31^2*43^2*47*67^2*71^2*73^2*79*83*89*101*103*127^2*131^2*137^2*139^2*149*151*157*163*167^2*173^2*179^2*181^2*191*193*197*199*211*223*227*229*233*239*241*251*257*263*269*271*277*281*283*293*307*311*313*317*331*337*347*349*353*359*367*499*503*509*521*523*541*547*557*563*569*571*577*587*593*599*601*607*613*617*619*631*641*643*647*653*659*661*673*677*683*691*701*709*719*727*733*739,453055,5*19^2*251,251,251,251,1805,5*19^2,5;19,-,0.101748193827,4.954825867414,0.101748193827,0.043167601087,0.043167601087,0.058580592740,0.012573733691,YES
128,2,633,126,1,126,223;227;229;233;239;241;251,241,-,241,4171462975,10,86651801238488506739028420386793862206855665584971832239343768503041838931267065463263533393477653962059817480397079062296951078044838555026787479280991242969840621955605039593821389301974189614795227394467603179206930815310432405331245469389985545077222250870860963378590961220812800,2^15*3^6*5^2*7^2*11*13^4*17^2*19^3*23^2*29*37*43^2*47^2*53*67^2*71*73^2*79*83*89*103*107*131^2*137^2*139^2*149^2*151^2*157*163*167*173^2*179^2*181^2*191*193*197*199*211*223*227*229*233*239*241*251*257*263*269*271*277*281*283*293*307*311*313*317*331*337*347*349*353*359*367*373*379*509*521*523*541*547*557*563*569*571*577*587*593*599*601*607*613*617*619*631*641*643*647*653*659*661*673*677*683*691*701*709*719*727*733*739*743*751*757,4171462975,5^2*17*139*241*293,241,241,241,17308975,5^2*17*139*293,5;17;139;293,-,0.173058848786,5.107741359592,0.173058848786,0.042849976043,0.042849976043,0.130208872743,0.000000000000,YES
128,2,633,126,2,127,223;227;229;233;239;241;251,241,-,241,4171462975,10,86651801238488506739028420386793862206855665584971832239343768503041838931267065463263533393477653962059817480397079062296951078044838555026787479280991242969840621955605039593821389301974189614795227394467603179206930815310432405331245469389985545077222250870860963378590961220812800,2^15*3^6*5^2*7^2*11*13^4*17^2*19^3*23^2*29*37*43^2*47^2*53*67^2*71*73^2*79*83*89*103*107*131^2*137^2*139^2*149^2*151^2*157*163*167*173^2*179^2*181^2*191*193*197*199*211*223*227*229*233*239*241*251*257*263*269*271*277*281*283*293*307*311*313*317*331*337*347*349*353*359*367*373*379*509*521*523*541*547*557*563*569*571*577*587*593*599*601*607*613*617*619*631*641*643*647*653*659*661*673*677*683*691*701*709*719*727*733*739*743*751*757,4171462975,5^2*17*139*241*293,241,241,241,17308975,5^2*17*139*293,5;17;139;293,-,0.173058848786,5.107741359592,0.173058848786,0.042849976043,0.042849976043,0.130208872743,0.000000000000,YES
128,2,633,126,4,129,223;227;229;233;239;241;251,241,-,241,4171462975,10,86651801238488506739028420386793862206855665584971832239343768503041838931267065463263533393477653962059817480397079062296951078044838555026787479280991242969840621955605039593821389301974189614795227394467603179206930815310432405331245469389985545077222250870860963378590961220812800,2^15*3^6*5^2*7^2*11*13^4*17^2*19^3*23^2*29*37*43^2*47^2*53*67^2*71*73^2*79*83*89*103*107*131^2*137^2*139^2*149^2*151^2*157*163*167*173^2*179^2*181^2*191*193*197*199*211*223*227*229*233*239*241*251*257*263*269*271*277*281*283*293*307*311*313*317*331*337*347*349*353*359*367*373*379*509*521*523*541*547*557*563*569*571*577*587*593*599*601*607*613*617*619*631*641*643*647*653*659*661*673*677*683*691*701*709*719*727*733*739*743*751*757,4171462975,5^2*17*139*241*293,241,241,241,17308975,5^2*17*139*293,5;17;139;293,-,0.173058848786,5.107741359592,0.173058848786,0.042849976043,0.042849976043,0.130208872743,0.000000000000,YES
128,2,633,126,8,133,223;227;229;233;239;241;251,241,-,241,834292595,9,86651801238488506739028420386793862206855665584971832239343768503041838931267065463263533393477653962059817480397079062296951078044838555026787479280991242969840621955605039593821389301974189614795227394467603179206930815310432405331245469389985545077222250870860963378590961220812800,2^15*3^6*5^2*7^2*11*13^4*17^2*19^3*23^2*29*37*43^2*47^2*53*67^2*71*73^2*79*83*89*103*107*131^2*137^2*139^2*149^2*151^2*157*163*167*173^2*179^2*181^2*191*193*197*199*211*223*227*229*233*239*241*251*257*263*269*271*277*281*283*293*307*311*313*317*331*337*347*349*353*359*367*373*379*509*521*523*541*547*557*563*569*571*577*587*593*599*601*607*613*617*619*631*641*643*647*653*659*661*673*677*683*691*701*709*719*727*733*739*743*751*757,834292595,5*17*139*241*293,241,241,241,3461795,5*17*139*293,5;17;139;293,-,0.160485115095,5.107741359592,0.160485115095,0.042849976043,0.042849976043,0.117635139052,0.012573733691,YES
128,2,638,127,1,127,223;227;229;233;239;241;251,251,-,251,106675,6,15669161433029580690273591023147298288697435245583095690966789024614015525616203355430372575393999733643674160529519534105126564219437075494768127588921834784112643562627991901358868520008473315095534235742785195682025480116090774248212886895433661301103790407851809356156241228055242300,2^2*3^7*5^2*7^3*11*13^2*17^2*19^3*23^2*29*37*43^2*47^2*53*67^2*71*73^2*79*83*89*103*107*109*131^2*137^2*139^2*149^2*151^2*157*163*167*173^2*179^2*181^2*191^2*193*197*199*211*223*227*229*233*239*241*251*257*263*269*271*277*281*283*293*307*311*313*317*331*337*347*349*353*359*367*373*379*383*521*523*541*547*557*563*569*571*577*587*593*599*601*607*613*617*619*631*641*643*647*653*659*661*673*677*683*691*701*709*719*727*733*739*743*751*757*761,106675,5^2*17*251,251,251,251,425,5^2*17,5;17,-,0.090449547719,5.148347234719,0.090449547719,0.043167601087,0.043167601087,0.047281946632,0.000000000000,YES
128,2,638,127,2,128,223;227;229;233;239;241;251,251,-,251,106675,6,15669161433029580690273591023147298288697435245583095690966789024614015525616203355430372575393999733643674160529519534105126564219437075494768127588921834784112643562627991901358868520008473315095534235742785195682025480116090774248212886895433661301103790407851809356156241228055242300,2^2*3^7*5^2*7^3*11*13^2*17^2*19^3*23^2*29*37*43^2*47^2*53*67^2*71*73^2*79*83*89*103*107*109*131^2*137^2*139^2*149^2*151^2*157*163*167*173^2*179^2*181^2*191^2*193*197*199*211*223*227*229*233*239*241*251*257*263*269*271*277*281*283*293*307*311*313*317*331*337*347*349*353*359*367*373*379*383*521*523*541*547*557*563*569*571*577*587*593*599*601*607*613*617*619*631*641*643*647*653*659*661*673*677*683*691*701*709*719*727*733*739*743*751*757*761,106675,5^2*17*251,251,251,251,425,5^2*17,5;17,-,0.090449547719,5.148347234719,0.090449547719,0.043167601087,0.043167601087,0.047281946632,0.000000000000,YES
128,2,638,127,4,130,223;227;229;233;239;241;251,251,-,251,21335,5,15669161433029580690273591023147298288697435245583095690966789024614015525616203355430372575393999733643674160529519534105126564219437075494768127588921834784112643562627991901358868520008473315095534235742785195682025480116090774248212886895433661301103790407851809356156241228055242300,2^2*3^7*5^2*7^3*11*13^2*17^2*19^3*23^2*29*37*43^2*47^2*53*67^2*71*73^2*79*83*89*103*107*109*131^2*137^2*139^2*149^2*151^2*157*163*167*173^2*179^2*181^2*191^2*193*197*199*211*223*227*229*233*239*241*251*257*263*269*271*277*281*283*293*307*311*313*317*331*337*347*349*353*359*367*373*379*383*521*523*541*547*557*563*569*571*577*587*593*599*601*607*613*617*619*631*641*643*647*653*659*661*673*677*683*691*701*709*719*727*733*739*743*751*757*761,21335,5*17*251,251,251,251,85,5*17,5;17,-,0.077875814028,5.148347234719,0.077875814028,0.043167601087,0.043167601087,0.034708212941,0.012573733691,YES
128,2,638,127,8,134,223;227;229;233;239;241;251,251,-,251,21335,5,15669161433029580690273591023147298288697435245583095690966789024614015525616203355430372575393999733643674160529519534105126564219437075494768127588921834784112643562627991901358868520008473315095534235742785195682025480116090774248212886895433661301103790407851809356156241228055242300,2^2*3^7*5^2*7^3*11*13^2*17^2*19^3*23^2*29*37*43^2*47^2*53*67^2*71*73^2*79*83*89*103*107*109*131^2*137^2*139^2*149^2*151^2*157*163*167*173^2*179^2*181^2*191^2*193*197*199*211*223*227*229*233*239*241*251*257*263*269*271*277*281*283*293*307*311*313*317*331*337*347*349*353*359*367*373*379*383*521*523*541*547*557*563*569*571*577*587*593*599*601*607*613*617*619*631*641*643*647*653*659*661*673*677*683*691*701*709*719*727*733*739*743*751*757*761,21335,5*17*251,251,251,251,85,5*17,5;17,-,0.077875814028,5.148347234719,0.077875814028,0.043167601087,0.043167601087,0.034708212941,0.012573733691,YES
128,2,659,131,1,131,223;227;229;233;239;241;251,233,-,233,7228825,7,25161947683919514156627136534411941663454924927123654736722753869233577618159458129477573514295594601033104274197894272601570002168949356258319326490009963775639156635723516682150473464813034805420691985285150010374690094400495852740236970879826624614124355698287668074762196737019308570444418200,2^3*3^6*5^2*7^5*13*17^2*19^3*23^3*29*37*41*47*53*59*67^2*71^2*73*79^2*83*89*97*107*109*113*137^2*139^2*149^2*151^2*157^2*163*167*173*179^2*181^2*191^2*193^2*197^2*199*211*223*227*229*233*239*241*251*257*263*269*271*277*281*283*293*307*311*313*317*331*337*347*349*353*359*367*373*379*383*389*541*547*557*563*569*571*577*587*593*599*601*607*613*617*619*631*641*643*647*653*659*661*673*677*683*691*701*709*719*727*733*739*743*751*757*761*769*773*787,7228825,5^2*17*73*233,233,233,233,31025,5^2*17*73,5;17;73,-,0.123387398935,5.313948048289,0.123387398935,0.042586237918,0.042586237918,0.080801161016,0.000000000000,YES
128,2,659,131,2,132,223;227;229;233;239;241;251,233,-,233,7228825,7,25161947683919514156627136534411941663454924927123654736722753869233577618159458129477573514295594601033104274197894272601570002168949356258319326490009963775639156635723516682150473464813034805420691985285150010374690094400495852740236970879826624614124355698287668074762196737019308570444418200,2^3*3^6*5^2*7^5*13*17^2*19^3*23^3*29*37*41*47*53*59*67^2*71^2*73*79^2*83*89*97*107*109*113*137^2*139^2*149^2*151^2*157^2*163*167*173*179^2*181^2*191^2*193^2*197^2*199*211*223*227*229*233*239*241*251*257*263*269*271*277*281*283*293*307*311*313*317*331*337*347*349*353*359*367*373*379*383*389*541*547*557*563*569*571*577*587*593*599*601*607*613*617*619*631*641*643*647*653*659*661*673*677*683*691*701*709*719*727*733*739*743*751*757*761*769*773*787,7228825,5^2*17*73*233,233,233,233,31025,5^2*17*73,5;17;73,-,0.123387398935,5.313948048289,0.123387398935,0.042586237918,0.042586237918,0.080801161016,0.000000000000,YES
128,2,659,131,4,134,223;227;229;233;239;241;251,233,-,233,7228825,7,25161947683919514156627136534411941663454924927123654736722753869233577618159458129477573514295594601033104274197894272601570002168949356258319326490009963775639156635723516682150473464813034805420691985285150010374690094400495852740236970879826624614124355698287668074762196737019308570444418200,2^3*3^6*5^2*7^5*13*17^2*19^3*23^3*29*37*41*47*53*59*67^2*71^2*73*79^2*83*89*97*107*109*113*137^2*139^2*149^2*151^2*157^2*163*167*173*179^2*181^2*191^2*193^2*197^2*199*211*223*227*229*233*239*241*251*257*263*269*271*277*281*283*293*307*311*313*317*331*337*347*349*353*359*367*373*379*383*389*541*547*557*563*569*571*577*587*593*599*601*607*613*617*619*631*641*643*647*653*659*661*673*677*683*691*701*709*719*727*733*739*743*751*757*761*769*773*787,7228825,5^2*17*73*233,233,233,233,31025,5^2*17*73,5;17;73,-,0.123387398935,5.313948048289,0.123387398935,0.042586237918,0.042586237918,0.080801161016,0.000000000000,YES
128,2,659,131,8,138,223;227;229;233;239;241;251,233,-,233,7228825,7,25161947683919514156627136534411941663454924927123654736722753869233577618159458129477573514295594601033104274197894272601570002168949356258319326490009963775639156635723516682150473464813034805420691985285150010374690094400495852740236970879826624614124355698287668074762196737019308570444418200,2^3*3^6*5^2*7^5*13*17^2*19^3*23^3*29*37*41*47*53*59*67^2*71^2*73*79^2*83*89*97*107*109*113*137^2*139^2*149^2*151^2*157^2*163*167*173*179^2*181^2*191^2*193^2*197^2*199*211*223*227*229*233*239*241*251*257*263*269*271*277*281*283*293*307*311*313*317*331*337*347*349*353*359*367*373*379*383*389*541*547*557*563*569*571*577*587*593*599*601*607*613*617*619*631*641*643*647*653*659*661*673*677*683*691*701*709*719*727*733*739*743*751*757*761*769*773*787,7228825,5^2*17*73*233,233,233,233,31025,5^2*17*73,5;17;73,-,0.123387398935,5.313948048289,0.123387398935,0.042586237918,0.042586237918,0.080801161016,0.000000000000,YES
128,3,467,66,1,66,131;137;139;149;151,151,-,151,41525,5,2669279746597688950723427196286835480655920087220503791309507150812048593166281286309015472550571152662784521284464467013000223974000582107374859512555018686604001610400,2^5*3^6*5^2*7*11*13^2*17^2*19*23^3*29*31*37^2*41^2*43*47*53*59*71^2*73^2*79*83^2*89^2*97*101^2*103^2*107*109*113*127*131*137*139*149*151*157*163*167*173*211*223*227*229*233*239*241*251*257*263*401*409*419*421*431*433*439*443*449*457*461*463*467*479*487*491*499*503*509*521*523,41525,5^2*11*151,151,151,151,275,5^2*11,5;11,-,0.083078522926,3.029813314853,0.083078522926,0.039197498725,0.039197498725,0.043881024201,0.000000000000,YES
128,3,467,66,2,67,131;137;139;149;151,151,-,151,41525,5,2669279746597688950723427196286835480655920087220503791309507150812048593166281286309015472550571152662784521284464467013000223974000582107374859512555018686604001610400,2^5*3^6*5^2*7*11*13^2*17^2*19*23^3*29*31*37^2*41^2*43*47*53*59*71^2*73^2*79*83^2*89^2*97*101^2*103^2*107*109*113*127*131*137*139*149*151*157*163*167*173*211*223*227*229*233*239*241*251*257*263*401*409*419*421*431*433*439*443*449*457*461*463*467*479*487*491*499*503*509*521*523,41525,5^2*11*151,151,151,151,275,5^2*11,5;11,-,0.083078522926,3.029813314853,0.083078522926,0.039197498725,0.039197498725,0.043881024201,0.000000000000,YES
128,3,467,66,4,69,131;137;139;149;151,151,-,151,41525,5,2669279746597688950723427196286835480655920087220503791309507150812048593166281286309015472550571152662784521284464467013000223974000582107374859512555018686604001610400,2^5*3^6*5^2*7*11*13^2*17^2*19*23^3*29*31*37^2*41^2*43*47*53*59*71^2*73^2*79*83^2*89^2*97*101^2*103^2*107*109*113*127*131*137*139*149*151*157*163*167*173*211*223*227*229*233*239*241*251*257*263*401*409*419*421*431*433*439*443*449*457*461*463*467*479*487*491*499*503*509*521*523,41525,5^2*11*151,151,151,151,275,5^2*11,5;11,-,0.083078522926,3.029813314853,0.083078522926,0.039197498725,0.039197498725,0.043881024201,0.000000000000,YES
128,3,467,66,8,73,131;137;139;149;151,151,-,151,41525,5,2669279746597688950723427196286835480655920087220503791309507150812048593166281286309015472550571152662784521284464467013000223974000582107374859512555018686604001610400,2^5*3^6*5^2*7*11*13^2*17^2*19*23^3*29*31*37^2*41^2*43*47*53*59*71^2*73^2*79*83^2*89^2*97*101^2*103^2*107*109*113*127*131*137*139*149*151*157*163*167*173*211*223*227*229*233*239*241*251*257*263*401*409*419*421*431*433*439*443*449*457*461*463*467*479*487*491*499*503*509*521*523,41525,5^2*11*151,151,151,151,275,5^2*11,5;11,-,0.083078522926,3.029813314853,0.083078522926,0.039197498725,0.039197498725,0.043881024201,0.000000000000,YES
128,3,478,67,1,67,131;137;139;149;151;157,139,-,139,7645,4,2985511298086202517524773055755080621056533588291427113538798753395126597114014863795673052451715321410723859046270780000810336320013451748751001282605288739517542965896000,2^6*3^6*5^3*7^3*11*13^2*19*23^3*37*41*43*47*53*59*71^2*73^2*79*83^2*89^2*97*101*103^2*107^2*109^2*113*127*131*137*139*149*151*157*163*167*173*179*181*211*223*227*229*233*239*241*251*257*263*269*271*419*421*431*433*439*443*449*457*461*463*467*479*487*491*499*503*509*521*523*541,7645,5*11*139,139,139,139,55,5*11,5;11,-,0.069857868112,3.084654858776,0.069857868112,0.038550577603,0.038550577603,0.031307290510,0.000000000000,YES
128,3,478,67,2,68,131;137;139;149;151;157,139,-,139,7645,4,2985511298086202517524773055755080621056533588291427113538798753395126597114014863795673052451715321410723859046270780000810336320013451748751001282605288739517542965896000,2^6*3^6*5^3*7^3*11*13^2*19*23^3*37*41*43*47*53*59*71^2*73^2*79*83^2*89^2*97*101*103^2*107^2*109^2*113*127*131*137*139*149*151*157*163*167*173*179*181*211*223*227*229*233*239*241*251*257*263*269*271*419*421*431*433*439*443*449*457*461*463*467*479*487*491*499*503*509*521*523*541,7645,5*11*139,139,139,139,55,5*11,5;11,-,0.069857868112,3.084654858776,0.069857868112,0.038550577603,0.038550577603,0.031307290510,0.000000000000,YES
128,3,478,67,4,70,131;137;139;149;151;157,139,-,139,7645,4,2985511298086202517524773055755080621056533588291427113538798753395126597114014863795673052451715321410723859046270780000810336320013451748751001282605288739517542965896000,2^6*3^6*5^3*7^3*11*13^2*19*23^3*37*41*43*47*53*59*71^2*73^2*79*83^2*89^2*97*101*103^2*107^2*109^2*113*127*131*137*139*149*151*157*163*167*173*179*181*211*223*227*229*233*239*241*251*257*263*269*271*419*421*431*433*439*443*449*457*461*463*467*479*487*491*499*503*509*521*523*541,7645,5*11*139,139,139,139,55,5*11,5;11,-,0.069857868112,3.084654858776,0.069857868112,0.038550577603,0.038550577603,0.031307290510,0.000000000000,YES
128,3,478,67,8,74,131;137;139;149;151;157,139,-,139,7645,4,2985511298086202517524773055755080621056533588291427113538798753395126597114014863795673052451715321410723859046270780000810336320013451748751001282605288739517542965896000,2^6*3^6*5^3*7^3*11*13^2*19*23^3*37*41*43*47*53*59*71^2*73^2*79*83^2*89^2*97*101*103^2*107^2*109^2*113*127*131*137*139*149*151*157*163*167*173*179*181*211*223*227*229*233*239*241*251*257*263*269*271*419*421*431*433*439*443*449*457*461*463*467*479*487*491*499*503*509*521*523*541,7645,5*11*139,139,139,139,55,5*11,5;11,-,0.069857868112,3.084654858776,0.069857868112,0.038550577603,0.038550577603,0.031307290510,0.000000000000,YES
128,3,494,70,1,70,131;137;139;149;151;157;163,139,-,139,695,3,31556363954129938723334772907406605589556008838256934459498020921409559444998510043162497735140183803338266735220407233795405794092068391982337725658456177463969576569966588480000,2^9*3^5*5^4*7*11^2*13^2*17*19*23*29*31*37^2*41*43^2*47*53*61*73^2*79^2*83*89^2*97*101*103*107^2*109^2*113^2*127*131*137*139*149*151*157*163*167*173*179*181*223*227*229*233*239*241*251*257*263*269*271*277*281*431*433*439*443*449*457*461*463*467*479*487*491*499*503*509*521*523*541*547*557*563,695,5*139,139,139,139,5,5,5,-,0.051124311293,3.211010443271,0.051124311293,0.038550577603,0.038550577603,0.012573733691,0.000000000000,YES
128,3,494,70,2,71,131;137;139;149;151;157;163,139,-,139,695,3,31556363954129938723334772907406605589556008838256934459498020921409559444998510043162497735140183803338266735220407233795405794092068391982337725658456177463969576569966588480000,2^9*3^5*5^4*7*11^2*13^2*17*19*23*29*31*37^2*41*43^2*47*53*61*73^2*79^2*83*89^2*97*101*103*107^2*109^2*113^2*127*131*137*139*149*151*157*163*167*173*179*181*223*227*229*233*239*241*251*257*263*269*271*277*281*431*433*439*443*449*457*461*463*467*479*487*491*499*503*509*521*523*541*547*557*563,695,5*139,139,139,139,5,5,5,-,0.051124311293,3.211010443271,0.051124311293,0.038550577603,0.038550577603,0.012573733691,0.000000000000,YES
128,3,494,70,4,73,131;137;139;149;151;157;163,139,-,139,695,3,31556363954129938723334772907406605589556008838256934459498020921409559444998510043162497735140183803338266735220407233795405794092068391982337725658456177463969576569966588480000,2^9*3^5*5^4*7*11^2*13^2*17*19*23*29*31*37^2*41*43^2*47*53*61*73^2*79^2*83*89^2*97*101*103*107^2*109^2*113^2*127*131*137*139*149*151*157*163*167*173*179*181*223*227*229*233*239*241*251*257*263*269*271*277*281*431*433*439*443*449*457*461*463*467*479*487*491*499*503*509*521*523*541*547*557*563,695,5*139,139,139,139,5,5,5,-,0.051124311293,3.211010443271,0.051124311293,0.038550577603,0.038550577603,0.012573733691,0.000000000000,YES
128,3,494,70,8,77,131;137;139;149;151;157;163,139,-,139,695,3,31556363954129938723334772907406605589556008838256934459498020921409559444998510043162497735140183803338266735220407233795405794092068391982337725658456177463969576569966588480000,2^9*3^5*5^4*7*11^2*13^2*17*19*23*29*31*37^2*41*43^2*47*53*61*73^2*79^2*83*89^2*97*101*103*107^2*109^2*113^2*127*131*137*139*149*151*157*163*167*173*179*181*223*227*229*233*239*241*251*257*263*269*271*277*281*431*433*439*443*449*457*461*463*467*479*487*491*499*503*509*521*523*541*547*557*563,695,5*139,139,139,139,5,5,5,-,0.051124311293,3.211010443271,0.051124311293,0.038550577603,0.038550577603,0.012573733691,0.000000000000,YES
128,3,509,72,1,72,131;137;139;149;151;157;163;167,163,-,163,815,3,5298260773584852387663888104415159620987877159511704383448316767929779311843897051805641464988324445741265712940414644180637295988721732959627941983782880482507270930786928042261680000,2^7*3^5*5^4*7^2*11^2*13^2*17^2*19^2*23^2*29*37^2*41^2*43*47*79^2*83^2*89^2*97^2*101*103*107*109*113^2*127*131*137*139*149*151*157*163*167*173*179*181*191*193*223*227*229*233*239*241*251*257*263*269*271*277*281*283*439*443*449*457*461*463*467*479*487*491*499*503*509*521*523*541*547*557*563*569*571*577,815,5*163,163,163,163,5,5,5,-,0.052368657135,3.305003520537,0.052368657135,0.039794923444,0.039794923444,0.012573733691,0.000000000000,YES
128,3,509,72,2,73,131;137;139;149;151;157;163;167,163,-,163,815,3,5298260773584852387663888104415159620987877159511704383448316767929779311843897051805641464988324445741265712940414644180637295988721732959627941983782880482507270930786928042261680000,2^7*3^5*5^4*7^2*11^2*13^2*17^2*19^2*23^2*29*37^2*41^2*43*47*79^2*83^2*89^2*97^2*101*103*107*109*113^2*127*131*137*139*149*151*157*163*167*173*179*181*191*193*223*227*229*233*239*241*251*257*263*269*271*277*281*283*439*443*449*457*461*463*467*479*487*491*499*503*509*521*523*541*547*557*563*569*571*577,815,5*163,163,163,163,5,5,5,-,0.052368657135,3.305003520537,0.052368657135,0.039794923444,0.039794923444,0.012573733691,0.000000000000,YES
128,3,509,72,4,75,131;137;139;149;151;157;163;167,163,-,163,815,3,5298260773584852387663888104415159620987877159511704383448316767929779311843897051805641464988324445741265712940414644180637295988721732959627941983782880482507270930786928042261680000,2^7*3^5*5^4*7^2*11^2*13^2*17^2*19^2*23^2*29*37^2*41^2*43*47*79^2*83^2*89^2*97^2*101*103*107*109*113^2*127*131*137*139*149*151*157*163*167*173*179*181*191*193*223*227*229*233*239*241*251*257*263*269*271*277*281*283*439*443*449*457*461*463*467*479*487*491*499*503*509*521*523*541*547*557*563*569*571*577,815,5*163,163,163,163,5,5,5,-,0.052368657135,3.305003520537,0.052368657135,0.039794923444,0.039794923444,0.012573733691,0.000000000000,YES
128,3,509,72,8,79,131;137;139;149;151;157;163;167,163,-,163,815,3,5298260773584852387663888104415159620987877159511704383448316767929779311843897051805641464988324445741265712940414644180637295988721732959627941983782880482507270930786928042261680000,2^7*3^5*5^4*7^2*11^2*13^2*17^2*19^2*23^2*29*37^2*41^2*43*47*79^2*83^2*89^2*97^2*101*103*107*109*113^2*127*131*137*139*149*151*157*163*167*173*179*181*191*193*223*227*229*233*239*241*251*257*263*269*271*277*281*283*439*443*449*457*461*463*467*479*487*491*499*503*509*521*523*541*547*557*563*569*571*577,815,5*163,163,163,163,5,5,5,-,0.052368657135,3.305003520537,0.052368657135,0.039794923444,0.039794923444,0.012573733691,0.000000000000,YES
128,3,562,79,1,79,149;151;157;163;167;173;179;181,181,-,181,181,3,11870481119300771003757863642504325864290692298878798952604501892253635407139198516712906788074868761847290643287931361967489144733539898188289103824805701985868212220651071934156654754705006833501432000,2^6*3^9*5^3*7^3*11^3*13*17^2*23^2*29^2*31*41^2*43*47*53*61*71*83^2*89^2*97^2*101^2*103^2*107^2*109*113*127^2*131*137*139*149*151*157*163*167*173*179*181*191*193*197*199*211*251*257*263*269*271*277*281*283*293*307*311*313*317*487*491*499*503*509*521*523*541*547*557*563*569*571*577*587*593*599*601*607*613*617*619*631*641,181,181,181,181,181,1,1,-,-,0.040613258057,3.635106706500,0.040613258057,0.040613258057,0.040613258057,0.000000000000,0.000000000000,YES
128,3,562,79,2,80,149;151;157;163;167;173;179;181,181,-,181,181,3,11870481119300771003757863642504325864290692298878798952604501892253635407139198516712906788074868761847290643287931361967489144733539898188289103824805701985868212220651071934156654754705006833501432000,2^6*3^9*5^3*7^3*11^3*13*17^2*23^2*29^2*31*41^2*43*47*53*61*71*83^2*89^2*97^2*101^2*103^2*107^2*109*113*127^2*131*137*139*149*151*157*163*167*173*179*181*191*193*197*199*211*251*257*263*269*271*277*281*283*293*307*311*313*317*487*491*499*503*509*521*523*541*547*557*563*569*571*577*587*593*599*601*607*613*617*619*631*641,181,181,181,181,181,1,1,-,-,0.040613258057,3.635106706500,0.040613258057,0.040613258057,0.040613258057,0.000000000000,0.000000000000,YES
128,3,562,79,4,82,149;151;157;163;167;173;179;181,181,-,181,181,3,11870481119300771003757863642504325864290692298878798952604501892253635407139198516712906788074868761847290643287931361967489144733539898188289103824805701985868212220651071934156654754705006833501432000,2^6*3^9*5^3*7^3*11^3*13*17^2*23^2*29^2*31*41^2*43*47*53*61*71*83^2*89^2*97^2*101^2*103^2*107^2*109*113*127^2*131*137*139*149*151*157*163*167*173*179*181*191*193*197*199*211*251*257*263*269*271*277*281*283*293*307*311*313*317*487*491*499*503*509*521*523*541*547*557*563*569*571*577*587*593*599*601*607*613*617*619*631*641,181,181,181,181,181,1,1,-,-,0.040613258057,3.635106706500,0.040613258057,0.040613258057,0.040613258057,0.000000000000,0.000000000000,YES
128,3,562,79,8,86,149;151;157;163;167;173;179;181,181,-,181,181,3,11870481119300771003757863642504325864290692298878798952604501892253635407139198516712906788074868761847290643287931361967489144733539898188289103824805701985868212220651071934156654754705006833501432000,2^6*3^9*5^3*7^3*11^3*13*17^2*23^2*29^2*31*41^2*43*47*53*61*71*83^2*89^2*97^2*101^2*103^2*107^2*109*113*127^2*131*137*139*149*151*157*163*167*173*179*181*191*193*197*199*211*251*257*263*269*271*277*281*283*293*307*311*313*317*487*491*499*503*509*521*523*541*547*557*563*569*571*577*587*593*599*601*607*613*617*619*631*641,181,181,181,181,181,1,1,-,-,0.040613258057,3.635106706500,0.040613258057,0.040613258057,0.040613258057,0.000000000000,0.000000000000,YES
128,3,573,81,1,81,149;151;157;163;167;173;179;181;191,179,-,179,895,3,632779048478963653537043943008943145882708543003951759778529307763309177673975744208269492505589829545652815921446267984101278131449006699760585909962460590532305160902037726330215536101280945392238965200000,2^7*3*5^5*7^2*11^2*13^2*17^3*19*23^2*29^2*31^2*43^2*47*53*59*71*83^2*89^2*97*101^2*103^2*107^2*109^2*113*127^2*131^2*137*139*149*151*157*163*167*173*179*181*191*193*197*199*211*251*257*263*269*271*277*281*283*293*307*311*313*317*499*503*509*521*523*541*547*557*563*569*571*577*587*593*599*601*607*613*617*619*631*641*643*647*653,895,5*179,179,179,179,5,5,5,-,0.053100185299,3.720136564668,0.053100185299,0.040526451608,0.040526451608,0.012573733691,0.000000000000,YES
128,3,573,81,2,82,149;151;157;163;167;173;179;181;191,179,-,179,895,3,632779048478963653537043943008943145882708543003951759778529307763309177673975744208269492505589829545652815921446267984101278131449006699760585909962460590532305160902037726330215536101280945392238965200000,2^7*3*5^5*7^2*11^2*13^2*17^3*19*23^2*29^2*31^2*43^2*47*53*59*71*83^2*89^2*97*101^2*103^2*107^2*109^2*113*127^2*131^2*137*139*149*151*157*163*167*173*179*181*191*193*197*199*211*251*257*263*269*271*277*281*283*293*307*311*313*317*499*503*509*521*523*541*547*557*563*569*571*577*587*593*599*601*607*613*617*619*631*641*643*647*653,895,5*179,179,179,179,5,5,5,-,0.053100185299,3.720136564668,0.053100185299,0.040526451608,0.040526451608,0.012573733691,0.000000000000,YES
128,3,573,81,4,84,149;151;157;163;167;173;179;181;191,179,-,179,895,3,632779048478963653537043943008943145882708543003951759778529307763309177673975744208269492505589829545652815921446267984101278131449006699760585909962460590532305160902037726330215536101280945392238965200000,2^7*3*5^5*7^2*11^2*13^2*17^3*19*23^2*29^2*31^2*43^2*47*53*59*71*83^2*89^2*97*101^2*103^2*107^2*109^2*113*127^2*131^2*137*139*149*151*157*163*167*173*179*181*191*193*197*199*211*251*257*263*269*271*277*281*283*293*307*311*313*317*499*503*509*521*523*541*547*557*563*569*571*577*587*593*599*601*607*613*617*619*631*641*643*647*653,895,5*179,179,179,179,5,5,5,-,0.053100185299,3.720136564668,0.053100185299,0.040526451608,0.040526451608,0.012573733691,0.000000000000,YES
128,3,573,81,8,88,149;151;157;163;167;173;179;181;191,179,-,179,895,3,632779048478963653537043943008943145882708543003951759778529307763309177673975744208269492505589829545652815921446267984101278131449006699760585909962460590532305160902037726330215536101280945392238965200000,2^7*3*5^5*7^2*11^2*13^2*17^3*19*23^2*29^2*31^2*43^2*47*53*59*71*83^2*89^2*97*101^2*103^2*107^2*109^2*113*127^2*131^2*137*139*149*151*157*163*167*173*179*181*191*193*197*199*211*251*257*263*269*271*277*281*283*293*307*311*313*317*499*503*509*521*523*541*547*557*563*569*571*577*587*593*599*601*607*613*617*619*631*641*643*647*653,895,5*179,179,179,179,5,5,5,-,0.053100185299,3.720136564668,0.053100185299,0.040526451608,0.040526451608,0.012573733691,0.000000000000,YES
128,3,589,83,1,83,149;151;157;163;167;173;179;181;191;193,151,-,151,755,3,141936902027044497039301677009436757069550901233105815647062416056946031093956685139406395120892344435840900198999876786179189147387604832220279099202039925207019710338418022735039269827226406867244146678419008000,2^9*5^3*7*11^3*13^2*17^3*19*23^3*29^2*31*37*43^2*47^2*53*59*61*67*73*89^2*97*101*103^2*107^2*109^2*113*127^2*131^2*137*139*149*151*157*163*167*173*179*181*191*193*197*199*211*223*257*263*269*271*277*281*283*293*307*311*313*317*331*509*521*523*541*547*557*563*569*571*577*587*593*599*601*607*613*617*619*631*641*643*647*653*659*661*673,755,5*151,151,151,151,5,5,5,-,0.051771232416,3.816392594810,0.051771232416,0.039197498725,0.039197498725,0.012573733691,0.000000000000,YES
128,3,589,83,2,84,149;151;157;163;167;173;179;181;191;193,151,-,151,755,3,141936902027044497039301677009436757069550901233105815647062416056946031093956685139406395120892344435840900198999876786179189147387604832220279099202039925207019710338418022735039269827226406867244146678419008000,2^9*5^3*7*11^3*13^2*17^3*19*23^3*29^2*31*37*43^2*47^2*53*59*61*67*73*89^2*97*101*103^2*107^2*109^2*113*127^2*131^2*137*139*149*151*157*163*167*173*179*181*191*193*197*199*211*223*257*263*269*271*277*281*283*293*307*311*313*317*331*509*521*523*541*547*557*563*569*571*577*587*593*599*601*607*613*617*619*631*641*643*647*653*659*661*673,755,5*151,151,151,151,5,5,5,-,0.051771232416,3.816392594810,0.051771232416,0.039197498725,0.039197498725,0.012573733691,0.000000000000,YES
128,3,589,83,4,86,149;151;157;163;167;173;179;181;191;193,151,-,151,755,3,141936902027044497039301677009436757069550901233105815647062416056946031093956685139406395120892344435840900198999876786179189147387604832220279099202039925207019710338418022735039269827226406867244146678419008000,2^9*5^3*7*11^3*13^2*17^3*19*23^3*29^2*31*37*43^2*47^2*53*59*61*67*73*89^2*97*101*103^2*107^2*109^2*113*127^2*131^2*137*139*149*151*157*163*167*173*179*181*191*193*197*199*211*223*257*263*269*271*277*281*283*293*307*311*313*317*331*509*521*523*541*547*557*563*569*571*577*587*593*599*601*607*613*617*619*631*641*643*647*653*659*661*673,755,5*151,151,151,151,5,5,5,-,0.051771232416,3.816392594810,0.051771232416,0.039197498725,0.039197498725,0.012573733691,0.000000000000,YES
128,3,589,83,8,90,149;151;157;163;167;173;179;181;191;193,151,-,151,755,3,141936902027044497039301677009436757069550901233105815647062416056946031093956685139406395120892344435840900198999876786179189147387604832220279099202039925207019710338418022735039269827226406867244146678419008000,2^9*5^3*7*11^3*13^2*17^3*19*23^3*29^2*31*37*43^2*47^2*53*59*61*67*73*89^2*97*101*103^2*107^2*109^2*113*127^2*131^2*137*139*149*151*157*163*167*173*179*181*191*193*197*199*211*223*257*263*269*271*277*281*283*293*307*311*313*317*331*509*521*523*541*547*557*563*569*571*577*587*593*599*601*607*613*617*619*631*641*643*647*653*659*661*673,755,5*151,151,151,151,5,5,5,-,0.051771232416,3.816392594810,0.051771232416,0.039197498725,0.039197498725,0.012573733691,0.000000000000,YES
128,3,590,83,1,83,149;151;157;163;167;173;179;181;191;193,181,-,181,4525,4,189062197561715397242073775305060028191457129310500631909328198463204792405784201154070968995022608991614163506177701489890856690393766120388276902889673734366662618118762346488965351508993277131467499725799232000,2^9*5^3*7*11^2*13^2*17^3*19*23^2*29^2*31*37*43^2*47^2*53*59*61*67*73*89^2*97*101*103^2*107^2*109^2*113*127^2*131^2*137*139*149*151*157*163*167*173*179*181*191*193*197*199*211*223*257*263*269*271*277*281*283*293*307*311*313*317*331*337*509*521*523*541*547*557*563*569*571*577*587*593*599*601*607*613*617*619*631*641*643*647*653*659*661*673,4525,5^2*181,181,181,181,25,5^2,5,-,0.065760725439,3.818632387323,0.065760725439,0.040613258057,0.040613258057,0.025147467382,0.000000000000,YES
128,3,590,83,2,84,149;151;157;163;167;173;179;181;191;193,181,-,181,4525,4,189062197561715397242073775305060028191457129310500631909328198463204792405784201154070968995022608991614163506177701489890856690393766120388276902889673734366662618118762346488965351508993277131467499725799232000,2^9*5^3*7*11^2*13^2*17^3*19*23^2*29^2*31*37*43^2*47^2*53*59*61*67*73*89^2*97*101*103^2*107^2*109^2*113*127^2*131^2*137*139*149*151*157*163*167*173*179*181*191*193*197*199*211*223*257*263*269*271*277*281*283*293*307*311*313*317*331*337*509*521*523*541*547*557*563*569*571*577*587*593*599*601*607*613*617*619*631*641*643*647*653*659*661*673,4525,5^2*181,181,181,181,25,5^2,5,-,0.065760725439,3.818632387323,0.065760725439,0.040613258057,0.040613258057,0.025147467382,0.000000000000,YES
128,3,590,83,4,86,149;151;157;163;167;173;179;181;191;193,181,-,181,4525,4,189062197561715397242073775305060028191457129310500631909328198463204792405784201154070968995022608991614163506177701489890856690393766120388276902889673734366662618118762346488965351508993277131467499725799232000,2^9*5^3*7*11^2*13^2*17^3*19*23^2*29^2*31*37*43^2*47^2*53*59*61*67*73*89^2*97*101*103^2*107^2*109^2*113*127^2*131^2*137*139*149*151*157*163*167*173*179*181*191*193*197*199*211*223*257*263*269*271*277*281*283*293*307*311*313*317*331*337*509*521*523*541*547*557*563*569*571*577*587*593*599*601*607*613*617*619*631*641*643*647*653*659*661*673,4525,5^2*181,181,181,181,25,5^2,5,-,0.065760725439,3.818632387323,0.065760725439,0.040613258057,0.040613258057,0.025147467382,0.000000000000,YES
128,3,590,83,8,90,149;151;157;163;167;173;179;181;191;193,181,-,181,4525,4,189062197561715397242073775305060028191457129310500631909328198463204792405784201154070968995022608991614163506177701489890856690393766120388276902889673734366662618118762346488965351508993277131467499725799232000,2^9*5^3*7*11^2*13^2*17^3*19*23^2*29^2*31*37*43^2*47^2*53*59*61*67*73*89^2*97*101*103^2*107^2*109^2*113*127^2*131^2*137*139*149*151*157*163*167*173*179*181*191*193*197*199*211*223*257*263*269*271*277*281*283*293*307*311*313*317*331*337*509*521*523*541*547*557*563*569*571*577*587*593*599*601*607*613*617*619*631*641*643*647*653*659*661*673,4525,5^2*181,181,181,181,25,5^2,5,-,0.065760725439,3.818632387323,0.065760725439,0.040613258057,0.040613258057,0.025147467382,0.000000000000,YES
128,3,609,86,1,86,157;163;167;173;179;181;191;193;197;199,193,-,193,965,3,4781885604384659466090334040223349991725420681481670386829943934232387458789416944894466121637416648144729846379141133702022530464425876064591798576061111938899235687223978804308929659206083627821769009958420425142240000,2^8*3*5^4*7^4*11^3*13^2*17*19*23^3*31^2*47*53^2*59*61*67*89^2*97^2*101*103*107^2*109^2*113^2*127*131^2*137^2*139^2*149*151*157*163*167*173*179*181*191*193*197*199*211*223*227*229*263*269*271*277*281*283*293*307*311*313*317*331*337*347*523*541*547*557*563*569*571*577*587*593*599*601*607*613*617*619*631*641*643*647*653*659*661*673*677*683*691,965,5*193,193,193,193,5,5,5,-,0.053688500792,3.951804455565,0.053688500792,0.041114767101,0.041114767101,0.012573733691,0.000000000000,YES
128,3,609,86,2,87,157;163;167;173;179;181;191;193;197;199,193,-,193,965,3,4781885604384659466090334040223349991725420681481670386829943934232387458789416944894466121637416648144729846379141133702022530464425876064591798576061111938899235687223978804308929659206083627821769009958420425142240000,2^8*3*5^4*7^4*11^3*13^2*17*19*23^3*31^2*47*53^2*59*61*67*89^2*97^2*101*103*107^2*109^2*113^2*127*131^2*137^2*139^2*149*151*157*163*167*173*179*181*191*193*197*199*211*223*227*229*263*269*271*277*281*283*293*307*311*313*317*331*337*347*523*541*547*557*563*569*571*577*587*593*599*601*607*613*617*619*631*641*643*647*653*659*661*673*677*683*691,965,5*193,193,193,193,5,5,5,-,0.053688500792,3.951804455565,0.053688500792,0.041114767101,0.041114767101,0.012573733691,0.000000000000,YES
128,3,609,86,4,89,157;163;167;173;179;181;191;193;197;199,193,-,193,965,3,4781885604384659466090334040223349991725420681481670386829943934232387458789416944894466121637416648144729846379141133702022530464425876064591798576061111938899235687223978804308929659206083627821769009958420425142240000,2^8*3*5^4*7^4*11^3*13^2*17*19*23^3*31^2*47*53^2*59*61*67*89^2*97^2*101*103*107^2*109^2*113^2*127*131^2*137^2*139^2*149*151*157*163*167*173*179*181*191*193*197*199*211*223*227*229*263*269*271*277*281*283*293*307*311*313*317*331*337*347*523*541*547*557*563*569*571*577*587*593*599*601*607*613*617*619*631*641*643*647*653*659*661*673*677*683*691,965,5*193,193,193,193,5,5,5,-,0.053688500792,3.951804455565,0.053688500792,0.041114767101,0.041114767101,0.012573733691,0.000000000000,YES
128,3,609,86,8,93,157;163;167;173;179;181;191;193;197;199,193,-,193,965,3,4781885604384659466090334040223349991725420681481670386829943934232387458789416944894466121637416648144729846379141133702022530464425876064591798576061111938899235687223978804308929659206083627821769009958420425142240000,2^8*3*5^4*7^4*11^3*13^2*17*19*23^3*31^2*47*53^2*59*61*67*89^2*97^2*101*103*107^2*109^2*113^2*127*131^2*137^2*139^2*149*151*157*163*167*173*179*181*191*193*197*199*211*223*227*229*263*269*271*277*281*283*293*307*311*313*317*331*337*347*523*541*547*557*563*569*571*577*587*593*599*601*607*613*617*619*631*641*643*647*653*659*661*673*677*683*691,965,5*193,193,193,193,5,5,5,-,0.053688500792,3.951804455565,0.053688500792,0.041114767101,0.041114767101,0.012573733691,0.000000000000,YES
128,3,631,89,1,89,163;167;173;179;181;191;193;197;199,163,-,163,69275,5,286470176894812511481181566670815535577006087222462326552089132481652223970504924475909116058572732367404129956196345442565899309871217807661067498985806293096148081082280630453196242413129633755513224901868153218840258883168000,2^8*5^3*7^4*11*13^3*17^2*19*23^2*31^2*37*47^2*53*59*61*71*79*97^2*101^2*103^2*107*109^2*113^2*127*131*137^2*139^2*149*151*157*163*167*173*179*181*191*193*197*199*211*223*227*229*233*239*271*277*281*283*293*307*311*313*317*331*337*347*349*353*359*547*557*563*569*571*577*587*593*599*601*607*613*617*619*631*641*643*647*653*659*661*673*677*683*691*701*709*719,69275,5^2*17*163,163,163,163,425,5^2*17,5;17,-,0.087076870076,4.091713127811,0.087076870076,0.039794923444,0.039794923444,0.047281946632,0.000000000000,YES
128,3,631,89,2,90,163;167;173;179;181;191;193;197;199,163,-,163,69275,5,286470176894812511481181566670815535577006087222462326552089132481652223970504924475909116058572732367404129956196345442565899309871217807661067498985806293096148081082280630453196242413129633755513224901868153218840258883168000,2^8*5^3*7^4*11*13^3*17^2*19*23^2*31^2*37*47^2*53*59*61*71*79*97^2*101^2*103^2*107*109^2*113^2*127*131*137^2*139^2*149*151*157*163*167*173*179*181*191*193*197*199*211*223*227*229*233*239*271*277*281*283*293*307*311*313*317*331*337*347*349*353*359*547*557*563*569*571*577*587*593*599*601*607*613*617*619*631*641*643*647*653*659*661*673*677*683*691*701*709*719,69275,5^2*17*163,163,163,163,425,5^2*17,5;17,-,0.087076870076,4.091713127811,0.087076870076,0.039794923444,0.039794923444,0.047281946632,0.000000000000,YES
128,3,631,89,4,92,163;167;173;179;181;191;193;197;199,163,-,163,69275,5,286470176894812511481181566670815535577006087222462326552089132481652223970504924475909116058572732367404129956196345442565899309871217807661067498985806293096148081082280630453196242413129633755513224901868153218840258883168000,2^8*5^3*7^4*11*13^3*17^2*19*23^2*31^2*37*47^2*53*59*61*71*79*97^2*101^2*103^2*107*109^2*113^2*127*131*137^2*139^2*149*151*157*163*167*173*179*181*191*193*197*199*211*223*227*229*233*239*271*277*281*283*293*307*311*313*317*331*337*347*349*353*359*547*557*563*569*571*577*587*593*599*601*607*613*617*619*631*641*643*647*653*659*661*673*677*683*691*701*709*719,69275,5^2*17*163,163,163,163,425,5^2*17,5;17,-,0.087076870076,4.091713127811,0.087076870076,0.039794923444,0.039794923444,0.047281946632,0.000000000000,YES
128,3,631,89,8,96,163;167;173;179;181;191;193;197;199,163,-,163,69275,5,286470176894812511481181566670815535577006087222462326552089132481652223970504924475909116058572732367404129956196345442565899309871217807661067498985806293096148081082280630453196242413129633755513224901868153218840258883168000,2^8*5^3*7^4*11*13^3*17^2*19*23^2*31^2*37*47^2*53*59*61*71*79*97^2*101^2*103^2*107*109^2*113^2*127*131*137^2*139^2*149*151*157*163*167*173*179*181*191*193*197*199*211*223*227*229*233*239*271*277*281*283*293*307*311*313*317*331*337*347*349*353*359*547*557*563*569*571*577*587*593*599*601*607*613*617*619*631*641*643*647*653*659*661*673*677*683*691*701*709*719,69275,5^2*17*163,163,163,163,425,5^2*17,5;17,-,0.087076870076,4.091713127811,0.087076870076,0.039794923444,0.039794923444,0.047281946632,0.000000000000,YES
128,3,635,90,1,90,163;167;173;179;181;191;193;197;199;211,197,-,197,63631,5,42982067722363293368424416053281082480014069502506524046437483769324834350450922210683796312973626145764153498611258460483203665142820808573834934081093331343650401555954461025462299520782064156642740034648369089666899149443800000,2^6*3*5^5*7^2*11^3*13*17*19^3*23^2*29*31^2*37*47^2*53*59*61*71*79*97^2*101^2*103^2*107*109^2*113^2*127*131*137^2*139^2*149*151*157*163*167*173*179*181*191*193*197*199*211*223*227*229*233*239*241*277*281*283*293*307*311*313*317*331*337*347*349*353*359*547*557*563*569*571*577*587*593*599*601*607*613*617*619*631*641*643*647*653*659*661*673*677*683*691*701*709*719,63631,17*19*197,197,197,197,323,17*19,17;19,-,0.086412937906,4.130860814075,0.086412937906,0.041275029131,0.041275029131,0.045137908775,0.000000000000,YES
128,3,635,90,2,91,163;167;173;179;181;191;193;197;199;211,197,-,197,63631,5,42982067722363293368424416053281082480014069502506524046437483769324834350450922210683796312973626145764153498611258460483203665142820808573834934081093331343650401555954461025462299520782064156642740034648369089666899149443800000,2^6*3*5^5*7^2*11^3*13*17*19^3*23^2*29*31^2*37*47^2*53*59*61*71*79*97^2*101^2*103^2*107*109^2*113^2*127*131*137^2*139^2*149*151*157*163*167*173*179*181*191*193*197*199*211*223*227*229*233*239*241*277*281*283*293*307*311*313*317*331*337*347*349*353*359*547*557*563*569*571*577*587*593*599*601*607*613*617*619*631*641*643*647*653*659*661*673*677*683*691*701*709*719,63631,17*19*197,197,197,197,323,17*19,17;19,-,0.086412937906,4.130860814075,0.086412937906,0.041275029131,0.041275029131,0.045137908775,0.000000000000,YES
128,3,635,90,4,93,163;167;173;179;181;191;193;197;199;211,197,-,197,63631,5,42982067722363293368424416053281082480014069502506524046437483769324834350450922210683796312973626145764153498611258460483203665142820808573834934081093331343650401555954461025462299520782064156642740034648369089666899149443800000,2^6*3*5^5*7^2*11^3*13*17*19^3*23^2*29*31^2*37*47^2*53*59*61*71*79*97^2*101^2*103^2*107*109^2*113^2*127*131*137^2*139^2*149*151*157*163*167*173*179*181*191*193*197*199*211*223*227*229*233*239*241*277*281*283*293*307*311*313*317*331*337*347*349*353*359*547*557*563*569*571*577*587*593*599*601*607*613*617*619*631*641*643*647*653*659*661*673*677*683*691*701*709*719,63631,17*19*197,197,197,197,323,17*19,17;19,-,0.086412937906,4.130860814075,0.086412937906,0.041275029131,0.041275029131,0.045137908775,0.000000000000,YES
128,3,635,90,8,97,163;167;173;179;181;191;193;197;199;211,197,-,197,63631,5,42982067722363293368424416053281082480014069502506524046437483769324834350450922210683796312973626145764153498611258460483203665142820808573834934081093331343650401555954461025462299520782064156642740034648369089666899149443800000,2^6*3*5^5*7^2*11^3*13*17*19^3*23^2*29*31^2*37*47^2*53*59*61*71*79*97^2*101^2*103^2*107*109^2*113^2*127*131*137^2*139^2*149*151*157*163*167*173*179*181*191*193*197*199*211*223*227*229*233*239*241*277*281*283*293*307*311*313*317*331*337*347*349*353*359*547*557*563*569*571*577*587*593*599*601*607*613*617*619*631*641*643*647*653*659*661*673*677*683*691*701*709*719,63631,17*19*197,197,197,197,323,17*19,17;19,-,0.086412937906,4.130860814075,0.086412937906,0.041275029131,0.041275029131,0.045137908775,0.000000000000,YES
128,3,643,91,1,91,163;167;173;179;181;191;193;197;199;211,193,-,193,902275,6,20393886459108016230623141510886334765935217420860935795689622274495555134425757950836183172486175760501939648801748120972243664295171717591865148689536869749298181582458180493585754897102052130913532465876578797183613169677593540000,2^5*3^6*5^4*7^4*11^2*13*17^2*19^2*31^2*37*43*47^2*53*59*61*71*73*79*97^2*101^2*103^2*107*109*113^2*127*131*137*139^2*149*151*157*163*167*173*179*181*191*193*197*199*211*223*227*229*233*239*241*277*281*283*293*307*311*313*317*331*337*347*349*353*359*367*557*563*569*571*577*587*593*599*601*607*613*617*619*631*641*643*647*653*659*661*673*677*683*691*701*709*719*727*733,902275,5^2*11*17*193,193,193,193,4675,5^2*11*17,5;11;17,-,0.107130270552,4.179003059798,0.107130270552,0.041114767101,0.041114767101,0.066015503451,0.000000000000,YES
128,3,643,91,2,92,163;167;173;179;181;191;193;197;199;211,193,-,193,902275,6,20393886459108016230623141510886334765935217420860935795689622274495555134425757950836183172486175760501939648801748120972243664295171717591865148689536869749298181582458180493585754897102052130913532465876578797183613169677593540000,2^5*3^6*5^4*7^4*11^2*13*17^2*19^2*31^2*37*43*47^2*53*59*61*71*73*79*97^2*101^2*103^2*107*109*113^2*127*131*137*139^2*149*151*157*163*167*173*179*181*191*193*197*199*211*223*227*229*233*239*241*277*281*283*293*307*311*313*317*331*337*347*349*353*359*367*557*563*569*571*577*587*593*599*601*607*613*617*619*631*641*643*647*653*659*661*673*677*683*691*701*709*719*727*733,902275,5^2*11*17*193,193,193,193,4675,5^2*11*17,5;11;17,-,0.107130270552,4.179003059798,0.107130270552,0.041114767101,0.041114767101,0.066015503451,0.000000000000,YES
128,3,643,91,4,94,163;167;173;179;181;191;193;197;199;211,193,-,193,902275,6,20393886459108016230623141510886334765935217420860935795689622274495555134425757950836183172486175760501939648801748120972243664295171717591865148689536869749298181582458180493585754897102052130913532465876578797183613169677593540000,2^5*3^6*5^4*7^4*11^2*13*17^2*19^2*31^2*37*43*47^2*53*59*61*71*73*79*97^2*101^2*103^2*107*109*113^2*127*131*137*139^2*149*151*157*163*167*173*179*181*191*193*197*199*211*223*227*229*233*239*241*277*281*283*293*307*311*313*317*331*337*347*349*353*359*367*557*563*569*571*577*587*593*599*601*607*613*617*619*631*641*643*647*653*659*661*673*677*683*691*701*709*719*727*733,902275,5^2*11*17*193,193,193,193,4675,5^2*11*17,5;11;17,-,0.107130270552,4.179003059798,0.107130270552,0.041114767101,0.041114767101,0.066015503451,0.000000000000,YES
128,3,643,91,8,98,163;167;173;179;181;191;193;197;199;211,193,-,193,902275,6,20393886459108016230623141510886334765935217420860935795689622274495555134425757950836183172486175760501939648801748120972243664295171717591865148689536869749298181582458180493585754897102052130913532465876578797183613169677593540000,2^5*3^6*5^4*7^4*11^2*13*17^2*19^2*31^2*37*43*47^2*53*59*61*71*73*79*97^2*101^2*103^2*107*109*113^2*127*131*137*139^2*149*151*157*163*167*173*179*181*191*193*197*199*211*223*227*229*233*239*241*277*281*283*293*307*311*313*317*331*337*347*349*353*359*367*557*563*569*571*577*587*593*599*601*607*613*617*619*631*641*643*647*653*659*661*673*677*683*691*701*709*719*727*733,902275,5^2*11*17*193,193,193,193,4675,5^2*11*17,5;11;17,-,0.107130270552,4.179003059798,0.107130270552,0.041114767101,0.041114767101,0.066015503451,0.000000000000,YES
128,3,654,93,1,93,167;173;179;181;191;193;197;199;211,191,-,191,14570435,8,1085991434610548701738786600950377025522609856622539419449811623957253665907003906476091709943058701501062261812053532564792133488681287799042963202406239589551535641019015197146642511202128505779667848809362949873746542888556518998960000,2^7*3^6*5^4*7^3*11^4*13*17^3*19^3*37*41*53^2*59*61*67*71*73*83*97^2*101^2*103^2*107*109*113^2*127*131*137*139*149^2*151*157*163*167*173*179*181*191*193*197*199*211*223*227*229*233*239*241*281*283*293*307*311*313*317*331*337*347*349*353*359*367*373*563*569*571*577*587*593*599*601*607*613*617*619*631*641*643*647*653*659*661*673*677*683*691*701*709*719*727*733*739*743,14570435,5*11*19*73*191,191,191,191,76285,5*11*19*73,5;11;19;73,-,0.128863320575,4.264024690422,0.128863320575,0.041033386157,0.041033386157,0.087829934418,0.000000000000,YES
128,3,654,93,2,94,167;173;179;181;191;193;197;199;211,191,-,191,14570435,8,1085991434610548701738786600950377025522609856622539419449811623957253665907003906476091709943058701501062261812053532564792133488681287799042963202406239589551535641019015197146642511202128505779667848809362949873746542888556518998960000,2^7*3^6*5^4*7^3*11^4*13*17^3*19^3*37*41*53^2*59*61*67*71*73*83*97^2*101^2*103^2*107*109*113^2*127*131*137*139*149^2*151*157*163*167*173*179*181*191*193*197*199*211*223*227*229*233*239*241*281*283*293*307*311*313*317*331*337*347*349*353*359*367*373*563*569*571*577*587*593*599*601*607*613*617*619*631*641*643*647*653*659*661*673*677*683*691*701*709*719*727*733*739*743,14570435,5*11*19*73*191,191,191,191,76285,5*11*19*73,5;11;19;73,-,0.128863320575,4.264024690422,0.128863320575,0.041033386157,0.041033386157,0.087829934418,0.000000000000,YES
128,3,654,93,4,96,167;173;179;181;191;193;197;199;211,191,-,191,14570435,8,1085991434610548701738786600950377025522609856622539419449811623957253665907003906476091709943058701501062261812053532564792133488681287799042963202406239589551535641019015197146642511202128505779667848809362949873746542888556518998960000,2^7*3^6*5^4*7^3*11^4*13*17^3*19^3*37*41*53^2*59*61*67*71*73*83*97^2*101^2*103^2*107*109*113^2*127*131*137*139*149^2*151*157*163*167*173*179*181*191*193*197*199*211*223*227*229*233*239*241*281*283*293*307*311*313*317*331*337*347*349*353*359*367*373*563*569*571*577*587*593*599*601*607*613*617*619*631*641*643*647*653*659*661*673*677*683*691*701*709*719*727*733*739*743,14570435,5*11*19*73*191,191,191,191,76285,5*11*19*73,5;11;19;73,-,0.128863320575,4.264024690422,0.128863320575,0.041033386157,0.041033386157,0.087829934418,0.000000000000,YES
128,3,654,93,8,100,167;173;179;181;191;193;197;199;211,191,-,191,14570435,8,1085991434610548701738786600950377025522609856622539419449811623957253665907003906476091709943058701501062261812053532564792133488681287799042963202406239589551535641019015197146642511202128505779667848809362949873746542888556518998960000,2^7*3^6*5^4*7^3*11^4*13*17^3*19^3*37*41*53^2*59*61*67*71*73*83*97^2*101^2*103^2*107*109*113^2*127*131*137*139*149^2*151*157*163*167*173*179*181*191*193*197*199*211*223*227*229*233*239*241*281*283*293*307*311*313*317*331*337*347*349*353*359*367*373*563*569*571*577*587*593*599*601*607*613*617*619*631*641*643*647*653*659*661*673*677*683*691*701*709*719*727*733*739*743,14570435,5*11*19*73*191,191,191,191,76285,5*11*19*73,5;11;19;73,-,0.128863320575,4.264024690422,0.128863320575,0.041033386157,0.041033386157,0.087829934418,0.000000000000,YES
128,3,676,96,1,96,173;179;181;191;193;197;199;211;223,181,-,181,169235,6,65340269354290786076508304262758031134636075810015616639568532583322338612090817447421778443094328327965692470400805703143041746811362598230237217139068787836076331783057946531009673154384333378907880355403923189466878749540412301768294126200000,2^6*3^4*5^5*7^5*11^4*13^2*17*19*29*37*53^2*59^2*61*67*73*83*101^2*103^2*107^2*109^2*113*127^2*131*137*139*149^2*151^2*157*163*167*173*179*181*191*193*197*199*211*223*227*229*233*239*241*251*257*293*307*311*313*317*331*337*347*349*353*359*367*373*379*383*587*593*599*601*607*613*617*619*631*641*643*647*653*659*661*673*677*683*691*701*709*719*727*733*739*743*751*757*761*769*773,169235,5*11*17*181,181,181,181,935,5*11*17,5;11;17,-,0.094055027817,4.403967079110,0.094055027817,0.040613258057,0.040613258057,0.053441769760,0.000000000000,YES
128,3,676,96,2,97,173;179;181;191;193;197;199;211;223,181,-,181,169235,6,65340269354290786076508304262758031134636075810015616639568532583322338612090817447421778443094328327965692470400805703143041746811362598230237217139068787836076331783057946531009673154384333378907880355403923189466878749540412301768294126200000,2^6*3^4*5^5*7^5*11^4*13^2*17*19*29*37*53^2*59^2*61*67*73*83*101^2*103^2*107^2*109^2*113*127^2*131*137*139*149^2*151^2*157*163*167*173*179*181*191*193*197*199*211*223*227*229*233*239*241*251*257*293*307*311*313*317*331*337*347*349*353*359*367*373*379*383*587*593*599*601*607*613*617*619*631*641*643*647*653*659*661*673*677*683*691*701*709*719*727*733*739*743*751*757*761*769*773,169235,5*11*17*181,181,181,181,935,5*11*17,5;11;17,-,0.094055027817,4.403967079110,0.094055027817,0.040613258057,0.040613258057,0.053441769760,0.000000000000,YES
128,3,676,96,4,99,173;179;181;191;193;197;199;211;223,181,-,181,169235,6,65340269354290786076508304262758031134636075810015616639568532583322338612090817447421778443094328327965692470400805703143041746811362598230237217139068787836076331783057946531009673154384333378907880355403923189466878749540412301768294126200000,2^6*3^4*5^5*7^5*11^4*13^2*17*19*29*37*53^2*59^2*61*67*73*83*101^2*103^2*107^2*109^2*113*127^2*131*137*139*149^2*151^2*157*163*167*173*179*181*191*193*197*199*211*223*227*229*233*239*241*251*257*293*307*311*313*317*331*337*347*349*353*359*367*373*379*383*587*593*599*601*607*613*617*619*631*641*643*647*653*659*661*673*677*683*691*701*709*719*727*733*739*743*751*757*761*769*773,169235,5*11*17*181,181,181,181,935,5*11*17,5;11;17,-,0.094055027817,4.403967079110,0.094055027817,0.040613258057,0.040613258057,0.053441769760,0.000000000000,YES
128,3,676,96,8,103,173;179;181;191;193;197;199;211;223,181,-,181,169235,6,65340269354290786076508304262758031134636075810015616639568532583322338612090817447421778443094328327965692470400805703143041746811362598230237217139068787836076331783057946531009673154384333378907880355403923189466878749540412301768294126200000,2^6*3^4*5^5*7^5*11^4*13^2*17*19*29*37*53^2*59^2*61*67*73*83*101^2*103^2*107^2*109^2*113*127^2*131*137*139*149^2*151^2*157*163*167*173*179*181*191*193*197*199*211*223*227*229*233*239*241*251*257*293*307*311*313*317*331*337*347*349*353*359*367*373*379*383*587*593*599*601*607*613*617*619*631*641*643*647*653*659*661*673*677*683*691*701*709*719*727*733*739*743*751*757*761*769*773,169235,5*11*17*181,181,181,181,935,5*11*17,5;11;17,-,0.094055027817,4.403967079110,0.094055027817,0.040613258057,0.040613258057,0.053441769760,0.000000000000,YES
128,3,679,96,1,96,173;179;181;191;193;197;199;211;223,179,-,179,179,3,155080857705388363416200788620552772572502621618050003526401900291237481221289797004118756005658626021446260424436359431936034153658163113729431201459514560244803401270371374074133588310512759915871929219099227749230249937332843963897802962000000,2^7*3^5*5^6*7^4*11^4*13^2*17*19*31*37*43*53^2*59^2*61*67*73*101^2*103^2*107^2*109^2*113*127^2*131*137*139*149^2*151^2*157*163*167*173*179*181*191*193*197*199*211*223*227*229*233*239*241*251*257*293*307*311*313*317*331*337*347*349*353*359*367*373*379*383*587*593*599*601*607*613*617*619*631*641*643*647*653*659*661*673*677*683*691*701*709*719*727*733*739*743*751*757*761*769*773,179,179,179,179,179,1,1,-,-,0.040526451608,4.410719720633,0.040526451608,0.040526451608,0.040526451608,0.000000000000,0.000000000000,YES
128,3,679,96,2,97,173;179;181;191;193;197;199;211;223,179,-,179,179,3,155080857705388363416200788620552772572502621618050003526401900291237481221289797004118756005658626021446260424436359431936034153658163113729431201459514560244803401270371374074133588310512759915871929219099227749230249937332843963897802962000000,2^7*3^5*5^6*7^4*11^4*13^2*17*19*31*37*43*53^2*59^2*61*67*73*101^2*103^2*107^2*109^2*113*127^2*131*137*139*149^2*151^2*157*163*167*173*179*181*191*193*197*199*211*223*227*229*233*239*241*251*257*293*307*311*313*317*331*337*347*349*353*359*367*373*379*383*587*593*599*601*607*613*617*619*631*641*643*647*653*659*661*673*677*683*691*701*709*719*727*733*739*743*751*757*761*769*773,179,179,179,179,179,1,1,-,-,0.040526451608,4.410719720633,0.040526451608,0.040526451608,0.040526451608,0.000000000000,0.000000000000,YES
128,3,679,96,4,99,173;179;181;191;193;197;199;211;223,179,-,179,179,3,155080857705388363416200788620552772572502621618050003526401900291237481221289797004118756005658626021446260424436359431936034153658163113729431201459514560244803401270371374074133588310512759915871929219099227749230249937332843963897802962000000,2^7*3^5*5^6*7^4*11^4*13^2*17*19*31*37*43*53^2*59^2*61*67*73*101^2*103^2*107^2*109^2*113*127^2*131*137*139*149^2*151^2*157*163*167*173*179*181*191*193*197*199*211*223*227*229*233*239*241*251*257*293*307*311*313*317*331*337*347*349*353*359*367*373*379*383*587*593*599*601*607*613*617*619*631*641*643*647*653*659*661*673*677*683*691*701*709*719*727*733*739*743*751*757*761*769*773,179,179,179,179,179,1,1,-,-,0.040526451608,4.410719720633,0.040526451608,0.040526451608,0.040526451608,0.000000000000,0.000000000000,YES
128,3,679,96,8,103,173;179;181;191;193;197;199;211;223,179,-,179,179,3,155080857705388363416200788620552772572502621618050003526401900291237481221289797004118756005658626021446260424436359431936034153658163113729431201459514560244803401270371374074133588310512759915871929219099227749230249937332843963897802962000000,2^7*3^5*5^6*7^4*11^4*13^2*17*19*31*37*43*53^2*59^2*61*67*73*101^2*103^2*107^2*109^2*113*127^2*131*137*139*149^2*151^2*157*163*167*173*179*181*191*193*197*199*211*223*227*229*233*239*241*251*257*293*307*311*313*317*331*337*347*349*353*359*367*373*379*383*587*593*599*601*607*613*617*619*631*641*643*647*653*659*661*673*677*683*691*701*709*719*727*733*739*743*751*757*761*769*773,179,179,179,179,179,1,1,-,-,0.040526451608,4.410719720633,0.040526451608,0.040526451608,0.040526451608,0.000000000000,0.000000000000,YES
128,3,682,97,1,97,173;179;181;191;193;197;199;211;223;227,191,-,191,23875,5,17420367682421507496100958538381590769757215067105407816632705551888762091125183121912121930417326806557947394864213707336733701836524539042431354281714259920758242473968456473185487475187869275357393865110897210126584843241596816581940799717500000,2^5*3^7*5^7*7*11^3*13^3*17*19^2*31*37^2*41*43*53*59^2*61*67*101^2*103^2*107^2*109^2*113*127^2*131*137*139*149^2*151^2*157*163*167*173*179*181*191*193*197*199*211*223*227*229*233*239*241*251*257*293*307*311*313*317*331*337*347*349*353*359*367*373*379*383*389*587*593*599*601*607*613*617*619*631*641*643*647*653*659*661*673*677*683*691*701*709*719*727*733*739*743*751*757*761*769*773,23875,5^3*191,191,191,191,125,5^3,5,-,0.078754587229,4.447606038708,0.078754587229,0.041033386157,0.041033386157,0.037721201073,0.000000000000,YES
128,3,682,97,2,98,173;179;181;191;193;197;199;211;223;227,191,-,191,23875,5,17420367682421507496100958538381590769757215067105407816632705551888762091125183121912121930417326806557947394864213707336733701836524539042431354281714259920758242473968456473185487475187869275357393865110897210126584843241596816581940799717500000,2^5*3^7*5^7*7*11^3*13^3*17*19^2*31*37^2*41*43*53*59^2*61*67*101^2*103^2*107^2*109^2*113*127^2*131*137*139*149^2*151^2*157*163*167*173*179*181*191*193*197*199*211*223*227*229*233*239*241*251*257*293*307*311*313*317*331*337*347*349*353*359*367*373*379*383*389*587*593*599*601*607*613*617*619*631*641*643*647*653*659*661*673*677*683*691*701*709*719*727*733*739*743*751*757*761*769*773,23875,5^3*191,191,191,191,125,5^3,5,-,0.078754587229,4.447606038708,0.078754587229,0.041033386157,0.041033386157,0.037721201073,0.000000000000,YES
128,3,682,97,4,100,173;179;181;191;193;197;199;211;223;227,191,-,191,4775,4,17420367682421507496100958538381590769757215067105407816632705551888762091125183121912121930417326806557947394864213707336733701836524539042431354281714259920758242473968456473185487475187869275357393865110897210126584843241596816581940799717500000,2^5*3^7*5^7*7*11^3*13^3*17*19^2*31*37^2*41*43*53*59^2*61*67*101^2*103^2*107^2*109^2*113*127^2*131*137*139*149^2*151^2*157*163*167*173*179*181*191*193*197*199*211*223*227*229*233*239*241*251*257*293*307*311*313*317*331*337*347*349*353*359*367*373*379*383*389*587*593*599*601*607*613*617*619*631*641*643*647*653*659*661*673*677*683*691*701*709*719*727*733*739*743*751*757*761*769*773,4775,5^2*191,191,191,191,25,5^2,5,-,0.066180853538,4.447606038708,0.066180853538,0.041033386157,0.041033386157,0.025147467382,0.012573733691,YES
128,3,682,97,8,104,173;179;181;191;193;197;199;211;223;227,191,-,191,4775,4,17420367682421507496100958538381590769757215067105407816632705551888762091125183121912121930417326806557947394864213707336733701836524539042431354281714259920758242473968456473185487475187869275357393865110897210126584843241596816581940799717500000,2^5*3^7*5^7*7*11^3*13^3*17*19^2*31*37^2*41*43*53*59^2*61*67*101^2*103^2*107^2*109^2*113*127^2*131*137*139*149^2*151^2*157*163*167*173*179*181*191*193*197*199*211*223*227*229*233*239*241*251*257*293*307*311*313*317*331*337*347*349*353*359*367*373*379*383*389*587*593*599*601*607*613*617*619*631*641*643*647*653*659*661*673*677*683*691*701*709*719*727*733*739*743*751*757*761*769*773,4775,5^2*191,191,191,191,25,5^2,5,-,0.066180853538,4.447606038708,0.066180853538,0.041033386157,0.041033386157,0.025147467382,0.012573733691,YES
128,3,704,100,1,100,179;181;191;193;197;199;211;223;227;229;233,181,-,181,905,3,1049381244253423404911012730283086134478913775230482396200889179296736478446640632837124714300712893375904344782328560931739111124944335792439041329953395716010120207594547076538162247646816401089447752660695274498949575762592619559437735439888965936320000,2^9*3^4*5^4*7^2*11^3*13^2*17^2*19^2*23*29*37*41*47*53^2*59*61^2*67*71*73*79*89*103^2*107^2*109^2*113^2*127^2*131^2*137*139*149*151^2*157^2*163*167*173*179*181*191*193*197*199*211*223*227*229*233*239*241*251*257*263*307*311*313*317*331*337*347*349*353*359*367*373*379*383*389*397*401*607*613*617*619*631*641*643*647*653*659*661*673*677*683*691*701*709*719*727*733*739*743*751*757*761*769*773*787*797,905,5*181,181,181,181,5,5,5,-,0.053186991748,4.587557807912,0.053186991748,0.040613258057,0.040613258057,0.012573733691,0.000000000000,YES
128,3,704,100,2,101,179;181;191;193;197;199;211;223;227;229;233,181,-,181,905,3,1049381244253423404911012730283086134478913775230482396200889179296736478446640632837124714300712893375904344782328560931739111124944335792439041329953395716010120207594547076538162247646816401089447752660695274498949575762592619559437735439888965936320000,2^9*3^4*5^4*7^2*11^3*13^2*17^2*19^2*23*29*37*41*47*53^2*59*61^2*67*71*73*79*89*103^2*107^2*109^2*113^2*127^2*131^2*137*139*149*151^2*157^2*163*167*173*179*181*191*193*197*199*211*223*227*229*233*239*241*251*257*263*307*311*313*317*331*337*347*349*353*359*367*373*379*383*389*397*401*607*613*617*619*631*641*643*647*653*659*661*673*677*683*691*701*709*719*727*733*739*743*751*757*761*769*773*787*797,905,5*181,181,181,181,5,5,5,-,0.053186991748,4.587557807912,0.053186991748,0.040613258057,0.040613258057,0.012573733691,0.000000000000,YES
128,3,704,100,4,103,179;181;191;193;197;199;211;223;227;229;233,181,-,181,905,3,1049381244253423404911012730283086134478913775230482396200889179296736478446640632837124714300712893375904344782328560931739111124944335792439041329953395716010120207594547076538162247646816401089447752660695274498949575762592619559437735439888965936320000,2^9*3^4*5^4*7^2*11^3*13^2*17^2*19^2*23*29*37*41*47*53^2*59*61^2*67*71*73*79*89*103^2*107^2*109^2*113^2*127^2*131^2*137*139*149*151^2*157^2*163*167*173*179*181*191*193*197*199*211*223*227*229*233*239*241*251*257*263*307*311*313*317*331*337*347*349*353*359*367*373*379*383*389*397*401*607*613*617*619*631*641*643*647*653*659*661*673*677*683*691*701*709*719*727*733*739*743*751*757*761*769*773*787*797,905,5*181,181,181,181,5,5,5,-,0.053186991748,4.587557807912,0.053186991748,0.040613258057,0.040613258057,0.012573733691,0.000000000000,YES
128,3,704,100,8,107,179;181;191;193;197;199;211;223;227;229;233,181,-,181,905,3,1049381244253423404911012730283086134478913775230482396200889179296736478446640632837124714300712893375904344782328560931739111124944335792439041329953395716010120207594547076538162247646816401089447752660695274498949575762592619559437735439888965936320000,2^9*3^4*5^4*7^2*11^3*13^2*17^2*19^2*23*29*37*41*47*53^2*59*61^2*67*71*73*79*89*103^2*107^2*109^2*113^2*127^2*131^2*137*139*149*151^2*157^2*163*167*173*179*181*191*193*197*199*211*223*227*229*233*239*241*251*257*263*307*311*313*317*331*337*347*349*353*359*367*373*379*383*389*397*401*607*613*617*619*631*641*643*647*653*659*661*673*677*683*691*701*709*719*727*733*739*743*751*757*761*769*773*787*797,905,5*181,181,181,181,5,5,5,-,0.053186991748,4.587557807912,0.053186991748,0.040613258057,0.040613258057,0.012573733691,0.000000000000,YES
128,3,707,100,1,100,179;181;191;193;197;199;211;223;227;229;233,193,-,193,197825,6,2490510044240181075062955657638848855135583287864066665753375146626267011525695825821776123982209679430828357611907225766012628093083916813550197656532379604521024603901309505254721794770914029728066608783054953152156459081503543507853244722938933397376000,2^10*3^4*5^3*7^2*11*13^3*17^2*19^2*23*29*31*37*41*47*53^2*59*61^2*67*71*73*79*89*103^2*107^2*109^2*113^2*127^2*131^2*137*139*149*151*157^2*163*167*173*179*181*191*193*197*199*211*223*227*229*233*239*241*251*257*263*269*307*311*313*317*331*337*347*349*353*359*367*373*379*383*389*397*401*607*613*617*619*631*641*643*647*653*659*661*673*677*683*691*701*709*719*727*733*739*743*751*757*761*769*773*787*797,197825,5^2*41*193,193,193,193,1025,5^2*41,5;41,-,0.095274516254,4.594310048750,0.095274516254,0.041114767101,0.041114767101,0.054159749153,0.000000000000,YES
128,3,707,100,2,101,179;181;191;193;197;199;211;223;227;229;233,193,-,193,197825,6,2490510044240181075062955657638848855135583287864066665753375146626267011525695825821776123982209679430828357611907225766012628093083916813550197656532379604521024603901309505254721794770914029728066608783054953152156459081503543507853244722938933397376000,2^10*3^4*5^3*7^2*11*13^3*17^2*19^2*23*29*31*37*41*47*53^2*59*61^2*67*71*73*79*89*103^2*107^2*109^2*113^2*127^2*131^2*137*139*149*151*157^2*163*167*173*179*181*191*193*197*199*211*223*227*229*233*239*241*251*257*263*269*307*311*313*317*331*337*347*349*353*359*367*373*379*383*389*397*401*607*613*617*619*631*641*643*647*653*659*661*673*677*683*691*701*709*719*727*733*739*743*751*757*761*769*773*787*797,197825,5^2*41*193,193,193,193,1025,5^2*41,5;41,-,0.095274516254,4.594310048750,0.095274516254,0.041114767101,0.041114767101,0.054159749153,0.000000000000,YES
128,3,707,100,4,103,179;181;191;193;197;199;211;223;227;229;233,193,-,193,197825,6,2490510044240181075062955657638848855135583287864066665753375146626267011525695825821776123982209679430828357611907225766012628093083916813550197656532379604521024603901309505254721794770914029728066608783054953152156459081503543507853244722938933397376000,2^10*3^4*5^3*7^2*11*13^3*17^2*19^2*23*29*31*37*41*47*53^2*59*61^2*67*71*73*79*89*103^2*107^2*109^2*113^2*127^2*131^2*137*139*149*151*157^2*163*167*173*179*181*191*193*197*199*211*223*227*229*233*239*241*251*257*263*269*307*311*313*317*331*337*347*349*353*359*367*373*379*383*389*397*401*607*613*617*619*631*641*643*647*653*659*661*673*677*683*691*701*709*719*727*733*739*743*751*757*761*769*773*787*797,197825,5^2*41*193,193,193,193,1025,5^2*41,5;41,-,0.095274516254,4.594310048750,0.095274516254,0.041114767101,0.041114767101,0.054159749153,0.000000000000,YES
128,3,707,100,8,107,179;181;191;193;197;199;211;223;227;229;233,193,-,193,197825,6,2490510044240181075062955657638848855135583287864066665753375146626267011525695825821776123982209679430828357611907225766012628093083916813550197656532379604521024603901309505254721794770914029728066608783054953152156459081503543507853244722938933397376000,2^10*3^4*5^3*7^2*11*13^3*17^2*19^2*23*29*31*37*41*47*53^2*59*61^2*67*71*73*79*89*103^2*107^2*109^2*113^2*127^2*131^2*137*139*149*151*157^2*163*167*173*179*181*191*193*197*199*211*223*227*229*233*239*241*251*257*263*269*307*311*313*317*331*337*347*349*353*359*367*373*379*383*389*397*401*607*613*617*619*631*641*643*647*653*659*661*673*677*683*691*701*709*719*727*733*739*743*751*757*761*769*773*787*797,197825,5^2*41*193,193,193,193,1025,5^2*41,5;41,-,0.095274516254,4.594310048750,0.095274516254,0.041114767101,0.041114767101,0.054159749153,0.000000000000,YES
128,3,733,104,1,104,191;193;197;199;211;223;227;229;233;239;241,211,-,211,5275,4,22524116481874244838253368945755160556184483629654954300302298263719389579815649274753253854653909127430580147160314895227985732665474189889926445874259119775475462446168975372185571992980216656357497446537517968825917705551993006182783724990898503168699925858103040,2^8*3^7*5*7^2*11^2*13*17*19^2*23*29*31*37^2*41*43*53^2*59^2*61*67*71*73*79*83*107^2*109^2*113^2*127^2*131^2*137^2*139^2*149*151*157*163^2*167^2*173*179*181*191*193*197*199*211*223*227*229*233*239*241*251*257*263*269*271*277*317*331*337*347*349*353*359*367*373*379*383*389*397*401*409*419*631*641*643*647*653*659*661*673*677*683*691*701*709*719*727*733*739*743*751*757*761*769*773*787*797*809*811*821*823*827*829,1055,5*211,211,211,211,5,5,5,-,0.066958859050,4.773414461947,0.054385125359,0.041811391668,0.041811391668,0.012573733691,0.000000000000,YES
128,3,733,104,2,105,191;193;197;199;211;223;227;229;233;239;241,211,-,211,1055,4,22524116481874244838253368945755160556184483629654954300302298263719389579815649274753253854653909127430580147160314895227985732665474189889926445874259119775475462446168975372185571992980216656357497446537517968825917705551993006182783724990898503168699925858103040,2^8*3^7*5*7^2*11^2*13*17*19^2*23*29*31*37^2*41*43*53^2*59^2*61*67*71*73*79*83*107^2*109^2*113^2*127^2*131^2*137^2*139^2*149*151*157*163^2*167^2*173*179*181*191*193*197*199*211*223*227*229*233*239*241*251*257*263*269*271*277*317*331*337*347*349*353*359*367*373*379*383*389*397*401*409*419*631*641*643*647*653*659*661*673*677*683*691*701*709*719*727*733*739*743*751*757*761*769*773*787*797*809*811*821*823*827*829,1055,5*211,211,211,211,5,5,5,-,0.054385125359,4.773414461947,0.054385125359,0.041811391668,0.041811391668,0.012573733691,0.000000000000,YES
128,3,733,104,4,107,191;193;197;199;211;223;227;229;233;239;241,211,-,211,1055,4,22524116481874244838253368945755160556184483629654954300302298263719389579815649274753253854653909127430580147160314895227985732665474189889926445874259119775475462446168975372185571992980216656357497446537517968825917705551993006182783724990898503168699925858103040,2^8*3^7*5*7^2*11^2*13*17*19^2*23*29*31*37^2*41*43*53^2*59^2*61*67*71*73*79*83*107^2*109^2*113^2*127^2*131^2*137^2*139^2*149*151*157*163^2*167^2*173*179*181*191*193*197*199*211*223*227*229*233*239*241*251*257*263*269*271*277*317*331*337*347*349*353*359*367*373*379*383*389*397*401*409*419*631*641*643*647*653*659*661*673*677*683*691*701*709*719*727*733*739*743*751*757*761*769*773*787*797*809*811*821*823*827*829,1055,5*211,211,211,211,5,5,5,-,0.054385125359,4.773414461947,0.054385125359,0.041811391668,0.041811391668,0.012573733691,0.000000000000,YES
128,3,733,104,8,111,191;193;197;199;211;223;227;229;233;239;241,211,-,211,1055,4,22524116481874244838253368945755160556184483629654954300302298263719389579815649274753253854653909127430580147160314895227985732665474189889926445874259119775475462446168975372185571992980216656357497446537517968825917705551993006182783724990898503168699925858103040,2^8*3^7*5*7^2*11^2*13*17*19^2*23*29*31*37^2*41*43*53^2*59^2*61*67*71*73*79*83*107^2*109^2*113^2*127^2*131^2*137^2*139^2*149*151*157*163^2*167^2*173*179*181*191*193*197*199*211*223*227*229*233*239*241*251*257*263*269*271*277*317*331*337*347*349*353*359*367*373*379*383*389*397*401*409*419*631*641*643*647*653*659*661*673*677*683*691*701*709*719*727*733*739*743*751*757*761*769*773*787*797*809*811*821*823*827*829,1055,5*211,211,211,211,5,5,5,-,0.054385125359,4.773414461947,0.054385125359,0.041811391668,0.041811391668,0.012573733691,0.000000000000,YES
128,3,738,105,1,105,191;193;197;199;211;223;227;229;233;239;241,233,-,233,1165,4,4504200942041756731088339501340720544082719218734206607091780352846335735301123945807885873944575968606712626412323188355859096042331755441395578942135469159311130393468808903106532899685954139111553894968954822307117299910762268436034437451738280826035626034466999040,2^8*3^7*5*7^2*11^2*13*19^2*23*29^3*31*37*41*43*59^2*61*67*71*73*83*107^2*109^2*113^2*127^2*131^2*137^2*139^2*149*151*157*163^2*167^2*173*179*181*191*193*197*199*211^2*223*227*229*233*239*241*251*257*263*269*271*277*281*317*331*337*347*349*353*359*367*373*379*383*389*397*401*409*419*421*641*643*647*653*659*661*673*677*683*691*701*709*719*727*733*739*743*751*757*761*769*773*787*797*809*811*821*823*827*829*839,1165,5*233,233,233,233,5,5,5,-,0.055159971609,4.814806486980,0.055159971609,0.042586237918,0.042586237918,0.012573733691,0.000000000000,YES
128,3,738,105,2,106,191;193;197;199;211;223;227;229;233;239;241,233,-,233,1165,4,4504200942041756731088339501340720544082719218734206607091780352846335735301123945807885873944575968606712626412323188355859096042331755441395578942135469159311130393468808903106532899685954139111553894968954822307117299910762268436034437451738280826035626034466999040,2^8*3^7*5*7^2*11^2*13*19^2*23*29^3*31*37*41*43*59^2*61*67*71*73*83*107^2*109^2*113^2*127^2*131^2*137^2*139^2*149*151*157*163^2*167^2*173*179*181*191*193*197*199*211^2*223*227*229*233*239*241*251*257*263*269*271*277*281*317*331*337*347*349*353*359*367*373*379*383*389*397*401*409*419*421*641*643*647*653*659*661*673*677*683*691*701*709*719*727*733*739*743*751*757*761*769*773*787*797*809*811*821*823*827*829*839,1165,5*233,233,233,233,5,5,5,-,0.055159971609,4.814806486980,0.055159971609,0.042586237918,0.042586237918,0.012573733691,0.000000000000,YES
128,3,738,105,4,108,191;193;197;199;211;223;227;229;233;239;241,233,-,233,1165,4,4504200942041756731088339501340720544082719218734206607091780352846335735301123945807885873944575968606712626412323188355859096042331755441395578942135469159311130393468808903106532899685954139111553894968954822307117299910762268436034437451738280826035626034466999040,2^8*3^7*5*7^2*11^2*13*19^2*23*29^3*31*37*41*43*59^2*61*67*71*73*83*107^2*109^2*113^2*127^2*131^2*137^2*139^2*149*151*157*163^2*167^2*173*179*181*191*193*197*199*211^2*223*227*229*233*239*241*251*257*263*269*271*277*281*317*331*337*347*349*353*359*367*373*379*383*389*397*401*409*419*421*641*643*647*653*659*661*673*677*683*691*701*709*719*727*733*739*743*751*757*761*769*773*787*797*809*811*821*823*827*829*839,1165,5*233,233,233,233,5,5,5,-,0.055159971609,4.814806486980,0.055159971609,0.042586237918,0.042586237918,0.012573733691,0.000000000000,YES
128,3,738,105,8,112,191;193;197;199;211;223;227;229;233;239;241,233,-,233,1165,4,4504200942041756731088339501340720544082719218734206607091780352846335735301123945807885873944575968606712626412323188355859096042331755441395578942135469159311130393468808903106532899685954139111553894968954822307117299910762268436034437451738280826035626034466999040,2^8*3^7*5*7^2*11^2*13*19^2*23*29^3*31*37*41*43*59^2*61*67*71*73*83*107^2*109^2*113^2*127^2*131^2*137^2*139^2*149*151*157*163^2*167^2*173*179*181*191*193*197*199*211^2*223*227*229*233*239*241*251*257*263*269*271*277*281*317*331*337*347*349*353*359*367*373*379*383*389*397*401*409*419*421*641*643*647*653*659*661*673*677*683*691*701*709*719*727*733*739*743*751*757*761*769*773*787*797*809*811*821*823*827*829*839,1165,5*233,233,233,233,5,5,5,-,0.055159971609,4.814806486980,0.055159971609,0.042586237918,0.042586237918,0.012573733691,0.000000000000,YES
128,3,741,105,1,105,191;193;197;199;211;223;227;229;233;239;241,193,-,193,965,3,10701916206070707442991832099819366436290682225356827059789092971551279881994822703262221579634524009205343720857450863392472854435190520544147723733904454689516837299061456866228417428339212273539868150578475357635210651342839512038018065808456400641351006270028468480,2^8*3^8*5*7^3*11^4*13^3*19^2*23*29^3*31*37*41*43*47*59^2*61*67*71*73*83*107^2*109^2*113^2*127*131^2*137^2*139^2*149*151*157*163^2*167^2*173*179*181*191*193*197*199*211*223*227*229*233*239*241*251*257*263*269*271*277*281*331*337*347*349*353*359*367*373*379*383*389*397*401*409*419*421*641*643*647*653*659*661*673*677*683*691*701*709*719*727*733*739*743*751*757*761*769*773*787*797*809*811*821*823*827*829*839,965,5*193,193,193,193,5,5,5,-,0.053688500792,4.821567520621,0.053688500792,0.041114767101,0.041114767101,0.012573733691,0.000000000000,YES
128,3,741,105,2,106,191;193;197;199;211;223;227;229;233;239;241,193,-,193,965,3,10701916206070707442991832099819366436290682225356827059789092971551279881994822703262221579634524009205343720857450863392472854435190520544147723733904454689516837299061456866228417428339212273539868150578475357635210651342839512038018065808456400641351006270028468480,2^8*3^8*5*7^3*11^4*13^3*19^2*23*29^3*31*37*41*43*47*59^2*61*67*71*73*83*107^2*109^2*113^2*127*131^2*137^2*139^2*149*151*157*163^2*167^2*173*179*181*191*193*197*199*211*223*227*229*233*239*241*251*257*263*269*271*277*281*331*337*347*349*353*359*367*373*379*383*389*397*401*409*419*421*641*643*647*653*659*661*673*677*683*691*701*709*719*727*733*739*743*751*757*761*769*773*787*797*809*811*821*823*827*829*839,965,5*193,193,193,193,5,5,5,-,0.053688500792,4.821567520621,0.053688500792,0.041114767101,0.041114767101,0.012573733691,0.000000000000,YES
128,3,741,105,4,108,191;193;197;199;211;223;227;229;233;239;241,193,-,193,965,3,10701916206070707442991832099819366436290682225356827059789092971551279881994822703262221579634524009205343720857450863392472854435190520544147723733904454689516837299061456866228417428339212273539868150578475357635210651342839512038018065808456400641351006270028468480,2^8*3^8*5*7^3*11^4*13^3*19^2*23*29^3*31*37*41*43*47*59^2*61*67*71*73*83*107^2*109^2*113^2*127*131^2*137^2*139^2*149*151*157*163^2*167^2*173*179*181*191*193*197*199*211*223*227*229*233*239*241*251*257*263*269*271*277*281*331*337*347*349*353*359*367*373*379*383*389*397*401*409*419*421*641*643*647*653*659*661*673*677*683*691*701*709*719*727*733*739*743*751*757*761*769*773*787*797*809*811*821*823*827*829*839,965,5*193,193,193,193,5,5,5,-,0.053688500792,4.821567520621,0.053688500792,0.041114767101,0.041114767101,0.012573733691,0.000000000000,YES
128,3,741,105,8,112,191;193;197;199;211;223;227;229;233;239;241,193,-,193,965,3,10701916206070707442991832099819366436290682225356827059789092971551279881994822703262221579634524009205343720857450863392472854435190520544147723733904454689516837299061456866228417428339212273539868150578475357635210651342839512038018065808456400641351006270028468480,2^8*3^8*5*7^3*11^4*13^3*19^2*23*29^3*31*37*41*43*47*59^2*61*67*71*73*83*107^2*109^2*113^2*127*131^2*137^2*139^2*149*151*157*163^2*167^2*173*179*181*191*193*197*199*211*223*227*229*233*239*241*251*257*263*269*271*277*281*331*337*347*349*353*359*367*373*379*383*389*397*401*409*419*421*641*643*647*653*659*661*673*677*683*691*701*709*719*727*733*739*743*751*757*761*769*773*787*797*809*811*821*823*827*829*839,965,5*193,193,193,193,5,5,5,-,0.053688500792,4.821567520621,0.053688500792,0.041114767101,0.041114767101,0.012573733691,0.000000000000,YES
128,3,743,105,1,105,191;193;197;199;211;223;227;229;233;239;241,197;211,-,197;211,37618135,8,19018161923503988736996473998423112725087994158718882624303380288533828612901317582563319981391336229859417726861278457394472953250605446241719345787723457941182197523606858983627266136389306583433486258170854167728506212433429085756729121656471970998444802351133793280,2^10*3^8*5*7*11^4*13^2*19^2*23*29^3*31*37*41*43*47*59^2*61*67*71*73*83*107^2*109^2*113^2*127*131^2*137^2*139^2*149*151*157*163^2*167^2*173*179*181*191*193*197*199*211*223*227*229*233*239*241*251*257*263*269*271*277*281*283*331*337*347*349*353*359*367*373*379*383*389*397*401*409*419*421*641*643*647*653*659*661*673*677*683*691*701*709*719*727*733*739*743*751*757*761*769*773*787*797*809*811*821*823*827*829*839,37618135,5*181*197*211,41567,197*211,41567,905,5*181,5;181,-,0.136273412546,4.826059486271,0.136273412546,0.083086420799,0.083086420799,0.053186991748,0.000000000000,YES
128,3,743,105,2,106,191;193;197;199;211;223;227;229;233;239;241,197;211,-,197;211,37618135,8,19018161923503988736996473998423112725087994158718882624303380288533828612901317582563319981391336229859417726861278457394472953250605446241719345787723457941182197523606858983627266136389306583433486258170854167728506212433429085756729121656471970998444802351133793280,2^10*3^8*5*7*11^4*13^2*19^2*23*29^3*31*37*41*43*47*59^2*61*67*71*73*83*107^2*109^2*113^2*127*131^2*137^2*139^2*149*151*157*163^2*167^2*173*179*181*191*193*197*199*211*223*227*229*233*239*241*251*257*263*269*271*277*281*283*331*337*347*349*353*359*367*373*379*383*389*397*401*409*419*421*641*643*647*653*659*661*673*677*683*691*701*709*719*727*733*739*743*751*757*761*769*773*787*797*809*811*821*823*827*829*839,37618135,5*181*197*211,41567,197*211,41567,905,5*181,5;181,-,0.136273412546,4.826059486271,0.136273412546,0.083086420799,0.083086420799,0.053186991748,0.000000000000,YES
128,3,743,105,4,108,191;193;197;199;211;223;227;229;233;239;241,197;211,-,197;211,37618135,8,19018161923503988736996473998423112725087994158718882624303380288533828612901317582563319981391336229859417726861278457394472953250605446241719345787723457941182197523606858983627266136389306583433486258170854167728506212433429085756729121656471970998444802351133793280,2^10*3^8*5*7*11^4*13^2*19^2*23*29^3*31*37*41*43*47*59^2*61*67*71*73*83*107^2*109^2*113^2*127*131^2*137^2*139^2*149*151*157*163^2*167^2*173*179*181*191*193*197*199*211*223*227*229*233*239*241*251*257*263*269*271*277*281*283*331*337*347*349*353*359*367*373*379*383*389*397*401*409*419*421*641*643*647*653*659*661*673*677*683*691*701*709*719*727*733*739*743*751*757*761*769*773*787*797*809*811*821*823*827*829*839,37618135,5*181*197*211,41567,197*211,41567,905,5*181,5;181,-,0.136273412546,4.826059486271,0.136273412546,0.083086420799,0.083086420799,0.053186991748,0.000000000000,YES
128,3,743,105,8,112,191;193;197;199;211;223;227;229;233;239;241,197;211,-,197;211,37618135,8,19018161923503988736996473998423112725087994158718882624303380288533828612901317582563319981391336229859417726861278457394472953250605446241719345787723457941182197523606858983627266136389306583433486258170854167728506212433429085756729121656471970998444802351133793280,2^10*3^8*5*7*11^4*13^2*19^2*23*29^3*31*37*41*43*47*59^2*61*67*71*73*83*107^2*109^2*113^2*127*131^2*137^2*139^2*149*151*157*163^2*167^2*173*179*181*191*193*197*199*211*223*227*229*233*239*241*251*257*263*269*271*277*281*283*331*337*347*349*353*359*367*373*379*383*389*397*401*409*419*421*641*643*647*653*659*661*673*677*683*691*701*709*719*727*733*739*743*751*757*761*769*773*787*797*809*811*821*823*827*829*839,37618135,5*181*197*211,41567,197*211,41567,905,5*181,5;181,-,0.136273412546,4.826059486271,0.136273412546,0.083086420799,0.083086420799,0.053186991748,0.000000000000,YES
128,3,754,107,1,107,191;193;197;199;211;223;227;229;233;239;241;251,227,-,227,227,3,1018297873812524331138079413020478870216071742988994538795837872822965474087339901327132322517999574608939854065755350441504977791508430786160201971131623361365241747695829338411766521001183826840763045755421643085557773175985580616224941552211203175008136930141119480852000,2^5*3^3*5^3*7^2*11^4*13^3*19^2*23*29^2*31*37^2*41^2*43*47*59^2*61^2*67*71*73*83*109^2*113^2*127*131^2*137^2*139^2*149*151*157*163^2*167^2*173*179*181*191*193*197*199*211*223*227*229*233*239*241*251*257*263*269*271*277*281*283*331*337*347*349*353*359*367*373*379*383*389*397*401*409*419*421*431*647*653*659*661*673*677*683*691*701*709*719*727*733*739*743*751*757*761*769*773*787*797*809*811*821*823*827*829*839*853*857*859,227,227,227,227,227,1,1,-,-,0.042382422012,4.911123928669,0.042382422012,0.042382422012,0.042382422012,0.000000000000,0.000000000000,YES
128,3,754,107,2,108,191;193;197;199;211;223;227;229;233;239;241;251,227,-,227,227,3,1018297873812524331138079413020478870216071742988994538795837872822965474087339901327132322517999574608939854065755350441504977791508430786160201971131623361365241747695829338411766521001183826840763045755421643085557773175985580616224941552211203175008136930141119480852000,2^5*3^3*5^3*7^2*11^4*13^3*19^2*23*29^2*31*37^2*41^2*43*47*59^2*61^2*67*71*73*83*109^2*113^2*127*131^2*137^2*139^2*149*151*157*163^2*167^2*173*179*181*191*193*197*199*211*223*227*229*233*239*241*251*257*263*269*271*277*281*283*331*337*347*349*353*359*367*373*379*383*389*397*401*409*419*421*431*647*653*659*661*673*677*683*691*701*709*719*727*733*739*743*751*757*761*769*773*787*797*809*811*821*823*827*829*839*853*857*859,227,227,227,227,227,1,1,-,-,0.042382422012,4.911123928669,0.042382422012,0.042382422012,0.042382422012,0.000000000000,0.000000000000,YES
128,3,754,107,4,110,191;193;197;199;211;223;227;229;233;239;241;251,227,-,227,227,3,1018297873812524331138079413020478870216071742988994538795837872822965474087339901327132322517999574608939854065755350441504977791508430786160201971131623361365241747695829338411766521001183826840763045755421643085557773175985580616224941552211203175008136930141119480852000,2^5*3^3*5^3*7^2*11^4*13^3*19^2*23*29^2*31*37^2*41^2*43*47*59^2*61^2*67*71*73*83*109^2*113^2*127*131^2*137^2*139^2*149*151*157*163^2*167^2*173*179*181*191*193*197*199*211*223*227*229*233*239*241*251*257*263*269*271*277*281*283*331*337*347*349*353*359*367*373*379*383*389*397*401*409*419*421*431*647*653*659*661*673*677*683*691*701*709*719*727*733*739*743*751*757*761*769*773*787*797*809*811*821*823*827*829*839*853*857*859,227,227,227,227,227,1,1,-,-,0.042382422012,4.911123928669,0.042382422012,0.042382422012,0.042382422012,0.000000000000,0.000000000000,YES
128,3,754,107,8,114,191;193;197;199;211;223;227;229;233;239;241;251,227,-,227,227,3,1018297873812524331138079413020478870216071742988994538795837872822965474087339901327132322517999574608939854065755350441504977791508430786160201971131623361365241747695829338411766521001183826840763045755421643085557773175985580616224941552211203175008136930141119480852000,2^5*3^3*5^3*7^2*11^4*13^3*19^2*23*29^2*31*37^2*41^2*43*47*59^2*61^2*67*71*73*83*109^2*113^2*127*131^2*137^2*139^2*149*151*157*163^2*167^2*173*179*181*191*193*197*199*211*223*227*229*233*239*241*251*257*263*269*271*277*281*283*331*337*347*349*353*359*367*373*379*383*389*397*401*409*419*421*431*647*653*659*661*673*677*683*691*701*709*719*727*733*739*743*751*757*761*769*773*787*797*809*811*821*823*827*829*839*853*857*859,227,227,227,227,227,1,1,-,-,0.042382422012,4.911123928669,0.042382422012,0.042382422012,0.042382422012,0.000000000000,0.000000000000,YES
128,3,812,115,1,115,211;223;227;229;233;239;241;251,241,-,241,69649,5,471446252316076889133457439110476320107769522002973050071828678617322505429872029481023022448092548749364975097075069021600937937252672652826930386266776604093633564347878293001398606742231882454569339813966766191521767902253755486036976894291634570296516982020676098415936959889520645708480000,2^9*3^7*5^4*7*11^3*13^3*17^3*19*29*31*37*41^2*43*47*59^2*61^2*67*71^2*73*79*83*89*101*103*127^2*131^2*137*139*149^2*151^2*157*163*167*173*179^2*181^2*191*193*197*199*211*223*227*229*233*239*241*251*257*263*269*271*277*281*283*293*307*349*353*359*367*373*379*383*389*397*401*409*419*421*431*433*439*443*449*457*461*463*701*709*719*727*733*739*743*751*757*761*769*773*787*797*809*811*821*823*827*829*839*853*857*859*863*877*881*883*887*907*911*919,69649,17^2*241,241,241,241,289,17^2,17,-,0.087118934544,5.282875524718,0.087118934544,0.042849976043,0.042849976043,0.044268958501,0.000000000000,YES
128,3,812,115,2,116,211;223;227;229;233;239;241;251,241,-,241,69649,5,471446252316076889133457439110476320107769522002973050071828678617322505429872029481023022448092548749364975097075069021600937937252672652826930386266776604093633564347878293001398606742231882454569339813966766191521767902253755486036976894291634570296516982020676098415936959889520645708480000,2^9*3^7*5^4*7*11^3*13^3*17^3*19*29*31*37*41^2*43*47*59^2*61^2*67*71^2*73*79*83*89*101*103*127^2*131^2*137*139*149^2*151^2*157*163*167*173*179^2*181^2*191*193*197*199*211*223*227*229*233*239*241*251*257*263*269*271*277*281*283*293*307*349*353*359*367*373*379*383*389*397*401*409*419*421*431*433*439*443*449*457*461*463*701*709*719*727*733*739*743*751*757*761*769*773*787*797*809*811*821*823*827*829*839*853*857*859*863*877*881*883*887*907*911*919,69649,17^2*241,241,241,241,289,17^2,17,-,0.087118934544,5.282875524718,0.087118934544,0.042849976043,0.042849976043,0.044268958501,0.000000000000,YES
128,3,812,115,4,118,211;223;227;229;233;239;241;251,241,-,241,69649,5,471446252316076889133457439110476320107769522002973050071828678617322505429872029481023022448092548749364975097075069021600937937252672652826930386266776604093633564347878293001398606742231882454569339813966766191521767902253755486036976894291634570296516982020676098415936959889520645708480000,2^9*3^7*5^4*7*11^3*13^3*17^3*19*29*31*37*41^2*43*47*59^2*61^2*67*71^2*73*79*83*89*101*103*127^2*131^2*137*139*149^2*151^2*157*163*167*173*179^2*181^2*191*193*197*199*211*223*227*229*233*239*241*251*257*263*269*271*277*281*283*293*307*349*353*359*367*373*379*383*389*397*401*409*419*421*431*433*439*443*449*457*461*463*701*709*719*727*733*739*743*751*757*761*769*773*787*797*809*811*821*823*827*829*839*853*857*859*863*877*881*883*887*907*911*919,69649,17^2*241,241,241,241,289,17^2,17,-,0.087118934544,5.282875524718,0.087118934544,0.042849976043,0.042849976043,0.044268958501,0.000000000000,YES
128,3,812,115,8,122,211;223;227;229;233;239;241;251,241,-,241,4097,4,471446252316076889133457439110476320107769522002973050071828678617322505429872029481023022448092548749364975097075069021600937937252672652826930386266776604093633564347878293001398606742231882454569339813966766191521767902253755486036976894291634570296516982020676098415936959889520645708480000,2^9*3^7*5^4*7*11^3*13^3*17^3*19*29*31*37*41^2*43*47*59^2*61^2*67*71^2*73*79*83*89*101*103*127^2*131^2*137*139*149^2*151^2*157*163*167*173*179^2*181^2*191*193*197*199*211*223*227*229*233*239*241*251*257*263*269*271*277*281*283*293*307*349*353*359*367*373*379*383*389*397*401*409*419*421*431*433*439*443*449*457*461*463*701*709*719*727*733*739*743*751*757*761*769*773*787*797*809*811*821*823*827*829*839*853*857*859*863*877*881*883*887*907*911*919,4097,17*241,241,241,241,17,17,17,-,0.064984455293,5.282875524718,0.064984455293,0.042849976043,0.042849976043,0.022134479250,0.022134479250,YES
128,3,834,118,1,118,211;223;227;229;233;239;241;251,227,-,227,1742225,7,28482841534933646769907066767031366611309955974384176430642457249740229116025021608395458643857930623683613065581075129794535462659421639632096948496712759391891669325537624014396101218467376579582842241391790457141546614496515694959536632924663989087505396735373907784116371277407230871384176262400000,2^11*3^5*5^5*7*11^3*13*17*19^2*29*31*41^2*43^2*47*61^2*67^2*71*73^2*79*83*103*127^2*131^2*137*139*149^2*151^2*157^2*163*167*173*179^2*181^2*191*193*197*199*211*223*227*229*233*239*241*251*257*263*269*271*277*281*283*293*307*311*313*317*359*367*373*379*383*389*397*401*409*419*421*431*433*439*443*449*457*461*463*467*719*727*733*739*743*751*757*761*769*773*787*797*809*811*821*823*827*829*839*853*857*859*863*877*881*883*887*907*911*919*929*937*941*947*953,1742225,5^2*227*307,227,227,227,7675,5^2*307,5;307,-,0.112270887421,5.422850232444,0.112270887421,0.042382422012,0.042382422012,0.069888465410,0.000000000000,YES
128,3,834,118,2,119,211;223;227;229;233;239;241;251,227,-,227,1742225,7,28482841534933646769907066767031366611309955974384176430642457249740229116025021608395458643857930623683613065581075129794535462659421639632096948496712759391891669325537624014396101218467376579582842241391790457141546614496515694959536632924663989087505396735373907784116371277407230871384176262400000,2^11*3^5*5^5*7*11^3*13*17*19^2*29*31*41^2*43^2*47*61^2*67^2*71*73^2*79*83*103*127^2*131^2*137*139*149^2*151^2*157^2*163*167*173*179^2*181^2*191*193*197*199*211*223*227*229*233*239*241*251*257*263*269*271*277*281*283*293*307*311*313*317*359*367*373*379*383*389*397*401*409*419*421*431*433*439*443*449*457*461*463*467*719*727*733*739*743*751*757*761*769*773*787*797*809*811*821*823*827*829*839*853*857*859*863*877*881*883*887*907*911*919*929*937*941*947*953,1742225,5^2*227*307,227,227,227,7675,5^2*307,5;307,-,0.112270887421,5.422850232444,0.112270887421,0.042382422012,0.042382422012,0.069888465410,0.000000000000,YES
128,3,834,118,4,121,211;223;227;229;233;239;241;251,227,-,227,1742225,7,28482841534933646769907066767031366611309955974384176430642457249740229116025021608395458643857930623683613065581075129794535462659421639632096948496712759391891669325537624014396101218467376579582842241391790457141546614496515694959536632924663989087505396735373907784116371277407230871384176262400000,2^11*3^5*5^5*7*11^3*13*17*19^2*29*31*41^2*43^2*47*61^2*67^2*71*73^2*79*83*103*127^2*131^2*137*139*149^2*151^2*157^2*163*167*173*179^2*181^2*191*193*197*199*211*223*227*229*233*239*241*251*257*263*269*271*277*281*283*293*307*311*313*317*359*367*373*379*383*389*397*401*409*419*421*431*433*439*443*449*457*461*463*467*719*727*733*739*743*751*757*761*769*773*787*797*809*811*821*823*827*829*839*853*857*859*863*877*881*883*887*907*911*919*929*937*941*947*953,1742225,5^2*227*307,227,227,227,7675,5^2*307,5;307,-,0.112270887421,5.422850232444,0.112270887421,0.042382422012,0.042382422012,0.069888465410,0.000000000000,YES
128,3,834,118,8,125,211;223;227;229;233;239;241;251,227,-,227,69689,5,28482841534933646769907066767031366611309955974384176430642457249740229116025021608395458643857930623683613065581075129794535462659421639632096948496712759391891669325537624014396101218467376579582842241391790457141546614496515694959536632924663989087505396735373907784116371277407230871384176262400000,2^11*3^5*5^5*7*11^3*13*17*19^2*29*31*41^2*43^2*47*61^2*67^2*71*73^2*79*83*103*127^2*131^2*137*139*149^2*151^2*157^2*163*167*173*179^2*181^2*191*193*197*199*211*223*227*229*233*239*241*251*257*263*269*271*277*281*283*293*307*311*313*317*359*367*373*379*383*389*397*401*409*419*421*431*433*439*443*449*457*461*463*467*719*727*733*739*743*751*757*761*769*773*787*797*809*811*821*823*827*829*839*853*857*859*863*877*881*883*887*907*911*919*929*937*941*947*953,69689,227*307,227,227,227,307,307,307,-,0.087123420040,5.422850232444,0.087123420040,0.042382422012,0.042382422012,0.044740998028,0.025147467382,YES
128,3,867,123,1,123,223;227;229;233;239;241;251,251,-,251,1255,4,92484722937488979484598430594964974701840104838310423643546072564686094387112124441764390245881968034914789585354929541897652654325082657230412436390278471876630844303425472877347881135991226176541473792321911811271084044347873694578416162348244904749687344265508903929933110574155519159548056036504076420588000000,2^8*3^6*5^6*7^2*11*13^2*17^2*19*23*29^2*31*43^2*47^2*67*71*73*79*83*89*97*107*109*127^2*131^2*137^2*139^2*149^2*151^2*157^2*163^2*167*173*179*181*191^2*193^2*197^2*199*211*223*227*229*233*239*241*251*257*263*269*271*277*281*283*293*307*311*313*317*373*379*383*389*397*401*409*419*421*431*433*439*443*449*457*461*463*467*479*487*491*751*757*761*769*773*787*797*809*811*821*823*827*829*839*853*857*859*863*877*881*883*887*907*911*919*929*937*941*947*953*967*971*977*983*991,1255,5*251,251,251,251,5,5,5,-,0.055741334778,5.647918691309,0.055741334778,0.043167601087,0.043167601087,0.012573733691,0.000000000000,YES
128,3,867,123,2,124,223;227;229;233;239;241;251,251,-,251,1255,4,92484722937488979484598430594964974701840104838310423643546072564686094387112124441764390245881968034914789585354929541897652654325082657230412436390278471876630844303425472877347881135991226176541473792321911811271084044347873694578416162348244904749687344265508903929933110574155519159548056036504076420588000000,2^8*3^6*5^6*7^2*11*13^2*17^2*19*23*29^2*31*43^2*47^2*67*71*73*79*83*89*97*107*109*127^2*131^2*137^2*139^2*149^2*151^2*157^2*163^2*167*173*179*181*191^2*193^2*197^2*199*211*223*227*229*233*239*241*251*257*263*269*271*277*281*283*293*307*311*313*317*373*379*383*389*397*401*409*419*421*431*433*439*443*449*457*461*463*467*479*487*491*751*757*761*769*773*787*797*809*811*821*823*827*829*839*853*857*859*863*877*881*883*887*907*911*919*929*937*941*947*953*967*971*977*983*991,1255,5*251,251,251,251,5,5,5,-,0.055741334778,5.647918691309,0.055741334778,0.043167601087,0.043167601087,0.012573733691,0.000000000000,YES
128,3,867,123,4,126,223;227;229;233;239;241;251,251,-,251,251,3,92484722937488979484598430594964974701840104838310423643546072564686094387112124441764390245881968034914789585354929541897652654325082657230412436390278471876630844303425472877347881135991226176541473792321911811271084044347873694578416162348244904749687344265508903929933110574155519159548056036504076420588000000,2^8*3^6*5^6*7^2*11*13^2*17^2*19*23*29^2*31*43^2*47^2*67*71*73*79*83*89*97*107*109*127^2*131^2*137^2*139^2*149^2*151^2*157^2*163^2*167*173*179*181*191^2*193^2*197^2*199*211*223*227*229*233*239*241*251*257*263*269*271*277*281*283*293*307*311*313*317*373*379*383*389*397*401*409*419*421*431*433*439*443*449*457*461*463*467*479*487*491*751*757*761*769*773*787*797*809*811*821*823*827*829*839*853*857*859*863*877*881*883*887*907*911*919*929*937*941*947*953*967*971*977*983*991,251,251,251,251,251,1,1,-,-,0.043167601087,5.647918691309,0.043167601087,0.043167601087,0.043167601087,0.000000000000,0.012573733691,YES
128,3,867,123,8,130,223;227;229;233;239;241;251,251,-,251,251,3,92484722937488979484598430594964974701840104838310423643546072564686094387112124441764390245881968034914789585354929541897652654325082657230412436390278471876630844303425472877347881135991226176541473792321911811271084044347873694578416162348244904749687344265508903929933110574155519159548056036504076420588000000,2^8*3^6*5^6*7^2*11*13^2*17^2*19*23*29^2*31*43^2*47^2*67*71*73*79*83*89*97*107*109*127^2*131^2*137^2*139^2*149^2*151^2*157^2*163^2*167*173*179*181*191^2*193^2*197^2*199*211*223*227*229*233*239*241*251*257*263*269*271*277*281*283*293*307*311*313*317*373*379*383*389*397*401*409*419*421*431*433*439*443*449*457*461*463*467*479*487*491*751*757*761*769*773*787*797*809*811*821*823*827*829*839*853*857*859*863*877*881*883*887*907*911*919*929*937*941*947*953*967*971*977*983*991,251,251,251,251,251,1,1,-,-,0.043167601087,5.647918691309,0.043167601087,0.043167601087,0.043167601087,0.000000000000,0.012573733691,YES
128,3,874,124,1,124,223;227;229;233;239;241;251,241,-,241,241,3,32991254707105692012425543132940112583250676377653025085209931506875598685005817995968122844521913100568517125143135346076024967516553100742000577888859001970766281735332341995685888501459046747379909661632771139228350673529227765411751458003954169991872951092054719700928976737569238217613169580168341770785021089792,2^11*3^8*7^2*13^2*17*19*23*29^2*31*37*43^2*47^2*67*71^2*73*79*83*89*97*109*127^2*131^2*137^2*139^2*149*151^2*157^2*163^2*167*173*179*181*191^2*193^2*197^2*199^2*211*223*227*229*233*239*241*251*257*263*269*271*277*281*283*293*307*311*313*317*331*379*383*389*397*401*409*419*421*431*433*439*443*449*457*461*463*467*479*487*491*499*751*757*761*769*773*787*797*809*811*821*823*827*829*839*853*857*859*863*877*881*883*887*907*911*919*929*937*941*947*953*967*971*977*983*991*997,241,241,241,241,241,1,1,-,-,0.042849976043,5.693832396958,0.042849976043,0.042849976043,0.042849976043,0.000000000000,0.000000000000,YES
128,3,874,124,2,125,223;227;229;233;239;241;251,241,-,241,241,3,32991254707105692012425543132940112583250676377653025085209931506875598685005817995968122844521913100568517125143135346076024967516553100742000577888859001970766281735332341995685888501459046747379909661632771139228350673529227765411751458003954169991872951092054719700928976737569238217613169580168341770785021089792,2^11*3^8*7^2*13^2*17*19*23*29^2*31*37*43^2*47^2*67*71^2*73*79*83*89*97*109*127^2*131^2*137^2*139^2*149*151^2*157^2*163^2*167*173*179*181*191^2*193^2*197^2*199^2*211*223*227*229*233*239*241*251*257*263*269*271*277*281*283*293*307*311*313*317*331*379*383*389*397*401*409*419*421*431*433*439*443*449*457*461*463*467*479*487*491*499*751*757*761*769*773*787*797*809*811*821*823*827*829*839*853*857*859*863*877*881*883*887*907*911*919*929*937*941*947*953*967*971*977*983*991*997,241,241,241,241,241,1,1,-,-,0.042849976043,5.693832396958,0.042849976043,0.042849976043,0.042849976043,0.000000000000,0.000000000000,YES
128,3,874,124,4,127,223;227;229;233;239;241;251,241,-,241,241,3,32991254707105692012425543132940112583250676377653025085209931506875598685005817995968122844521913100568517125143135346076024967516553100742000577888859001970766281735332341995685888501459046747379909661632771139228350673529227765411751458003954169991872951092054719700928976737569238217613169580168341770785021089792,2^11*3^8*7^2*13^2*17*19*23*29^2*31*37*43^2*47^2*67*71^2*73*79*83*89*97*109*127^2*131^2*137^2*139^2*149*151^2*157^2*163^2*167*173*179*181*191^2*193^2*197^2*199^2*211*223*227*229*233*239*241*251*257*263*269*271*277*281*283*293*307*311*313*317*331*379*383*389*397*401*409*419*421*431*433*439*443*449*457*461*463*467*479*487*491*499*751*757*761*769*773*787*797*809*811*821*823*827*829*839*853*857*859*863*877*881*883*887*907*911*919*929*937*941*947*953*967*971*977*983*991*997,241,241,241,241,241,1,1,-,-,0.042849976043,5.693832396958,0.042849976043,0.042849976043,0.042849976043,0.000000000000,0.000000000000,YES
128,3,874,124,8,131,223;227;229;233;239;241;251,241,-,241,241,3,32991254707105692012425543132940112583250676377653025085209931506875598685005817995968122844521913100568517125143135346076024967516553100742000577888859001970766281735332341995685888501459046747379909661632771139228350673529227765411751458003954169991872951092054719700928976737569238217613169580168341770785021089792,2^11*3^8*7^2*13^2*17*19*23*29^2*31*37*43^2*47^2*67*71^2*73*79*83*89*97*109*127^2*131^2*137^2*139^2*149*151^2*157^2*163^2*167*173*179*181*191^2*193^2*197^2*199^2*211*223*227*229*233*239*241*251*257*263*269*271*277*281*283*293*307*311*313*317*331*379*383*389*397*401*409*419*421*431*433*439*443*449*457*461*463*467*479*487*491*499*751*757*761*769*773*787*797*809*811*821*823*827*829*839*853*857*859*863*877*881*883*887*907*911*919*929*937*941*947*953*967*971*977*983*991*997,241,241,241,241,241,1,1,-,-,0.042849976043,5.693832396958,0.042849976043,0.042849976043,0.042849976043,0.000000000000,0.000000000000,YES
128,3,889,126,1,126,223;227;229;233;239;241;251,251,-,251,251,3,5598580892817404384784508628150506860974623411015781702043320936553469165949558905504244720888388024296420870195858425696355109755366983742053643178201851061002612811779187593923028568621749683130449577343644838640682702787006307453681397379686724228757601711635558186044040948790362988057635744271587009936857625086443520,2^14*3^3*5*7^2*11*13^4*17^2*19*23*29^2*31*37*43^2*47*53*59*67^2*71^2*73*79*83*89*97*101*109*131^2*137^2*139^2*149*151*157^2*163^2*167^2*173*179*181*191^2*193^2*197^2*199^2*211*223*227*229*233*239*241*251*257*263*269*271*277*281*283*293*307*311*313*317*331*337*383*389*397*401*409*419*421*431*433*439*443*449*457*461*463*467*479*487*491*499*503*769*773*787*797*809*811*821*823*827*829*839*853*857*859*863*877*881*883*887*907*911*919*929*937*941*947*953*967*971*977*983*991*997*1009*1013,251,251,251,251,251,1,1,-,-,0.043167601087,5.787908812537,0.043167601087,0.043167601087,0.043167601087,0.000000000000,0.000000000000,YES
128,3,889,126,2,127,223;227;229;233;239;241;251,251,-,251,251,3,5598580892817404384784508628150506860974623411015781702043320936553469165949558905504244720888388024296420870195858425696355109755366983742053643178201851061002612811779187593923028568621749683130449577343644838640682702787006307453681397379686724228757601711635558186044040948790362988057635744271587009936857625086443520,2^14*3^3*5*7^2*11*13^4*17^2*19*23*29^2*31*37*43^2*47*53*59*67^2*71^2*73*79*83*89*97*101*109*131^2*137^2*139^2*149*151*157^2*163^2*167^2*173*179*181*191^2*193^2*197^2*199^2*211*223*227*229*233*239*241*251*257*263*269*271*277*281*283*293*307*311*313*317*331*337*383*389*397*401*409*419*421*431*433*439*443*449*457*461*463*467*479*487*491*499*503*769*773*787*797*809*811*821*823*827*829*839*853*857*859*863*877*881*883*887*907*911*919*929*937*941*947*953*967*971*977*983*991*997*1009*1013,251,251,251,251,251,1,1,-,-,0.043167601087,5.787908812537,0.043167601087,0.043167601087,0.043167601087,0.000000000000,0.000000000000,YES
128,3,889,126,4,129,223;227;229;233;239;241;251,251,-,251,251,3,5598580892817404384784508628150506860974623411015781702043320936553469165949558905504244720888388024296420870195858425696355109755366983742053643178201851061002612811779187593923028568621749683130449577343644838640682702787006307453681397379686724228757601711635558186044040948790362988057635744271587009936857625086443520,2^14*3^3*5*7^2*11*13^4*17^2*19*23*29^2*31*37*43^2*47*53*59*67^2*71^2*73*79*83*89*97*101*109*131^2*137^2*139^2*149*151*157^2*163^2*167^2*173*179*181*191^2*193^2*197^2*199^2*211*223*227*229*233*239*241*251*257*263*269*271*277*281*283*293*307*311*313*317*331*337*383*389*397*401*409*419*421*431*433*439*443*449*457*461*463*467*479*487*491*499*503*769*773*787*797*809*811*821*823*827*829*839*853*857*859*863*877*881*883*887*907*911*919*929*937*941*947*953*967*971*977*983*991*997*1009*1013,251,251,251,251,251,1,1,-,-,0.043167601087,5.787908812537,0.043167601087,0.043167601087,0.043167601087,0.000000000000,0.000000000000,YES
128,3,889,126,8,133,223;227;229;233;239;241;251,251,-,251,251,3,5598580892817404384784508628150506860974623411015781702043320936553469165949558905504244720888388024296420870195858425696355109755366983742053643178201851061002612811779187593923028568621749683130449577343644838640682702787006307453681397379686724228757601711635558186044040948790362988057635744271587009936857625086443520,2^14*3^3*5*7^2*11*13^4*17^2*19*23*29^2*31*37*43^2*47*53*59*67^2*71^2*73*79*83*89*97*101*109*131^2*137^2*139^2*149*151*157^2*163^2*167^2*173*179*181*191^2*193^2*197^2*199^2*211*223*227*229*233*239*241*251*257*263*269*271*277*281*283*293*307*311*313*317*331*337*383*389*397*401*409*419*421*431*433*439*443*449*457*461*463*467*479*487*491*499*503*769*773*787*797*809*811*821*823*827*829*839*853*857*859*863*877*881*883*887*907*911*919*929*937*941*947*953*967*971*977*983*991*997*1009*1013,251,251,251,251,251,1,1,-,-,0.043167601087,5.787908812537,0.043167601087,0.043167601087,0.043167601087,0.000000000000,0.000000000000,YES
128,3,892,127,1,127,227;229;233;239;241;251,233,-,233,233,3,630787688740361499659217705096888651177341217910193424161479823689691309884822095242173838916764912595945028197031494417767443044241907130539249337442409632451551601099838997335511484108795464091525787228030077283540637811063704720738601791081613231011717576968764268009978562186875758966517725842433245728646393099207909950,2*3^6*5^2*7*11*13^4*17^3*19*23*29^2*31*37*43^2*47*53*59*67^2*71^2*73*79*83*89*97*101*113*131^2*137^2*139^2*149*151*157^2*163^2*167^2*173*179*181*191*193^2*197^2*199^2*211*223*227*229*233*239*241*251*257*263*269*271*277*281*283*293*307*311*313*317*331*337*383*389*397*401*409*419*421*431*433*439*443*449*457*461*463*467*479*487*491*499*503*509*769*773*787*797*809*811*821*823*827*829*839*853*857*859*863*877*881*883*887*907*911*919*929*937*941*947*953*967*971*977*983*991*997*1009*1013*1019,233,233,233,233,233,1,1,-,-,0.042586237918,5.824818626477,0.042586237918,0.042586237918,0.042586237918,0.000000000000,0.000000000000,YES
128,3,892,127,2,128,227;229;233;239;241;251,233,-,233,233,3,630787688740361499659217705096888651177341217910193424161479823689691309884822095242173838916764912595945028197031494417767443044241907130539249337442409632451551601099838997335511484108795464091525787228030077283540637811063704720738601791081613231011717576968764268009978562186875758966517725842433245728646393099207909950,2*3^6*5^2*7*11*13^4*17^3*19*23*29^2*31*37*43^2*47*53*59*67^2*71^2*73*79*83*89*97*101*113*131^2*137^2*139^2*149*151*157^2*163^2*167^2*173*179*181*191*193^2*197^2*199^2*211*223*227*229*233*239*241*251*257*263*269*271*277*281*283*293*307*311*313*317*331*337*383*389*397*401*409*419*421*431*433*439*443*449*457*461*463*467*479*487*491*499*503*509*769*773*787*797*809*811*821*823*827*829*839*853*857*859*863*877*881*883*887*907*911*919*929*937*941*947*953*967*971*977*983*991*997*1009*1013*1019,233,233,233,233,233,1,1,-,-,0.042586237918,5.824818626477,0.042586237918,0.042586237918,0.042586237918,0.000000000000,0.000000000000,YES
128,3,892,127,4,130,227;229;233;239;241;251,233,-,233,233,3,630787688740361499659217705096888651177341217910193424161479823689691309884822095242173838916764912595945028197031494417767443044241907130539249337442409632451551601099838997335511484108795464091525787228030077283540637811063704720738601791081613231011717576968764268009978562186875758966517725842433245728646393099207909950,2*3^6*5^2*7*11*13^4*17^3*19*23*29^2*31*37*43^2*47*53*59*67^2*71^2*73*79*83*89*97*101*113*131^2*137^2*139^2*149*151*157^2*163^2*167^2*173*179*181*191*193^2*197^2*199^2*211*223*227*229*233*239*241*251*257*263*269*271*277*281*283*293*307*311*313*317*331*337*383*389*397*401*409*419*421*431*433*439*443*449*457*461*463*467*479*487*491*499*503*509*769*773*787*797*809*811*821*823*827*829*839*853*857*859*863*877*881*883*887*907*911*919*929*937*941*947*953*967*971*977*983*991*997*1009*1013*1019,233,233,233,233,233,1,1,-,-,0.042586237918,5.824818626477,0.042586237918,0.042586237918,0.042586237918,0.000000000000,0.000000000000,YES
128,3,892,127,8,134,227;229;233;239;241;251,233,-,233,233,3,630787688740361499659217705096888651177341217910193424161479823689691309884822095242173838916764912595945028197031494417767443044241907130539249337442409632451551601099838997335511484108795464091525787228030077283540637811063704720738601791081613231011717576968764268009978562186875758966517725842433245728646393099207909950,2*3^6*5^2*7*11*13^4*17^3*19*23*29^2*31*37*43^2*47*53*59*67^2*71^2*73*79*83*89*97*101*113*131^2*137^2*139^2*149*151*157^2*163^2*167^2*173*179*181*191*193^2*197^2*199^2*211*223*227*229*233*239*241*251*257*263*269*271*277*281*283*293*307*311*313*317*331*337*383*389*397*401*409*419*421*431*433*439*443*449*457*461*463*467*479*487*491*499*503*509*769*773*787*797*809*811*821*823*827*829*839*853*857*859*863*877*881*883*887*907*911*919*929*937*941*947*953*967*971*977*983*991*997*1009*1013*1019,233,233,233,233,233,1,1,-,-,0.042586237918,5.824818626477,0.042586237918,0.042586237918,0.042586237918,0.000000000000,0.000000000000,YES
