X,q,m,H,width,cutoff_last,candidate_primes,low_target_primes,singular_high_primes,full_hit_primes,Gamma_intersection_exact,Gamma_intersection_digits,endpoint_exact,endpoint_factorization,capped_carrier_exact,capped_carrier_factorization,target_part_exact,target_part_factorization,target_radical_exact,nuisance_part_exact,nuisance_factorization,nuisance_support,candidate_phantoms,log_intersection_over_X,log_endpoint_over_X,log_carrier_over_X,log_target_radical_over_X,log_target_part_over_X,log_nuisance_part_over_X,log_removed_from_width1_over_X,target_support_preserved
64,2,146,28,1,28,67;71;73,-,73,73,155,3,3623086304317107972654362259530795968163275316691311085797040000,2^7*3^2*5^4*7^2*11^2*13*17^2*19*31^2*37*41^2*43^2*47*53*59*61*67*71*73*79*83*127*131*137*139*149*151*157*163*167*173,155,5*31,1,1,1,155,5*31,5;31,-,0.078803517452,2.286721673304,0.078803517452,0.000000000000,0.000000000000,0.078803517452,0.000000000000,YES
64,2,146,28,2,29,67;71;73,-,73,73,155,3,3623086304317107972654362259530795968163275316691311085797040000,2^7*3^2*5^4*7^2*11^2*13*17^2*19*31^2*37*41^2*43^2*47*53*59*61*67*71*73*79*83*127*131*137*139*149*151*157*163*167*173,155,5*31,1,1,1,155,5*31,5;31,-,0.078803517452,2.286721673304,0.078803517452,0.000000000000,0.000000000000,0.078803517452,0.000000000000,YES
64,2,146,28,4,31,67;71;73,-,73,73,5,1,3623086304317107972654362259530795968163275316691311085797040000,2^7*3^2*5^4*7^2*11^2*13*17^2*19*31^2*37*41^2*43^2*47*53*59*61*67*71*73*79*83*127*131*137*139*149*151*157*163*167*173,5,5,1,1,1,5,5,5,-,0.025147467382,2.286721673304,0.025147467382,0.000000000000,0.000000000000,0.025147467382,0.053656050070,YES
64,2,146,28,8,35,67;71;73,-,73,73,5,1,3623086304317107972654362259530795968163275316691311085797040000,2^7*3^2*5^4*7^2*11^2*13*17^2*19*31^2*37*41^2*43^2*47*53*59*61*67*71*73*79*83*127*131*137*139*149*151*157*163*167*173,5,5,1,1,1,5,5,5,-,0.025147467382,2.286721673304,0.025147467382,0.000000000000,0.000000000000,0.025147467382,0.053656050070,YES
64,2,147,29,1,29,67;71;73,-,73,73,1,1,125407093946762830626809659009892617778024836295075247716388211200,2^9*3*5^2*7^2*11^3*13*17^2*19*31^2*37*41^2*43^2*47*53*59^2*61*67*71*73*79*83*127*131*137*139*149*151*157*163*167*173,1,1,1,1,1,1,1,-,-,0.000000000000,2.342100407121,0.000000000000,0.000000000000,0.000000000000,0.000000000000,0.000000000000,YES
64,2,147,29,2,30,67;71;73,-,73,73,1,1,125407093946762830626809659009892617778024836295075247716388211200,2^9*3*5^2*7^2*11^3*13*17^2*19*31^2*37*41^2*43^2*47*53*59^2*61*67*71*73*79*83*127*131*137*139*149*151*157*163*167*173,1,1,1,1,1,1,1,-,-,0.000000000000,2.342100407121,0.000000000000,0.000000000000,0.000000000000,0.000000000000,0.000000000000,YES
64,2,147,29,4,32,67;71;73,-,73,73,1,1,125407093946762830626809659009892617778024836295075247716388211200,2^9*3*5^2*7^2*11^3*13*17^2*19*31^2*37*41^2*43^2*47*53*59^2*61*67*71*73*79*83*127*131*137*139*149*151*157*163*167*173,1,1,1,1,1,1,1,-,-,0.000000000000,2.342100407121,0.000000000000,0.000000000000,0.000000000000,0.000000000000,0.000000000000,YES
64,2,147,29,8,36,67;71;73,-,73,73,1,1,125407093946762830626809659009892617778024836295075247716388211200,2^9*3*5^2*7^2*11^3*13*17^2*19*31^2*37*41^2*43^2*47*53*59^2*61*67*71*73*79*83*127*131*137*139*149*151*157*163*167*173,1,1,1,1,1,1,1,-,-,0.000000000000,2.342100407121,0.000000000000,0.000000000000,0.000000000000,0.000000000000,0.000000000000,YES
64,2,148,29,1,29,67;71;73,73,73,73,4015,4,189173412902743930945526434777634626817698481868842322826416115200,2^9*3*5^2*7^2*11^3*13*17^2*19*31^2*37*41^2*43^2*47*53*59*61*67*71*73*79*83*89*127*131*137*139*149*151*157*163*167*173,4015,5*11*73,73,73,73,55,5*11,5;11,-,0.129653009787,2.348523827837,0.129653009787,0.067038428768,0.067038428768,0.062614581019,0.000000000000,YES
64,2,148,29,2,30,67;71;73,73,73,73,4015,4,189173412902743930945526434777634626817698481868842322826416115200,2^9*3*5^2*7^2*11^3*13*17^2*19*31^2*37*41^2*43^2*47*53*59*61*67*71*73*79*83*89*127*131*137*139*149*151*157*163*167*173,4015,5*11*73,73,73,73,55,5*11,5;11,-,0.129653009787,2.348523827837,0.129653009787,0.067038428768,0.067038428768,0.062614581019,0.000000000000,YES
64,2,148,29,4,32,67;71;73,73,73,73,4015,4,189173412902743930945526434777634626817698481868842322826416115200,2^9*3*5^2*7^2*11^3*13*17^2*19*31^2*37*41^2*43^2*47*53*59*61*67*71*73*79*83*89*127*131*137*139*149*151*157*163*167*173,4015,5*11*73,73,73,73,55,5*11,5;11,-,0.129653009787,2.348523827837,0.129653009787,0.067038428768,0.067038428768,0.062614581019,0.000000000000,YES
64,2,148,29,8,36,67;71;73,73,73,73,4015,4,189173412902743930945526434777634626817698481868842322826416115200,2^9*3*5^2*7^2*11^3*13*17^2*19*31^2*37*41^2*43^2*47*53*59*61*67*71*73*79*83*89*127*131*137*139*149*151*157*163*167*173,4015,5*11*73,73,73,73,55,5*11,5;11,-,0.129653009787,2.348523827837,0.129653009787,0.067038428768,0.067038428768,0.062614581019,0.000000000000,YES
64,2,149,29,1,29,67;71;73,-,73,73,17,2,284554965626816501170161611976442001683764943315317443579230963200,2^9*3*5^2*7*11^3*13*17*19*31^2*37*41^2*43^2*47*53*59*61*67*71*73*79*83*89*127*131*137*139*149*151*157*163*167*173*179,17,17,1,1,1,17,17,17,-,0.044268958501,2.354902926474,0.044268958501,0.000000000000,0.000000000000,0.044268958501,0.000000000000,YES
64,2,149,29,2,30,67;71;73,-,73,73,17,2,284554965626816501170161611976442001683764943315317443579230963200,2^9*3*5^2*7*11^3*13*17*19*31^2*37*41^2*43^2*47*53*59*61*67*71*73*79*83*89*127*131*137*139*149*151*157*163*167*173*179,17,17,1,1,1,17,17,17,-,0.044268958501,2.354902926474,0.044268958501,0.000000000000,0.000000000000,0.044268958501,0.000000000000,YES
64,2,149,29,4,32,67;71;73,-,73,73,17,2,284554965626816501170161611976442001683764943315317443579230963200,2^9*3*5^2*7*11^3*13*17*19*31^2*37*41^2*43^2*47*53*59*61*67*71*73*79*83*89*127*131*137*139*149*151*157*163*167*173*179,17,17,1,1,1,17,17,17,-,0.044268958501,2.354902926474,0.044268958501,0.000000000000,0.000000000000,0.044268958501,0.000000000000,YES
64,2,149,29,8,36,67;71;73,-,73,73,1,1,284554965626816501170161611976442001683764943315317443579230963200,2^9*3*5^2*7*11^3*13*17*19*31^2*37*41^2*43^2*47*53*59*61*67*71*73*79*83*89*127*131*137*139*149*151*157*163*167*173*179,1,1,1,1,1,1,1,-,-,0.000000000000,2.354902926474,0.000000000000,0.000000000000,0.000000000000,0.000000000000,0.044268958501,YES
64,2,150,29,1,29,67;71;73,-,73,73,5,1,426832448440224751755242417964663002525647414972976165368846444800,2^8*3^2*5^2*7*11^3*13*17*19*31^2*37*41^2*43^2*47*53*59*61*67*71*73*79*83*89*127*131*137*139*149*151*157*163*167*173*179,5,5,1,1,1,5,5,5,-,0.025147467382,2.361238318788,0.025147467382,0.000000000000,0.000000000000,0.025147467382,0.000000000000,YES
64,2,150,29,2,30,67;71;73,-,73,73,5,1,426832448440224751755242417964663002525647414972976165368846444800,2^8*3^2*5^2*7*11^3*13*17*19*31^2*37*41^2*43^2*47*53*59*61*67*71*73*79*83*89*127*131*137*139*149*151*157*163*167*173*179,5,5,1,1,1,5,5,5,-,0.025147467382,2.361238318788,0.025147467382,0.000000000000,0.000000000000,0.025147467382,0.000000000000,YES
64,2,150,29,4,32,67;71;73,-,73,73,5,1,426832448440224751755242417964663002525647414972976165368846444800,2^8*3^2*5^2*7*11^3*13*17*19*31^2*37*41^2*43^2*47*53*59*61*67*71*73*79*83*89*127*131*137*139*149*151*157*163*167*173*179,5,5,1,1,1,5,5,5,-,0.025147467382,2.361238318788,0.025147467382,0.000000000000,0.000000000000,0.025147467382,0.000000000000,YES
64,2,150,29,8,36,67;71;73,-,73,73,5,1,426832448440224751755242417964663002525647414972976165368846444800,2^8*3^2*5^2*7*11^3*13*17*19*31^2*37*41^2*43^2*47*53*59*61*67*71*73*79*83*89*127*131*137*139*149*151*157*163*167*173*179,5,5,1,1,1,5,5,5,-,0.025147467382,2.361238318788,0.025147467382,0.000000000000,0.000000000000,0.025147467382,0.000000000000,YES
64,2,151,29,1,29,67;71;73,-,73,73,25,2,638484902212237025352883286376892590554894067025691619270753772800,2^8*3^2*5^2*7*11*13*17*19*31^2*37*41^2*43^2*47*53*59*61*67*71*73*79*83*89*127*131*137*139*149*151*157*163*167*173*179*181,25,5^2,1,1,1,25,5^2,5,-,0.050294934764,2.367530607627,0.050294934764,0.000000000000,0.000000000000,0.050294934764,0.000000000000,YES
64,2,151,29,2,30,67;71;73,-,73,73,25,2,638484902212237025352883286376892590554894067025691619270753772800,2^8*3^2*5^2*7*11*13*17*19*31^2*37*41^2*43^2*47*53*59*61*67*71*73*79*83*89*127*131*137*139*149*151*157*163*167*173*179*181,25,5^2,1,1,1,25,5^2,5,-,0.050294934764,2.367530607627,0.050294934764,0.000000000000,0.000000000000,0.050294934764,0.000000000000,YES
64,2,151,29,4,32,67;71;73,-,73,73,25,2,638484902212237025352883286376892590554894067025691619270753772800,2^8*3^2*5^2*7*11*13*17*19*31^2*37*41^2*43^2*47*53*59*61*67*71*73*79*83*89*127*131*137*139*149*151*157*163*167*173*179*181,25,5^2,1,1,1,25,5^2,5,-,0.050294934764,2.367530607627,0.050294934764,0.000000000000,0.000000000000,0.050294934764,0.000000000000,YES
64,2,151,29,8,36,67;71;73,-,73,73,25,2,638484902212237025352883286376892590554894067025691619270753772800,2^8*3^2*5^2*7*11*13*17*19*31^2*37*41^2*43^2*47*53*59*61*67*71*73*79*83*89*127*131*137*139*149*151*157*163*167*173*179*181,25,5^2,1,1,1,25,5^2,5,-,0.050294934764,2.367530607627,0.050294934764,0.000000000000,0.000000000000,0.050294934764,0.000000000000,YES
64,2,152,30,1,30,67;71;73,-,73,73,5,1,22128385174901942108640094418385832071822374397874802363612617228800,2^9*3^3*5^2*7^2*11*13^2*17*19*37*41^2*43^2*47*53*59*61^2*67*71*73*79*83*89*127*131*137*139*149*151*157*163*167*173*179*181,5,5,1,1,1,5,5,5,-,0.025147467382,2.422929333110,0.025147467382,0.000000000000,0.000000000000,0.025147467382,0.000000000000,YES
64,2,152,30,2,31,67;71;73,-,73,73,5,1,22128385174901942108640094418385832071822374397874802363612617228800,2^9*3^3*5^2*7^2*11*13^2*17*19*37*41^2*43^2*47*53*59*61^2*67*71*73*79*83*89*127*131*137*139*149*151*157*163*167*173*179*181,5,5,1,1,1,5,5,5,-,0.025147467382,2.422929333110,0.025147467382,0.000000000000,0.000000000000,0.025147467382,0.000000000000,YES
64,2,152,30,4,33,67;71;73,-,73,73,5,1,22128385174901942108640094418385832071822374397874802363612617228800,2^9*3^3*5^2*7^2*11*13^2*17*19*37*41^2*43^2*47*53*59*61^2*67*71*73*79*83*89*127*131*137*139*149*151*157*163*167*173*179*181,5,5,1,1,1,5,5,5,-,0.025147467382,2.422929333110,0.025147467382,0.000000000000,0.000000000000,0.025147467382,0.000000000000,YES
64,2,152,30,8,37,67;71;73,-,73,73,5,1,22128385174901942108640094418385832071822374397874802363612617228800,2^9*3^3*5^2*7^2*11*13^2*17*19*37*41^2*43^2*47*53*59*61^2*67*71*73*79*83*89*127*131*137*139*149*151*157*163*167*173*179*181,5,5,1,1,1,5,5,5,-,0.025147467382,2.422929333110,0.025147467382,0.000000000000,0.000000000000,0.025147467382,0.000000000000,YES
64,2,153,30,1,30,67;71;73,-,73,73,1025,4,33373957968704568426145716171991746731273089255811177335284603033600,2^11*3^3*5^2*7^2*11*13^2*17*19*23*37*41^2*43^2*47*53*59*61*67*71*73*79*83*89*127*131*137*139*149*151*157*163*167*173*179*181,1025,5^2*41,1,1,1,1025,5^2*41,5;41,-,0.108319498306,2.429349875499,0.108319498306,0.000000000000,0.000000000000,0.108319498306,0.000000000000,YES
64,2,153,30,2,31,67;71;73,-,73,73,1025,4,33373957968704568426145716171991746731273089255811177335284603033600,2^11*3^3*5^2*7^2*11*13^2*17*19*23*37*41^2*43^2*47*53*59*61*67*71*73*79*83*89*127*131*137*139*149*151*157*163*167*173*179*181,1025,5^2*41,1,1,1,1025,5^2*41,5;41,-,0.108319498306,2.429349875499,0.108319498306,0.000000000000,0.000000000000,0.108319498306,0.000000000000,YES
64,2,153,30,4,33,67;71;73,-,73,73,1025,4,33373957968704568426145716171991746731273089255811177335284603033600,2^11*3^3*5^2*7^2*11*13^2*17*19*23*37*41^2*43^2*47*53*59*61*67*71*73*79*83*89*127*131*137*139*149*151*157*163*167*173*179*181,1025,5^2*41,1,1,1,1025,5^2*41,5;41,-,0.108319498306,2.429349875499,0.108319498306,0.000000000000,0.000000000000,0.108319498306,0.000000000000,YES
64,2,153,30,8,37,67;71;73,-,73,73,1025,4,33373957968704568426145716171991746731273089255811177335284603033600,2^11*3^3*5^2*7^2*11*13^2*17*19*23*37*41^2*43^2*47*53*59*61*67*71*73*79*83*89*127*131*137*139*149*151*157*163*167*173*179*181,1025,5^2*41,1,1,1,1025,5^2*41,5;41,-,0.108319498306,2.429349875499,0.108319498306,0.000000000000,0.000000000000,0.108319498306,0.000000000000,YES
64,2,154,30,1,30,67;71;73,-,73,73,5,1,50196603448864594787292337331857505246223752132724128512419931392000,2^11*3^2*5^3*7^2*11*13^2*17*19*23*37^2*41*43^2*47*53*59*61*67*71*73*79*83*89*127*131*137*139*149*151*157*163*167*173*179*181,5,5,1,1,1,5,5,5,-,0.025147467382,2.435727554713,0.025147467382,0.000000000000,0.000000000000,0.025147467382,0.000000000000,YES
64,2,154,30,2,31,67;71;73,-,73,73,5,1,50196603448864594787292337331857505246223752132724128512419931392000,2^11*3^2*5^3*7^2*11*13^2*17*19*23*37^2*41*43^2*47*53*59*61*67*71*73*79*83*89*127*131*137*139*149*151*157*163*167*173*179*181,5,5,1,1,1,5,5,5,-,0.025147467382,2.435727554713,0.025147467382,0.000000000000,0.000000000000,0.025147467382,0.000000000000,YES
64,2,154,30,4,33,67;71;73,-,73,73,5,1,50196603448864594787292337331857505246223752132724128512419931392000,2^11*3^2*5^3*7^2*11*13^2*17*19*23*37^2*41*43^2*47*53*59*61*67*71*73*79*83*89*127*131*137*139*149*151*157*163*167*173*179*181,5,5,1,1,1,5,5,5,-,0.025147467382,2.435727554713,0.025147467382,0.000000000000,0.000000000000,0.025147467382,0.000000000000,YES
64,2,154,30,8,37,67;71;73,-,73,73,5,1,50196603448864594787292337331857505246223752132724128512419931392000,2^11*3^2*5^3*7^2*11*13^2*17*19*23*37^2*41*43^2*47*53*59*61*67*71*73*79*83*89*127*131*137*139*149*151*157*163*167*173*179*181,5,5,1,1,1,5,5,5,-,0.025147467382,2.435727554713,0.025147467382,0.000000000000,0.000000000000,0.025147467382,0.000000000000,YES
64,2,155,30,1,30,67;71;73,-,73,73,25,2,75294905173296892180938505997786257869335628199086192768629897088000,2^10*3^3*5^3*7^2*11*13^2*17*19*23*37^2*41*43^2*47*53*59*61*67*71*73*79*83*89*127*131*137*139*149*151*157*163*167*173*179*181,25,5^2,1,1,1,25,5^2,5,-,0.050294934764,2.442062947027,0.050294934764,0.000000000000,0.000000000000,0.050294934764,0.000000000000,YES
64,2,155,30,2,31,67;71;73,-,73,73,25,2,75294905173296892180938505997786257869335628199086192768629897088000,2^10*3^3*5^3*7^2*11*13^2*17*19*23*37^2*41*43^2*47*53*59*61*67*71*73*79*83*89*127*131*137*139*149*151*157*163*167*173*179*181,25,5^2,1,1,1,25,5^2,5,-,0.050294934764,2.442062947027,0.050294934764,0.000000000000,0.000000000000,0.050294934764,0.000000000000,YES
64,2,155,30,4,33,67;71;73,-,73,73,25,2,75294905173296892180938505997786257869335628199086192768629897088000,2^10*3^3*5^3*7^2*11*13^2*17*19*23*37^2*41*43^2*47*53*59*61*67*71*73*79*83*89*127*131*137*139*149*151*157*163*167*173*179*181,25,5^2,1,1,1,25,5^2,5,-,0.050294934764,2.442062947027,0.050294934764,0.000000000000,0.000000000000,0.050294934764,0.000000000000,YES
64,2,155,30,8,37,67;71;73,-,73,73,25,2,75294905173296892180938505997786257869335628199086192768629897088000,2^10*3^3*5^3*7^2*11*13^2*17*19*23*37^2*41*43^2*47*53*59*61*67*71*73*79*83*89*127*131*137*139*149*151*157*163*167*173*179*181,25,5^2,1,1,1,25,5^2,5,-,0.050294934764,2.442062947027,0.050294934764,0.000000000000,0.000000000000,0.050294934764,0.000000000000,YES
64,2,156,30,1,30,67;71;73,-,73,73,17,2,112641178139252150702684004972688241772526099785832944381870326043648,2^10*3^3*7^2*11^2*13^2*17^2*19*23*37^2*41*43^2*47*53*59*61*67*71*73*79*83*89*127*131*137*139*149*151*157*163*167*173*179*181,17,17,1,1,1,17,17,17,-,0.044268958501,2.448356617020,0.044268958501,0.000000000000,0.000000000000,0.044268958501,0.000000000000,YES
64,2,156,30,2,31,67;71;73,-,73,73,17,2,112641178139252150702684004972688241772526099785832944381870326043648,2^10*3^3*7^2*11^2*13^2*17^2*19*23*37^2*41*43^2*47*53*59*61*67*71*73*79*83*89*127*131*137*139*149*151*157*163*167*173*179*181,17,17,1,1,1,17,17,17,-,0.044268958501,2.448356617020,0.044268958501,0.000000000000,0.000000000000,0.044268958501,0.000000000000,YES
64,2,156,30,4,33,67;71;73,-,73,73,17,2,112641178139252150702684004972688241772526099785832944381870326043648,2^10*3^3*7^2*11^2*13^2*17^2*19*23*37^2*41*43^2*47*53*59*61*67*71*73*79*83*89*127*131*137*139*149*151*157*163*167*173*179*181,17,17,1,1,1,17,17,17,-,0.044268958501,2.448356617020,0.044268958501,0.000000000000,0.000000000000,0.044268958501,0.000000000000,YES
64,2,156,30,8,37,67;71;73,-,73,73,1,1,112641178139252150702684004972688241772526099785832944381870326043648,2^10*3^3*7^2*11^2*13^2*17^2*19*23*37^2*41*43^2*47*53*59*61*67*71*73*79*83*89*127*131*137*139*149*151*157*163*167*173*179*181,1,1,1,1,1,1,1,-,-,0.000000000000,2.448356617020,0.000000000000,0.000000000000,0.000000000000,0.000000000000,0.044268958501,YES
64,2,157,31,1,31,67;71;73,-,73,73,1,1,3908560880511628338640398500673397076817770876552945488063101977522364,2^2*3^6*7^3*11^2*13^2*17^2*19*23*37^2*41*43^2*47^2*53*59*61*67*71*73*79*83*89*127*131*137*139*149*151*157*163*167*173*179*181,1,1,1,1,1,1,1,-,-,0.000000000000,2.503774072837,0.000000000000,0.000000000000,0.000000000000,0.000000000000,0.000000000000,YES
64,2,157,31,2,32,67;71;73,-,73,73,1,1,3908560880511628338640398500673397076817770876552945488063101977522364,2^2*3^6*7^3*11^2*13^2*17^2*19*23*37^2*41*43^2*47^2*53*59*61*67*71*73*79*83*89*127*131*137*139*149*151*157*163*167*173*179*181,1,1,1,1,1,1,1,-,-,0.000000000000,2.503774072837,0.000000000000,0.000000000000,0.000000000000,0.000000000000,0.000000000000,YES
64,2,157,31,4,34,67;71;73,-,73,73,1,1,3908560880511628338640398500673397076817770876552945488063101977522364,2^2*3^6*7^3*11^2*13^2*17^2*19*23*37^2*41*43^2*47^2*53*59*61*67*71*73*79*83*89*127*131*137*139*149*151*157*163*167*173*179*181,1,1,1,1,1,1,1,-,-,0.000000000000,2.503774072837,0.000000000000,0.000000000000,0.000000000000,0.000000000000,0.000000000000,YES
64,2,157,31,8,38,67;71;73,-,73,73,1,1,3908560880511628338640398500673397076817770876552945488063101977522364,2^2*3^6*7^3*11^2*13^2*17^2*19*23*37^2*41*43^2*47^2*53*59*61*67*71*73*79*83*89*127*131*137*139*149*151*157*163*167*173*179*181,1,1,1,1,1,1,1,-,-,0.000000000000,2.503774072837,0.000000000000,0.000000000000,0.000000000000,0.000000000000,0.000000000000,YES
64,2,158,31,1,31,67;71;73;79,-,73,73,5,1,5893861645215947494775204088317027338058543385278251132793566474041660,2^2*3^4*5*7^2*11^2*13^2*17^2*19^2*23*37^2*41*43^2*47^2*53*59*61*67*71*73*79*83*89*127*131*137*139*149*151*157*163*167*173*179*181,5,5,1,1,1,5,5,5,-,0.025147467382,2.510191919169,0.025147467382,0.000000000000,0.000000000000,0.025147467382,0.000000000000,YES
64,2,158,31,2,32,67;71;73;79,-,73,73,5,1,5893861645215947494775204088317027338058543385278251132793566474041660,2^2*3^4*5*7^2*11^2*13^2*17^2*19^2*23*37^2*41*43^2*47^2*53*59*61*67*71*73*79*83*89*127*131*137*139*149*151*157*163*167*173*179*181,5,5,1,1,1,5,5,5,-,0.025147467382,2.510191919169,0.025147467382,0.000000000000,0.000000000000,0.025147467382,0.000000000000,YES
64,2,158,31,4,34,67;71;73;79,-,73,73,5,1,5893861645215947494775204088317027338058543385278251132793566474041660,2^2*3^4*5*7^2*11^2*13^2*17^2*19^2*23*37^2*41*43^2*47^2*53*59*61*67*71*73*79*83*89*127*131*137*139*149*151*157*163*167*173*179*181,5,5,1,1,1,5,5,5,-,0.025147467382,2.510191919169,0.025147467382,0.000000000000,0.000000000000,0.025147467382,0.000000000000,YES
64,2,158,31,8,38,67;71;73;79,-,73,73,5,1,5893861645215947494775204088317027338058543385278251132793566474041660,2^2*3^4*5*7^2*11^2*13^2*17^2*19^2*23*37^2*41*43^2*47^2*53*59*61*67*71*73*79*83*89*127*131*137*139*149*151*157*163*167*173*179*181,5,5,1,1,1,5,5,5,-,0.025147467382,2.510191919169,0.025147467382,0.000000000000,0.000000000000,0.025147467382,0.000000000000,YES
64,2,159,31,1,31,67;71;73;79,-,73,73,55,2,8863996647529495838598928983216946626528990445575952491051741705054780,2^2*3^4*5*7^2*11^2*13^2*17^2*19^2*23*37^2*41*43^2*47^2*53*59*61*67*71*73*79*83*89*131*137*139*149*151*157*163*167*173*179*181*191,55,5*11,1,1,1,55,5*11,5;11,-,0.062614581019,2.516568268256,0.062614581019,0.000000000000,0.000000000000,0.062614581019,0.000000000000,YES
64,2,159,31,2,32,67;71;73;79,-,73,73,55,2,8863996647529495838598928983216946626528990445575952491051741705054780,2^2*3^4*5*7^2*11^2*13^2*17^2*19^2*23*37^2*41*43^2*47^2*53*59*61*67*71*73*79*83*89*131*137*139*149*151*157*163*167*173*179*181*191,55,5*11,1,1,1,55,5*11,5;11,-,0.062614581019,2.516568268256,0.062614581019,0.000000000000,0.000000000000,0.062614581019,0.000000000000,YES
64,2,159,31,4,34,67;71;73;79,-,73,73,5,1,8863996647529495838598928983216946626528990445575952491051741705054780,2^2*3^4*5*7^2*11^2*13^2*17^2*19^2*23*37^2*41*43^2*47^2*53*59*61*67*71*73*79*83*89*131*137*139*149*151*157*163*167*173*179*181*191,5,5,1,1,1,5,5,5,-,0.025147467382,2.516568268256,0.025147467382,0.000000000000,0.000000000000,0.025147467382,0.037467113637,YES
64,2,159,31,8,38,67;71;73;79,-,73,73,5,1,8863996647529495838598928983216946626528990445575952491051741705054780,2^2*3^4*5*7^2*11^2*13^2*17^2*19^2*23*37^2*41*43^2*47^2*53*59*61*67*71*73*79*83*89*131*137*139*149*151*157*163*167*173*179*181*191,5,5,1,1,1,5,5,5,-,0.025147467382,2.516568268256,0.025147467382,0.000000000000,0.000000000000,0.025147467382,0.037467113637,YES
64,2,160,31,1,31,67;71;73;79,-,73,73,19,2,13295994971294243757898393474825419939793485668363928736577612557582170,2*3^5*5*7^2*11^2*13^2*17^2*19^2*23*37^2*41*43^2*47^2*53*59*61*67*71*73*79*83*89*131*137*139*149*151*157*163*167*173*179*181*191,19,19,1,1,1,19,19,19,-,0.046006859049,2.522903660570,0.046006859049,0.000000000000,0.000000000000,0.046006859049,0.000000000000,YES
64,2,160,31,2,32,67;71;73;79,-,73,73,19,2,13295994971294243757898393474825419939793485668363928736577612557582170,2*3^5*5*7^2*11^2*13^2*17^2*19^2*23*37^2*41*43^2*47^2*53*59*61*67*71*73*79*83*89*131*137*139*149*151*157*163*167*173*179*181*191,19,19,1,1,1,19,19,19,-,0.046006859049,2.522903660570,0.046006859049,0.000000000000,0.000000000000,0.046006859049,0.000000000000,YES
64,2,160,31,4,34,67;71;73;79,-,73,73,19,2,13295994971294243757898393474825419939793485668363928736577612557582170,2*3^5*5*7^2*11^2*13^2*17^2*19^2*23*37^2*41*43^2*47^2*53*59*61*67*71*73*79*83*89*131*137*139*149*151*157*163*167*173*179*181*191,19,19,1,1,1,19,19,19,-,0.046006859049,2.522903660570,0.046006859049,0.000000000000,0.000000000000,0.046006859049,0.000000000000,YES
64,2,160,31,8,38,67;71;73;79,-,73,73,1,1,13295994971294243757898393474825419939793485668363928736577612557582170,2*3^5*5*7^2*11^2*13^2*17^2*19^2*23*37^2*41*43^2*47^2*53*59*61*67*71*73*79*83*89*131*137*139*149*151*157*163*167*173*179*181*191,1,1,1,1,1,1,1,-,-,0.000000000000,2.522903660570,0.000000000000,0.000000000000,0.000000000000,0.000000000000,0.046006859049,YES
64,2,161,31,1,31,67;71;73;79,-,73,73,905,3,19892457592711542986623177834428729057210408790653009660151001733436890,2*3^4*5*7^2*11^2*13^2*17^2*19^2*23*37^2*41*43*47^2*53*59*61*67*71*73*79*83*89*131*137*139*149*151*157*163*167*173*179*181*191*193,905,5*181,1,1,1,905,5*181,5;181,-,0.106373983495,2.529198625954,0.106373983495,0.000000000000,0.000000000000,0.106373983495,0.000000000000,YES
64,2,161,31,2,32,67;71;73;79,-,73,73,905,3,19892457592711542986623177834428729057210408790653009660151001733436890,2*3^4*5*7^2*11^2*13^2*17^2*19^2*23*37^2*41*43*47^2*53*59*61*67*71*73*79*83*89*131*137*139*149*151*157*163*167*173*179*181*191*193,905,5*181,1,1,1,905,5*181,5;181,-,0.106373983495,2.529198625954,0.106373983495,0.000000000000,0.000000000000,0.106373983495,0.000000000000,YES
64,2,161,31,4,34,67;71;73;79,-,73,73,905,3,19892457592711542986623177834428729057210408790653009660151001733436890,2*3^4*5*7^2*11^2*13^2*17^2*19^2*23*37^2*41*43*47^2*53*59*61*67*71*73*79*83*89*131*137*139*149*151*157*163*167*173*179*181*191*193,905,5*181,1,1,1,905,5*181,5;181,-,0.106373983495,2.529198625954,0.106373983495,0.000000000000,0.000000000000,0.106373983495,0.000000000000,YES
64,2,161,31,8,38,67;71;73;79,-,73,73,181,3,19892457592711542986623177834428729057210408790653009660151001733436890,2*3^4*5*7^2*11^2*13^2*17^2*19^2*23*37^2*41*43*47^2*53*59*61*67*71*73*79*83*89*131*137*139*149*151*157*163*167*173*179*181*191*193,181,181,1,1,1,181,181,181,-,0.081226516114,2.529198625954,0.081226516114,0.000000000000,0.000000000000,0.081226516114,0.025147467382,YES
64,2,162,32,1,32,67;71;73;79,-,73,73,3667,4,691030000672431286670298271328226648516317506474199591775493476194598300,2^2*3^3*5^2*7^2*13^3*17^2*19^2*23*37^2*41*43*47^2*53*59*61*67*71*73*79*83*89*97*131*137*139*149*151*157*163*167*173*179*181*191*193,3667,19*193,1,1,1,3667,19*193,19;193,-,0.128236393251,2.584633666496,0.128236393251,0.000000000000,0.000000000000,0.128236393251,0.000000000000,YES
64,2,162,32,2,33,67;71;73;79,-,73,73,3667,4,691030000672431286670298271328226648516317506474199591775493476194598300,2^2*3^3*5^2*7^2*13^3*17^2*19^2*23*37^2*41*43*47^2*53*59*61*67*71*73*79*83*89*97*131*137*139*149*151*157*163*167*173*179*181*191*193,3667,19*193,1,1,1,3667,19*193,19;193,-,0.128236393251,2.584633666496,0.128236393251,0.000000000000,0.000000000000,0.128236393251,0.000000000000,YES
64,2,162,32,4,35,67;71;73;79,-,73,73,3667,4,691030000672431286670298271328226648516317506474199591775493476194598300,2^2*3^3*5^2*7^2*13^3*17^2*19^2*23*37^2*41*43*47^2*53*59*61*67*71*73*79*83*89*97*131*137*139*149*151*157*163*167*173*179*181*191*193,3667,19*193,1,1,1,3667,19*193,19;193,-,0.128236393251,2.584633666496,0.128236393251,0.000000000000,0.000000000000,0.128236393251,0.000000000000,YES
64,2,162,32,8,39,67;71;73;79,-,73,73,193,3,691030000672431286670298271328226648516317506474199591775493476194598300,2^2*3^3*5^2*7^2*13^3*17^2*19^2*23*37^2*41*43*47^2*53*59*61*67*71*73*79*83*89*97*131*137*139*149*151*157*163*167*173*179*181*191*193,193,193,1,1,1,193,193,193,-,0.082229534202,2.584633666496,0.082229534202,0.000000000000,0.000000000000,0.082229534202,0.046006859049,YES
64,2,163,32,1,32,67;71;73;79,-,73,73,5,1,1041860616398434862979834316771787870070755625145716307599974779493394360,2^3*3^3*5*7^4*13^2*17^2*19^2*23*37^2*41*43*47^2*53*59*61*67*71*73*79*83*89*97*131*137*139*149*151*157*163*167*173*179*181*191*193,5,5,1,1,1,5,5,5,-,0.025147467382,2.591048982258,0.025147467382,0.000000000000,0.000000000000,0.025147467382,0.000000000000,YES
64,2,163,32,2,33,67;71;73;79,-,73,73,5,1,1041860616398434862979834316771787870070755625145716307599974779493394360,2^3*3^3*5*7^4*13^2*17^2*19^2*23*37^2*41*43*47^2*53*59*61*67*71*73*79*83*89*97*131*137*139*149*151*157*163*167*173*179*181*191*193,5,5,1,1,1,5,5,5,-,0.025147467382,2.591048982258,0.025147467382,0.000000000000,0.000000000000,0.025147467382,0.000000000000,YES
64,2,163,32,4,35,67;71;73;79,-,73,73,1,1,1041860616398434862979834316771787870070755625145716307599974779493394360,2^3*3^3*5*7^4*13^2*17^2*19^2*23*37^2*41*43*47^2*53*59*61*67*71*73*79*83*89*97*131*137*139*149*151*157*163*167*173*179*181*191*193,1,1,1,1,1,1,1,-,-,0.000000000000,2.591048982258,0.000000000000,0.000000000000,0.000000000000,0.000000000000,0.025147467382,YES
64,2,163,32,8,39,67;71;73;79,-,73,73,1,1,1041860616398434862979834316771787870070755625145716307599974779493394360,2^3*3^3*5*7^4*13^2*17^2*19^2*23*37^2*41*43*47^2*53*59*61*67*71*73*79*83*89*97*131*137*139*149*151*157*163*167*173*179*181*191*193,1,1,1,1,1,1,1,-,-,0.000000000000,2.591048982258,0.000000000000,0.000000000000,0.000000000000,0.000000000000,0.025147467382,YES
64,2,164,32,1,32,67;71;73;79,-,73,73,1,1,1566767491835814259595628705374368018350678306516840554177061309619837320,2^3*3^3*5*7^4*13^2*17^2*19^2*23*37^2*41*43*47^2*53*59*61*67*71*73*79*83*89*97*137*139*149*151*157*163*167*173*179*181*191*193*197,1,1,1,1,1,1,1,-,-,0.000000000000,2.597424082344,0.000000000000,0.000000000000,0.000000000000,0.000000000000,0.000000000000,YES
64,2,164,32,2,33,67;71;73;79,-,73,73,1,1,1566767491835814259595628705374368018350678306516840554177061309619837320,2^3*3^3*5*7^4*13^2*17^2*19^2*23*37^2*41*43*47^2*53*59*61*67*71*73*79*83*89*97*137*139*149*151*157*163*167*173*179*181*191*193*197,1,1,1,1,1,1,1,-,-,0.000000000000,2.597424082344,0.000000000000,0.000000000000,0.000000000000,0.000000000000,0.000000000000,YES
64,2,164,32,4,35,67;71;73;79,-,73,73,1,1,1566767491835814259595628705374368018350678306516840554177061309619837320,2^3*3^3*5*7^4*13^2*17^2*19^2*23*37^2*41*43*47^2*53*59*61*67*71*73*79*83*89*97*137*139*149*151*157*163*167*173*179*181*191*193*197,1,1,1,1,1,1,1,-,-,0.000000000000,2.597424082344,0.000000000000,0.000000000000,0.000000000000,0.000000000000,0.000000000000,YES
64,2,164,32,8,39,67;71;73;79,-,73,73,1,1,1566767491835814259595628705374368018350678306516840554177061309619837320,2^3*3^3*5*7^4*13^2*17^2*19^2*23*37^2*41*43*47^2*53*59*61*67*71*73*79*83*89*97*137*139*149*151*157*163*167*173*179*181*191*193*197,1,1,1,1,1,1,1,-,-,0.000000000000,2.597424082344,0.000000000000,0.000000000000,0.000000000000,0.000000000000,0.000000000000,YES
64,2,165,32,1,32,67;71;73;79,-,73,73,27935,5,2350151237753721389393443058061552027526017459775260831265591964429755980,2^2*3^4*5*7^4*13^2*17^2*19^2*23*37^2*41*43*47^2*53*59*61*67*71*73*79*83*89*97*137*139*149*151*157*163*167*173*179*181*191*193*197,27935,5*37*151,1,1,1,27935,5*37*151,5;37;151,-,0.159963057217,2.603759474659,0.159963057217,0.000000000000,0.000000000000,0.159963057217,0.000000000000,YES
64,2,165,32,2,33,67;71;73;79,-,73,73,27935,5,2350151237753721389393443058061552027526017459775260831265591964429755980,2^2*3^4*5*7^4*13^2*17^2*19^2*23*37^2*41*43*47^2*53*59*61*67*71*73*79*83*89*97*137*139*149*151*157*163*167*173*179*181*191*193*197,27935,5*37*151,1,1,1,27935,5*37*151,5;37;151,-,0.159963057217,2.603759474659,0.159963057217,0.000000000000,0.000000000000,0.159963057217,0.000000000000,YES
64,2,165,32,4,35,67;71;73;79,-,73,73,27935,5,2350151237753721389393443058061552027526017459775260831265591964429755980,2^2*3^4*5*7^4*13^2*17^2*19^2*23*37^2*41*43*47^2*53*59*61*67*71*73*79*83*89*97*137*139*149*151*157*163*167*173*179*181*191*193*197,27935,5*37*151,1,1,1,27935,5*37*151,5;37;151,-,0.159963057217,2.603759474659,0.159963057217,0.000000000000,0.000000000000,0.159963057217,0.000000000000,YES
64,2,165,32,8,39,67;71;73;79,-,73,73,755,3,2350151237753721389393443058061552027526017459775260831265591964429755980,2^2*3^4*5*7^4*13^2*17^2*19^2*23*37^2*41*43*47^2*53*59*61*67*71*73*79*83*89*97*137*139*149*151*157*163*167*173*179*181*191*193*197,755,5*151,1,1,1,755,5*151,5;151,-,0.103542464832,2.603759474659,0.103542464832,0.000000000000,0.000000000000,0.103542464832,0.056420592385,YES
64,2,166,32,1,32,67;71;73;79;83,-,73,73,85,2,3516391701601432755558610289881570326899830635302833875352276698658055940,2^2*3^4*5*7^3*13^2*17^2*19*23*37^2*41*43*47^2*53*59*61*67*71*73*79*83*89*97*137*139*149*151*157*163*167*173*179*181*191*193*197*199,85,5*17,1,1,1,85,5*17,5;17,-,0.069416425883,2.610055657416,0.069416425883,0.000000000000,0.000000000000,0.069416425883,0.000000000000,YES
64,2,166,32,2,33,67;71;73;79;83,-,73,73,85,2,3516391701601432755558610289881570326899830635302833875352276698658055940,2^2*3^4*5*7^3*13^2*17^2*19*23*37^2*41*43*47^2*53*59*61*67*71*73*79*83*89*97*137*139*149*151*157*163*167*173*179*181*191*193*197*199,85,5*17,1,1,1,85,5*17,5;17,-,0.069416425883,2.610055657416,0.069416425883,0.000000000000,0.000000000000,0.069416425883,0.000000000000,YES
64,2,166,32,4,35,67;71;73;79;83,-,73,73,5,1,3516391701601432755558610289881570326899830635302833875352276698658055940,2^2*3^4*5*7^3*13^2*17^2*19*23*37^2*41*43*47^2*53*59*61*67*71*73*79*83*89*97*137*139*149*151*157*163*167*173*179*181*191*193*197*199,5,5,1,1,1,5,5,5,-,0.025147467382,2.610055657416,0.025147467382,0.000000000000,0.000000000000,0.025147467382,0.044268958501,YES
64,2,166,32,8,39,67;71;73;79;83,-,73,73,5,1,3516391701601432755558610289881570326899830635302833875352276698658055940,2^2*3^4*5*7^3*13^2*17^2*19*23*37^2*41*43*47^2*53*59*61*67*71*73*79*83*89*97*137*139*149*151*157*163*167*173*179*181*191*193*197*199,5,5,1,1,1,5,5,5,-,0.025147467382,2.610055657416,0.025147467382,0.000000000000,0.000000000000,0.025147467382,0.044268958501,YES
64,2,167,33,1,33,67;71;73;79;83,-,73,73,10915,5,122282825609323180599875548142940421402571964999285399471593013223229973000,2^3*3^5*5^3*7^3*13^2*19*23*37^2*41*43*47^2*53*59*61*67^2*71*73*79*83*89*97*137*139*149*151*157*163*167*173*179*181*191*193*197*199,10915,5*37*59,1,1,1,10915,5*37*59,5;37;59,-,0.145279582328,2.665507239063,0.145279582328,0.000000000000,0.000000000000,0.145279582328,0.000000000000,YES
64,2,167,33,2,34,67;71;73;79;83,-,73,73,10915,5,122282825609323180599875548142940421402571964999285399471593013223229973000,2^3*3^5*5^3*7^3*13^2*19*23*37^2*41*43*47^2*53*59*61*67^2*71*73*79*83*89*97*137*139*149*151*157*163*167*173*179*181*191*193*197*199,10915,5*37*59,1,1,1,10915,5*37*59,5;37;59,-,0.145279582328,2.665507239063,0.145279582328,0.000000000000,0.000000000000,0.145279582328,0.000000000000,YES
64,2,167,33,4,36,67;71;73;79;83,-,73,73,10915,5,122282825609323180599875548142940421402571964999285399471593013223229973000,2^3*3^5*5^3*7^3*13^2*19*23*37^2*41*43*47^2*53*59*61*67^2*71*73*79*83*89*97*137*139*149*151*157*163*167*173*179*181*191*193*197*199,10915,5*37*59,1,1,1,10915,5*37*59,5;37;59,-,0.145279582328,2.665507239063,0.145279582328,0.000000000000,0.000000000000,0.145279582328,0.000000000000,YES
64,2,167,33,8,40,67;71;73;79;83,-,73,73,295,3,122282825609323180599875548142940421402571964999285399471593013223229973000,2^3*3^5*5^3*7^3*13^2*19*23*37^2*41*43*47^2*53*59*61*67^2*71*73*79*83*89*97*137*139*149*151*157*163*167*173*179*181*191*193*197*199,295,5*59,1,1,1,295,5*59,5;59,-,0.088858989943,2.665507239063,0.088858989943,0.000000000000,0.000000000000,0.088858989943,0.056420592385,YES
64,2,168,33,1,33,67;71;73;79;83,-,73,73,2425,4,184336796814054346874439259140850485994921917386982467860162602023078019000,2^3*3^5*5^3*7^3*13^2*19*23*37^2*41*43*47^2*53*59*61*67*71*73*79*83*89*97*101*137*139*149*151*157*163*167*173*179*181*191*193*197*199,2425,5^2*97,1,1,1,2425,5^2*97,5;97,-,0.121774793803,2.671920174961,0.121774793803,0.000000000000,0.000000000000,0.121774793803,0.000000000000,YES
64,2,168,33,2,34,67;71;73;79;83,-,73,73,2425,4,184336796814054346874439259140850485994921917386982467860162602023078019000,2^3*3^5*5^3*7^3*13^2*19*23*37^2*41*43*47^2*53*59*61*67*71*73*79*83*89*97*101*137*139*149*151*157*163*167*173*179*181*191*193*197*199,2425,5^2*97,1,1,1,2425,5^2*97,5;97,-,0.121774793803,2.671920174961,0.121774793803,0.000000000000,0.000000000000,0.121774793803,0.000000000000,YES
64,2,168,33,4,36,67;71;73;79;83,-,73,73,485,3,184336796814054346874439259140850485994921917386982467860162602023078019000,2^3*3^5*5^3*7^3*13^2*19*23*37^2*41*43*47^2*53*59*61*67*71*73*79*83*89*97*101*137*139*149*151*157*163*167*173*179*181*191*193*197*199,485,5*97,1,1,1,485,5*97,5;97,-,0.096627326421,2.671920174961,0.096627326421,0.000000000000,0.000000000000,0.096627326421,0.025147467382,YES
64,2,168,33,8,40,67;71;73;79;83,-,73,73,485,3,184336796814054346874439259140850485994921917386982467860162602023078019000,2^3*3^5*5^3*7^3*13^2*19*23*37^2*41*43*47^2*53*59*61*67*71*73*79*83*89*97*101*137*139*149*151*157*163*167*173*179*181*191*193*197*199,485,5*97,1,1,1,485,5*97,5;97,-,0.096627326421,2.671920174961,0.096627326421,0.000000000000,0.000000000000,0.096627326421,0.025147467382,YES
64,2,169,33,1,33,67;71;73;79;83,-,73,73,5,1,277187924098170610485267923004389990051623327626351414634170431190258058200,2^3*3^2*5^2*7^4*13^2*19*23*29*37^2*41*43*47^2*53*59*61*67*71*73*79*83*89*97*101*137*139*149*151*157*163*167*173*179*181*191*193*197*199,5,5,1,1,1,5,5,5,-,0.025147467382,2.678294099970,0.025147467382,0.000000000000,0.000000000000,0.025147467382,0.000000000000,YES
64,2,169,33,2,34,67;71;73;79;83,-,73,73,5,1,277187924098170610485267923004389990051623327626351414634170431190258058200,2^3*3^2*5^2*7^4*13^2*19*23*29*37^2*41*43*47^2*53*59*61*67*71*73*79*83*89*97*101*137*139*149*151*157*163*167*173*179*181*191*193*197*199,5,5,1,1,1,5,5,5,-,0.025147467382,2.678294099970,0.025147467382,0.000000000000,0.000000000000,0.025147467382,0.000000000000,YES
64,2,169,33,4,36,67;71;73;79;83,-,73,73,5,1,277187924098170610485267923004389990051623327626351414634170431190258058200,2^3*3^2*5^2*7^4*13^2*19*23*29*37^2*41*43*47^2*53*59*61*67*71*73*79*83*89*97*101*137*139*149*151*157*163*167*173*179*181*191*193*197*199,5,5,1,1,1,5,5,5,-,0.025147467382,2.678294099970,0.025147467382,0.000000000000,0.000000000000,0.025147467382,0.000000000000,YES
64,2,169,33,8,40,67;71;73;79;83,-,73,73,5,1,277187924098170610485267923004389990051623327626351414634170431190258058200,2^3*3^2*5^2*7^4*13^2*19*23*29*37^2*41*43*47^2*53*59*61*67*71*73*79*83*89*97*101*137*139*149*151*157*163*167*173*179*181*191*193*197*199,5,5,1,1,1,5,5,5,-,0.025147467382,2.678294099970,0.025147467382,0.000000000000,0.000000000000,0.025147467382,0.000000000000,YES
64,2,170,33,1,33,67;71;73;79;83,-,73,73,5,1,415781886147255915727901884506584985077434991439527121951255646785387087300,2^2*3^3*5^2*7^4*13^2*19*23*29*37^2*41*43*47^2*53*59*61*67*71*73*79*83*89*97*101*137*139*149*151*157*163*167*173*179*181*191*193*197*199,5,5,1,1,1,5,5,5,-,0.025147467382,2.684629492284,0.025147467382,0.000000000000,0.000000000000,0.025147467382,0.000000000000,YES
64,2,170,33,2,34,67;71;73;79;83,-,73,73,5,1,415781886147255915727901884506584985077434991439527121951255646785387087300,2^2*3^3*5^2*7^4*13^2*19*23*29*37^2*41*43*47^2*53*59*61*67*71*73*79*83*89*97*101*137*139*149*151*157*163*167*173*179*181*191*193*197*199,5,5,1,1,1,5,5,5,-,0.025147467382,2.684629492284,0.025147467382,0.000000000000,0.000000000000,0.025147467382,0.000000000000,YES
64,2,170,33,4,36,67;71;73;79;83,-,73,73,5,1,415781886147255915727901884506584985077434991439527121951255646785387087300,2^2*3^3*5^2*7^4*13^2*19*23*29*37^2*41*43*47^2*53*59*61*67*71*73*79*83*89*97*101*137*139*149*151*157*163*167*173*179*181*191*193*197*199,5,5,1,1,1,5,5,5,-,0.025147467382,2.684629492284,0.025147467382,0.000000000000,0.000000000000,0.025147467382,0.000000000000,YES
64,2,170,33,8,40,67;71;73;79;83,-,73,73,5,1,415781886147255915727901884506584985077434991439527121951255646785387087300,2^2*3^3*5^2*7^4*13^2*19*23*29*37^2*41*43*47^2*53*59*61*67*71*73*79*83*89*97*101*137*139*149*151*157*163*167*173*179*181*191*193*197*199,5,5,1,1,1,5,5,5,-,0.025147467382,2.684629492284,0.025147467382,0.000000000000,0.000000000000,0.025147467382,0.000000000000,YES
64,2,171,33,1,33,67;71;73;79;83,-,73,73,25,2,622155377081660311855619608203284101758205644124839854014652610153316444500,2^2*3^3*5^3*7^4*13^2*19*23*29*37^2*41^2*43*47^2*53*59*61*67*71*73*79*83*89*97*101*139*149*151*157*163*167*173*179*181*191*193*197*199,25,5^2,1,1,1,25,5^2,5,-,0.050294934764,2.690926821242,0.050294934764,0.000000000000,0.000000000000,0.050294934764,0.000000000000,YES
64,2,171,33,2,34,67;71;73;79;83,-,73,73,25,2,622155377081660311855619608203284101758205644124839854014652610153316444500,2^2*3^3*5^3*7^4*13^2*19*23*29*37^2*41^2*43*47^2*53*59*61*67*71*73*79*83*89*97*101*139*149*151*157*163*167*173*179*181*191*193*197*199,25,5^2,1,1,1,25,5^2,5,-,0.050294934764,2.690926821242,0.050294934764,0.000000000000,0.000000000000,0.050294934764,0.000000000000,YES
64,2,171,33,4,36,67;71;73;79;83,-,73,73,5,1,622155377081660311855619608203284101758205644124839854014652610153316444500,2^2*3^3*5^3*7^4*13^2*19*23*29*37^2*41^2*43*47^2*53*59*61*67*71*73*79*83*89*97*101*139*149*151*157*163*167*173*179*181*191*193*197*199,5,5,1,1,1,5,5,5,-,0.025147467382,2.690926821242,0.025147467382,0.000000000000,0.000000000000,0.025147467382,0.025147467382,YES
64,2,171,33,8,40,67;71;73;79;83,-,73,73,5,1,622155377081660311855619608203284101758205644124839854014652610153316444500,2^2*3^3*5^3*7^4*13^2*19*23*29*37^2*41^2*43*47^2*53*59*61*67*71*73*79*83*89*97*101*139*149*151*157*163*167*173*179*181*191*193*197*199,5,5,1,1,1,5,5,5,-,0.025147467382,2.690926821242,0.025147467382,0.000000000000,0.000000000000,0.025147467382,0.025147467382,YES
64,2,172,34,1,34,67;71;73;79;83,-,73,73,5,1,21657101705727476749508025577962808707896657205527690657055360491557322307240,2^3*3^5*5*7^2*13^2*19*23^2*29*37^2*41^2*43*47^2*53*59*61*67*71*73*79*83*89*97*101*103*139*149*151*157*163*167*173*179*181*191*193*197*199,5,5,1,1,1,5,5,5,-,0.025147467382,2.746393990603,0.025147467382,0.000000000000,0.000000000000,0.025147467382,0.000000000000,YES
64,2,172,34,2,35,67;71;73;79;83,-,73,73,5,1,21657101705727476749508025577962808707896657205527690657055360491557322307240,2^3*3^5*5*7^2*13^2*19*23^2*29*37^2*41^2*43*47^2*53*59*61*67*71*73*79*83*89*97*101*103*139*149*151*157*163*167*173*179*181*191*193*197*199,5,5,1,1,1,5,5,5,-,0.025147467382,2.746393990603,0.025147467382,0.000000000000,0.000000000000,0.025147467382,0.000000000000,YES
64,2,172,34,4,37,67;71;73;79;83,-,73,73,5,1,21657101705727476749508025577962808707896657205527690657055360491557322307240,2^3*3^5*5*7^2*13^2*19*23^2*29*37^2*41^2*43*47^2*53*59*61*67*71*73*79*83*89*97*101*103*139*149*151*157*163*167*173*179*181*191*193*197*199,5,5,1,1,1,5,5,5,-,0.025147467382,2.746393990603,0.025147467382,0.000000000000,0.000000000000,0.025147467382,0.000000000000,YES
64,2,172,34,8,41,67;71;73;79;83,-,73,73,5,1,21657101705727476749508025577962808707896657205527690657055360491557322307240,2^3*3^5*5*7^2*13^2*19*23^2*29*37^2*41^2*43*47^2*53*59*61*67*71*73*79*83*89*97*101*103*139*149*151*157*163*167*173*179*181*191*193*197*199,5,5,1,1,1,5,5,5,-,0.025147467382,2.746393990603,0.025147467382,0.000000000000,0.000000000000,0.025147467382,0.000000000000,YES
64,2,173,34,1,34,67;71;73;79;83,-,73,73,25,2,32642588078197935970272966088523653704655831150360577222228369436550166955840,2^6*3^4*5*7^2*13^3*19*23*29*37^2*41^2*43*47^2*53*59*61*67*71*73*79*83*89*97*101*103*139*149*151*157*163*167*173*179*181*191*193*197*199,5,5,1,1,1,5,5,5,-,0.050294934764,2.752804684267,0.025147467382,0.000000000000,0.000000000000,0.025147467382,0.000000000000,YES
64,2,173,34,2,35,67;71;73;79;83,-,73,73,5,1,32642588078197935970272966088523653704655831150360577222228369436550166955840,2^6*3^4*5*7^2*13^3*19*23*29*37^2*41^2*43*47^2*53*59*61*67*71*73*79*83*89*97*101*103*139*149*151*157*163*167*173*179*181*191*193*197*199,5,5,1,1,1,5,5,5,-,0.025147467382,2.752804684267,0.025147467382,0.000000000000,0.000000000000,0.025147467382,0.000000000000,YES
64,2,173,34,4,37,67;71;73;79;83,-,73,73,5,1,32642588078197935970272966088523653704655831150360577222228369436550166955840,2^6*3^4*5*7^2*13^3*19*23*29*37^2*41^2*43*47^2*53*59*61*67*71*73*79*83*89*97*101*103*139*149*151*157*163*167*173*179*181*191*193*197*199,5,5,1,1,1,5,5,5,-,0.025147467382,2.752804684267,0.025147467382,0.000000000000,0.000000000000,0.025147467382,0.000000000000,YES
64,2,173,34,8,41,67;71;73;79;83,-,73,73,5,1,32642588078197935970272966088523653704655831150360577222228369436550166955840,2^6*3^4*5*7^2*13^3*19*23*29*37^2*41^2*43*47^2*53*59*61*67*71*73*79*83*89*97*101*103*139*149*151*157*163*167*173*179*181*191*193*197*199,5,5,1,1,1,5,5,5,-,0.025147467382,2.752804684267,0.025147467382,0.000000000000,0.000000000000,0.025147467382,0.000000000000,YES
64,2,174,34,1,34,67;71;73;79;83,-,73,73,205,3,49081301498873155523647841097132687944410566262052954240616756922582625135040,2^6*3^4*5*7^2*11*13^3*19^2*23*29*37^2*41^2*43*47^2*53*59*61*67*71*73*79*83*89*97*101*103*149*151*157*163*167*173*179*181*191*193*197*199,205,5*41,1,1,1,205,5*41,5;41,-,0.083172030924,2.759177501749,0.083172030924,0.000000000000,0.000000000000,0.083172030924,0.000000000000,YES
64,2,174,34,2,35,67;71;73;79;83,-,73,73,205,3,49081301498873155523647841097132687944410566262052954240616756922582625135040,2^6*3^4*5*7^2*11*13^3*19^2*23*29*37^2*41^2*43*47^2*53*59*61*67*71*73*79*83*89*97*101*103*149*151*157*163*167*173*179*181*191*193*197*199,205,5*41,1,1,1,205,5*41,5;41,-,0.083172030924,2.759177501749,0.083172030924,0.000000000000,0.000000000000,0.083172030924,0.000000000000,YES
64,2,174,34,4,37,67;71;73;79;83,-,73,73,205,3,49081301498873155523647841097132687944410566262052954240616756922582625135040,2^6*3^4*5*7^2*11*13^3*19^2*23*29*37^2*41^2*43*47^2*53*59*61*67*71*73*79*83*89*97*101*103*149*151*157*163*167*173*179*181*191*193*197*199,205,5*41,1,1,1,205,5*41,5;41,-,0.083172030924,2.759177501749,0.083172030924,0.000000000000,0.000000000000,0.083172030924,0.000000000000,YES
64,2,174,34,8,41,67;71;73;79;83,-,73,73,5,1,49081301498873155523647841097132687944410566262052954240616756922582625135040,2^6*3^4*5*7^2*11*13^3*19^2*23*29*37^2*41^2*43*47^2*53*59*61*67*71*73*79*83*89*97*101*103*149*151*157*163*167*173*179*181*191*193*197*199,5,5,1,1,1,5,5,5,-,0.025147467382,2.759177501749,0.025147467382,0.000000000000,0.000000000000,0.025147467382,0.058024563542,YES
64,2,175,34,1,34,67;71;73;79;83,-,73,73,1,1,73621952248309733285471761645699031916615849393079431360925135383873937702560,2^5*3^5*5*7^2*11*13^3*19^2*23*29*37^2*41^2*43*47^2*53*59*61*67*71*73*79*83*89*97*101*103*149*151*157*163*167*173*179*181*191*193*197*199,1,1,1,1,1,1,1,-,-,0.000000000000,2.765512894063,0.000000000000,0.000000000000,0.000000000000,0.000000000000,0.000000000000,YES
64,2,175,34,2,35,67;71;73;79;83,-,73,73,1,1,73621952248309733285471761645699031916615849393079431360925135383873937702560,2^5*3^5*5*7^2*11*13^3*19^2*23*29*37^2*41^2*43*47^2*53*59*61*67*71*73*79*83*89*97*101*103*149*151*157*163*167*173*179*181*191*193*197*199,1,1,1,1,1,1,1,-,-,0.000000000000,2.765512894063,0.000000000000,0.000000000000,0.000000000000,0.000000000000,0.000000000000,YES
64,2,175,34,4,37,67;71;73;79;83,-,73,73,1,1,73621952248309733285471761645699031916615849393079431360925135383873937702560,2^5*3^5*5*7^2*11*13^3*19^2*23*29*37^2*41^2*43*47^2*53*59*61*67*71*73*79*83*89*97*101*103*149*151*157*163*167*173*179*181*191*193*197*199,1,1,1,1,1,1,1,-,-,0.000000000000,2.765512894063,0.000000000000,0.000000000000,0.000000000000,0.000000000000,0.000000000000,YES
64,2,175,34,8,41,67;71;73;79;83,-,73,73,1,1,73621952248309733285471761645699031916615849393079431360925135383873937702560,2^5*3^5*5*7^2*11*13^3*19^2*23*29*37^2*41^2*43*47^2*53*59*61*67*71*73*79*83*89*97*101*103*149*151*157*163*167*173*179*181*191*193*197*199,1,1,1,1,1,1,1,-,-,0.000000000000,2.765512894063,0.000000000000,0.000000000000,0.000000000000,0.000000000000,0.000000000000,YES
64,2,176,34,1,34,67;71;73;79;83,-,73,73,5,1,110171857619811019313720153952074437832666271077586950476278039475158871313760,2^5*3^4*5*7^2*11*13^3*19^2*23*29*37^2*41^2*43*47*53*59*61*67*71*73*79*83*89*97*101*103*149*151*157*163*167*173*179*181*191*193*197*199*211,5,5,1,1,1,5,5,5,-,0.025147467382,2.771811304112,0.025147467382,0.000000000000,0.000000000000,0.025147467382,0.000000000000,YES
64,2,176,34,2,35,67;71;73;79;83,-,73,73,5,1,110171857619811019313720153952074437832666271077586950476278039475158871313760,2^5*3^4*5*7^2*11*13^3*19^2*23*29*37^2*41^2*43*47*53*59*61*67*71*73*79*83*89*97*101*103*149*151*157*163*167*173*179*181*191*193*197*199*211,5,5,1,1,1,5,5,5,-,0.025147467382,2.771811304112,0.025147467382,0.000000000000,0.000000000000,0.025147467382,0.000000000000,YES
64,2,176,34,4,37,67;71;73;79;83,-,73,73,5,1,110171857619811019313720153952074437832666271077586950476278039475158871313760,2^5*3^4*5*7^2*11*13^3*19^2*23*29*37^2*41^2*43*47*53*59*61*67*71*73*79*83*89*97*101*103*149*151*157*163*167*173*179*181*191*193*197*199*211,5,5,1,1,1,5,5,5,-,0.025147467382,2.771811304112,0.025147467382,0.000000000000,0.000000000000,0.025147467382,0.000000000000,YES
64,2,176,34,8,41,67;71;73;79;83,-,73,73,5,1,110171857619811019313720153952074437832666271077586950476278039475158871313760,2^5*3^4*5*7^2*11*13^3*19^2*23*29*37^2*41^2*43*47*53*59*61*67*71*73*79*83*89*97*101*103*149*151*157*163*167*173*179*181*191*193*197*199*211,5,5,1,1,1,5,5,5,-,0.025147467382,2.771811304112,0.025147467382,0.000000000000,0.000000000000,0.025147467382,0.000000000000,YES
64,2,177,35,1,35,67;71;73;79;83,-,73,73,1,1,3838673150216193200717860549274593607077066463564441617057724653194655858830360,2^3*3*5*7^2*11*13^3*19^2*23*29*37^2*41^2*43*47*53^2*59*61*67*71^2*73*79*83*89*97*101*103*149*151*157*163*167*173*179*181*191*193*197*199*211,1,1,1,1,1,1,1,-,-,0.000000000000,2.827293187916,0.000000000000,0.000000000000,0.000000000000,0.000000000000,0.000000000000,YES
64,2,177,35,2,36,67;71;73;79;83,-,73,73,1,1,3838673150216193200717860549274593607077066463564441617057724653194655858830360,2^3*3*5*7^2*11*13^3*19^2*23*29*37^2*41^2*43*47*53^2*59*61*67*71^2*73*79*83*89*97*101*103*149*151*157*163*167*173*179*181*191*193*197*199*211,1,1,1,1,1,1,1,-,-,0.000000000000,2.827293187916,0.000000000000,0.000000000000,0.000000000000,0.000000000000,0.000000000000,YES
64,2,177,35,4,38,67;71;73;79;83,-,73,73,1,1,3838673150216193200717860549274593607077066463564441617057724653194655858830360,2^3*3*5*7^2*11*13^3*19^2*23*29*37^2*41^2*43*47*53^2*59*61*67*71^2*73*79*83*89*97*101*103*149*151*157*163*167*173*179*181*191*193*197*199*211,1,1,1,1,1,1,1,-,-,0.000000000000,2.827293187916,0.000000000000,0.000000000000,0.000000000000,0.000000000000,0.000000000000,YES
64,2,177,35,8,42,67;71;73;79;83,-,73,73,1,1,3838673150216193200717860549274593607077066463564441617057724653194655858830360,2^3*3*5*7^2*11*13^3*19^2*23*29*37^2*41^2*43*47*53^2*59*61*67*71^2*73*79*83*89*97*101*103*149*151*157*163*167*173*179*181*191*193*197*199*211,1,1,1,1,1,1,1,-,-,0.000000000000,2.827293187916,0.000000000000,0.000000000000,0.000000000000,0.000000000000,0.000000000000,YES
64,2,178,35,1,35,67;71;73;79;83;89,-,73,73,305,3,5785042634832854541926916602427908675454170585935144408805303350589129252040120,2^3*3*5*7^2*11*13^3*19^2*23*29*37^2*41^2*43*47*53^2*59*61*67*71*73*79*83*89*97*101*103*107*149*151*157*163*167*173*179*181*191*193*197*199*211,305,5*61,1,1,1,305,5*61,5;61,-,0.089379871509,2.833701765376,0.089379871509,0.000000000000,0.000000000000,0.089379871509,0.000000000000,YES
64,2,178,35,2,36,67;71;73;79;83;89,-,73,73,305,3,5785042634832854541926916602427908675454170585935144408805303350589129252040120,2^3*3*5*7^2*11*13^3*19^2*23*29*37^2*41^2*43*47*53^2*59*61*67*71*73*79*83*89*97*101*103*107*149*151*157*163*167*173*179*181*191*193*197*199*211,305,5*61,1,1,1,305,5*61,5;61,-,0.089379871509,2.833701765376,0.089379871509,0.000000000000,0.000000000000,0.089379871509,0.000000000000,YES
64,2,178,35,4,38,67;71;73;79;83;89,-,73,73,305,3,5785042634832854541926916602427908675454170585935144408805303350589129252040120,2^3*3*5*7^2*11*13^3*19^2*23*29*37^2*41^2*43*47*53^2*59*61*67*71*73*79*83*89*97*101*103*107*149*151*157*163*167*173*179*181*191*193*197*199*211,305,5*61,1,1,1,305,5*61,5;61,-,0.089379871509,2.833701765376,0.089379871509,0.000000000000,0.000000000000,0.089379871509,0.000000000000,YES
64,2,178,35,8,42,67;71;73;79;83;89,-,73,73,305,3,5785042634832854541926916602427908675454170585935144408805303350589129252040120,2^3*3*5*7^2*11*13^3*19^2*23*29*37^2*41^2*43*47*53^2*59*61*67*71*73*79*83*89*97*101*103*107*149*151*157*163*167*173*179*181*191*193*197*199*211,305,5*61,1,1,1,305,5*61,5;61,-,0.089379871509,2.833701765376,0.089379871509,0.000000000000,0.000000000000,0.089379871509,0.000000000000,YES
64,2,179,35,1,35,67;71;73;79;83;89,-,73,73,19,2,8697791374049396688911098388265736819738787943888503831420560981654984539780600,2^3*3*5^2*7^2*13^2*19^2*23*29*37^2*41^2*43^2*47*53^2*59*61*67*71*73*79*83*89*97*101*103*107*149*151*157*163*167*173*179*181*191*193*197*199*211,19,19,1,1,1,19,19,19,-,0.046006859049,2.840073537217,0.046006859049,0.000000000000,0.000000000000,0.046006859049,0.000000000000,YES
64,2,179,35,2,36,67;71;73;79;83;89,-,73,73,19,2,8697791374049396688911098388265736819738787943888503831420560981654984539780600,2^3*3*5^2*7^2*13^2*19^2*23*29*37^2*41^2*43^2*47*53^2*59*61*67*71*73*79*83*89*97*101*103*107*149*151*157*163*167*173*179*181*191*193*197*199*211,19,19,1,1,1,19,19,19,-,0.046006859049,2.840073537217,0.046006859049,0.000000000000,0.000000000000,0.046006859049,0.000000000000,YES
64,2,179,35,4,38,67;71;73;79;83;89,-,73,73,1,1,8697791374049396688911098388265736819738787943888503831420560981654984539780600,2^3*3*5^2*7^2*13^2*19^2*23*29*37^2*41^2*43^2*47*53^2*59*61*67*71*73*79*83*89*97*101*103*107*149*151*157*163*167*173*179*181*191*193*197*199*211,1,1,1,1,1,1,1,-,-,0.000000000000,2.840073537217,0.000000000000,0.000000000000,0.000000000000,0.000000000000,0.046006859049,YES
64,2,179,35,8,42,67;71;73;79;83;89,-,73,73,1,1,8697791374049396688911098388265736819738787943888503831420560981654984539780600,2^3*3*5^2*7^2*13^2*19^2*23*29*37^2*41^2*43^2*47*53^2*59*61*67*71*73*79*83*89*97*101*103*107*149*151*157*163*167*173*179*181*191*193*197*199*211,1,1,1,1,1,1,1,-,-,0.000000000000,2.840073537217,0.000000000000,0.000000000000,0.000000000000,0.000000000000,0.046006859049,YES
64,2,180,35,1,35,67;71;73;79;83;89,-,73,73,5,1,13046687061074095033366647582398605229608181915832755747130841472482476809670900,2^2*3^2*5^2*7^2*13^2*19^2*23*29*37^2*41^2*43^2*47*53^2*59*61*67*71*73*79*83*89*97*101*103*107*149*151*157*163*167*173*179*181*191*193*197*199*211,5,5,1,1,1,5,5,5,-,0.025147467382,2.846408929532,0.025147467382,0.000000000000,0.000000000000,0.025147467382,0.000000000000,YES
64,2,180,35,2,36,67;71;73;79;83;89,-,73,73,5,1,13046687061074095033366647582398605229608181915832755747130841472482476809670900,2^2*3^2*5^2*7^2*13^2*19^2*23*29*37^2*41^2*43^2*47*53^2*59*61*67*71*73*79*83*89*97*101*103*107*149*151*157*163*167*173*179*181*191*193*197*199*211,5,5,1,1,1,5,5,5,-,0.025147467382,2.846408929532,0.025147467382,0.000000000000,0.000000000000,0.025147467382,0.000000000000,YES
64,2,180,35,4,38,67;71;73;79;83;89,-,73,73,5,1,13046687061074095033366647582398605229608181915832755747130841472482476809670900,2^2*3^2*5^2*7^2*13^2*19^2*23*29*37^2*41^2*43^2*47*53^2*59*61*67*71*73*79*83*89*97*101*103*107*149*151*157*163*167*173*179*181*191*193*197*199*211,5,5,1,1,1,5,5,5,-,0.025147467382,2.846408929532,0.025147467382,0.000000000000,0.000000000000,0.025147467382,0.000000000000,YES
64,2,180,35,8,42,67;71;73;79;83;89,-,73,73,5,1,13046687061074095033366647582398605229608181915832755747130841472482476809670900,2^2*3^2*5^2*7^2*13^2*19^2*23*29*37^2*41^2*43^2*47*53^2*59*61*67*71*73*79*83*89*97*101*103*107*149*151*157*163*167*173*179*181*191*193*197*199*211,5,5,1,1,1,5,5,5,-,0.025147467382,2.846408929532,0.025147467382,0.000000000000,0.000000000000,0.025147467382,0.000000000000,YES
64,2,181,35,1,35,67;71;73;79;83;89,-,73,73,95,2,19525042015538473256831465692279291964310175694729020669844086893301361846197140,2^2*3^2*5*7^3*13^2*19^2*23*31*37^2*41^2*43^2*47*53^2*59*61*67*71*73*79*83*89*97*101*103*107*149*151*157*163*167*173*179*181*191*193*197*199*211,95,5*19,1,1,1,95,5*19,5;19,-,0.071154326431,2.852708360955,0.071154326431,0.000000000000,0.000000000000,0.071154326431,0.000000000000,YES
64,2,181,35,2,36,67;71;73;79;83;89,-,73,73,95,2,19525042015538473256831465692279291964310175694729020669844086893301361846197140,2^2*3^2*5*7^3*13^2*19^2*23*31*37^2*41^2*43^2*47*53^2*59*61*67*71*73*79*83*89*97*101*103*107*149*151*157*163*167*173*179*181*191*193*197*199*211,95,5*19,1,1,1,95,5*19,5;19,-,0.071154326431,2.852708360955,0.071154326431,0.000000000000,0.000000000000,0.071154326431,0.000000000000,YES
64,2,181,35,4,38,67;71;73;79;83;89,-,73,73,5,1,19525042015538473256831465692279291964310175694729020669844086893301361846197140,2^2*3^2*5*7^3*13^2*19^2*23*31*37^2*41^2*43^2*47*53^2*59*61*67*71*73*79*83*89*97*101*103*107*149*151*157*163*167*173*179*181*191*193*197*199*211,5,5,1,1,1,5,5,5,-,0.025147467382,2.852708360955,0.025147467382,0.000000000000,0.000000000000,0.025147467382,0.046006859049,YES
64,2,181,35,8,42,67;71;73;79;83;89,-,73,73,5,1,19525042015538473256831465692279291964310175694729020669844086893301361846197140,2^2*3^2*5*7^3*13^2*19^2*23*31*37^2*41^2*43^2*47*53^2*59*61*67*71*73*79*83*89*97*101*103*107*149*151*157*163*167*173*179*181*191*193*197*199*211,5,5,1,1,1,5,5,5,-,0.025147467382,2.852708360955,0.025147467382,0.000000000000,0.000000000000,0.025147467382,0.046006859049,YES
64,2,182,36,1,36,67;71;73;79;83;89,-,73,73,5,1,680909098543343893519099952579107346208982036535977286208689844017526382221434520,2^3*3^3*5*7^3*13^2*19^2*23*31*41^2*43^2*47*53^2*59*61*67*71*73^2*79*83*89*97*101*103*107*109*149*151*157*163*167*173*179*181*191*193*197*199*211,5,5,1,1,1,5,5,5,-,0.025147467382,2.908204157320,0.025147467382,0.000000000000,0.000000000000,0.025147467382,0.000000000000,YES
64,2,182,36,2,37,67;71;73;79;83;89,-,73,73,5,1,680909098543343893519099952579107346208982036535977286208689844017526382221434520,2^3*3^3*5*7^3*13^2*19^2*23*31*41^2*43^2*47*53^2*59*61*67*71*73^2*79*83*89*97*101*103*107*109*149*151*157*163*167*173*179*181*191*193*197*199*211,5,5,1,1,1,5,5,5,-,0.025147467382,2.908204157320,0.025147467382,0.000000000000,0.000000000000,0.025147467382,0.000000000000,YES
64,2,182,36,4,39,67;71;73;79;83;89,-,73,73,5,1,680909098543343893519099952579107346208982036535977286208689844017526382221434520,2^3*3^3*5*7^3*13^2*19^2*23*31*41^2*43^2*47*53^2*59*61*67*71*73^2*79*83*89*97*101*103*107*109*149*151*157*163*167*173*179*181*191*193*197*199*211,5,5,1,1,1,5,5,5,-,0.025147467382,2.908204157320,0.025147467382,0.000000000000,0.000000000000,0.025147467382,0.000000000000,YES
64,2,182,36,8,43,67;71;73;79;83;89,-,73,73,5,1,680909098543343893519099952579107346208982036535977286208689844017526382221434520,2^3*3^3*5*7^3*13^2*19^2*23*31*41^2*43^2*47*53^2*59*61*67*71*73^2*79*83*89*97*101*103*107*109*149*151*157*163*167*173*179*181*191*193*197*199*211,5,5,1,1,1,5,5,5,-,0.025147467382,2.908204157320,0.025147467382,0.000000000000,0.000000000000,0.025147467382,0.000000000000,YES
64,2,183,36,1,36,67;71;73;79;83;89,-,73,73,4075,4,1026027408763942853247958832653449425794356493410376732643231271807231534854216400,2^4*3^3*5^2*7^3*11*13^2*19^2*23*31*41^2*43^2*47*53^2*59*61*67*71*73*79*83*89*97*101*103*107*109*149*151*157*163*167*173*179*181*191*193*197*199*211,4075,5^2*163,1,1,1,4075,5^2*163,5;163,-,0.129884781651,2.914610734267,0.129884781651,0.000000000000,0.000000000000,0.129884781651,0.000000000000,YES
64,2,183,36,2,37,67;71;73;79;83;89,-,73,73,4075,4,1026027408763942853247958832653449425794356493410376732643231271807231534854216400,2^4*3^3*5^2*7^3*11*13^2*19^2*23*31*41^2*43^2*47*53^2*59*61*67*71*73*79*83*89*97*101*103*107*109*149*151*157*163*167*173*179*181*191*193*197*199*211,4075,5^2*163,1,1,1,4075,5^2*163,5;163,-,0.129884781651,2.914610734267,0.129884781651,0.000000000000,0.000000000000,0.129884781651,0.000000000000,YES
64,2,183,36,4,39,67;71;73;79;83;89,-,73,73,4075,4,1026027408763942853247958832653449425794356493410376732643231271807231534854216400,2^4*3^3*5^2*7^3*11*13^2*19^2*23*31*41^2*43^2*47*53^2*59*61*67*71*73*79*83*89*97*101*103*107*109*149*151*157*163*167*173*179*181*191*193*197*199*211,4075,5^2*163,1,1,1,4075,5^2*163,5;163,-,0.129884781651,2.914610734267,0.129884781651,0.000000000000,0.000000000000,0.129884781651,0.000000000000,YES
64,2,183,36,8,43,67;71;73;79;83;89,-,73,73,815,3,1026027408763942853247958832653449425794356493410376732643231271807231534854216400,2^4*3^3*5^2*7^3*11*13^2*19^2*23*31*41^2*43^2*47*53^2*59*61*67*71*73*79*83*89*97*101*103*107*109*149*151*157*163*167*173*179*181*191*193*197*199*211,815,5*163,1,1,1,815,5*163,5;163,-,0.104737314269,2.914610734267,0.104737314269,0.000000000000,0.000000000000,0.104737314269,0.025147467382,YES
64,2,184,36,1,36,67;71;73;79;83;89,-,73,73,5,1,1542531002291369867808155796030015803405120986691790870164313680744205232671985200,2^4*3^2*5^2*7*11*13^3*17*19^2*23*31*41^2*43^2*47*53^2*59*61*67*71*73*79*83*89*97*101*103*107*109*149*151*157*163*167*173*179*181*191*193*197*199*211,5,5,1,1,1,5,5,5,-,0.025147467382,2.920981517310,0.025147467382,0.000000000000,0.000000000000,0.025147467382,0.000000000000,YES
64,2,184,36,2,37,67;71;73;79;83;89,-,73,73,5,1,1542531002291369867808155796030015803405120986691790870164313680744205232671985200,2^4*3^2*5^2*7*11*13^3*17*19^2*23*31*41^2*43^2*47*53^2*59*61*67*71*73*79*83*89*97*101*103*107*109*149*151*157*163*167*173*179*181*191*193*197*199*211,5,5,1,1,1,5,5,5,-,0.025147467382,2.920981517310,0.025147467382,0.000000000000,0.000000000000,0.025147467382,0.000000000000,YES
64,2,184,36,4,39,67;71;73;79;83;89,-,73,73,5,1,1542531002291369867808155796030015803405120986691790870164313680744205232671985200,2^4*3^2*5^2*7*11*13^3*17*19^2*23*31*41^2*43^2*47*53^2*59*61*67*71*73*79*83*89*97*101*103*107*109*149*151*157*163*167*173*179*181*191*193*197*199*211,5,5,1,1,1,5,5,5,-,0.025147467382,2.920981517310,0.025147467382,0.000000000000,0.000000000000,0.025147467382,0.000000000000,YES
64,2,184,36,8,43,67;71;73;79;83;89,-,73,73,5,1,1542531002291369867808155796030015803405120986691790870164313680744205232671985200,2^4*3^2*5^2*7*11*13^3*17*19^2*23*31*41^2*43^2*47*53^2*59*61*67*71*73*79*83*89*97*101*103*107*109*149*151*157*163*167*173*179*181*191*193*197*199*211,5,5,1,1,1,5,5,5,-,0.025147467382,2.920981517310,0.025147467382,0.000000000000,0.000000000000,0.025147467382,0.000000000000,YES
64,2,185,36,1,36,67;71;73;79;83;89,-,73,73,1,1,2313796503437054801712233694045023705107681480037686305246470521116307849007977800,2^3*3^3*5^2*7*11*13^3*17*19^2*23*31*41^2*43^2*47*53^2*59*61*67*71*73*79*83*89*97*101*103*107*109*149*151*157*163*167*173*179*181*191*193*197*199*211,1,1,1,1,1,1,1,-,-,0.000000000000,2.927316909624,0.000000000000,0.000000000000,0.000000000000,0.000000000000,0.000000000000,YES
64,2,185,36,2,37,67;71;73;79;83;89,-,73,73,1,1,2313796503437054801712233694045023705107681480037686305246470521116307849007977800,2^3*3^3*5^2*7*11*13^3*17*19^2*23*31*41^2*43^2*47*53^2*59*61*67*71*73*79*83*89*97*101*103*107*109*149*151*157*163*167*173*179*181*191*193*197*199*211,1,1,1,1,1,1,1,-,-,0.000000000000,2.927316909624,0.000000000000,0.000000000000,0.000000000000,0.000000000000,0.000000000000,YES
64,2,185,36,4,39,67;71;73;79;83;89,-,73,73,1,1,2313796503437054801712233694045023705107681480037686305246470521116307849007977800,2^3*3^3*5^2*7*11*13^3*17*19^2*23*31*41^2*43^2*47*53^2*59*61*67*71*73*79*83*89*97*101*103*107*109*149*151*157*163*167*173*179*181*191*193*197*199*211,1,1,1,1,1,1,1,-,-,0.000000000000,2.927316909624,0.000000000000,0.000000000000,0.000000000000,0.000000000000,0.000000000000,YES
64,2,185,36,8,43,67;71;73;79;83;89,-,73,73,1,1,2313796503437054801712233694045023705107681480037686305246470521116307849007977800,2^3*3^3*5^2*7*11*13^3*17*19^2*23*31*41^2*43^2*47*53^2*59*61*67*71*73*79*83*89*97*101*103*107*109*149*151*157*163*167*173*179*181*191*193*197*199*211,1,1,1,1,1,1,1,-,-,0.000000000000,2.927316909624,0.000000000000,0.000000000000,0.000000000000,0.000000000000,0.000000000000,YES
64,2,186,36,1,36,67;71;73;79;83;89,-,73,73,1475,4,3462930337358813562294148414577451585496731342606738564227939102073400337777040600,2^3*3^3*5^2*7*11*13^3*17*19^2*23*31*41^2*43^2*47*53^2*59*61*67*71*73*79*83*89*97*101*103*107*109*151*157*163*167*173*179*181*191*193*197*199*211*223,1475,5^2*59,1,1,1,1475,5^2*59,5;59,-,0.114006457325,2.933617307523,0.114006457325,0.000000000000,0.000000000000,0.114006457325,0.000000000000,YES
64,2,186,36,2,37,67;71;73;79;83;89,-,73,73,1475,4,3462930337358813562294148414577451585496731342606738564227939102073400337777040600,2^3*3^3*5^2*7*11*13^3*17*19^2*23*31*41^2*43^2*47*53^2*59*61*67*71*73*79*83*89*97*101*103*107*109*151*157*163*167*173*179*181*191*193*197*199*211*223,1475,5^2*59,1,1,1,1475,5^2*59,5;59,-,0.114006457325,2.933617307523,0.114006457325,0.000000000000,0.000000000000,0.114006457325,0.000000000000,YES
64,2,186,36,4,39,67;71;73;79;83;89,-,73,73,1475,4,3462930337358813562294148414577451585496731342606738564227939102073400337777040600,2^3*3^3*5^2*7*11*13^3*17*19^2*23*31*41^2*43^2*47*53^2*59*61*67*71*73*79*83*89*97*101*103*107*109*151*157*163*167*173*179*181*191*193*197*199*211*223,1475,5^2*59,1,1,1,1475,5^2*59,5;59,-,0.114006457325,2.933617307523,0.114006457325,0.000000000000,0.000000000000,0.114006457325,0.000000000000,YES
64,2,186,36,8,43,67;71;73;79;83;89,-,73,73,295,3,3462930337358813562294148414577451585496731342606738564227939102073400337777040600,2^3*3^3*5^2*7*11*13^3*17*19^2*23*31*41^2*43^2*47*53^2*59*61*67*71*73*79*83*89*97*101*103*107*109*151*157*163*167*173*179*181*191*193*197*199*211*223,295,5*59,1,1,1,295,5*59,5;59,-,0.088858989943,2.933617307523,0.088858989943,0.000000000000,0.000000000000,0.088858989943,0.025147467382,YES
64,2,187,37,1,37,67;71;73;79;83;89,-,73,73,61,2,120866820639116484445723739677772548413459321099293368169728622399237795722965960000,2^6*3^5*5^4*7^2*11*13^3*17*23*31*41^2*43^2*47*53^2*59*61*67*71*73*79*83*89*97*101*103*107*109*151*157*163*167*173*179*181*191*193*197*199*211*223,61,61,1,1,1,61,61,61,-,0.064232404128,2.989126278376,0.064232404128,0.000000000000,0.000000000000,0.064232404128,0.000000000000,YES
64,2,187,37,2,38,67;71;73;79;83;89,-,73,73,61,2,120866820639116484445723739677772548413459321099293368169728622399237795722965960000,2^6*3^5*5^4*7^2*11*13^3*17*23*31*41^2*43^2*47*53^2*59*61*67*71*73*79*83*89*97*101*103*107*109*151*157*163*167*173*179*181*191*193*197*199*211*223,61,61,1,1,1,61,61,61,-,0.064232404128,2.989126278376,0.064232404128,0.000000000000,0.000000000000,0.064232404128,0.000000000000,YES
64,2,187,37,4,40,67;71;73;79;83;89,-,73,73,61,2,120866820639116484445723739677772548413459321099293368169728622399237795722965960000,2^6*3^5*5^4*7^2*11*13^3*17*23*31*41^2*43^2*47*53^2*59*61*67*71*73*79*83*89*97*101*103*107*109*151*157*163*167*173*179*181*191*193*197*199*211*223,61,61,1,1,1,61,61,61,-,0.064232404128,2.989126278376,0.064232404128,0.000000000000,0.000000000000,0.064232404128,0.000000000000,YES
64,2,187,37,8,44,67;71;73;79;83;89,-,73,73,61,2,120866820639116484445723739677772548413459321099293368169728622399237795722965960000,2^6*3^5*5^4*7^2*11*13^3*17*23*31*41^2*43^2*47*53^2*59*61*67*71*73*79*83*89*97*101*103*107*109*151*157*163*167*173*179*181*191*193*197*199*211*223,61,61,1,1,1,61,61,61,-,0.064232404128,2.989126278376,0.064232404128,0.000000000000,0.000000000000,0.064232404128,0.000000000000,YES
64,2,188,37,1,37,67;71;73;79;83;89,-,73,73,25,2,182106009762935503231557101114510639609612043789602008042391124414851612222602046400,2^6*3^4*5^2*7^2*11*13^3*17*23*31*41^2*43^2*47*53^2*59*61*67*71*73*79*83*89*97*101*103*107*109*113*151*157*163*167*173*179*181*191*193*197*199*211*223,25,5^2,1,1,1,25,5^2,5,-,0.050294934764,2.995530961270,0.050294934764,0.000000000000,0.000000000000,0.050294934764,0.000000000000,YES
64,2,188,37,2,38,67;71;73;79;83;89,-,73,73,25,2,182106009762935503231557101114510639609612043789602008042391124414851612222602046400,2^6*3^4*5^2*7^2*11*13^3*17*23*31*41^2*43^2*47*53^2*59*61*67*71*73*79*83*89*97*101*103*107*109*113*151*157*163*167*173*179*181*191*193*197*199*211*223,25,5^2,1,1,1,25,5^2,5,-,0.050294934764,2.995530961270,0.050294934764,0.000000000000,0.000000000000,0.050294934764,0.000000000000,YES
64,2,188,37,4,40,67;71;73;79;83;89,-,73,73,5,1,182106009762935503231557101114510639609612043789602008042391124414851612222602046400,2^6*3^4*5^2*7^2*11*13^3*17*23*31*41^2*43^2*47*53^2*59*61*67*71*73*79*83*89*97*101*103*107*109*113*151*157*163*167*173*179*181*191*193*197*199*211*223,5,5,1,1,1,5,5,5,-,0.025147467382,2.995530961270,0.025147467382,0.000000000000,0.000000000000,0.025147467382,0.025147467382,YES
64,2,188,37,8,44,67;71;73;79;83;89,-,73,73,5,1,182106009762935503231557101114510639609612043789602008042391124414851612222602046400,2^6*3^4*5^2*7^2*11*13^3*17*23*31*41^2*43^2*47*53^2*59*61*67*71*73*79*83*89*97*101*103*107*109*113*151*157*163*167*173*179*181*191*193*197*199*211*223,5,5,1,1,1,5,5,5,-,0.025147467382,2.995530961270,0.025147467382,0.000000000000,0.000000000000,0.025147467382,0.025147467382,YES
64,2,189,37,1,37,67;71;73;79;83;89,-,73,73,1,1,273762014676730855851413655317840497956171747948606992222667451934909377314772612800,2^6*3^4*5^2*7^2*11*13^3*17*23*31*41^2*43^2*47*53^2*59*61*67*71*73*79*83*89*97*101*103*107*109*113*157*163*167*173*179*181*191*193*197*199*211*223*227,1,1,1,1,1,1,1,-,-,0.000000000000,3.001900807842,0.000000000000,0.000000000000,0.000000000000,0.000000000000,0.000000000000,YES
64,2,189,37,2,38,67;71;73;79;83;89,-,73,73,1,1,273762014676730855851413655317840497956171747948606992222667451934909377314772612800,2^6*3^4*5^2*7^2*11*13^3*17*23*31*41^2*43^2*47*53^2*59*61*67*71*73*79*83*89*97*101*103*107*109*113*157*163*167*173*179*181*191*193*197*199*211*223*227,1,1,1,1,1,1,1,-,-,0.000000000000,3.001900807842,0.000000000000,0.000000000000,0.000000000000,0.000000000000,0.000000000000,YES
64,2,189,37,4,40,67;71;73;79;83;89,-,73,73,1,1,273762014676730855851413655317840497956171747948606992222667451934909377314772612800,2^6*3^4*5^2*7^2*11*13^3*17*23*31*41^2*43^2*47*53^2*59*61*67*71*73*79*83*89*97*101*103*107*109*113*157*163*167*173*179*181*191*193*197*199*211*223*227,1,1,1,1,1,1,1,-,-,0.000000000000,3.001900807842,0.000000000000,0.000000000000,0.000000000000,0.000000000000,0.000000000000,YES
64,2,189,37,8,44,67;71;73;79;83;89,-,73,73,1,1,273762014676730855851413655317840497956171747948606992222667451934909377314772612800,2^6*3^4*5^2*7^2*11*13^3*17*23*31*41^2*43^2*47*53^2*59*61*67*71*73*79*83*89*97*101*103*107*109*113*157*163*167*173*179*181*191*193*197*199*211*223*227,1,1,1,1,1,1,1,-,-,0.000000000000,3.001900807842,0.000000000000,0.000000000000,0.000000000000,0.000000000000,0.000000000000,YES
64,2,190,37,1,37,67;71;73;79;83;89,-,73,73,85,2,410643022015096283777120482976760746934257621922910488334001177902364065972158919200,2^5*3^5*5^2*7^2*11*13^3*17*23*31*41^2*43^2*47*53^2*59*61*67*71*73*79*83*89*97*101*103*107*109*113*157*163*167*173*179*181*191*193*197*199*211*223*227,85,5*17,1,1,1,85,5*17,5;17,-,0.069416425883,3.008236200157,0.069416425883,0.000000000000,0.000000000000,0.069416425883,0.000000000000,YES
64,2,190,37,2,38,67;71;73;79;83;89,-,73,73,85,2,410643022015096283777120482976760746934257621922910488334001177902364065972158919200,2^5*3^5*5^2*7^2*11*13^3*17*23*31*41^2*43^2*47*53^2*59*61*67*71*73*79*83*89*97*101*103*107*109*113*157*163*167*173*179*181*191*193*197*199*211*223*227,85,5*17,1,1,1,85,5*17,5;17,-,0.069416425883,3.008236200157,0.069416425883,0.000000000000,0.000000000000,0.069416425883,0.000000000000,YES
64,2,190,37,4,40,67;71;73;79;83;89,-,73,73,85,2,410643022015096283777120482976760746934257621922910488334001177902364065972158919200,2^5*3^5*5^2*7^2*11*13^3*17*23*31*41^2*43^2*47*53^2*59*61*67*71*73*79*83*89*97*101*103*107*109*113*157*163*167*173*179*181*191*193*197*199*211*223*227,85,5*17,1,1,1,85,5*17,5;17,-,0.069416425883,3.008236200157,0.069416425883,0.000000000000,0.000000000000,0.069416425883,0.000000000000,YES
64,2,190,37,8,44,67;71;73;79;83;89,-,73,73,85,2,410643022015096283777120482976760746934257621922910488334001177902364065972158919200,2^5*3^5*5^2*7^2*11*13^3*17*23*31*41^2*43^2*47*53^2*59*61*67*71*73*79*83*89*97*101*103*107*109*113*157*163*167*173*179*181*191*193*197*199*211*223*227,85,5*17,1,1,1,85,5*17,5;17,-,0.069416425883,3.008236200157,0.069416425883,0.000000000000,0.000000000000,0.069416425883,0.000000000000,YES
64,2,191,37,1,37,67;71;73;79;83;89,-,73,73,25,2,614622562362464372450722814390053666980032649806186286460694573461708307892969885600,2^5*3^3*5^2*7^2*11*13^3*23*31*41^2*43^2*47*53^2*59*61*67*71*73*79*83*89*97*101*103*107*109*113*157*163*167*173*179*181*191*193*197*199*211*223*227*229,25,5^2,1,1,1,25,5^2,5,-,0.050294934764,3.014537513940,0.050294934764,0.000000000000,0.000000000000,0.050294934764,0.000000000000,YES
64,2,191,37,2,38,67;71;73;79;83;89,-,73,73,25,2,614622562362464372450722814390053666980032649806186286460694573461708307892969885600,2^5*3^3*5^2*7^2*11*13^3*23*31*41^2*43^2*47*53^2*59*61*67*71*73*79*83*89*97*101*103*107*109*113*157*163*167*173*179*181*191*193*197*199*211*223*227*229,25,5^2,1,1,1,25,5^2,5,-,0.050294934764,3.014537513940,0.050294934764,0.000000000000,0.000000000000,0.050294934764,0.000000000000,YES
64,2,191,37,4,40,67;71;73;79;83;89,-,73,73,5,1,614622562362464372450722814390053666980032649806186286460694573461708307892969885600,2^5*3^3*5^2*7^2*11*13^3*23*31*41^2*43^2*47*53^2*59*61*67*71*73*79*83*89*97*101*103*107*109*113*157*163*167*173*179*181*191*193*197*199*211*223*227*229,5,5,1,1,1,5,5,5,-,0.025147467382,3.014537513940,0.025147467382,0.000000000000,0.000000000000,0.025147467382,0.025147467382,YES
64,2,191,37,8,44,67;71;73;79;83;89,-,73,73,5,1,614622562362464372450722814390053666980032649806186286460694573461708307892969885600,2^5*3^3*5^2*7^2*11*13^3*23*31*41^2*43^2*47*53^2*59*61*67*71*73*79*83*89*97*101*103*107*109*113*157*163*167*173*179*181*191*193*197*199*211*223*227*229,5,5,1,1,1,5,5,5,-,0.025147467382,3.014537513940,0.025147467382,0.000000000000,0.000000000000,0.025147467382,0.025147467382,YES
64,2,192,38,1,38,67;71;73;79;83;89,-,73,73,55,2,21469360117237167724067654916859665566501732205261457856447536284037187638628198568000,2^6*3^2*5^3*7^3*11^2*13*23^2*31*41^2*43^2*47*53^2*59*61*67*71*73*79*83*89*97*101*103*107*109*113*157*163*167*173*179*181*191*193*197*199*211*223*227*229,55,5*11,1,1,1,55,5*11,5;11,-,0.062614581019,3.070058978428,0.062614581019,0.000000000000,0.000000000000,0.062614581019,0.000000000000,YES
64,2,192,38,2,39,67;71;73;79;83;89,-,73,73,55,2,21469360117237167724067654916859665566501732205261457856447536284037187638628198568000,2^6*3^2*5^3*7^3*11^2*13*23^2*31*41^2*43^2*47*53^2*59*61*67*71*73*79*83*89*97*101*103*107*109*113*157*163*167*173*179*181*191*193*197*199*211*223*227*229,55,5*11,1,1,1,55,5*11,5;11,-,0.062614581019,3.070058978428,0.062614581019,0.000000000000,0.000000000000,0.062614581019,0.000000000000,YES
64,2,192,38,4,41,67;71;73;79;83;89,-,73,73,55,2,21469360117237167724067654916859665566501732205261457856447536284037187638628198568000,2^6*3^2*5^3*7^3*11^2*13*23^2*31*41^2*43^2*47*53^2*59*61*67*71*73*79*83*89*97*101*103*107*109*113*157*163*167*173*179*181*191*193*197*199*211*223*227*229,55,5*11,1,1,1,55,5*11,5;11,-,0.062614581019,3.070058978428,0.062614581019,0.000000000000,0.000000000000,0.062614581019,0.000000000000,YES
64,2,192,38,8,45,67;71;73;79;83;89,-,73,73,5,1,21469360117237167724067654916859665566501732205261457856447536284037187638628198568000,2^6*3^2*5^3*7^3*11^2*13*23^2*31*41^2*43^2*47*53^2*59*61*67*71*73*79*83*89*97*101*103*107*109*113*157*163*167*173*179*181*191*193*197*199*211*223*227*229,5,5,1,1,1,5,5,5,-,0.025147467382,3.070058978428,0.025147467382,0.000000000000,0.000000000000,0.025147467382,0.037467113637,YES
64,2,193,38,1,38,67;71;73;79;83;89,-,73,73,25,2,32343451605188460467426597017606768905379232932601676770752132583744334624426896544000,2^8*3^2*5^3*7^2*11*13*23^2*29*31*41^2*43^2*47*53^2*59*61*67*71*73*79*83*89*97*101*103*107*109*113*157*163*167*173*179*181*191*193*197*199*211*223*227*229,25,5^2,1,1,1,25,5^2,5,-,0.050294934764,3.076461865447,0.050294934764,0.000000000000,0.000000000000,0.050294934764,0.000000000000,YES
64,2,193,38,2,39,67;71;73;79;83;89,-,73,73,25,2,32343451605188460467426597017606768905379232932601676770752132583744334624426896544000,2^8*3^2*5^3*7^2*11*13*23^2*29*31*41^2*43^2*47*53^2*59*61*67*71*73*79*83*89*97*101*103*107*109*113*157*163*167*173*179*181*191*193*197*199*211*223*227*229,25,5^2,1,1,1,25,5^2,5,-,0.050294934764,3.076461865447,0.050294934764,0.000000000000,0.000000000000,0.050294934764,0.000000000000,YES
64,2,193,38,4,41,67;71;73;79;83;89,-,73,73,5,1,32343451605188460467426597017606768905379232932601676770752132583744334624426896544000,2^8*3^2*5^3*7^2*11*13*23^2*29*31*41^2*43^2*47*53^2*59*61*67*71*73*79*83*89*97*101*103*107*109*113*157*163*167*173*179*181*191*193*197*199*211*223*227*229,5,5,1,1,1,5,5,5,-,0.025147467382,3.076461865447,0.025147467382,0.000000000000,0.000000000000,0.025147467382,0.025147467382,YES
64,2,193,38,8,45,67;71;73;79;83;89,-,73,73,5,1,32343451605188460467426597017606768905379232932601676770752132583744334624426896544000,2^8*3^2*5^3*7^2*11*13*23^2*29*31*41^2*43^2*47*53^2*59*61*67*71*73*79*83*89*97*101*103*107*109*113*157*163*167*173*179*181*191*193*197*199*211*223*227*229,5,5,1,1,1,5,5,5,-,0.025147467382,3.076461865447,0.025147467382,0.000000000000,0.000000000000,0.025147467382,0.025147467382,YES
64,2,194,38,1,38,67;71;73;79;83;89;97,-,73,73,205,3,48619511122638137347809013581305659064215234021265746371517721883951161080590108998400,2^8*3^2*5^2*7^2*11*13*23^2*29*41^2*43^2*47*53^2*59*61*67*71*73*79*83*89*97*101*103*107*109*113*157*163*167*173*179*181*191*193*197*199*211*223*227*229*233,205,5*41,1,1,1,205,5*41,5;41,-,0.083172030924,3.082830823832,0.083172030924,0.000000000000,0.000000000000,0.083172030924,0.000000000000,YES
64,2,194,38,2,39,67;71;73;79;83;89;97,-,73,73,205,3,48619511122638137347809013581305659064215234021265746371517721883951161080590108998400,2^8*3^2*5^2*7^2*11*13*23^2*29*41^2*43^2*47*53^2*59*61*67*71*73*79*83*89*97*101*103*107*109*113*157*163*167*173*179*181*191*193*197*199*211*223*227*229*233,205,5*41,1,1,1,205,5*41,5;41,-,0.083172030924,3.082830823832,0.083172030924,0.000000000000,0.000000000000,0.083172030924,0.000000000000,YES
64,2,194,38,4,41,67;71;73;79;83;89;97,-,73,73,5,1,48619511122638137347809013581305659064215234021265746371517721883951161080590108998400,2^8*3^2*5^2*7^2*11*13*23^2*29*41^2*43^2*47*53^2*59*61*67*71*73*79*83*89*97*101*103*107*109*113*157*163*167*173*179*181*191*193*197*199*211*223*227*229*233,5,5,1,1,1,5,5,5,-,0.025147467382,3.082830823832,0.025147467382,0.000000000000,0.000000000000,0.025147467382,0.058024563542,YES
64,2,194,38,8,45,67;71;73;79;83;89;97,-,73,73,5,1,48619511122638137347809013581305659064215234021265746371517721883951161080590108998400,2^8*3^2*5^2*7^2*11*13*23^2*29*41^2*43^2*47*53^2*59*61*67*71*73*79*83*89*97*101*103*107*109*113*157*163*167*173*179*181*191*193*197*199*211*223*227*229*233,5,5,1,1,1,5,5,5,-,0.025147467382,3.082830823832,0.025147467382,0.000000000000,0.000000000000,0.025147467382,0.058024563542,YES
64,2,195,38,1,38,67;71;73;79;83;89;97,-,73,73,1,1,72929266683957206021713520371958488596322851031898619557276582825926741620885163497600,2^7*3^3*5^2*7^2*11*13*23^2*29*41^2*43^2*47*53^2*59*61*67*71*73*79*83*89*97*101*103*107*109*113*157*163*167*173*179*181*191*193*197*199*211*223*227*229*233,1,1,1,1,1,1,1,-,-,0.000000000000,3.089166216147,0.000000000000,0.000000000000,0.000000000000,0.000000000000,0.000000000000,YES
64,2,195,38,2,39,67;71;73;79;83;89;97,-,73,73,1,1,72929266683957206021713520371958488596322851031898619557276582825926741620885163497600,2^7*3^3*5^2*7^2*11*13*23^2*29*41^2*43^2*47*53^2*59*61*67*71*73*79*83*89*97*101*103*107*109*113*157*163*167*173*179*181*191*193*197*199*211*223*227*229*233,1,1,1,1,1,1,1,-,-,0.000000000000,3.089166216147,0.000000000000,0.000000000000,0.000000000000,0.000000000000,0.000000000000,YES
64,2,195,38,4,41,67;71;73;79;83;89;97,-,73,73,1,1,72929266683957206021713520371958488596322851031898619557276582825926741620885163497600,2^7*3^3*5^2*7^2*11*13*23^2*29*41^2*43^2*47*53^2*59*61*67*71*73*79*83*89*97*101*103*107*109*113*157*163*167*173*179*181*191*193*197*199*211*223*227*229*233,1,1,1,1,1,1,1,-,-,0.000000000000,3.089166216147,0.000000000000,0.000000000000,0.000000000000,0.000000000000,0.000000000000,YES
64,2,195,38,8,45,67;71;73;79;83;89;97,-,73,73,1,1,72929266683957206021713520371958488596322851031898619557276582825926741620885163497600,2^7*3^3*5^2*7^2*11*13*23^2*29*41^2*43^2*47*53^2*59*61*67*71*73*79*83*89*97*101*103*107*109*113*157*163*167*173*179*181*191*193*197*199*211*223*227*229*233,1,1,1,1,1,1,1,-,-,0.000000000000,3.089166216147,0.000000000000,0.000000000000,0.000000000000,0.000000000000,0.000000000000,YES
64,2,196,38,1,38,67;71;73;79;83;89;97,-,73,73,5,1,109161641214840403917851447690511113504050127340739971948789789580208817075847219248000,2^7*3^3*5^3*7^2*11*13*23^2*29*41^2*43^2*47^2*53^2*59*61*67*71*73*79*83*89*97*101*103*107*109*113*163*167*173*179*181*191*193*197*199*211*223*227*229*233,5,5,1,1,1,5,5,5,-,0.025147467382,3.095468399096,0.025147467382,0.000000000000,0.000000000000,0.025147467382,0.000000000000,YES
64,2,196,38,2,39,67;71;73;79;83;89;97,-,73,73,5,1,109161641214840403917851447690511113504050127340739971948789789580208817075847219248000,2^7*3^3*5^3*7^2*11*13*23^2*29*41^2*43^2*47^2*53^2*59*61*67*71*73*79*83*89*97*101*103*107*109*113*163*167*173*179*181*191*193*197*199*211*223*227*229*233,5,5,1,1,1,5,5,5,-,0.025147467382,3.095468399096,0.025147467382,0.000000000000,0.000000000000,0.025147467382,0.000000000000,YES
64,2,196,38,4,41,67;71;73;79;83;89;97,-,73,73,5,1,109161641214840403917851447690511113504050127340739971948789789580208817075847219248000,2^7*3^3*5^3*7^2*11*13*23^2*29*41^2*43^2*47^2*53^2*59*61*67*71*73*79*83*89*97*101*103*107*109*113*163*167*173*179*181*191*193*197*199*211*223*227*229*233,5,5,1,1,1,5,5,5,-,0.025147467382,3.095468399096,0.025147467382,0.000000000000,0.000000000000,0.025147467382,0.000000000000,YES
64,2,196,38,8,45,67;71;73;79;83;89;97,-,73,73,5,1,109161641214840403917851447690511113504050127340739971948789789580208817075847219248000,2^7*3^3*5^3*7^2*11*13*23^2*29*41^2*43^2*47^2*53^2*59*61*67*71*73*79*83*89*97*101*103*107*109*113*163*167*173*179*181*191*193*197*199*211*223*227*229*233,5,5,1,1,1,5,5,5,-,0.025147467382,3.095468399096,0.025147467382,0.000000000000,0.000000000000,0.025147467382,0.000000000000,YES
64,2,197,39,1,39,67;71;73;79;83;89;97,-,73,73,1,1,3816018072767783419958291982641042250317832326513917569399819069250149722928929166861960,2^3*3^4*5*7^2*11*13*23^2*29*41^2*43^2*47^2*53^2*59^2*61*67*71*73*79^2*83*89*97*101*103*107*109*113*163*167*173*179*181*191*193*197*199*211*223*227*229*233,1,1,1,1,1,1,1,-,-,0.000000000000,3.151001727814,0.000000000000,0.000000000000,0.000000000000,0.000000000000,0.000000000000,YES
64,2,197,39,2,40,67;71;73;79;83;89;97,-,73,73,1,1,3816018072767783419958291982641042250317832326513917569399819069250149722928929166861960,2^3*3^4*5*7^2*11*13*23^2*29*41^2*43^2*47^2*53^2*59^2*61*67*71*73*79^2*83*89*97*101*103*107*109*113*163*167*173*179*181*191*193*197*199*211*223*227*229*233,1,1,1,1,1,1,1,-,-,0.000000000000,3.151001727814,0.000000000000,0.000000000000,0.000000000000,0.000000000000,0.000000000000,YES
64,2,197,39,4,42,67;71;73;79;83;89;97,-,73,73,1,1,3816018072767783419958291982641042250317832326513917569399819069250149722928929166861960,2^3*3^4*5*7^2*11*13*23^2*29*41^2*43^2*47^2*53^2*59^2*61*67*71*73*79^2*83*89*97*101*103*107*109*113*163*167*173*179*181*191*193*197*199*211*223*227*229*233,1,1,1,1,1,1,1,-,-,0.000000000000,3.151001727814,0.000000000000,0.000000000000,0.000000000000,0.000000000000,0.000000000000,YES
64,2,197,39,8,46,67;71;73;79;83;89;97,-,73,73,1,1,3816018072767783419958291982641042250317832326513917569399819069250149722928929166861960,2^3*3^4*5*7^2*11*13*23^2*29*41^2*43^2*47^2*53^2*59^2*61*67*71*73*79^2*83*89*97*101*103*107*109*113*163*167*173*179*181*191*193*197*199*211*223*227*229*233,1,1,1,1,1,1,1,-,-,0.000000000000,3.151001727814,0.000000000000,0.000000000000,0.000000000000,0.000000000000,0.000000000000,YES
64,2,198,39,1,39,67;71;73;79;83;89;97,-,73,73,5,1,5748179122270458569304262606763088959339519580445015072893398344819845785171424947551560,2^3*3^4*5*7^3*11*13*17*23^2*29*41^2*43^2*47^2*53^2*59^2*61*67*71*73*79*83*89*97*101*103*107*109*113*163*167*173*179*181*191*193*197*199*211*223*227*229*233,5,5,1,1,1,5,5,5,-,0.025147467382,3.157402909699,0.025147467382,0.000000000000,0.000000000000,0.025147467382,0.000000000000,YES
64,2,198,39,2,40,67;71;73;79;83;89;97,-,73,73,5,1,5748179122270458569304262606763088959339519580445015072893398344819845785171424947551560,2^3*3^4*5*7^3*11*13*17*23^2*29*41^2*43^2*47^2*53^2*59^2*61*67*71*73*79*83*89*97*101*103*107*109*113*163*167*173*179*181*191*193*197*199*211*223*227*229*233,5,5,1,1,1,5,5,5,-,0.025147467382,3.157402909699,0.025147467382,0.000000000000,0.000000000000,0.025147467382,0.000000000000,YES
64,2,198,39,4,42,67;71;73;79;83;89;97,-,73,73,5,1,5748179122270458569304262606763088959339519580445015072893398344819845785171424947551560,2^3*3^4*5*7^3*11*13*17*23^2*29*41^2*43^2*47^2*53^2*59^2*61*67*71*73*79*83*89*97*101*103*107*109*113*163*167*173*179*181*191*193*197*199*211*223*227*229*233,5,5,1,1,1,5,5,5,-,0.025147467382,3.157402909699,0.025147467382,0.000000000000,0.000000000000,0.025147467382,0.000000000000,YES
64,2,198,39,8,46,67;71;73;79;83;89;97,-,73,73,5,1,5748179122270458569304262606763088959339519580445015072893398344819845785171424947551560,2^3*3^4*5*7^3*11*13*17*23^2*29*41^2*43^2*47^2*53^2*59^2*61*67*71*73*79*83*89*97*101*103*107*109*113*163*167*173*179*181*191*193*197*199*211*223*227*229*233,5,5,1,1,1,5,5,5,-,0.025147467382,3.157402909699,0.025147467382,0.000000000000,0.000000000000,0.025147467382,0.000000000000,YES
64,2,199,39,1,39,67;71;73;79;83;89;97,-,73,73,1,1,8640344718381381119897602283121875857120409935385903159883787449131717878339437499778760,2^3*3^3*5*7^3*11*13*17*23^2*29*41^2*43^2*47^2*53*59^2*61*67*71*73*79*83*89*97*101*103*107*109*113*163*167*173*179*181*191*193*197*199*211*223*227*229*233*239,1,1,1,1,1,1,1,-,-,0.000000000000,3.163771024538,0.000000000000,0.000000000000,0.000000000000,0.000000000000,0.000000000000,YES
64,2,199,39,2,40,67;71;73;79;83;89;97,-,73,73,1,1,8640344718381381119897602283121875857120409935385903159883787449131717878339437499778760,2^3*3^3*5*7^3*11*13*17*23^2*29*41^2*43^2*47^2*53*59^2*61*67*71*73*79*83*89*97*101*103*107*109*113*163*167*173*179*181*191*193*197*199*211*223*227*229*233*239,1,1,1,1,1,1,1,-,-,0.000000000000,3.163771024538,0.000000000000,0.000000000000,0.000000000000,0.000000000000,0.000000000000,YES
64,2,199,39,4,42,67;71;73;79;83;89;97,-,73,73,1,1,8640344718381381119897602283121875857120409935385903159883787449131717878339437499778760,2^3*3^3*5*7^3*11*13*17*23^2*29*41^2*43^2*47^2*53*59^2*61*67*71*73*79*83*89*97*101*103*107*109*113*163*167*173*179*181*191*193*197*199*211*223*227*229*233*239,1,1,1,1,1,1,1,-,-,0.000000000000,3.163771024538,0.000000000000,0.000000000000,0.000000000000,0.000000000000,0.000000000000,YES
64,2,199,39,8,46,67;71;73;79;83;89;97,-,73,73,1,1,8640344718381381119897602283121875857120409935385903159883787449131717878339437499778760,2^3*3^3*5*7^3*11*13*17*23^2*29*41^2*43^2*47^2*53*59^2*61*67*71*73*79*83*89*97*101*103*107*109*113*163*167*173*179*181*191*193*197*199*211*223*227*229*233*239,1,1,1,1,1,1,1,-,-,0.000000000000,3.163771024538,0.000000000000,0.000000000000,0.000000000000,0.000000000000,0.000000000000,YES
64,2,200,39,1,39,67;71;73;79;83;89;97,-,73,73,15385,5,12960517077572071679846403424682813785680614903078854739825681173697576817509156249668140,2^2*3^4*5*7^3*11*13*17*23^2*29*41^2*43^2*47^2*53*59^2*61*67*71*73*79*83*89*97*101*103*107*109*113*163*167*173*179*181*191*193*197*199*211*223*227*229*233*239,15385,5*17*181,1,1,1,15385,5*17*181,5;17;181,-,0.150642941996,3.170106416853,0.150642941996,0.000000000000,0.000000000000,0.150642941996,0.000000000000,YES
64,2,200,39,2,40,67;71;73;79;83;89;97,-,73,73,15385,5,12960517077572071679846403424682813785680614903078854739825681173697576817509156249668140,2^2*3^4*5*7^3*11*13*17*23^2*29*41^2*43^2*47^2*53*59^2*61*67*71*73*79*83*89*97*101*103*107*109*113*163*167*173*179*181*191*193*197*199*211*223*227*229*233*239,15385,5*17*181,1,1,1,15385,5*17*181,5;17;181,-,0.150642941996,3.170106416853,0.150642941996,0.000000000000,0.000000000000,0.150642941996,0.000000000000,YES
64,2,200,39,4,42,67;71;73;79;83;89;97,-,73,73,15385,5,12960517077572071679846403424682813785680614903078854739825681173697576817509156249668140,2^2*3^4*5*7^3*11*13*17*23^2*29*41^2*43^2*47^2*53*59^2*61*67*71*73*79*83*89*97*101*103*107*109*113*163*167*173*179*181*191*193*197*199*211*223*227*229*233*239,15385,5*17*181,1,1,1,15385,5*17*181,5;17;181,-,0.150642941996,3.170106416853,0.150642941996,0.000000000000,0.000000000000,0.150642941996,0.000000000000,YES
64,2,200,39,8,46,67;71;73;79;83;89;97,-,73,73,15385,5,12960517077572071679846403424682813785680614903078854739825681173697576817509156249668140,2^2*3^4*5*7^3*11*13*17*23^2*29*41^2*43^2*47^2*53*59^2*61*67*71*73*79*83*89*97*101*103*107*109*113*163*167*173*179*181*191*193*197*199*211*223*227*229*233*239,15385,5*17*181,1,1,1,15385,5*17*181,5;17;181,-,0.150642941996,3.170106416853,0.150642941996,0.000000000000,0.000000000000,0.150642941996,0.000000000000,YES
64,2,201,39,1,39,71;73;79;83;89;97,-,73,73,25,2,19400525563322169408962628728873031815832473240012447157130367471187055981488861218447340,2^2*3^4*5*7^2*11*13*17*23*29*41^2*43^2*47^2*53*59^2*61*67*71*73*79*83*89*97*101*103*107*109*113*163*167*173*179*181*191*193*197*199*211*223*227*229*233*239*241,5,5,1,1,1,5,5,5,-,0.050294934764,3.176409425736,0.025147467382,0.000000000000,0.000000000000,0.025147467382,0.000000000000,YES
64,2,201,39,2,40,71;73;79;83;89;97,-,73,73,5,1,19400525563322169408962628728873031815832473240012447157130367471187055981488861218447340,2^2*3^4*5*7^2*11*13*17*23*29*41^2*43^2*47^2*53*59^2*61*67*71*73*79*83*89*97*101*103*107*109*113*163*167*173*179*181*191*193*197*199*211*223*227*229*233*239*241,5,5,1,1,1,5,5,5,-,0.025147467382,3.176409425736,0.025147467382,0.000000000000,0.000000000000,0.025147467382,0.000000000000,YES
64,2,201,39,4,42,71;73;79;83;89;97,-,73,73,5,1,19400525563322169408962628728873031815832473240012447157130367471187055981488861218447340,2^2*3^4*5*7^2*11*13*17*23*29*41^2*43^2*47^2*53*59^2*61*67*71*73*79*83*89*97*101*103*107*109*113*163*167*173*179*181*191*193*197*199*211*223*227*229*233*239*241,5,5,1,1,1,5,5,5,-,0.025147467382,3.176409425736,0.025147467382,0.000000000000,0.000000000000,0.025147467382,0.000000000000,YES
64,2,201,39,8,46,71;73;79;83;89;97,-,73,73,5,1,19400525563322169408962628728873031815832473240012447157130367471187055981488861218447340,2^2*3^4*5*7^2*11*13*17*23*29*41^2*43^2*47^2*53*59^2*61*67*71*73*79*83*89*97*101*103*107*109*113*163*167*173*179*181*191*193*197*199*211*223*227*229*233*239*241,5,5,1,1,1,5,5,5,-,0.025147467382,3.176409425736,0.025147467382,0.000000000000,0.000000000000,0.025147467382,0.000000000000,YES
64,2,202,40,1,40,71;73;79;83;89;97;101,-,73,73,5,1,678683703912387563511871710309403634123643320257092187699112664789188586583839365146944840,2^3*3^9*5*7^2*11^3*13*17*23*29*43^2*47^2*53*59^2*61*67*71*73*79*83*89*97*101*103*107*109*113*163*167*173*179*181*191*193*197*199*211*223*227*229*233*239*241,5,5,1,1,1,5,5,5,-,0.025147467382,3.231954035674,0.025147467382,0.000000000000,0.000000000000,0.025147467382,0.000000000000,YES
64,2,202,40,2,41,71;73;79;83;89;97;101,-,73,73,5,1,678683703912387563511871710309403634123643320257092187699112664789188586583839365146944840,2^3*3^9*5*7^2*11^3*13*17*23*29*43^2*47^2*53*59^2*61*67*71*73*79*83*89*97*101*103*107*109*113*163*167*173*179*181*191*193*197*199*211*223*227*229*233*239*241,5,5,1,1,1,5,5,5,-,0.025147467382,3.231954035674,0.025147467382,0.000000000000,0.000000000000,0.025147467382,0.000000000000,YES
64,2,202,40,4,43,71;73;79;83;89;97;101,-,73,73,5,1,678683703912387563511871710309403634123643320257092187699112664789188586583839365146944840,2^3*3^9*5*7^2*11^3*13*17*23*29*43^2*47^2*53*59^2*61*67*71*73*79*83*89*97*101*103*107*109*113*163*167*173*179*181*191*193*197*199*211*223*227*229*233*239*241,5,5,1,1,1,5,5,5,-,0.025147467382,3.231954035674,0.025147467382,0.000000000000,0.000000000000,0.025147467382,0.000000000000,YES
64,2,202,40,8,47,71;73;79;83;89;97;101,-,73,73,5,1,678683703912387563511871710309403634123643320257092187699112664789188586583839365146944840,2^3*3^9*5*7^2*11^3*13*17*23*29*43^2*47^2*53*59^2*61*67*71*73*79*83*89*97*101*103*107*109*113*163*167*173*179*181*191*193*197*199*211*223*227*229*233*239*241,5,5,1,1,1,5,5,5,-,0.025147467382,3.231954035674,0.025147467382,0.000000000000,0.000000000000,0.025147467382,0.000000000000,YES
64,2,203,40,1,40,71;73;79;83;89;97;101,-,73,73,55,2,1022214961448287441338868501947496831643018334214385764188786976596061821768251883307744080,2^4*3^5*5*7^2*11^3*13*17*23*29*43^2*47^2*53*59^2*61^2*67*71*73*79*83*89*97*101*103*107*109*113*163*167*173*179*181*191*193*197*199*211*223*227*229*233*239*241,55,5*11,1,1,1,55,5*11,5;11,-,0.062614581019,3.238353596457,0.062614581019,0.000000000000,0.000000000000,0.062614581019,0.000000000000,YES
64,2,203,40,2,41,71;73;79;83;89;97;101,-,73,73,55,2,1022214961448287441338868501947496831643018334214385764188786976596061821768251883307744080,2^4*3^5*5*7^2*11^3*13*17*23*29*43^2*47^2*53*59^2*61^2*67*71*73*79*83*89*97*101*103*107*109*113*163*167*173*179*181*191*193*197*199*211*223*227*229*233*239*241,55,5*11,1,1,1,55,5*11,5;11,-,0.062614581019,3.238353596457,0.062614581019,0.000000000000,0.000000000000,0.062614581019,0.000000000000,YES
64,2,203,40,4,43,71;73;79;83;89;97;101,-,73,73,55,2,1022214961448287441338868501947496831643018334214385764188786976596061821768251883307744080,2^4*3^5*5*7^2*11^3*13*17*23*29*43^2*47^2*53*59^2*61^2*67*71*73*79*83*89*97*101*103*107*109*113*163*167*173*179*181*191*193*197*199*211*223*227*229*233*239*241,55,5*11,1,1,1,55,5*11,5;11,-,0.062614581019,3.238353596457,0.062614581019,0.000000000000,0.000000000000,0.062614581019,0.000000000000,YES
64,2,203,40,8,47,71;73;79;83;89;97;101,-,73,73,55,2,1022214961448287441338868501947496831643018334214385764188786976596061821768251883307744080,2^4*3^5*5*7^2*11^3*13*17*23*29*43^2*47^2*53*59^2*61^2*67*71*73*79*83*89*97*101*103*107*109*113*163*167*173*179*181*191*193*197*199*211*223*227*229*233*239*241,55,5*11,1,1,1,55,5*11,5;11,-,0.062614581019,3.238353596457,0.062614581019,0.000000000000,0.000000000000,0.062614581019,0.000000000000,YES
64,2,204,40,1,40,71;73;79;83;89;97;101,-,73,73,5,1,1536458070888530203239403576546851065966499950199536884823636866662792308792771235646609200,2^4*3^5*5^2*7^4*11^3*13*17*23*29*43^2*47^2*53*59^2*61^2*67*71*73*79*83*89*97*101*103*107*109*113*167*173*179*181*191*193*197*199*211*223*227*229*233*239*241,5,5,1,1,1,5,5,5,-,0.025147467382,3.244720909109,0.025147467382,0.000000000000,0.000000000000,0.025147467382,0.000000000000,YES
64,2,204,40,2,41,71;73;79;83;89;97;101,-,73,73,5,1,1536458070888530203239403576546851065966499950199536884823636866662792308792771235646609200,2^4*3^5*5^2*7^4*11^3*13*17*23*29*43^2*47^2*53*59^2*61^2*67*71*73*79*83*89*97*101*103*107*109*113*167*173*179*181*191*193*197*199*211*223*227*229*233*239*241,5,5,1,1,1,5,5,5,-,0.025147467382,3.244720909109,0.025147467382,0.000000000000,0.000000000000,0.025147467382,0.000000000000,YES
64,2,204,40,4,43,71;73;79;83;89;97;101,-,73,73,5,1,1536458070888530203239403576546851065966499950199536884823636866662792308792771235646609200,2^4*3^5*5^2*7^4*11^3*13*17*23*29*43^2*47^2*53*59^2*61^2*67*71*73*79*83*89*97*101*103*107*109*113*167*173*179*181*191*193*197*199*211*223*227*229*233*239*241,5,5,1,1,1,5,5,5,-,0.025147467382,3.244720909109,0.025147467382,0.000000000000,0.000000000000,0.025147467382,0.000000000000,YES
64,2,204,40,8,47,71;73;79;83;89;97;101,-,73,73,5,1,1536458070888530203239403576546851065966499950199536884823636866662792308792771235646609200,2^4*3^5*5^2*7^4*11^3*13*17*23*29*43^2*47^2*53*59^2*61^2*67*71*73*79*83*89*97*101*103*107*109*113*167*173*179*181*191*193*197*199*211*223*227*229*233*239*241,5,5,1,1,1,5,5,5,-,0.025147467382,3.244720909109,0.025147467382,0.000000000000,0.000000000000,0.025147467382,0.000000000000,YES
64,2,205,40,1,40,71;73;79;83;89;97;101,-,73,73,25,2,2304687106332795304859105364820276598949749925299305327235455299994188463189156853469913800,2^3*3^6*5^2*7^4*11^3*13*17*23*29*43^2*47^2*53*59^2*61^2*67*71*73*79*83*89*97*101*103*107*109*113*167*173*179*181*191*193*197*199*211*223*227*229*233*239*241,25,5^2,1,1,1,25,5^2,5,-,0.050294934764,3.251056301423,0.050294934764,0.000000000000,0.000000000000,0.050294934764,0.000000000000,YES
64,2,205,40,2,41,71;73;79;83;89;97;101,-,73,73,25,2,2304687106332795304859105364820276598949749925299305327235455299994188463189156853469913800,2^3*3^6*5^2*7^4*11^3*13*17*23*29*43^2*47^2*53*59^2*61^2*67*71*73*79*83*89*97*101*103*107*109*113*167*173*179*181*191*193*197*199*211*223*227*229*233*239*241,25,5^2,1,1,1,25,5^2,5,-,0.050294934764,3.251056301423,0.050294934764,0.000000000000,0.000000000000,0.050294934764,0.000000000000,YES
64,2,205,40,4,43,71;73;79;83;89;97;101,-,73,73,25,2,2304687106332795304859105364820276598949749925299305327235455299994188463189156853469913800,2^3*3^6*5^2*7^4*11^3*13*17*23*29*43^2*47^2*53*59^2*61^2*67*71*73*79*83*89*97*101*103*107*109*113*167*173*179*181*191*193*197*199*211*223*227*229*233*239*241,25,5^2,1,1,1,25,5^2,5,-,0.050294934764,3.251056301423,0.050294934764,0.000000000000,0.000000000000,0.050294934764,0.000000000000,YES
64,2,205,40,8,47,71;73;79;83;89;97;101,-,73,73,25,2,2304687106332795304859105364820276598949749925299305327235455299994188463189156853469913800,2^3*3^6*5^2*7^4*11^3*13*17*23*29*43^2*47^2*53*59^2*61^2*67*71*73*79*83*89*97*101*103*107*109*113*167*173*179*181*191*193*197*199*211*223*227*229*233*239*241,25,5^2,1,1,1,25,5^2,5,-,0.050294934764,3.251056301423,0.050294934764,0.000000000000,0.000000000000,0.050294934764,0.000000000000,YES
64,2,206,40,1,40,71;73;79;83;89;97;101;103,-,73,73,5,1,3450046759176972365455751667337020120852049888175323732285802782415542729743768138224658840,2^3*3^5*5*7^4*11^2*13^2*17*19*23*29*43^2*47^2*53*59^2*61^2*67*71*73*79*83*89*97*101*103*107*109*113*167*173*179*181*191*193*197*199*211*223*227*229*233*239*241,5,5,1,1,1,5,5,5,-,0.025147467382,3.257360096153,0.025147467382,0.000000000000,0.000000000000,0.025147467382,0.000000000000,YES
64,2,206,40,2,41,71;73;79;83;89;97;101;103,-,73,73,5,1,3450046759176972365455751667337020120852049888175323732285802782415542729743768138224658840,2^3*3^5*5*7^4*11^2*13^2*17*19*23*29*43^2*47^2*53*59^2*61^2*67*71*73*79*83*89*97*101*103*107*109*113*167*173*179*181*191*193*197*199*211*223*227*229*233*239*241,5,5,1,1,1,5,5,5,-,0.025147467382,3.257360096153,0.025147467382,0.000000000000,0.000000000000,0.025147467382,0.000000000000,YES
64,2,206,40,4,43,71;73;79;83;89;97;101;103,-,73,73,5,1,3450046759176972365455751667337020120852049888175323732285802782415542729743768138224658840,2^3*3^5*5*7^4*11^2*13^2*17*19*23*29*43^2*47^2*53*59^2*61^2*67*71*73*79*83*89*97*101*103*107*109*113*167*173*179*181*191*193*197*199*211*223*227*229*233*239*241,5,5,1,1,1,5,5,5,-,0.025147467382,3.257360096153,0.025147467382,0.000000000000,0.000000000000,0.025147467382,0.000000000000,YES
64,2,206,40,8,47,71;73;79;83;89;97;101;103,-,73,73,5,1,3450046759176972365455751667337020120852049888175323732285802782415542729743768138224658840,2^3*3^5*5*7^4*11^2*13^2*17*19*23*29*43^2*47^2*53*59^2*61^2*67*71*73*79*83*89*97*101*103*107*109*113*167*173*179*181*191*193*197*199*211*223*227*229*233*239*241,5,5,1,1,1,5,5,5,-,0.025147467382,3.257360096153,0.025147467382,0.000000000000,0.000000000000,0.025147467382,0.000000000000,YES
64,2,207,41,1,41,71;73;79;83;89;97;101;103,-,73,73,85,2,120775106277038774099559850885144935659215297445919836233624089240206686307900890063293159120,2^4*3^4*5*7^2*11^2*13^2*17*19*23*29*31*43^2*47^2*53*59^2*61^2*67*71*73*79*83^2*89*97*101*103*107*109*113*167*173*179*181*191*193*197*199*211*223*227*229*233*239*241,85,5*17,1,1,1,85,5*17,5;17,-,0.069416425883,3.312915446248,0.069416425883,0.000000000000,0.000000000000,0.069416425883,0.000000000000,YES
64,2,207,41,2,42,71;73;79;83;89;97;101;103,-,73,73,85,2,120775106277038774099559850885144935659215297445919836233624089240206686307900890063293159120,2^4*3^4*5*7^2*11^2*13^2*17*19*23*29*31*43^2*47^2*53*59^2*61^2*67*71*73*79*83^2*89*97*101*103*107*109*113*167*173*179*181*191*193*197*199*211*223*227*229*233*239*241,85,5*17,1,1,1,85,5*17,5;17,-,0.069416425883,3.312915446248,0.069416425883,0.000000000000,0.000000000000,0.069416425883,0.000000000000,YES
64,2,207,41,4,44,71;73;79;83;89;97;101;103,-,73,73,85,2,120775106277038774099559850885144935659215297445919836233624089240206686307900890063293159120,2^4*3^4*5*7^2*11^2*13^2*17*19*23*29*31*43^2*47^2*53*59^2*61^2*67*71*73*79*83^2*89*97*101*103*107*109*113*167*173*179*181*191*193*197*199*211*223*227*229*233*239*241,85,5*17,1,1,1,85,5*17,5;17,-,0.069416425883,3.312915446248,0.069416425883,0.000000000000,0.000000000000,0.069416425883,0.000000000000,YES
64,2,207,41,8,48,71;73;79;83;89;97;101;103,-,73,73,85,2,120775106277038774099559850885144935659215297445919836233624089240206686307900890063293159120,2^4*3^4*5*7^2*11^2*13^2*17*19*23*29*31*43^2*47^2*53*59^2*61^2*67*71*73*79*83^2*89*97*101*103*107*109*113*167*173*179*181*191*193*197*199*211*223*227*229*233*239*241,85,5*17,1,1,1,85,5*17,5;17,-,0.069416425883,3.312915446248,0.069416425883,0.000000000000,0.000000000000,0.069416425883,0.000000000000,YES
64,2,208,41,1,41,71;73;79;83;89;97;101;103,-,73,73,3875,4,181890220296745141716204594706543577800023038322168428062686881385853443234790497083272830000,2^4*3^4*5^4*7^2*11^2*13^2*17*19*23*29*31*43^2*47^2*53*59^2*61^2*67*71*73*79*83*89*97*101*103*107*109*113*167*173*179*181*191*193*197*199*211*223*227*229*233*239*241,3875,5^3*31,1,1,1,3875,5^3*31,5;31,-,0.129098452215,3.319313463896,0.129098452215,0.000000000000,0.000000000000,0.129098452215,0.000000000000,YES
64,2,208,41,2,42,71;73;79;83;89;97;101;103,-,73,73,3875,4,181890220296745141716204594706543577800023038322168428062686881385853443234790497083272830000,2^4*3^4*5^4*7^2*11^2*13^2*17*19*23*29*31*43^2*47^2*53*59^2*61^2*67*71*73*79*83*89*97*101*103*107*109*113*167*173*179*181*191*193*197*199*211*223*227*229*233*239*241,3875,5^3*31,1,1,1,3875,5^3*31,5;31,-,0.129098452215,3.319313463896,0.129098452215,0.000000000000,0.000000000000,0.129098452215,0.000000000000,YES
64,2,208,41,4,44,71;73;79;83;89;97;101;103,-,73,73,3875,4,181890220296745141716204594706543577800023038322168428062686881385853443234790497083272830000,2^4*3^4*5^4*7^2*11^2*13^2*17*19*23*29*31*43^2*47^2*53*59^2*61^2*67*71*73*79*83*89*97*101*103*107*109*113*167*173*179*181*191*193*197*199*211*223*227*229*233*239*241,3875,5^3*31,1,1,1,3875,5^3*31,5;31,-,0.129098452215,3.319313463896,0.129098452215,0.000000000000,0.000000000000,0.129098452215,0.000000000000,YES
64,2,208,41,8,48,71;73;79;83;89;97;101;103,-,73,73,775,3,181890220296745141716204594706543577800023038322168428062686881385853443234790497083272830000,2^4*3^4*5^4*7^2*11^2*13^2*17*19*23*29*31*43^2*47^2*53*59^2*61^2*67*71*73*79*83*89*97*101*103*107*109*113*167*173*179*181*191*193*197*199*211*223*227*229*233*239*241,775,5^2*31,1,1,1,775,5^2*31,5;31,-,0.103950984834,3.319313463896,0.103950984834,0.000000000000,0.000000000000,0.103950984834,0.025147467382,YES
64,2,209,41,1,41,71;73;79;83;89;97;101;103,-,73,73,25,2,273379911943012159106391336954146335495843009693798056549307827711671941628337812981445990000,2^4*3^4*5^4*7^2*11^2*13^2*17*19*23*29*31*43^2*47^2*53*59^2*61^2*67*71*73*79*83*89*97*101*103*107*109*113*173*179*181*191*193*197*199*211*223*227*229*233*239*241*251,25,5^2,1,1,1,25,5^2,5,-,0.050294934764,3.325680012751,0.050294934764,0.000000000000,0.000000000000,0.050294934764,0.000000000000,YES
64,2,209,41,2,42,71;73;79;83;89;97;101;103,-,73,73,25,2,273379911943012159106391336954146335495843009693798056549307827711671941628337812981445990000,2^4*3^4*5^4*7^2*11^2*13^2*17*19*23*29*31*43^2*47^2*53*59^2*61^2*67*71*73*79*83*89*97*101*103*107*109*113*173*179*181*191*193*197*199*211*223*227*229*233*239*241*251,25,5^2,1,1,1,25,5^2,5,-,0.050294934764,3.325680012751,0.050294934764,0.000000000000,0.000000000000,0.050294934764,0.000000000000,YES
64,2,209,41,4,44,71;73;79;83;89;97;101;103,-,73,73,25,2,273379911943012159106391336954146335495843009693798056549307827711671941628337812981445990000,2^4*3^4*5^4*7^2*11^2*13^2*17*19*23*29*31*43^2*47^2*53*59^2*61^2*67*71*73*79*83*89*97*101*103*107*109*113*173*179*181*191*193*197*199*211*223*227*229*233*239*241*251,25,5^2,1,1,1,25,5^2,5,-,0.050294934764,3.325680012751,0.050294934764,0.000000000000,0.000000000000,0.050294934764,0.000000000000,YES
64,2,209,41,8,48,71;73;79;83;89;97;101;103,-,73,73,25,2,273379911943012159106391336954146335495843009693798056549307827711671941628337812981445990000,2^4*3^4*5^4*7^2*11^2*13^2*17*19*23*29*31*43^2*47^2*53*59^2*61^2*67*71*73*79*83*89*97*101*103*107*109*113*173*179*181*191*193*197*199*211*223*227*229*233*239*241*251,25,5^2,1,1,1,25,5^2,5,-,0.050294934764,3.325680012751,0.050294934764,0.000000000000,0.000000000000,0.050294934764,0.000000000000,YES
64,2,210,41,1,41,71;73;79;83;89;97;101;103,-,73,73,5,1,410069867914518238659587005431219503243764514540697084823961741567507912442506719472168985000,2^3*3^5*5^4*7^2*11^2*13^2*17*19*23*29*31*43^2*47^2*53*59^2*61^2*67*71*73*79*83*89*97*101*103*107*109*113*173*179*181*191*193*197*199*211*223*227*229*233*239*241*251,5,5,1,1,1,5,5,5,-,0.025147467382,3.332015405065,0.025147467382,0.000000000000,0.000000000000,0.025147467382,0.000000000000,YES
64,2,210,41,2,42,71;73;79;83;89;97;101;103,-,73,73,5,1,410069867914518238659587005431219503243764514540697084823961741567507912442506719472168985000,2^3*3^5*5^4*7^2*11^2*13^2*17*19*23*29*31*43^2*47^2*53*59^2*61^2*67*71*73*79*83*89*97*101*103*107*109*113*173*179*181*191*193*197*199*211*223*227*229*233*239*241*251,5,5,1,1,1,5,5,5,-,0.025147467382,3.332015405065,0.025147467382,0.000000000000,0.000000000000,0.025147467382,0.000000000000,YES
64,2,210,41,4,44,71;73;79;83;89;97;101;103,-,73,73,5,1,410069867914518238659587005431219503243764514540697084823961741567507912442506719472168985000,2^3*3^5*5^4*7^2*11^2*13^2*17*19*23*29*31*43^2*47^2*53*59^2*61^2*67*71*73*79*83*89*97*101*103*107*109*113*173*179*181*191*193*197*199*211*223*227*229*233*239*241*251,5,5,1,1,1,5,5,5,-,0.025147467382,3.332015405065,0.025147467382,0.000000000000,0.000000000000,0.025147467382,0.000000000000,YES
64,2,210,41,8,48,71;73;79;83;89;97;101;103,-,73,73,5,1,410069867914518238659587005431219503243764514540697084823961741567507912442506719472168985000,2^3*3^5*5^4*7^2*11^2*13^2*17*19*23*29*31*43^2*47^2*53*59^2*61^2*67*71*73*79*83*89*97*101*103*107*109*113*173*179*181*191*193*197*199*211*223*227*229*233*239*241*251,5,5,1,1,1,5,5,5,-,0.025147467382,3.332015405065,0.025147467382,0.000000000000,0.000000000000,0.025147467382,0.000000000000,YES
64,2,211,41,1,41,71;73;79;83;89;97;101;103,-,73,73,125,3,613891577410491801070269303988748723790961077981043564854806630867334330461267455777862445000,2^3*3^5*5^4*7^2*11^3*17*19*23^2*29*31*43^2*47^2*53*59^2*61^2*67*71*73*79*83*89*97*101*103*107*109*113*173*179*181*191*193*197*199*211*223*227*229*233*239*241*251,125,5^3,1,1,1,125,5^3,5,-,0.075442402145,3.338319948406,0.075442402145,0.000000000000,0.000000000000,0.075442402145,0.000000000000,YES
64,2,211,41,2,42,71;73;79;83;89;97;101;103,-,73,73,125,3,613891577410491801070269303988748723790961077981043564854806630867334330461267455777862445000,2^3*3^5*5^4*7^2*11^3*17*19*23^2*29*31*43^2*47^2*53*59^2*61^2*67*71*73*79*83*89*97*101*103*107*109*113*173*179*181*191*193*197*199*211*223*227*229*233*239*241*251,125,5^3,1,1,1,125,5^3,5,-,0.075442402145,3.338319948406,0.075442402145,0.000000000000,0.000000000000,0.075442402145,0.000000000000,YES
64,2,211,41,4,44,71;73;79;83;89;97;101;103,-,73,73,125,3,613891577410491801070269303988748723790961077981043564854806630867334330461267455777862445000,2^3*3^5*5^4*7^2*11^3*17*19*23^2*29*31*43^2*47^2*53*59^2*61^2*67*71*73*79*83*89*97*101*103*107*109*113*173*179*181*191*193*197*199*211*223*227*229*233*239*241*251,125,5^3,1,1,1,125,5^3,5,-,0.075442402145,3.338319948406,0.075442402145,0.000000000000,0.000000000000,0.075442402145,0.000000000000,YES
64,2,211,41,8,48,71;73;79;83;89;97;101;103,-,73,73,25,2,613891577410491801070269303988748723790961077981043564854806630867334330461267455777862445000,2^3*3^5*5^4*7^2*11^3*17*19*23^2*29*31*43^2*47^2*53*59^2*61^2*67*71*73*79*83*89*97*101*103*107*109*113*173*179*181*191*193*197*199*211*223*227*229*233*239*241*251,25,5^2,1,1,1,25,5^2,5,-,0.050294934764,3.338319948406,0.050294934764,0.000000000000,0.000000000000,0.050294934764,0.025147467382,YES
64,2,212,42,1,42,71;73;79;83;89;97;101;103,-,73,73,5,1,21504465910696351517210028566441998290935937815485230771036141417672928385060190973895159850000,2^4*3^6*5^5*7^2*11^3*17^2*19*23^2*29*31*47^2*53*59^2*61^2*67*71*73*79*83*89*97*101*103*107*109*113*127*173*179*181*191*193*197*199*211*223*227*229*233*239*241*251,5,5,1,1,1,5,5,5,-,0.025147467382,3.393885535606,0.025147467382,0.000000000000,0.000000000000,0.025147467382,0.000000000000,YES
64,2,212,42,2,43,71;73;79;83;89;97;101;103,-,73,73,5,1,21504465910696351517210028566441998290935937815485230771036141417672928385060190973895159850000,2^4*3^6*5^5*7^2*11^3*17^2*19*23^2*29*31*47^2*53*59^2*61^2*67*71*73*79*83*89*97*101*103*107*109*113*127*173*179*181*191*193*197*199*211*223*227*229*233*239*241*251,5,5,1,1,1,5,5,5,-,0.025147467382,3.393885535606,0.025147467382,0.000000000000,0.000000000000,0.025147467382,0.000000000000,YES
64,2,212,42,4,45,71;73;79;83;89;97;101;103,-,73,73,5,1,21504465910696351517210028566441998290935937815485230771036141417672928385060190973895159850000,2^4*3^6*5^5*7^2*11^3*17^2*19*23^2*29*31*47^2*53*59^2*61^2*67*71*73*79*83*89*97*101*103*107*109*113*127*173*179*181*191*193*197*199*211*223*227*229*233*239*241*251,5,5,1,1,1,5,5,5,-,0.025147467382,3.393885535606,0.025147467382,0.000000000000,0.000000000000,0.025147467382,0.000000000000,YES
64,2,212,42,8,49,71;73;79;83;89;97;101;103,-,73,73,5,1,21504465910696351517210028566441998290935937815485230771036141417672928385060190973895159850000,2^4*3^6*5^5*7^2*11^3*17^2*19*23^2*29*31*47^2*53*59^2*61^2*67*71*73*79*83*89*97*101*103*107*109*113*127*173*179*181*191*193*197*199*211*223*227*229*233*239*241*251,5,5,1,1,1,5,5,5,-,0.025147467382,3.393885535606,0.025147467382,0.000000000000,0.000000000000,0.025147467382,0.000000000000,YES
64,2,213,42,1,42,73;79;83;89;97;101;103,-,73,73,125,3,32383195724342741108269219488289126838115294592730700455207365899554527450443581701865652480000,2^11*3^6*5^4*7^2*11^3*17*19*23^2*29*31*47^2*53*59^2*61^2*67*71*73*79*83*89*97*101*103*107*109*113*127*173*179*181*191*193*197*199*211*223*227*229*233*239*241*251,125,5^3,1,1,1,125,5^3,5,-,0.075442402145,3.400282082597,0.075442402145,0.000000000000,0.000000000000,0.075442402145,0.000000000000,YES
64,2,213,42,2,43,73;79;83;89;97;101;103,-,73,73,125,3,32383195724342741108269219488289126838115294592730700455207365899554527450443581701865652480000,2^11*3^6*5^4*7^2*11^3*17*19*23^2*29*31*47^2*53*59^2*61^2*67*71*73*79*83*89*97*101*103*107*109*113*127*173*179*181*191*193*197*199*211*223*227*229*233*239*241*251,125,5^3,1,1,1,125,5^3,5,-,0.075442402145,3.400282082597,0.075442402145,0.000000000000,0.000000000000,0.075442402145,0.000000000000,YES
64,2,213,42,4,45,73;79;83;89;97;101;103,-,73,73,25,2,32383195724342741108269219488289126838115294592730700455207365899554527450443581701865652480000,2^11*3^6*5^4*7^2*11^3*17*19*23^2*29*31*47^2*53*59^2*61^2*67*71*73*79*83*89*97*101*103*107*109*113*127*173*179*181*191*193*197*199*211*223*227*229*233*239*241*251,25,5^2,1,1,1,25,5^2,5,-,0.050294934764,3.400282082597,0.050294934764,0.000000000000,0.000000000000,0.050294934764,0.025147467382,YES
64,2,213,42,8,49,73;79;83;89;97;101;103,-,73,73,25,2,32383195724342741108269219488289126838115294592730700455207365899554527450443581701865652480000,2^11*3^6*5^4*7^2*11^3*17*19*23^2*29*31*47^2*53*59^2*61^2*67*71*73*79*83*89*97*101*103*107*109*113*127*173*179*181*191*193*197*199*211*223*227*229*233*239*241*251,25,5^2,1,1,1,25,5^2,5,-,0.050294934764,3.400282082597,0.050294934764,0.000000000000,0.000000000000,0.050294934764,0.025147467382,YES
64,2,214,42,1,42,73;79;83;89;97;101;103;107,-,73,73,55,2,48669481293310435466813973149066114604652811171530935771861362784710605583415207587014460160000,2^11*3^4*5^4*7^2*11^3*17*23^2*29*31*47^2*53*59^2*61^2*67*71*73*79*83*89*97*101*103*107*109*113*127*173*179*181*191*193*197*199*211*223*227*229*233*239*241*251*257,55,5*11,1,1,1,55,5*11,5;11,-,0.062614581019,3.406647903353,0.062614581019,0.000000000000,0.000000000000,0.062614581019,0.000000000000,YES
64,2,214,42,2,43,73;79;83;89;97;101;103;107,-,73,73,55,2,48669481293310435466813973149066114604652811171530935771861362784710605583415207587014460160000,2^11*3^4*5^4*7^2*11^3*17*23^2*29*31*47^2*53*59^2*61^2*67*71*73*79*83*89*97*101*103*107*109*113*127*173*179*181*191*193*197*199*211*223*227*229*233*239*241*251*257,55,5*11,1,1,1,55,5*11,5;11,-,0.062614581019,3.406647903353,0.062614581019,0.000000000000,0.000000000000,0.062614581019,0.000000000000,YES
64,2,214,42,4,45,73;79;83;89;97;101;103;107,-,73,73,55,2,48669481293310435466813973149066114604652811171530935771861362784710605583415207587014460160000,2^11*3^4*5^4*7^2*11^3*17*23^2*29*31*47^2*53*59^2*61^2*67*71*73*79*83*89*97*101*103*107*109*113*127*173*179*181*191*193*197*199*211*223*227*229*233*239*241*251*257,55,5*11,1,1,1,55,5*11,5;11,-,0.062614581019,3.406647903353,0.062614581019,0.000000000000,0.000000000000,0.062614581019,0.000000000000,YES
64,2,214,42,8,49,73;79;83;89;97;101;103;107,-,73,73,55,2,48669481293310435466813973149066114604652811171530935771861362784710605583415207587014460160000,2^11*3^4*5^4*7^2*11^3*17*23^2*29*31*47^2*53*59^2*61^2*67*71*73*79*83*89*97*101*103*107*109*113*127*173*179*181*191*193*197*199*211*223*227*229*233*239*241*251*257,55,5*11,1,1,1,55,5*11,5;11,-,0.062614581019,3.406647903353,0.062614581019,0.000000000000,0.000000000000,0.062614581019,0.000000000000,YES
64,2,215,42,1,42,73;79;83;89;97;101;103;107,-,73,73,4475,4,73004221939965653200220959723599171906979216757296403657792044177065908375122811380521690240000,2^10*3^5*5^4*7^2*11^3*17*23^2*29*31*47^2*53*59^2*61^2*67*71*73*79*83*89*97*101*103*107*109*113*127*173*179*181*191*193*197*199*211*223*227*229*233*239*241*251*257,4475,5^2*179,1,1,1,4475,5^2*179,5;179,-,0.131347837980,3.412983295667,0.131347837980,0.000000000000,0.000000000000,0.131347837980,0.000000000000,YES
64,2,215,42,2,43,73;79;83;89;97;101;103;107,-,73,73,4475,4,73004221939965653200220959723599171906979216757296403657792044177065908375122811380521690240000,2^10*3^5*5^4*7^2*11^3*17*23^2*29*31*47^2*53*59^2*61^2*67*71*73*79*83*89*97*101*103*107*109*113*127*173*179*181*191*193*197*199*211*223*227*229*233*239*241*251*257,4475,5^2*179,1,1,1,4475,5^2*179,5;179,-,0.131347837980,3.412983295667,0.131347837980,0.000000000000,0.000000000000,0.131347837980,0.000000000000,YES
64,2,215,42,4,45,73;79;83;89;97;101;103;107,-,73,73,4475,4,73004221939965653200220959723599171906979216757296403657792044177065908375122811380521690240000,2^10*3^5*5^4*7^2*11^3*17*23^2*29*31*47^2*53*59^2*61^2*67*71*73*79*83*89*97*101*103*107*109*113*127*173*179*181*191*193*197*199*211*223*227*229*233*239*241*251*257,4475,5^2*179,1,1,1,4475,5^2*179,5;179,-,0.131347837980,3.412983295667,0.131347837980,0.000000000000,0.000000000000,0.131347837980,0.000000000000,YES
64,2,215,42,8,49,73;79;83;89;97;101;103;107,-,73,73,4475,4,73004221939965653200220959723599171906979216757296403657792044177065908375122811380521690240000,2^10*3^5*5^4*7^2*11^3*17*23^2*29*31*47^2*53*59^2*61^2*67*71*73*79*83*89*97*101*103*107*109*113*127*173*179*181*191*193*197*199*211*223*227*229*233*239*241*251*257,4475,5^2*179,1,1,1,4475,5^2*179,5;179,-,0.131347837980,3.412983295667,0.131347837980,0.000000000000,0.000000000000,0.131347837980,0.000000000000,YES
64,2,216,42,1,42,73;79;83;89;97;101;103;107,73,73,73,9125,4,109295338048850313172585136233596448115072931445894615880740690415376128723449758078353281920000,2^10*3^5*5^4*7^3*11^3*17*23^2*29*31*37*47^2*53*59^2*61^2*67*71*73*79*83*89*97*101*103*107*109*113*127*179*181*191*193*197*199*211*223*227*229*233*239*241*251*257,9125,5^3*73,73,73,73,125,5^3,5,-,0.142480830913,3.419288552967,0.142480830913,0.067038428768,0.067038428768,0.075442402145,0.000000000000,YES
64,2,216,42,2,43,73;79;83;89;97;101;103;107,73,73,73,9125,4,109295338048850313172585136233596448115072931445894615880740690415376128723449758078353281920000,2^10*3^5*5^4*7^3*11^3*17*23^2*29*31*37*47^2*53*59^2*61^2*67*71*73*79*83*89*97*101*103*107*109*113*127*179*181*191*193*197*199*211*223*227*229*233*239*241*251*257,9125,5^3*73,73,73,73,125,5^3,5,-,0.142480830913,3.419288552967,0.142480830913,0.067038428768,0.067038428768,0.075442402145,0.000000000000,YES
64,2,216,42,4,45,73;79;83;89;97;101;103;107,73,73,73,1825,4,109295338048850313172585136233596448115072931445894615880740690415376128723449758078353281920000,2^10*3^5*5^4*7^3*11^3*17*23^2*29*31*37*47^2*53*59^2*61^2*67*71*73*79*83*89*97*101*103*107*109*113*127*179*181*191*193*197*199*211*223*227*229*233*239*241*251*257,1825,5^2*73,73,73,73,25,5^2,5,-,0.117333363532,3.419288552967,0.117333363532,0.067038428768,0.067038428768,0.050294934764,0.025147467382,YES
64,2,216,42,8,49,73;79;83;89;97;101;103;107,73,73,73,1825,4,109295338048850313172585136233596448115072931445894615880740690415376128723449758078353281920000,2^10*3^5*5^4*7^3*11^3*17*23^2*29*31*37*47^2*53*59^2*61^2*67*71*73*79*83*89*97*101*103*107*109*113*127*179*181*191*193*197*199*211*223*227*229*233*239*241*251*257,1825,5^2*73,73,73,73,25,5^2,5,-,0.117333363532,3.419288552967,0.117333363532,0.067038428768,0.067038428768,0.050294934764,0.025147467382,YES
64,2,217,43,1,43,73;79;83;89;97;101;103;107,-,73,73,425,3,3830982252063523890439890157444139963372339425577690409951995481191851288829184185535668239200000,2^8*3^7*5^5*7^3*11*13*17*23^2*29^2*31*37*47^2*53*59^2*61^2*67*71*73*79*83*89*97*101*103*107*109*113*127*179*181*191*193*197*199*211*223*227*229*233*239*241*251*257,425,5^2*17,1,1,1,425,5^2*17,5;17,-,0.094563893264,3.474863908757,0.094563893264,0.000000000000,0.000000000000,0.094563893264,0.000000000000,YES
64,2,217,43,2,44,73;79;83;89;97;101;103;107,-,73,73,425,3,3830982252063523890439890157444139963372339425577690409951995481191851288829184185535668239200000,2^8*3^7*5^5*7^3*11*13*17*23^2*29^2*31*37*47^2*53*59^2*61^2*67*71*73*79*83*89*97*101*103*107*109*113*127*179*181*191*193*197*199*211*223*227*229*233*239*241*251*257,425,5^2*17,1,1,1,425,5^2*17,5;17,-,0.094563893264,3.474863908757,0.094563893264,0.000000000000,0.000000000000,0.094563893264,0.000000000000,YES
64,2,217,43,4,46,73;79;83;89;97;101;103;107,-,73,73,425,3,3830982252063523890439890157444139963372339425577690409951995481191851288829184185535668239200000,2^8*3^7*5^5*7^3*11*13*17*23^2*29^2*31*37*47^2*53*59^2*61^2*67*71*73*79*83*89*97*101*103*107*109*113*127*179*181*191*193*197*199*211*223*227*229*233*239*241*251*257,425,5^2*17,1,1,1,425,5^2*17,5;17,-,0.094563893264,3.474863908757,0.094563893264,0.000000000000,0.000000000000,0.094563893264,0.000000000000,YES
64,2,217,43,8,50,73;79;83;89;97;101;103;107,-,73,73,85,2,3830982252063523890439890157444139963372339425577690409951995481191851288829184185535668239200000,2^8*3^7*5^5*7^3*11*13*17*23^2*29^2*31*37*47^2*53*59^2*61^2*67*71*73*79*83*89*97*101*103*107*109*113*127*179*181*191*193*197*199*211*223*227*229*233*239*241*251*257,85,5*17,1,1,1,85,5*17,5;17,-,0.069416425883,3.474863908757,0.069416425883,0.000000000000,0.000000000000,0.069416425883,0.025147467382,YES
64,2,218,43,1,43,73;79;83;89;97;101;103;107;109,-,73,73,125,3,5768490517474961260317535754312440634503177755754913146019671356737155388926702624197385509600000,2^8*3^6*5^5*7^3*11*13*17*23^2*29*31*37*47^2*53*59^2*61^2*67*71*73*79*83*89*97*101*103*107*109*113*127*131*179*181*191*193*197*199*211*223*227*229*233*239*241*251*257,125,5^3,1,1,1,125,5^3,5,-,0.075442402145,3.481259052578,0.075442402145,0.000000000000,0.000000000000,0.075442402145,0.000000000000,YES
64,2,218,43,2,44,73;79;83;89;97;101;103;107;109,-,73,73,125,3,5768490517474961260317535754312440634503177755754913146019671356737155388926702624197385509600000,2^8*3^6*5^5*7^3*11*13*17*23^2*29*31*37*47^2*53*59^2*61^2*67*71*73*79*83*89*97*101*103*107*109*113*127*131*179*181*191*193*197*199*211*223*227*229*233*239*241*251*257,125,5^3,1,1,1,125,5^3,5,-,0.075442402145,3.481259052578,0.075442402145,0.000000000000,0.000000000000,0.075442402145,0.000000000000,YES
64,2,218,43,4,46,73;79;83;89;97;101;103;107;109,-,73,73,25,2,5768490517474961260317535754312440634503177755754913146019671356737155388926702624197385509600000,2^8*3^6*5^5*7^3*11*13*17*23^2*29*31*37*47^2*53*59^2*61^2*67*71*73*79*83*89*97*101*103*107*109*113*127*131*179*181*191*193*197*199*211*223*227*229*233*239*241*251*257,25,5^2,1,1,1,25,5^2,5,-,0.050294934764,3.481259052578,0.050294934764,0.000000000000,0.000000000000,0.050294934764,0.025147467382,YES
64,2,218,43,8,50,73;79;83;89;97;101;103;107;109,-,73,73,5,1,5768490517474961260317535754312440634503177755754913146019671356737155388926702624197385509600000,2^8*3^6*5^5*7^3*11*13*17*23^2*29*31*37*47^2*53*59^2*61^2*67*71*73*79*83*89*97*101*103*107*109*113*127*131*179*181*191*193*197*199*211*223*227*229*233*239*241*251*257,5,5,1,1,1,5,5,5,-,0.025147467382,3.481259052578,0.025147467382,0.000000000000,0.000000000000,0.025147467382,0.050294934764,YES
64,2,219,43,1,43,79;83;89;97;101;103;107;109,97,-,97,2425,4,8669217177690941779791496590766696496424775712934526613732420381839267813072701658079499365856000,2^8*3^6*5^3*7^2*11*13*17*23^2*29*31*37*47^2*53*59^2*61^2*67*71*73*79*83*89*97*101*103*107*109*113*127*131*179*181*191*193*197*199*211*223*227*229*233*239*241*251*257*263,2425,5^2*97,97,97,97,25,5^2,5,-,0.121774793803,3.487624178488,0.121774793803,0.071479859039,0.071479859039,0.050294934764,0.000000000000,YES
64,2,219,43,2,44,79;83;89;97;101;103;107;109,97,-,97,2425,4,8669217177690941779791496590766696496424775712934526613732420381839267813072701658079499365856000,2^8*3^6*5^3*7^2*11*13*17*23^2*29*31*37*47^2*53*59^2*61^2*67*71*73*79*83*89*97*101*103*107*109*113*127*131*179*181*191*193*197*199*211*223*227*229*233*239*241*251*257*263,2425,5^2*97,97,97,97,25,5^2,5,-,0.121774793803,3.487624178488,0.121774793803,0.071479859039,0.071479859039,0.050294934764,0.000000000000,YES
64,2,219,43,4,46,79;83;89;97;101;103;107;109,97,-,97,2425,4,8669217177690941779791496590766696496424775712934526613732420381839267813072701658079499365856000,2^8*3^6*5^3*7^2*11*13*17*23^2*29*31*37*47^2*53*59^2*61^2*67*71*73*79*83*89*97*101*103*107*109*113*127*131*179*181*191*193*197*199*211*223*227*229*233*239*241*251*257*263,2425,5^2*97,97,97,97,25,5^2,5,-,0.121774793803,3.487624178488,0.121774793803,0.071479859039,0.071479859039,0.050294934764,0.000000000000,YES
64,2,219,43,8,50,79;83;89;97;101;103;107;109,97,-,97,485,3,8669217177690941779791496590766696496424775712934526613732420381839267813072701658079499365856000,2^8*3^6*5^3*7^2*11*13*17*23^2*29*31*37*47^2*53*59^2*61^2*67*71*73*79*83*89*97*101*103*107*109*113*127*131*179*181*191*193*197*199*211*223*227*229*233*239*241*251*257*263,485,5*97,97,97,97,5,5,5,-,0.096627326421,3.487624178488,0.096627326421,0.071479859039,0.071479859039,0.025147467382,0.025147467382,YES
64,2,265,52,1,52,89;97;101;103;107;109;113;127,97,-,97,485,3,2396330735077675973828418588008376765230173640099500756138067500923526577971899462563310247708110502625625899758401600,2^6*3^8*5^2*7*11^2*17*19*29*31^2*37*43*59^2*61^2*67*71^2*73^2*79^2*83*89*97*101*103*107*109*113*127*131*137*139*149*151*157*223*227*229*233*239*241*251*257*263*269*271*277*281*283*293*307*311*313*317,485,5*97,97,97,97,5,5,5,-,0.096627326421,4.223068665428,0.096627326421,0.071479859039,0.071479859039,0.025147467382,0.000000000000,YES
64,2,265,52,2,53,89;97;101;103;107;109;113;127,97,-,97,485,3,2396330735077675973828418588008376765230173640099500756138067500923526577971899462563310247708110502625625899758401600,2^6*3^8*5^2*7*11^2*17*19*29*31^2*37*43*59^2*61^2*67*71^2*73^2*79^2*83*89*97*101*103*107*109*113*127*131*137*139*149*151*157*223*227*229*233*239*241*251*257*263*269*271*277*281*283*293*307*311*313*317,485,5*97,97,97,97,5,5,5,-,0.096627326421,4.223068665428,0.096627326421,0.071479859039,0.071479859039,0.025147467382,0.000000000000,YES
64,2,265,52,4,55,89;97;101;103;107;109;113;127,97,-,97,485,3,2396330735077675973828418588008376765230173640099500756138067500923526577971899462563310247708110502625625899758401600,2^6*3^8*5^2*7*11^2*17*19*29*31^2*37*43*59^2*61^2*67*71^2*73^2*79^2*83*89*97*101*103*107*109*113*127*131*137*139*149*151*157*223*227*229*233*239*241*251*257*263*269*271*277*281*283*293*307*311*313*317,485,5*97,97,97,97,5,5,5,-,0.096627326421,4.223068665428,0.096627326421,0.071479859039,0.071479859039,0.025147467382,0.000000000000,YES
64,2,265,52,8,59,89;97;101;103;107;109;113;127,97,-,97,485,3,2396330735077675973828418588008376765230173640099500756138067500923526577971899462563310247708110502625625899758401600,2^6*3^8*5^2*7*11^2*17*19*29*31^2*37*43*59^2*61^2*67*71^2*73^2*79^2*83*89*97*101*103*107*109*113*127*131*137*139*149*151*157*223*227*229*233*239*241*251*257*263*269*271*277*281*283*293*307*311*313*317,485,5*97,97,97,97,5,5,5,-,0.096627326421,4.223068665428,0.096627326421,0.071479859039,0.071479859039,0.025147467382,0.000000000000,YES
